attendance_id,employee_id,attendance_month,working_days,present_days,leave_days,late_days
ATT_EMP0001_202510,EMP0001,2025-10-01,21,20,1,1
ATT_EMP0001_202511,EMP0001,2025-11-01,22,18,4,4
ATT_EMP0001_202512,EMP0001,2025-12-01,22,19,3,1
ATT_EMP0001_202601,EMP0001,2026-01-01,21,19,2,1
ATT_EMP0001_202602,EMP0001,2026-02-01,20,19,1,2
ATT_EMP0001_202603,EMP0001,2026-03-01,23,18,5,2
ATT_EMP0001_202604,EMP0001,2026-04-01,21,17,4,2
ATT_EMP0001_202605,EMP0001,2026-05-01,22,19,3,1
ATT_EMP0001_202606,EMP0001,2026-06-01,22,19,3,1
ATT_EMP0001_202607,EMP0001,2026-07-01,23,19,4,4
ATT_EMP0001_202608,EMP0001,2026-08-01,21,20,1,2
ATT_EMP0001_202609,EMP0001,2026-09-01,21,20,1,1
ATT_EMP0002_202510,EMP0002,2025-10-01,21,19,2,1
ATT_EMP0002_202511,EMP0002,2025-11-01,20,19,1,3
ATT_EMP0002_202512,EMP0002,2025-12-01,20,16,4,2
ATT_EMP0002_202601,EMP0002,2026-01-01,20,20,0,0
ATT_EMP0002_202602,EMP0002,2026-02-01,22,20,2,1
ATT_EMP0002_202603,EMP0002,2026-03-01,22,20,2,3
ATT_EMP0002_202604,EMP0002,2026-04-01,22,20,2,1
ATT_EMP0002_202605,EMP0002,2026-05-01,20,17,3,1
ATT_EMP0002_202606,EMP0002,2026-06-01,21,20,1,3
ATT_EMP0002_202607,EMP0002,2026-07-01,22,20,2,1
ATT_EMP0002_202608,EMP0002,2026-08-01,21,20,1,1
ATT_EMP0002_202609,EMP0002,2026-09-01,23,22,1,1
ATT_EMP0003_202510,EMP0003,2025-10-01,21,18,3,1
ATT_EMP0003_202511,EMP0003,2025-11-01,20,17,3,0
ATT_EMP0003_202512,EMP0003,2025-12-01,23,20,3,1
ATT_EMP0003_202601,EMP0003,2026-01-01,23,22,1,1
ATT_EMP0003_202602,EMP0003,2026-02-01,20,17,3,0
ATT_EMP0003_202603,EMP0003,2026-03-01,22,21,1,3
ATT_EMP0003_202604,EMP0003,2026-04-01,22,20,2,2
ATT_EMP0003_202605,EMP0003,2026-05-01,20,19,1,2
ATT_EMP0003_202606,EMP0003,2026-06-01,21,18,3,0
ATT_EMP0003_202607,EMP0003,2026-07-01,23,23,0,0
ATT_EMP0003_202608,EMP0003,2026-08-01,20,17,3,0
ATT_EMP0003_202609,EMP0003,2026-09-01,21,20,1,0
ATT_EMP0004_202510,EMP0004,2025-10-01,21,19,2,3
ATT_EMP0004_202511,EMP0004,2025-11-01,21,18,3,1
ATT_EMP0004_202512,EMP0004,2025-12-01,21,19,2,3
ATT_EMP0004_202601,EMP0004,2026-01-01,23,20,3,2
ATT_EMP0004_202602,EMP0004,2026-02-01,22,22,0,2
ATT_EMP0004_202603,EMP0004,2026-03-01,20,20,0,1
ATT_EMP0004_202604,EMP0004,2026-04-01,21,20,1,1
ATT_EMP0004_202605,EMP0004,2026-05-01,22,21,1,1
ATT_EMP0004_202606,EMP0004,2026-06-01,21,17,4,0
ATT_EMP0004_202607,EMP0004,2026-07-01,22,20,2,1
ATT_EMP0004_202608,EMP0004,2026-08-01,23,21,2,0
ATT_EMP0004_202609,EMP0004,2026-09-01,22,22,0,0
ATT_EMP0005_202510,EMP0005,2025-10-01,20,18,2,2
ATT_EMP0005_202511,EMP0005,2025-11-01,22,21,1,3
ATT_EMP0005_202512,EMP0005,2025-12-01,23,21,2,1
ATT_EMP0005_202601,EMP0005,2026-01-01,22,21,1,1
ATT_EMP0005_202602,EMP0005,2026-02-01,22,20,2,4
ATT_EMP0005_202603,EMP0005,2026-03-01,22,18,4,2
ATT_EMP0005_202604,EMP0005,2026-04-01,21,20,1,1
ATT_EMP0005_202605,EMP0005,2026-05-01,22,21,1,0
ATT_EMP0005_202606,EMP0005,2026-06-01,20,18,2,2
ATT_EMP0005_202607,EMP0005,2026-07-01,21,20,1,1
ATT_EMP0005_202608,EMP0005,2026-08-01,21,19,2,2
ATT_EMP0005_202609,EMP0005,2026-09-01,21,18,3,2
ATT_EMP0006_202510,EMP0006,2025-10-01,21,19,2,1
ATT_EMP0006_202511,EMP0006,2025-11-01,22,22,0,0
ATT_EMP0006_202512,EMP0006,2025-12-01,22,22,0,2
ATT_EMP0006_202601,EMP0006,2026-01-01,21,18,3,0
ATT_EMP0006_202602,EMP0006,2026-02-01,21,18,3,0
ATT_EMP0006_202603,EMP0006,2026-03-01,22,22,0,2
ATT_EMP0006_202604,EMP0006,2026-04-01,21,21,0,2
ATT_EMP0006_202605,EMP0006,2026-05-01,20,19,1,1
ATT_EMP0006_202606,EMP0006,2026-06-01,22,22,0,1
ATT_EMP0006_202607,EMP0006,2026-07-01,23,19,4,2
ATT_EMP0006_202608,EMP0006,2026-08-01,22,21,1,1
ATT_EMP0006_202609,EMP0006,2026-09-01,22,22,0,1
ATT_EMP0007_202510,EMP0007,2025-10-01,22,19,3,0
ATT_EMP0007_202511,EMP0007,2025-11-01,21,18,3,0
ATT_EMP0007_202512,EMP0007,2025-12-01,21,19,2,3
ATT_EMP0007_202601,EMP0007,2026-01-01,21,19,2,0
ATT_EMP0007_202602,EMP0007,2026-02-01,21,21,0,2
ATT_EMP0007_202603,EMP0007,2026-03-01,22,22,0,1
ATT_EMP0007_202604,EMP0007,2026-04-01,21,20,1,1
ATT_EMP0007_202605,EMP0007,2026-05-01,21,19,2,3
ATT_EMP0007_202606,EMP0007,2026-06-01,22,22,0,2
ATT_EMP0007_202607,EMP0007,2026-07-01,20,20,0,2
ATT_EMP0007_202608,EMP0007,2026-08-01,23,22,1,0
ATT_EMP0007_202609,EMP0007,2026-09-01,22,20,2,0
ATT_EMP0008_202510,EMP0008,2025-10-01,21,20,1,2
ATT_EMP0008_202511,EMP0008,2025-11-01,20,18,2,5
ATT_EMP0008_202512,EMP0008,2025-12-01,21,18,3,1
ATT_EMP0008_202601,EMP0008,2026-01-01,21,20,1,1
ATT_EMP0008_202602,EMP0008,2026-02-01,22,19,3,1
ATT_EMP0008_202603,EMP0008,2026-03-01,21,18,3,2
ATT_EMP0008_202604,EMP0008,2026-04-01,21,20,1,4
ATT_EMP0008_202605,EMP0008,2026-05-01,21,19,2,2
ATT_EMP0008_202606,EMP0008,2026-06-01,22,19,3,0
ATT_EMP0008_202607,EMP0008,2026-07-01,21,18,3,1
ATT_EMP0008_202608,EMP0008,2026-08-01,22,19,3,2
ATT_EMP0008_202609,EMP0008,2026-09-01,21,19,2,4
ATT_EMP0009_202510,EMP0009,2025-10-01,21,18,3,0
ATT_EMP0009_202511,EMP0009,2025-11-01,22,22,0,0
ATT_EMP0009_202512,EMP0009,2025-12-01,21,21,0,1
ATT_EMP0009_202601,EMP0009,2026-01-01,22,21,1,3
ATT_EMP0009_202602,EMP0009,2026-02-01,21,21,0,4
ATT_EMP0009_202603,EMP0009,2026-03-01,21,18,3,1
ATT_EMP0009_202604,EMP0009,2026-04-01,23,21,2,1
ATT_EMP0009_202605,EMP0009,2026-05-01,23,21,2,1
ATT_EMP0009_202606,EMP0009,2026-06-01,23,20,3,0
ATT_EMP0009_202607,EMP0009,2026-07-01,21,20,1,2
ATT_EMP0009_202608,EMP0009,2026-08-01,23,21,2,2
ATT_EMP0009_202609,EMP0009,2026-09-01,20,17,3,0
ATT_EMP0010_202510,EMP0010,2025-10-01,22,19,3,0
ATT_EMP0010_202511,EMP0010,2025-11-01,21,18,3,0
ATT_EMP0010_202512,EMP0010,2025-12-01,22,17,5,0
ATT_EMP0010_202601,EMP0010,2026-01-01,21,20,1,0
ATT_EMP0010_202602,EMP0010,2026-02-01,21,21,0,0
ATT_EMP0010_202603,EMP0010,2026-03-01,20,17,3,2
ATT_EMP0010_202604,EMP0010,2026-04-01,20,17,3,1
ATT_EMP0010_202605,EMP0010,2026-05-01,23,19,4,3
ATT_EMP0010_202606,EMP0010,2026-06-01,21,21,0,0
ATT_EMP0010_202607,EMP0010,2026-07-01,22,20,2,2
ATT_EMP0010_202608,EMP0010,2026-08-01,22,20,2,1
ATT_EMP0010_202609,EMP0010,2026-09-01,20,19,1,2
ATT_EMP0011_202510,EMP0011,2025-10-01,22,20,2,3
ATT_EMP0011_202511,EMP0011,2025-11-01,22,20,2,1
ATT_EMP0011_202512,EMP0011,2025-12-01,20,17,3,1
ATT_EMP0011_202601,EMP0011,2026-01-01,21,20,1,4
ATT_EMP0011_202602,EMP0011,2026-02-01,21,18,3,2
ATT_EMP0011_202603,EMP0011,2026-03-01,22,21,1,3
ATT_EMP0011_202604,EMP0011,2026-04-01,22,20,2,0
ATT_EMP0011_202605,EMP0011,2026-05-01,20,17,3,2
ATT_EMP0011_202606,EMP0011,2026-06-01,20,20,0,1
ATT_EMP0011_202607,EMP0011,2026-07-01,20,16,4,0
ATT_EMP0011_202608,EMP0011,2026-08-01,22,20,2,2
ATT_EMP0011_202609,EMP0011,2026-09-01,21,19,2,2
ATT_EMP0012_202510,EMP0012,2025-10-01,23,22,1,2
ATT_EMP0012_202511,EMP0012,2025-11-01,21,21,0,2
ATT_EMP0012_202512,EMP0012,2025-12-01,21,18,3,3
ATT_EMP0012_202601,EMP0012,2026-01-01,22,19,3,1
ATT_EMP0012_202602,EMP0012,2026-02-01,22,20,2,1
ATT_EMP0012_202603,EMP0012,2026-03-01,22,18,4,1
ATT_EMP0012_202604,EMP0012,2026-04-01,23,20,3,2
ATT_EMP0012_202605,EMP0012,2026-05-01,22,17,5,3
ATT_EMP0012_202606,EMP0012,2026-06-01,23,21,2,2
ATT_EMP0012_202607,EMP0012,2026-07-01,21,16,5,2
ATT_EMP0012_202608,EMP0012,2026-08-01,20,20,0,0
ATT_EMP0012_202609,EMP0012,2026-09-01,20,19,1,0
ATT_EMP0013_202510,EMP0013,2025-10-01,23,20,3,1
ATT_EMP0013_202511,EMP0013,2025-11-01,21,17,4,1
ATT_EMP0013_202512,EMP0013,2025-12-01,23,21,2,1
ATT_EMP0013_202601,EMP0013,2026-01-01,22,20,2,3
ATT_EMP0013_202602,EMP0013,2026-02-01,21,21,0,1
ATT_EMP0013_202603,EMP0013,2026-03-01,20,18,2,2
ATT_EMP0013_202604,EMP0013,2026-04-01,20,20,0,0
ATT_EMP0013_202605,EMP0013,2026-05-01,20,19,1,1
ATT_EMP0013_202606,EMP0013,2026-06-01,22,22,0,1
ATT_EMP0013_202607,EMP0013,2026-07-01,21,18,3,1
ATT_EMP0013_202608,EMP0013,2026-08-01,21,18,3,1
ATT_EMP0013_202609,EMP0013,2026-09-01,22,20,2,1
ATT_EMP0014_202510,EMP0014,2025-10-01,21,19,2,1
ATT_EMP0014_202511,EMP0014,2025-11-01,22,17,5,0
ATT_EMP0014_202512,EMP0014,2025-12-01,21,18,3,3
ATT_EMP0014_202601,EMP0014,2026-01-01,22,22,0,0
ATT_EMP0014_202602,EMP0014,2026-02-01,22,19,3,1
ATT_EMP0014_202603,EMP0014,2026-03-01,22,22,0,1
ATT_EMP0014_202604,EMP0014,2026-04-01,21,17,4,0
ATT_EMP0014_202605,EMP0014,2026-05-01,21,18,3,2
ATT_EMP0014_202606,EMP0014,2026-06-01,23,23,0,1
ATT_EMP0014_202607,EMP0014,2026-07-01,22,21,1,1
ATT_EMP0014_202608,EMP0014,2026-08-01,23,22,1,0
ATT_EMP0014_202609,EMP0014,2026-09-01,22,21,1,1
ATT_EMP0015_202510,EMP0015,2025-10-01,23,22,1,1
ATT_EMP0015_202511,EMP0015,2025-11-01,22,22,0,2
ATT_EMP0015_202512,EMP0015,2025-12-01,21,17,4,0
ATT_EMP0015_202601,EMP0015,2026-01-01,20,19,1,3
ATT_EMP0015_202602,EMP0015,2026-02-01,22,21,1,2
ATT_EMP0015_202603,EMP0015,2026-03-01,22,19,3,2
ATT_EMP0015_202604,EMP0015,2026-04-01,21,18,3,2
ATT_EMP0015_202605,EMP0015,2026-05-01,20,17,3,1
ATT_EMP0015_202606,EMP0015,2026-06-01,20,18,2,3
ATT_EMP0015_202607,EMP0015,2026-07-01,22,20,2,1
ATT_EMP0015_202608,EMP0015,2026-08-01,21,20,1,2
ATT_EMP0015_202609,EMP0015,2026-09-01,22,19,3,0
ATT_EMP0016_202510,EMP0016,2025-10-01,22,20,2,1
ATT_EMP0016_202511,EMP0016,2025-11-01,21,19,2,2
ATT_EMP0016_202512,EMP0016,2025-12-01,21,17,4,3
ATT_EMP0016_202601,EMP0016,2026-01-01,23,20,3,0
ATT_EMP0016_202602,EMP0016,2026-02-01,21,19,2,3
ATT_EMP0016_202603,EMP0016,2026-03-01,20,18,2,0
ATT_EMP0016_202604,EMP0016,2026-04-01,20,18,2,2
ATT_EMP0016_202605,EMP0016,2026-05-01,21,21,0,3
ATT_EMP0016_202606,EMP0016,2026-06-01,21,19,2,1
ATT_EMP0016_202607,EMP0016,2026-07-01,22,21,1,2
ATT_EMP0016_202608,EMP0016,2026-08-01,23,19,4,0
ATT_EMP0016_202609,EMP0016,2026-09-01,23,21,2,3
ATT_EMP0017_202510,EMP0017,2025-10-01,23,19,4,4
ATT_EMP0017_202511,EMP0017,2025-11-01,21,20,1,1
ATT_EMP0017_202512,EMP0017,2025-12-01,23,21,2,1
ATT_EMP0017_202601,EMP0017,2026-01-01,20,18,2,1
ATT_EMP0017_202602,EMP0017,2026-02-01,21,20,1,1
ATT_EMP0017_202603,EMP0017,2026-03-01,22,19,3,1
ATT_EMP0017_202604,EMP0017,2026-04-01,22,21,1,1
ATT_EMP0017_202605,EMP0017,2026-05-01,21,21,0,1
ATT_EMP0017_202606,EMP0017,2026-06-01,21,17,4,0
ATT_EMP0017_202607,EMP0017,2026-07-01,22,20,2,1
ATT_EMP0017_202608,EMP0017,2026-08-01,21,20,1,1
ATT_EMP0017_202609,EMP0017,2026-09-01,21,18,3,1
ATT_EMP0018_202510,EMP0018,2025-10-01,23,20,3,1
ATT_EMP0018_202511,EMP0018,2025-11-01,22,19,3,1
ATT_EMP0018_202512,EMP0018,2025-12-01,21,19,2,0
ATT_EMP0018_202601,EMP0018,2026-01-01,21,17,4,1
ATT_EMP0018_202602,EMP0018,2026-02-01,21,18,3,1
ATT_EMP0018_202603,EMP0018,2026-03-01,20,18,2,1
ATT_EMP0018_202604,EMP0018,2026-04-01,21,20,1,2
ATT_EMP0018_202605,EMP0018,2026-05-01,22,18,4,1
ATT_EMP0018_202606,EMP0018,2026-06-01,22,19,3,0
ATT_EMP0018_202607,EMP0018,2026-07-01,22,20,2,0
ATT_EMP0018_202608,EMP0018,2026-08-01,22,22,0,1
ATT_EMP0018_202609,EMP0018,2026-09-01,20,18,2,3
ATT_EMP0019_202510,EMP0019,2025-10-01,21,18,3,0
ATT_EMP0019_202511,EMP0019,2025-11-01,21,19,2,1
ATT_EMP0019_202512,EMP0019,2025-12-01,21,18,3,1
ATT_EMP0019_202601,EMP0019,2026-01-01,21,19,2,3
ATT_EMP0019_202602,EMP0019,2026-02-01,21,18,3,1
ATT_EMP0019_202603,EMP0019,2026-03-01,22,22,0,1
ATT_EMP0019_202604,EMP0019,2026-04-01,21,20,1,1
ATT_EMP0019_202605,EMP0019,2026-05-01,21,18,3,1
ATT_EMP0019_202606,EMP0019,2026-06-01,22,17,5,0
ATT_EMP0019_202607,EMP0019,2026-07-01,20,20,0,0
ATT_EMP0019_202608,EMP0019,2026-08-01,21,18,3,2
ATT_EMP0019_202609,EMP0019,2026-09-01,22,18,4,3
ATT_EMP0020_202510,EMP0020,2025-10-01,21,18,3,4
ATT_EMP0020_202511,EMP0020,2025-11-01,22,20,2,0
ATT_EMP0020_202512,EMP0020,2025-12-01,22,20,2,1
ATT_EMP0020_202601,EMP0020,2026-01-01,21,18,3,1
ATT_EMP0020_202602,EMP0020,2026-02-01,21,21,0,4
ATT_EMP0020_202603,EMP0020,2026-03-01,22,21,1,1
ATT_EMP0020_202604,EMP0020,2026-04-01,22,21,1,2
ATT_EMP0020_202605,EMP0020,2026-05-01,20,17,3,3
ATT_EMP0020_202606,EMP0020,2026-06-01,21,20,1,1
ATT_EMP0020_202607,EMP0020,2026-07-01,23,20,3,0
ATT_EMP0020_202608,EMP0020,2026-08-01,22,20,2,2
ATT_EMP0020_202609,EMP0020,2026-09-01,22,18,4,1
ATT_EMP0021_202510,EMP0021,2025-10-01,23,22,1,1
ATT_EMP0021_202511,EMP0021,2025-11-01,22,22,0,1
ATT_EMP0021_202512,EMP0021,2025-12-01,21,19,2,1
ATT_EMP0021_202601,EMP0021,2026-01-01,20,20,0,2
ATT_EMP0021_202602,EMP0021,2026-02-01,20,19,1,0
ATT_EMP0021_202603,EMP0021,2026-03-01,21,19,2,1
ATT_EMP0021_202604,EMP0021,2026-04-01,22,19,3,1
ATT_EMP0021_202605,EMP0021,2026-05-01,22,21,1,4
ATT_EMP0021_202606,EMP0021,2026-06-01,21,18,3,1
ATT_EMP0021_202607,EMP0021,2026-07-01,20,18,2,2
ATT_EMP0021_202608,EMP0021,2026-08-01,21,18,3,2
ATT_EMP0021_202609,EMP0021,2026-09-01,23,22,1,1
ATT_EMP0022_202510,EMP0022,2025-10-01,20,20,0,2
ATT_EMP0022_202511,EMP0022,2025-11-01,21,18,3,1
ATT_EMP0022_202512,EMP0022,2025-12-01,22,22,0,0
ATT_EMP0022_202601,EMP0022,2026-01-01,21,21,0,1
ATT_EMP0022_202602,EMP0022,2026-02-01,22,18,4,2
ATT_EMP0022_202603,EMP0022,2026-03-01,21,20,1,0
ATT_EMP0022_202604,EMP0022,2026-04-01,23,21,2,1
ATT_EMP0022_202605,EMP0022,2026-05-01,20,17,3,1
ATT_EMP0022_202606,EMP0022,2026-06-01,22,20,2,3
ATT_EMP0022_202607,EMP0022,2026-07-01,23,21,2,3
ATT_EMP0022_202608,EMP0022,2026-08-01,23,22,1,0
ATT_EMP0022_202609,EMP0022,2026-09-01,22,20,2,1
ATT_EMP0023_202510,EMP0023,2025-10-01,22,18,4,1
ATT_EMP0023_202511,EMP0023,2025-11-01,20,16,4,1
ATT_EMP0023_202512,EMP0023,2025-12-01,20,20,0,3
ATT_EMP0023_202601,EMP0023,2026-01-01,21,20,1,2
ATT_EMP0023_202602,EMP0023,2026-02-01,21,18,3,1
ATT_EMP0023_202603,EMP0023,2026-03-01,21,20,1,2
ATT_EMP0023_202604,EMP0023,2026-04-01,21,16,5,1
ATT_EMP0023_202605,EMP0023,2026-05-01,20,19,1,0
ATT_EMP0023_202606,EMP0023,2026-06-01,23,23,0,1
ATT_EMP0023_202607,EMP0023,2026-07-01,21,15,6,1
ATT_EMP0023_202608,EMP0023,2026-08-01,22,21,1,0
ATT_EMP0023_202609,EMP0023,2026-09-01,21,18,3,0
ATT_EMP0024_202510,EMP0024,2025-10-01,22,21,1,2
ATT_EMP0024_202511,EMP0024,2025-11-01,22,21,1,1
ATT_EMP0024_202512,EMP0024,2025-12-01,22,21,1,2
ATT_EMP0024_202601,EMP0024,2026-01-01,22,17,5,1
ATT_EMP0024_202602,EMP0024,2026-02-01,22,17,5,1
ATT_EMP0024_202603,EMP0024,2026-03-01,21,20,1,3
ATT_EMP0024_202604,EMP0024,2026-04-01,22,19,3,0
ATT_EMP0024_202605,EMP0024,2026-05-01,23,23,0,2
ATT_EMP0024_202606,EMP0024,2026-06-01,22,20,2,0
ATT_EMP0024_202607,EMP0024,2026-07-01,21,18,3,0
ATT_EMP0024_202608,EMP0024,2026-08-01,22,19,3,3
ATT_EMP0024_202609,EMP0024,2026-09-01,21,18,3,1
ATT_EMP0025_202510,EMP0025,2025-10-01,20,17,3,2
ATT_EMP0025_202511,EMP0025,2025-11-01,22,21,1,2
ATT_EMP0025_202512,EMP0025,2025-12-01,23,21,2,2
ATT_EMP0025_202601,EMP0025,2026-01-01,21,21,0,1
ATT_EMP0025_202602,EMP0025,2026-02-01,21,18,3,2
ATT_EMP0025_202603,EMP0025,2026-03-01,23,20,3,4
ATT_EMP0025_202604,EMP0025,2026-04-01,21,20,1,2
ATT_EMP0025_202605,EMP0025,2026-05-01,22,19,3,0
ATT_EMP0025_202606,EMP0025,2026-06-01,21,20,1,2
ATT_EMP0025_202607,EMP0025,2026-07-01,20,17,3,1
ATT_EMP0025_202608,EMP0025,2026-08-01,21,21,0,0
ATT_EMP0025_202609,EMP0025,2026-09-01,23,23,0,3
ATT_EMP0026_202510,EMP0026,2025-10-01,21,18,3,1
ATT_EMP0026_202511,EMP0026,2025-11-01,20,17,3,0
ATT_EMP0026_202512,EMP0026,2025-12-01,22,22,0,4
ATT_EMP0026_202601,EMP0026,2026-01-01,22,19,3,3
ATT_EMP0026_202602,EMP0026,2026-02-01,21,15,6,1
ATT_EMP0026_202603,EMP0026,2026-03-01,21,18,3,0
ATT_EMP0026_202604,EMP0026,2026-04-01,22,20,2,1
ATT_EMP0026_202605,EMP0026,2026-05-01,22,21,1,1
ATT_EMP0026_202606,EMP0026,2026-06-01,21,16,5,0
ATT_EMP0026_202607,EMP0026,2026-07-01,22,19,3,2
ATT_EMP0026_202608,EMP0026,2026-08-01,21,19,2,0
ATT_EMP0026_202609,EMP0026,2026-09-01,21,18,3,2
ATT_EMP0027_202510,EMP0027,2025-10-01,20,17,3,0
ATT_EMP0027_202511,EMP0027,2025-11-01,22,21,1,0
ATT_EMP0027_202512,EMP0027,2025-12-01,21,18,3,1
ATT_EMP0027_202601,EMP0027,2026-01-01,21,19,2,2
ATT_EMP0027_202602,EMP0027,2026-02-01,21,18,3,1
ATT_EMP0027_202603,EMP0027,2026-03-01,21,20,1,3
ATT_EMP0027_202604,EMP0027,2026-04-01,21,19,2,2
ATT_EMP0027_202605,EMP0027,2026-05-01,22,22,0,1
ATT_EMP0027_202606,EMP0027,2026-06-01,21,17,4,1
ATT_EMP0027_202607,EMP0027,2026-07-01,21,20,1,3
ATT_EMP0027_202608,EMP0027,2026-08-01,21,20,1,2
ATT_EMP0027_202609,EMP0027,2026-09-01,22,20,2,0
ATT_EMP0028_202510,EMP0028,2025-10-01,22,20,2,2
ATT_EMP0028_202511,EMP0028,2025-11-01,21,19,2,2
ATT_EMP0028_202512,EMP0028,2025-12-01,20,16,4,1
ATT_EMP0028_202601,EMP0028,2026-01-01,22,22,0,4
ATT_EMP0028_202602,EMP0028,2026-02-01,22,18,4,1
ATT_EMP0028_202603,EMP0028,2026-03-01,21,19,2,1
ATT_EMP0028_202604,EMP0028,2026-04-01,21,19,2,2
ATT_EMP0028_202605,EMP0028,2026-05-01,22,20,2,3
ATT_EMP0028_202606,EMP0028,2026-06-01,20,18,2,2
ATT_EMP0028_202607,EMP0028,2026-07-01,21,19,2,1
ATT_EMP0028_202608,EMP0028,2026-08-01,22,20,2,3
ATT_EMP0028_202609,EMP0028,2026-09-01,20,18,2,1
ATT_EMP0029_202510,EMP0029,2025-10-01,20,17,3,3
ATT_EMP0029_202511,EMP0029,2025-11-01,22,19,3,1
ATT_EMP0029_202512,EMP0029,2025-12-01,22,22,0,2
ATT_EMP0029_202601,EMP0029,2026-01-01,22,20,2,1
ATT_EMP0029_202602,EMP0029,2026-02-01,20,18,2,1
ATT_EMP0029_202603,EMP0029,2026-03-01,21,20,1,2
ATT_EMP0029_202604,EMP0029,2026-04-01,21,19,2,0
ATT_EMP0029_202605,EMP0029,2026-05-01,22,18,4,2
ATT_EMP0029_202606,EMP0029,2026-06-01,20,18,2,2
ATT_EMP0029_202607,EMP0029,2026-07-01,20,16,4,0
ATT_EMP0029_202608,EMP0029,2026-08-01,21,19,2,0
ATT_EMP0029_202609,EMP0029,2026-09-01,22,19,3,1
ATT_EMP0030_202510,EMP0030,2025-10-01,21,20,1,0
ATT_EMP0030_202511,EMP0030,2025-11-01,21,18,3,0
ATT_EMP0030_202512,EMP0030,2025-12-01,20,19,1,3
ATT_EMP0030_202601,EMP0030,2026-01-01,21,19,2,3
ATT_EMP0030_202602,EMP0030,2026-02-01,22,20,2,1
ATT_EMP0030_202603,EMP0030,2026-03-01,20,18,2,1
ATT_EMP0030_202604,EMP0030,2026-04-01,22,22,0,3
ATT_EMP0030_202605,EMP0030,2026-05-01,21,18,3,0
ATT_EMP0030_202606,EMP0030,2026-06-01,21,17,4,1
ATT_EMP0030_202607,EMP0030,2026-07-01,23,20,3,2
ATT_EMP0030_202608,EMP0030,2026-08-01,21,20,1,1
ATT_EMP0030_202609,EMP0030,2026-09-01,21,18,3,1
ATT_EMP0031_202510,EMP0031,2025-10-01,23,21,2,2
ATT_EMP0031_202511,EMP0031,2025-11-01,21,16,5,2
ATT_EMP0031_202512,EMP0031,2025-12-01,21,20,1,1
ATT_EMP0031_202601,EMP0031,2026-01-01,20,20,0,3
ATT_EMP0031_202602,EMP0031,2026-02-01,23,21,2,2
ATT_EMP0031_202603,EMP0031,2026-03-01,21,19,2,3
ATT_EMP0031_202604,EMP0031,2026-04-01,23,21,2,0
ATT_EMP0031_202605,EMP0031,2026-05-01,21,21,0,0
ATT_EMP0031_202606,EMP0031,2026-06-01,23,20,3,2
ATT_EMP0031_202607,EMP0031,2026-07-01,22,21,1,2
ATT_EMP0031_202608,EMP0031,2026-08-01,22,22,0,2
ATT_EMP0031_202609,EMP0031,2026-09-01,21,20,1,1
ATT_EMP0032_202510,EMP0032,2025-10-01,22,21,1,3
ATT_EMP0032_202511,EMP0032,2025-11-01,22,19,3,1
ATT_EMP0032_202512,EMP0032,2025-12-01,22,20,2,5
ATT_EMP0032_202601,EMP0032,2026-01-01,21,17,4,3
ATT_EMP0032_202602,EMP0032,2026-02-01,21,19,2,2
ATT_EMP0032_202603,EMP0032,2026-03-01,21,20,1,0
ATT_EMP0032_202604,EMP0032,2026-04-01,20,19,1,1
ATT_EMP0032_202605,EMP0032,2026-05-01,22,22,0,2
ATT_EMP0032_202606,EMP0032,2026-06-01,21,18,3,0
ATT_EMP0032_202607,EMP0032,2026-07-01,21,20,1,1
ATT_EMP0032_202608,EMP0032,2026-08-01,23,21,2,3
ATT_EMP0032_202609,EMP0032,2026-09-01,22,20,2,1
ATT_EMP0033_202510,EMP0033,2025-10-01,22,19,3,1
ATT_EMP0033_202511,EMP0033,2025-11-01,23,22,1,2
ATT_EMP0033_202512,EMP0033,2025-12-01,21,20,1,4
ATT_EMP0033_202601,EMP0033,2026-01-01,23,23,0,1
ATT_EMP0033_202602,EMP0033,2026-02-01,21,19,2,2
ATT_EMP0033_202603,EMP0033,2026-03-01,20,19,1,0
ATT_EMP0033_202604,EMP0033,2026-04-01,21,19,2,2
ATT_EMP0033_202605,EMP0033,2026-05-01,22,20,2,4
ATT_EMP0033_202606,EMP0033,2026-06-01,22,20,2,2
ATT_EMP0033_202607,EMP0033,2026-07-01,22,18,4,1
ATT_EMP0033_202608,EMP0033,2026-08-01,21,19,2,1
ATT_EMP0033_202609,EMP0033,2026-09-01,23,21,2,0
ATT_EMP0034_202510,EMP0034,2025-10-01,21,18,3,1
ATT_EMP0034_202511,EMP0034,2025-11-01,22,17,5,2
ATT_EMP0034_202512,EMP0034,2025-12-01,20,19,1,0
ATT_EMP0034_202601,EMP0034,2026-01-01,21,17,4,1
ATT_EMP0034_202602,EMP0034,2026-02-01,20,19,1,4
ATT_EMP0034_202603,EMP0034,2026-03-01,21,21,0,0
ATT_EMP0034_202604,EMP0034,2026-04-01,23,23,0,2
ATT_EMP0034_202605,EMP0034,2026-05-01,22,18,4,0
ATT_EMP0034_202606,EMP0034,2026-06-01,20,19,1,2
ATT_EMP0034_202607,EMP0034,2026-07-01,22,18,4,1
ATT_EMP0034_202608,EMP0034,2026-08-01,22,17,5,3
ATT_EMP0034_202609,EMP0034,2026-09-01,22,19,3,1
ATT_EMP0035_202510,EMP0035,2025-10-01,22,18,4,1
ATT_EMP0035_202511,EMP0035,2025-11-01,20,17,3,0
ATT_EMP0035_202512,EMP0035,2025-12-01,21,20,1,0
ATT_EMP0035_202601,EMP0035,2026-01-01,21,21,0,3
ATT_EMP0035_202602,EMP0035,2026-02-01,21,20,1,3
ATT_EMP0035_202603,EMP0035,2026-03-01,22,20,2,1
ATT_EMP0035_202604,EMP0035,2026-04-01,22,21,1,3
ATT_EMP0035_202605,EMP0035,2026-05-01,22,21,1,2
ATT_EMP0035_202606,EMP0035,2026-06-01,20,17,3,0
ATT_EMP0035_202607,EMP0035,2026-07-01,22,20,2,1
ATT_EMP0035_202608,EMP0035,2026-08-01,21,19,2,2
ATT_EMP0035_202609,EMP0035,2026-09-01,22,20,2,1
ATT_EMP0036_202510,EMP0036,2025-10-01,22,20,2,1
ATT_EMP0036_202511,EMP0036,2025-11-01,21,19,2,2
ATT_EMP0036_202512,EMP0036,2025-12-01,22,18,4,1
ATT_EMP0036_202601,EMP0036,2026-01-01,21,19,2,2
ATT_EMP0036_202602,EMP0036,2026-02-01,20,16,4,0
ATT_EMP0036_202603,EMP0036,2026-03-01,22,21,1,2
ATT_EMP0036_202604,EMP0036,2026-04-01,22,18,4,0
ATT_EMP0036_202605,EMP0036,2026-05-01,21,19,2,2
ATT_EMP0036_202606,EMP0036,2026-06-01,22,20,2,1
ATT_EMP0036_202607,EMP0036,2026-07-01,21,20,1,2
ATT_EMP0036_202608,EMP0036,2026-08-01,23,22,1,1
ATT_EMP0036_202609,EMP0036,2026-09-01,21,19,2,5
ATT_EMP0037_202510,EMP0037,2025-10-01,23,19,4,2
ATT_EMP0037_202511,EMP0037,2025-11-01,22,19,3,1
ATT_EMP0037_202512,EMP0037,2025-12-01,22,21,1,1
ATT_EMP0037_202601,EMP0037,2026-01-01,21,18,3,0
ATT_EMP0037_202602,EMP0037,2026-02-01,21,20,1,2
ATT_EMP0037_202603,EMP0037,2026-03-01,21,19,2,1
ATT_EMP0037_202604,EMP0037,2026-04-01,21,21,0,0
ATT_EMP0037_202605,EMP0037,2026-05-01,21,18,3,4
ATT_EMP0037_202606,EMP0037,2026-06-01,21,19,2,3
ATT_EMP0037_202607,EMP0037,2026-07-01,22,19,3,2
ATT_EMP0037_202608,EMP0037,2026-08-01,22,20,2,1
ATT_EMP0037_202609,EMP0037,2026-09-01,22,22,0,2
ATT_EMP0038_202510,EMP0038,2025-10-01,23,19,4,2
ATT_EMP0038_202511,EMP0038,2025-11-01,21,17,4,3
ATT_EMP0038_202512,EMP0038,2025-12-01,21,18,3,2
ATT_EMP0038_202601,EMP0038,2026-01-01,21,18,3,2
ATT_EMP0038_202602,EMP0038,2026-02-01,21,18,3,3
ATT_EMP0038_202603,EMP0038,2026-03-01,22,20,2,1
ATT_EMP0038_202604,EMP0038,2026-04-01,22,19,3,1
ATT_EMP0038_202605,EMP0038,2026-05-01,23,20,3,2
ATT_EMP0038_202606,EMP0038,2026-06-01,21,19,2,4
ATT_EMP0038_202607,EMP0038,2026-07-01,20,19,1,1
ATT_EMP0038_202608,EMP0038,2026-08-01,23,20,3,2
ATT_EMP0038_202609,EMP0038,2026-09-01,23,23,0,1
ATT_EMP0039_202510,EMP0039,2025-10-01,23,20,3,2
ATT_EMP0039_202511,EMP0039,2025-11-01,23,21,2,1
ATT_EMP0039_202512,EMP0039,2025-12-01,23,20,3,2
ATT_EMP0039_202601,EMP0039,2026-01-01,20,17,3,0
ATT_EMP0039_202602,EMP0039,2026-02-01,23,19,4,5
ATT_EMP0039_202603,EMP0039,2026-03-01,20,17,3,2
ATT_EMP0039_202604,EMP0039,2026-04-01,20,17,3,1
ATT_EMP0039_202605,EMP0039,2026-05-01,23,21,2,0
ATT_EMP0039_202606,EMP0039,2026-06-01,20,17,3,0
ATT_EMP0039_202607,EMP0039,2026-07-01,23,23,0,2
ATT_EMP0039_202608,EMP0039,2026-08-01,21,21,0,3
ATT_EMP0039_202609,EMP0039,2026-09-01,22,21,1,0
ATT_EMP0040_202510,EMP0040,2025-10-01,22,20,2,1
ATT_EMP0040_202511,EMP0040,2025-11-01,22,20,2,1
ATT_EMP0040_202512,EMP0040,2025-12-01,22,19,3,0
ATT_EMP0040_202601,EMP0040,2026-01-01,21,18,3,2
ATT_EMP0040_202602,EMP0040,2026-02-01,23,22,1,3
ATT_EMP0040_202603,EMP0040,2026-03-01,20,19,1,2
ATT_EMP0040_202604,EMP0040,2026-04-01,21,18,3,3
ATT_EMP0040_202605,EMP0040,2026-05-01,22,18,4,3
ATT_EMP0040_202606,EMP0040,2026-06-01,21,17,4,1
ATT_EMP0040_202607,EMP0040,2026-07-01,22,22,0,3
ATT_EMP0040_202608,EMP0040,2026-08-01,21,19,2,2
ATT_EMP0040_202609,EMP0040,2026-09-01,20,18,2,1
ATT_EMP0041_202510,EMP0041,2025-10-01,22,20,2,4
ATT_EMP0041_202511,EMP0041,2025-11-01,21,18,3,3
ATT_EMP0041_202512,EMP0041,2025-12-01,22,19,3,2
ATT_EMP0041_202601,EMP0041,2026-01-01,22,21,1,2
ATT_EMP0041_202602,EMP0041,2026-02-01,22,22,0,3
ATT_EMP0041_202603,EMP0041,2026-03-01,22,21,1,1
ATT_EMP0041_202604,EMP0041,2026-04-01,21,19,2,3
ATT_EMP0041_202605,EMP0041,2026-05-01,22,19,3,4
ATT_EMP0041_202606,EMP0041,2026-06-01,20,18,2,1
ATT_EMP0041_202607,EMP0041,2026-07-01,21,19,2,2
ATT_EMP0041_202608,EMP0041,2026-08-01,21,19,2,2
ATT_EMP0041_202609,EMP0041,2026-09-01,21,20,1,1
ATT_EMP0042_202510,EMP0042,2025-10-01,21,19,2,3
ATT_EMP0042_202511,EMP0042,2025-11-01,23,21,2,3
ATT_EMP0042_202512,EMP0042,2025-12-01,22,19,3,1
ATT_EMP0042_202601,EMP0042,2026-01-01,22,18,4,3
ATT_EMP0042_202602,EMP0042,2026-02-01,21,19,2,2
ATT_EMP0042_202603,EMP0042,2026-03-01,23,22,1,1
ATT_EMP0042_202604,EMP0042,2026-04-01,22,20,2,0
ATT_EMP0042_202605,EMP0042,2026-05-01,22,16,6,0
ATT_EMP0042_202606,EMP0042,2026-06-01,21,18,3,2
ATT_EMP0042_202607,EMP0042,2026-07-01,22,20,2,3
ATT_EMP0042_202608,EMP0042,2026-08-01,22,20,2,1
ATT_EMP0042_202609,EMP0042,2026-09-01,21,20,1,2
ATT_EMP0043_202510,EMP0043,2025-10-01,21,19,2,2
ATT_EMP0043_202511,EMP0043,2025-11-01,22,20,2,2
ATT_EMP0043_202512,EMP0043,2025-12-01,21,17,4,0
ATT_EMP0043_202601,EMP0043,2026-01-01,20,18,2,3
ATT_EMP0043_202602,EMP0043,2026-02-01,21,19,2,1
ATT_EMP0043_202603,EMP0043,2026-03-01,21,20,1,0
ATT_EMP0043_202604,EMP0043,2026-04-01,21,19,2,2
ATT_EMP0043_202605,EMP0043,2026-05-01,23,22,1,2
ATT_EMP0043_202606,EMP0043,2026-06-01,23,22,1,2
ATT_EMP0043_202607,EMP0043,2026-07-01,21,20,1,0
ATT_EMP0043_202608,EMP0043,2026-08-01,21,20,1,2
ATT_EMP0043_202609,EMP0043,2026-09-01,21,20,1,1
ATT_EMP0044_202510,EMP0044,2025-10-01,21,19,2,1
ATT_EMP0044_202511,EMP0044,2025-11-01,22,19,3,2
ATT_EMP0044_202512,EMP0044,2025-12-01,20,19,1,1
ATT_EMP0044_202601,EMP0044,2026-01-01,20,18,2,5
ATT_EMP0044_202602,EMP0044,2026-02-01,23,17,6,2
ATT_EMP0044_202603,EMP0044,2026-03-01,22,19,3,0
ATT_EMP0044_202604,EMP0044,2026-04-01,21,19,2,1
ATT_EMP0044_202605,EMP0044,2026-05-01,22,18,4,3
ATT_EMP0044_202606,EMP0044,2026-06-01,20,19,1,1
ATT_EMP0044_202607,EMP0044,2026-07-01,21,20,1,1
ATT_EMP0044_202608,EMP0044,2026-08-01,22,17,5,1
ATT_EMP0044_202609,EMP0044,2026-09-01,23,20,3,1
ATT_EMP0045_202510,EMP0045,2025-10-01,22,19,3,0
ATT_EMP0045_202511,EMP0045,2025-11-01,22,22,0,3
ATT_EMP0045_202512,EMP0045,2025-12-01,21,17,4,1
ATT_EMP0045_202601,EMP0045,2026-01-01,22,17,5,2
ATT_EMP0045_202602,EMP0045,2026-02-01,22,19,3,2
ATT_EMP0045_202603,EMP0045,2026-03-01,21,21,0,3
ATT_EMP0045_202604,EMP0045,2026-04-01,20,18,2,2
ATT_EMP0045_202605,EMP0045,2026-05-01,22,20,2,0
ATT_EMP0045_202606,EMP0045,2026-06-01,21,20,1,0
ATT_EMP0045_202607,EMP0045,2026-07-01,22,20,2,0
ATT_EMP0045_202608,EMP0045,2026-08-01,20,18,2,0
ATT_EMP0045_202609,EMP0045,2026-09-01,21,18,3,3
ATT_EMP0046_202510,EMP0046,2025-10-01,21,16,5,0
ATT_EMP0046_202511,EMP0046,2025-11-01,21,20,1,1
ATT_EMP0046_202512,EMP0046,2025-12-01,22,20,2,0
ATT_EMP0046_202601,EMP0046,2026-01-01,21,17,4,0
ATT_EMP0046_202602,EMP0046,2026-02-01,21,19,2,0
ATT_EMP0046_202603,EMP0046,2026-03-01,23,20,3,2
ATT_EMP0046_202604,EMP0046,2026-04-01,21,20,1,0
ATT_EMP0046_202605,EMP0046,2026-05-01,22,21,1,2
ATT_EMP0046_202606,EMP0046,2026-06-01,22,21,1,2
ATT_EMP0046_202607,EMP0046,2026-07-01,21,21,0,2
ATT_EMP0046_202608,EMP0046,2026-08-01,22,20,2,4
ATT_EMP0046_202609,EMP0046,2026-09-01,21,20,1,2
ATT_EMP0047_202510,EMP0047,2025-10-01,22,21,1,0
ATT_EMP0047_202511,EMP0047,2025-11-01,22,20,2,0
ATT_EMP0047_202512,EMP0047,2025-12-01,23,21,2,1
ATT_EMP0047_202601,EMP0047,2026-01-01,23,20,3,2
ATT_EMP0047_202602,EMP0047,2026-02-01,23,20,3,2
ATT_EMP0047_202603,EMP0047,2026-03-01,20,18,2,0
ATT_EMP0047_202604,EMP0047,2026-04-01,22,20,2,4
ATT_EMP0047_202605,EMP0047,2026-05-01,20,18,2,2
ATT_EMP0047_202606,EMP0047,2026-06-01,22,20,2,3
ATT_EMP0047_202607,EMP0047,2026-07-01,21,19,2,2
ATT_EMP0047_202608,EMP0047,2026-08-01,23,23,0,3
ATT_EMP0047_202609,EMP0047,2026-09-01,21,19,2,0
ATT_EMP0048_202510,EMP0048,2025-10-01,22,19,3,0
ATT_EMP0048_202511,EMP0048,2025-11-01,20,17,3,0
ATT_EMP0048_202512,EMP0048,2025-12-01,21,18,3,3
ATT_EMP0048_202601,EMP0048,2026-01-01,21,20,1,0
ATT_EMP0048_202602,EMP0048,2026-02-01,21,19,2,0
ATT_EMP0048_202603,EMP0048,2026-03-01,22,19,3,1
ATT_EMP0048_202604,EMP0048,2026-04-01,22,20,2,4
ATT_EMP0048_202605,EMP0048,2026-05-01,23,21,2,1
ATT_EMP0048_202606,EMP0048,2026-06-01,22,20,2,2
ATT_EMP0048_202607,EMP0048,2026-07-01,21,19,2,3
ATT_EMP0048_202608,EMP0048,2026-08-01,21,19,2,1
ATT_EMP0048_202609,EMP0048,2026-09-01,22,21,1,1
ATT_EMP0049_202510,EMP0049,2025-10-01,22,21,1,1
ATT_EMP0049_202511,EMP0049,2025-11-01,21,19,2,0
ATT_EMP0049_202512,EMP0049,2025-12-01,22,21,1,4
ATT_EMP0049_202601,EMP0049,2026-01-01,21,20,1,2
ATT_EMP0049_202602,EMP0049,2026-02-01,21,19,2,4
ATT_EMP0049_202603,EMP0049,2026-03-01,22,20,2,2
ATT_EMP0049_202604,EMP0049,2026-04-01,21,17,4,1
ATT_EMP0049_202605,EMP0049,2026-05-01,22,22,0,0
ATT_EMP0049_202606,EMP0049,2026-06-01,21,18,3,0
ATT_EMP0049_202607,EMP0049,2026-07-01,20,18,2,1
ATT_EMP0049_202608,EMP0049,2026-08-01,20,17,3,4
ATT_EMP0049_202609,EMP0049,2026-09-01,21,18,3,2
ATT_EMP0050_202510,EMP0050,2025-10-01,23,20,3,1
ATT_EMP0050_202511,EMP0050,2025-11-01,21,19,2,2
ATT_EMP0050_202512,EMP0050,2025-12-01,21,20,1,0
ATT_EMP0050_202601,EMP0050,2026-01-01,20,19,1,1
ATT_EMP0050_202602,EMP0050,2026-02-01,22,18,4,2
ATT_EMP0050_202603,EMP0050,2026-03-01,21,17,4,3
ATT_EMP0050_202604,EMP0050,2026-04-01,23,20,3,3
ATT_EMP0050_202605,EMP0050,2026-05-01,21,19,2,2
ATT_EMP0050_202606,EMP0050,2026-06-01,22,17,5,0
ATT_EMP0050_202607,EMP0050,2026-07-01,22,19,3,2
ATT_EMP0050_202608,EMP0050,2026-08-01,23,18,5,1
ATT_EMP0050_202609,EMP0050,2026-09-01,23,21,2,1
ATT_EMP0051_202510,EMP0051,2025-10-01,21,21,0,2
ATT_EMP0051_202511,EMP0051,2025-11-01,22,19,3,1
ATT_EMP0051_202512,EMP0051,2025-12-01,22,16,6,3
ATT_EMP0051_202601,EMP0051,2026-01-01,20,20,0,2
ATT_EMP0051_202602,EMP0051,2026-02-01,21,20,1,1
ATT_EMP0051_202603,EMP0051,2026-03-01,22,20,2,1
ATT_EMP0051_202604,EMP0051,2026-04-01,22,21,1,0
ATT_EMP0051_202605,EMP0051,2026-05-01,22,15,7,0
ATT_EMP0051_202606,EMP0051,2026-06-01,21,19,2,2
ATT_EMP0051_202607,EMP0051,2026-07-01,21,19,2,2
ATT_EMP0051_202608,EMP0051,2026-08-01,23,23,0,0
ATT_EMP0051_202609,EMP0051,2026-09-01,21,19,2,1
ATT_EMP0052_202510,EMP0052,2025-10-01,22,18,4,4
ATT_EMP0052_202511,EMP0052,2025-11-01,22,20,2,1
ATT_EMP0052_202512,EMP0052,2025-12-01,21,19,2,1
ATT_EMP0052_202601,EMP0052,2026-01-01,20,18,2,0
ATT_EMP0052_202602,EMP0052,2026-02-01,23,20,3,3
ATT_EMP0052_202603,EMP0052,2026-03-01,22,20,2,2
ATT_EMP0052_202604,EMP0052,2026-04-01,21,18,3,4
ATT_EMP0052_202605,EMP0052,2026-05-01,22,20,2,2
ATT_EMP0052_202606,EMP0052,2026-06-01,22,19,3,3
ATT_EMP0052_202607,EMP0052,2026-07-01,21,21,0,1
ATT_EMP0052_202608,EMP0052,2026-08-01,23,22,1,1
ATT_EMP0052_202609,EMP0052,2026-09-01,22,19,3,2
ATT_EMP0053_202510,EMP0053,2025-10-01,21,17,4,1
ATT_EMP0053_202511,EMP0053,2025-11-01,22,20,2,0
ATT_EMP0053_202512,EMP0053,2025-12-01,20,17,3,0
ATT_EMP0053_202601,EMP0053,2026-01-01,23,17,6,1
ATT_EMP0053_202602,EMP0053,2026-02-01,22,21,1,2
ATT_EMP0053_202603,EMP0053,2026-03-01,21,17,4,1
ATT_EMP0053_202604,EMP0053,2026-04-01,21,20,1,0
ATT_EMP0053_202605,EMP0053,2026-05-01,22,18,4,3
ATT_EMP0053_202606,EMP0053,2026-06-01,21,17,4,2
ATT_EMP0053_202607,EMP0053,2026-07-01,22,20,2,1
ATT_EMP0053_202608,EMP0053,2026-08-01,22,21,1,5
ATT_EMP0053_202609,EMP0053,2026-09-01,20,19,1,0
ATT_EMP0054_202510,EMP0054,2025-10-01,21,17,4,3
ATT_EMP0054_202511,EMP0054,2025-11-01,21,21,0,0
ATT_EMP0054_202512,EMP0054,2025-12-01,22,20,2,1
ATT_EMP0054_202601,EMP0054,2026-01-01,20,19,1,0
ATT_EMP0054_202602,EMP0054,2026-02-01,21,19,2,1
ATT_EMP0054_202603,EMP0054,2026-03-01,23,20,3,1
ATT_EMP0054_202604,EMP0054,2026-04-01,22,21,1,4
ATT_EMP0054_202605,EMP0054,2026-05-01,23,21,2,2
ATT_EMP0054_202606,EMP0054,2026-06-01,23,20,3,3
ATT_EMP0054_202607,EMP0054,2026-07-01,22,20,2,0
ATT_EMP0054_202608,EMP0054,2026-08-01,21,18,3,2
ATT_EMP0054_202609,EMP0054,2026-09-01,22,21,1,0
ATT_EMP0055_202510,EMP0055,2025-10-01,20,18,2,1
ATT_EMP0055_202511,EMP0055,2025-11-01,20,20,0,3
ATT_EMP0055_202512,EMP0055,2025-12-01,21,17,4,0
ATT_EMP0055_202601,EMP0055,2026-01-01,21,18,3,2
ATT_EMP0055_202602,EMP0055,2026-02-01,22,21,1,3
ATT_EMP0055_202603,EMP0055,2026-03-01,22,18,4,0
ATT_EMP0055_202604,EMP0055,2026-04-01,22,19,3,0
ATT_EMP0055_202605,EMP0055,2026-05-01,21,21,0,3
ATT_EMP0055_202606,EMP0055,2026-06-01,22,20,2,0
ATT_EMP0055_202607,EMP0055,2026-07-01,21,18,3,2
ATT_EMP0055_202608,EMP0055,2026-08-01,21,18,3,0
ATT_EMP0055_202609,EMP0055,2026-09-01,23,21,2,3
ATT_EMP0056_202510,EMP0056,2025-10-01,21,20,1,2
ATT_EMP0056_202511,EMP0056,2025-11-01,23,20,3,0
ATT_EMP0056_202512,EMP0056,2025-12-01,22,20,2,0
ATT_EMP0056_202601,EMP0056,2026-01-01,23,20,3,1
ATT_EMP0056_202602,EMP0056,2026-02-01,20,18,2,2
ATT_EMP0056_202603,EMP0056,2026-03-01,21,18,3,1
ATT_EMP0056_202604,EMP0056,2026-04-01,21,20,1,2
ATT_EMP0056_202605,EMP0056,2026-05-01,23,20,3,2
ATT_EMP0056_202606,EMP0056,2026-06-01,21,19,2,1
ATT_EMP0056_202607,EMP0056,2026-07-01,20,17,3,1
ATT_EMP0056_202608,EMP0056,2026-08-01,22,21,1,2
ATT_EMP0056_202609,EMP0056,2026-09-01,22,21,1,1
ATT_EMP0057_202510,EMP0057,2025-10-01,21,21,0,3
ATT_EMP0057_202511,EMP0057,2025-11-01,22,20,2,2
ATT_EMP0057_202512,EMP0057,2025-12-01,22,20,2,0
ATT_EMP0057_202601,EMP0057,2026-01-01,20,19,1,2
ATT_EMP0057_202602,EMP0057,2026-02-01,21,20,1,0
ATT_EMP0057_202603,EMP0057,2026-03-01,22,20,2,2
ATT_EMP0057_202604,EMP0057,2026-04-01,20,18,2,1
ATT_EMP0057_202605,EMP0057,2026-05-01,22,21,1,2
ATT_EMP0057_202606,EMP0057,2026-06-01,22,17,5,3
ATT_EMP0057_202607,EMP0057,2026-07-01,23,23,0,2
ATT_EMP0057_202608,EMP0057,2026-08-01,22,17,5,2
ATT_EMP0057_202609,EMP0057,2026-09-01,22,20,2,1
ATT_EMP0058_202510,EMP0058,2025-10-01,21,18,3,0
ATT_EMP0058_202511,EMP0058,2025-11-01,22,22,0,1
ATT_EMP0058_202512,EMP0058,2025-12-01,22,20,2,2
ATT_EMP0058_202601,EMP0058,2026-01-01,22,22,0,2
ATT_EMP0058_202602,EMP0058,2026-02-01,21,19,2,0
ATT_EMP0058_202603,EMP0058,2026-03-01,20,19,1,1
ATT_EMP0058_202604,EMP0058,2026-04-01,20,20,0,1
ATT_EMP0058_202605,EMP0058,2026-05-01,22,22,0,0
ATT_EMP0058_202606,EMP0058,2026-06-01,21,19,2,5
ATT_EMP0058_202607,EMP0058,2026-07-01,22,19,3,1
ATT_EMP0058_202608,EMP0058,2026-08-01,23,20,3,0
ATT_EMP0058_202609,EMP0058,2026-09-01,22,18,4,3
ATT_EMP0059_202510,EMP0059,2025-10-01,23,19,4,0
ATT_EMP0059_202511,EMP0059,2025-11-01,21,21,0,3
ATT_EMP0059_202512,EMP0059,2025-12-01,20,17,3,2
ATT_EMP0059_202601,EMP0059,2026-01-01,22,22,0,0
ATT_EMP0059_202602,EMP0059,2026-02-01,22,17,5,2
ATT_EMP0059_202603,EMP0059,2026-03-01,21,19,2,0
ATT_EMP0059_202604,EMP0059,2026-04-01,21,20,1,0
ATT_EMP0059_202605,EMP0059,2026-05-01,21,19,2,0
ATT_EMP0059_202606,EMP0059,2026-06-01,21,19,2,2
ATT_EMP0059_202607,EMP0059,2026-07-01,22,17,5,2
ATT_EMP0059_202608,EMP0059,2026-08-01,23,21,2,1
ATT_EMP0059_202609,EMP0059,2026-09-01,20,20,0,0
ATT_EMP0060_202510,EMP0060,2025-10-01,21,20,1,2
ATT_EMP0060_202511,EMP0060,2025-11-01,23,22,1,0
ATT_EMP0060_202512,EMP0060,2025-12-01,21,18,3,2
ATT_EMP0060_202601,EMP0060,2026-01-01,21,19,2,1
ATT_EMP0060_202602,EMP0060,2026-02-01,22,20,2,1
ATT_EMP0060_202603,EMP0060,2026-03-01,21,21,0,0
ATT_EMP0060_202604,EMP0060,2026-04-01,23,23,0,0
ATT_EMP0060_202605,EMP0060,2026-05-01,20,19,1,1
ATT_EMP0060_202606,EMP0060,2026-06-01,21,18,3,0
ATT_EMP0060_202607,EMP0060,2026-07-01,22,22,0,2
ATT_EMP0060_202608,EMP0060,2026-08-01,21,21,0,2
ATT_EMP0060_202609,EMP0060,2026-09-01,22,21,1,3
ATT_EMP0061_202510,EMP0061,2025-10-01,22,19,3,0
ATT_EMP0061_202511,EMP0061,2025-11-01,20,18,2,2
ATT_EMP0061_202512,EMP0061,2025-12-01,20,18,2,0
ATT_EMP0061_202601,EMP0061,2026-01-01,21,21,0,3
ATT_EMP0061_202602,EMP0061,2026-02-01,21,20,1,2
ATT_EMP0061_202603,EMP0061,2026-03-01,21,19,2,1
ATT_EMP0061_202604,EMP0061,2026-04-01,23,18,5,3
ATT_EMP0061_202605,EMP0061,2026-05-01,21,20,1,2
ATT_EMP0061_202606,EMP0061,2026-06-01,22,21,1,3
ATT_EMP0061_202607,EMP0061,2026-07-01,21,19,2,2
ATT_EMP0061_202608,EMP0061,2026-08-01,23,19,4,2
ATT_EMP0061_202609,EMP0061,2026-09-01,22,21,1,3
ATT_EMP0062_202510,EMP0062,2025-10-01,21,19,2,1
ATT_EMP0062_202511,EMP0062,2025-11-01,22,20,2,1
ATT_EMP0062_202512,EMP0062,2025-12-01,21,20,1,1
ATT_EMP0062_202601,EMP0062,2026-01-01,21,18,3,1
ATT_EMP0062_202602,EMP0062,2026-02-01,22,20,2,1
ATT_EMP0062_202603,EMP0062,2026-03-01,20,17,3,4
ATT_EMP0062_202604,EMP0062,2026-04-01,21,20,1,1
ATT_EMP0062_202605,EMP0062,2026-05-01,22,19,3,3
ATT_EMP0062_202606,EMP0062,2026-06-01,20,17,3,0
ATT_EMP0062_202607,EMP0062,2026-07-01,21,20,1,3
ATT_EMP0062_202608,EMP0062,2026-08-01,21,20,1,2
ATT_EMP0062_202609,EMP0062,2026-09-01,23,19,4,1
ATT_EMP0063_202510,EMP0063,2025-10-01,21,20,1,1
ATT_EMP0063_202511,EMP0063,2025-11-01,21,19,2,1
ATT_EMP0063_202512,EMP0063,2025-12-01,22,20,2,0
ATT_EMP0063_202601,EMP0063,2026-01-01,23,22,1,0
ATT_EMP0063_202602,EMP0063,2026-02-01,22,20,2,3
ATT_EMP0063_202603,EMP0063,2026-03-01,20,20,0,0
ATT_EMP0063_202604,EMP0063,2026-04-01,22,18,4,3
ATT_EMP0063_202605,EMP0063,2026-05-01,21,20,1,3
ATT_EMP0063_202606,EMP0063,2026-06-01,22,18,4,0
ATT_EMP0063_202607,EMP0063,2026-07-01,21,18,3,1
ATT_EMP0063_202608,EMP0063,2026-08-01,22,18,4,1
ATT_EMP0063_202609,EMP0063,2026-09-01,23,18,5,2
ATT_EMP0064_202510,EMP0064,2025-10-01,23,22,1,0
ATT_EMP0064_202511,EMP0064,2025-11-01,20,19,1,1
ATT_EMP0064_202512,EMP0064,2025-12-01,21,19,2,1
ATT_EMP0064_202601,EMP0064,2026-01-01,23,22,1,1
ATT_EMP0064_202602,EMP0064,2026-02-01,22,20,2,3
ATT_EMP0064_202603,EMP0064,2026-03-01,21,18,3,2
ATT_EMP0064_202604,EMP0064,2026-04-01,21,18,3,1
ATT_EMP0064_202605,EMP0064,2026-05-01,21,21,0,5
ATT_EMP0064_202606,EMP0064,2026-06-01,20,18,2,1
ATT_EMP0064_202607,EMP0064,2026-07-01,21,19,2,1
ATT_EMP0064_202608,EMP0064,2026-08-01,21,20,1,1
ATT_EMP0064_202609,EMP0064,2026-09-01,21,21,0,2
ATT_EMP0065_202510,EMP0065,2025-10-01,22,21,1,2
ATT_EMP0065_202511,EMP0065,2025-11-01,23,21,2,3
ATT_EMP0065_202512,EMP0065,2025-12-01,21,19,2,6
ATT_EMP0065_202601,EMP0065,2026-01-01,23,19,4,3
ATT_EMP0065_202602,EMP0065,2026-02-01,23,21,2,3
ATT_EMP0065_202603,EMP0065,2026-03-01,20,18,2,0
ATT_EMP0065_202604,EMP0065,2026-04-01,23,21,2,1
ATT_EMP0065_202605,EMP0065,2026-05-01,22,20,2,2
ATT_EMP0065_202606,EMP0065,2026-06-01,22,20,2,1
ATT_EMP0065_202607,EMP0065,2026-07-01,21,20,1,1
ATT_EMP0065_202608,EMP0065,2026-08-01,22,17,5,2
ATT_EMP0065_202609,EMP0065,2026-09-01,21,21,0,1
ATT_EMP0066_202510,EMP0066,2025-10-01,21,21,0,2
ATT_EMP0066_202511,EMP0066,2025-11-01,21,17,4,1
ATT_EMP0066_202512,EMP0066,2025-12-01,22,22,0,0
ATT_EMP0066_202601,EMP0066,2026-01-01,22,21,1,1
ATT_EMP0066_202602,EMP0066,2026-02-01,22,19,3,0
ATT_EMP0066_202603,EMP0066,2026-03-01,20,19,1,1
ATT_EMP0066_202604,EMP0066,2026-04-01,22,19,3,1
ATT_EMP0066_202605,EMP0066,2026-05-01,22,22,0,2
ATT_EMP0066_202606,EMP0066,2026-06-01,21,20,1,0
ATT_EMP0066_202607,EMP0066,2026-07-01,22,20,2,2
ATT_EMP0066_202608,EMP0066,2026-08-01,22,21,1,2
ATT_EMP0066_202609,EMP0066,2026-09-01,23,19,4,0
ATT_EMP0067_202510,EMP0067,2025-10-01,23,21,2,0
ATT_EMP0067_202511,EMP0067,2025-11-01,21,16,5,0
ATT_EMP0067_202512,EMP0067,2025-12-01,20,17,3,0
ATT_EMP0067_202601,EMP0067,2026-01-01,21,19,2,0
ATT_EMP0067_202602,EMP0067,2026-02-01,22,18,4,0
ATT_EMP0067_202603,EMP0067,2026-03-01,22,20,2,0
ATT_EMP0067_202604,EMP0067,2026-04-01,21,20,1,0
ATT_EMP0067_202605,EMP0067,2026-05-01,23,20,3,2
ATT_EMP0067_202606,EMP0067,2026-06-01,22,19,3,1
ATT_EMP0067_202607,EMP0067,2026-07-01,21,17,4,2
ATT_EMP0067_202608,EMP0067,2026-08-01,21,18,3,1
ATT_EMP0067_202609,EMP0067,2026-09-01,22,21,1,1
ATT_EMP0068_202510,EMP0068,2025-10-01,22,18,4,0
ATT_EMP0068_202511,EMP0068,2025-11-01,21,18,3,4
ATT_EMP0068_202512,EMP0068,2025-12-01,21,19,2,2
ATT_EMP0068_202601,EMP0068,2026-01-01,22,21,1,3
ATT_EMP0068_202602,EMP0068,2026-02-01,22,22,0,0
ATT_EMP0068_202603,EMP0068,2026-03-01,22,18,4,0
ATT_EMP0068_202604,EMP0068,2026-04-01,20,17,3,0
ATT_EMP0068_202605,EMP0068,2026-05-01,22,21,1,5
ATT_EMP0068_202606,EMP0068,2026-06-01,22,19,3,3
ATT_EMP0068_202607,EMP0068,2026-07-01,20,17,3,0
ATT_EMP0068_202608,EMP0068,2026-08-01,23,22,1,0
ATT_EMP0068_202609,EMP0068,2026-09-01,21,18,3,0
ATT_EMP0069_202510,EMP0069,2025-10-01,22,18,4,0
ATT_EMP0069_202511,EMP0069,2025-11-01,20,19,1,1
ATT_EMP0069_202512,EMP0069,2025-12-01,20,18,2,4
ATT_EMP0069_202601,EMP0069,2026-01-01,22,20,2,1
ATT_EMP0069_202602,EMP0069,2026-02-01,21,19,2,0
ATT_EMP0069_202603,EMP0069,2026-03-01,21,18,3,1
ATT_EMP0069_202604,EMP0069,2026-04-01,23,23,0,0
ATT_EMP0069_202605,EMP0069,2026-05-01,23,21,2,1
ATT_EMP0069_202606,EMP0069,2026-06-01,22,20,2,1
ATT_EMP0069_202607,EMP0069,2026-07-01,22,20,2,1
ATT_EMP0069_202608,EMP0069,2026-08-01,22,20,2,2
ATT_EMP0069_202609,EMP0069,2026-09-01,21,17,4,4
ATT_EMP0070_202510,EMP0070,2025-10-01,21,17,4,0
ATT_EMP0070_202511,EMP0070,2025-11-01,20,19,1,3
ATT_EMP0070_202512,EMP0070,2025-12-01,22,20,2,0
ATT_EMP0070_202601,EMP0070,2026-01-01,22,20,2,1
ATT_EMP0070_202602,EMP0070,2026-02-01,20,20,0,3
ATT_EMP0070_202603,EMP0070,2026-03-01,21,20,1,2
ATT_EMP0070_202604,EMP0070,2026-04-01,21,17,4,2
ATT_EMP0070_202605,EMP0070,2026-05-01,21,18,3,1
ATT_EMP0070_202606,EMP0070,2026-06-01,21,20,1,2
ATT_EMP0070_202607,EMP0070,2026-07-01,21,20,1,1
ATT_EMP0070_202608,EMP0070,2026-08-01,23,20,3,2
ATT_EMP0070_202609,EMP0070,2026-09-01,21,20,1,0
ATT_EMP0071_202510,EMP0071,2025-10-01,21,20,1,0
ATT_EMP0071_202511,EMP0071,2025-11-01,23,21,2,4
ATT_EMP0071_202512,EMP0071,2025-12-01,22,18,4,1
ATT_EMP0071_202601,EMP0071,2026-01-01,20,17,3,2
ATT_EMP0071_202602,EMP0071,2026-02-01,22,19,3,3
ATT_EMP0071_202603,EMP0071,2026-03-01,21,19,2,1
ATT_EMP0071_202604,EMP0071,2026-04-01,21,16,5,2
ATT_EMP0071_202605,EMP0071,2026-05-01,22,21,1,1
ATT_EMP0071_202606,EMP0071,2026-06-01,22,21,1,0
ATT_EMP0071_202607,EMP0071,2026-07-01,21,21,0,1
ATT_EMP0071_202608,EMP0071,2026-08-01,22,22,0,1
ATT_EMP0071_202609,EMP0071,2026-09-01,21,20,1,1
ATT_EMP0072_202510,EMP0072,2025-10-01,23,23,0,2
ATT_EMP0072_202511,EMP0072,2025-11-01,22,22,0,0
ATT_EMP0072_202512,EMP0072,2025-12-01,22,21,1,5
ATT_EMP0072_202601,EMP0072,2026-01-01,23,21,2,2
ATT_EMP0072_202602,EMP0072,2026-02-01,23,21,2,4
ATT_EMP0072_202603,EMP0072,2026-03-01,21,19,2,1
ATT_EMP0072_202604,EMP0072,2026-04-01,21,19,2,0
ATT_EMP0072_202605,EMP0072,2026-05-01,22,20,2,2
ATT_EMP0072_202606,EMP0072,2026-06-01,23,21,2,1
ATT_EMP0072_202607,EMP0072,2026-07-01,22,20,2,4
ATT_EMP0072_202608,EMP0072,2026-08-01,20,18,2,3
ATT_EMP0072_202609,EMP0072,2026-09-01,21,18,3,1
ATT_EMP0073_202510,EMP0073,2025-10-01,21,20,1,1
ATT_EMP0073_202511,EMP0073,2025-11-01,22,18,4,2
ATT_EMP0073_202512,EMP0073,2025-12-01,22,22,0,2
ATT_EMP0073_202601,EMP0073,2026-01-01,22,22,0,2
ATT_EMP0073_202602,EMP0073,2026-02-01,21,20,1,0
ATT_EMP0073_202603,EMP0073,2026-03-01,22,22,0,1
ATT_EMP0073_202604,EMP0073,2026-04-01,21,20,1,2
ATT_EMP0073_202605,EMP0073,2026-05-01,21,20,1,1
ATT_EMP0073_202606,EMP0073,2026-06-01,21,18,3,4
ATT_EMP0073_202607,EMP0073,2026-07-01,22,20,2,0
ATT_EMP0073_202608,EMP0073,2026-08-01,21,21,0,1
ATT_EMP0073_202609,EMP0073,2026-09-01,21,18,3,4
ATT_EMP0074_202510,EMP0074,2025-10-01,21,19,2,2
ATT_EMP0074_202511,EMP0074,2025-11-01,21,18,3,0
ATT_EMP0074_202512,EMP0074,2025-12-01,22,21,1,2
ATT_EMP0074_202601,EMP0074,2026-01-01,21,19,2,2
ATT_EMP0074_202602,EMP0074,2026-02-01,20,17,3,4
ATT_EMP0074_202603,EMP0074,2026-03-01,22,18,4,4
ATT_EMP0074_202604,EMP0074,2026-04-01,21,19,2,4
ATT_EMP0074_202605,EMP0074,2026-05-01,22,19,3,3
ATT_EMP0074_202606,EMP0074,2026-06-01,20,18,2,2
ATT_EMP0074_202607,EMP0074,2026-07-01,22,18,4,2
ATT_EMP0074_202608,EMP0074,2026-08-01,22,21,1,0
ATT_EMP0074_202609,EMP0074,2026-09-01,21,19,2,2
ATT_EMP0075_202510,EMP0075,2025-10-01,21,20,1,3
ATT_EMP0075_202511,EMP0075,2025-11-01,21,16,5,0
ATT_EMP0075_202512,EMP0075,2025-12-01,21,19,2,1
ATT_EMP0075_202601,EMP0075,2026-01-01,22,22,0,0
ATT_EMP0075_202602,EMP0075,2026-02-01,20,16,4,3
ATT_EMP0075_202603,EMP0075,2026-03-01,21,20,1,1
ATT_EMP0075_202604,EMP0075,2026-04-01,20,20,0,3
ATT_EMP0075_202605,EMP0075,2026-05-01,21,18,3,2
ATT_EMP0075_202606,EMP0075,2026-06-01,22,19,3,1
ATT_EMP0075_202607,EMP0075,2026-07-01,21,19,2,2
ATT_EMP0075_202608,EMP0075,2026-08-01,21,19,2,2
ATT_EMP0075_202609,EMP0075,2026-09-01,21,21,0,2
ATT_EMP0076_202510,EMP0076,2025-10-01,22,20,2,1
ATT_EMP0076_202511,EMP0076,2025-11-01,23,20,3,2
ATT_EMP0076_202512,EMP0076,2025-12-01,22,20,2,0
ATT_EMP0076_202601,EMP0076,2026-01-01,20,20,0,1
ATT_EMP0076_202602,EMP0076,2026-02-01,22,20,2,1
ATT_EMP0076_202603,EMP0076,2026-03-01,20,20,0,3
ATT_EMP0076_202604,EMP0076,2026-04-01,21,17,4,0
ATT_EMP0076_202605,EMP0076,2026-05-01,22,19,3,2
ATT_EMP0076_202606,EMP0076,2026-06-01,22,20,2,0
ATT_EMP0076_202607,EMP0076,2026-07-01,20,18,2,2
ATT_EMP0076_202608,EMP0076,2026-08-01,22,18,4,2
ATT_EMP0076_202609,EMP0076,2026-09-01,23,20,3,3
ATT_EMP0077_202510,EMP0077,2025-10-01,21,18,3,2
ATT_EMP0077_202511,EMP0077,2025-11-01,21,19,2,1
ATT_EMP0077_202512,EMP0077,2025-12-01,22,18,4,1
ATT_EMP0077_202601,EMP0077,2026-01-01,22,16,6,2
ATT_EMP0077_202602,EMP0077,2026-02-01,22,21,1,2
ATT_EMP0077_202603,EMP0077,2026-03-01,22,21,1,3
ATT_EMP0077_202604,EMP0077,2026-04-01,21,20,1,3
ATT_EMP0077_202605,EMP0077,2026-05-01,22,21,1,2
ATT_EMP0077_202606,EMP0077,2026-06-01,20,19,1,1
ATT_EMP0077_202607,EMP0077,2026-07-01,23,19,4,0
ATT_EMP0077_202608,EMP0077,2026-08-01,21,18,3,2
ATT_EMP0077_202609,EMP0077,2026-09-01,20,20,0,0
ATT_EMP0078_202510,EMP0078,2025-10-01,23,20,3,6
ATT_EMP0078_202511,EMP0078,2025-11-01,22,18,4,3
ATT_EMP0078_202512,EMP0078,2025-12-01,22,19,3,1
ATT_EMP0078_202601,EMP0078,2026-01-01,20,18,2,2
ATT_EMP0078_202602,EMP0078,2026-02-01,21,20,1,2
ATT_EMP0078_202603,EMP0078,2026-03-01,20,17,3,0
ATT_EMP0078_202604,EMP0078,2026-04-01,22,18,4,3
ATT_EMP0078_202605,EMP0078,2026-05-01,21,19,2,0
ATT_EMP0078_202606,EMP0078,2026-06-01,21,18,3,3
ATT_EMP0078_202607,EMP0078,2026-07-01,21,20,1,0
ATT_EMP0078_202608,EMP0078,2026-08-01,20,18,2,1
ATT_EMP0078_202609,EMP0078,2026-09-01,22,19,3,1
ATT_EMP0079_202510,EMP0079,2025-10-01,22,20,2,4
ATT_EMP0079_202511,EMP0079,2025-11-01,22,20,2,2
ATT_EMP0079_202512,EMP0079,2025-12-01,21,19,2,2
ATT_EMP0079_202601,EMP0079,2026-01-01,21,18,3,1
ATT_EMP0079_202602,EMP0079,2026-02-01,20,19,1,1
ATT_EMP0079_202603,EMP0079,2026-03-01,21,20,1,5
ATT_EMP0079_202604,EMP0079,2026-04-01,21,17,4,0
ATT_EMP0079_202605,EMP0079,2026-05-01,22,21,1,1
ATT_EMP0079_202606,EMP0079,2026-06-01,22,20,2,2
ATT_EMP0079_202607,EMP0079,2026-07-01,20,19,1,2
ATT_EMP0079_202608,EMP0079,2026-08-01,22,19,3,2
ATT_EMP0079_202609,EMP0079,2026-09-01,20,20,0,2
ATT_EMP0080_202510,EMP0080,2025-10-01,22,20,2,1
ATT_EMP0080_202511,EMP0080,2025-11-01,22,20,2,0
ATT_EMP0080_202512,EMP0080,2025-12-01,21,19,2,3
ATT_EMP0080_202601,EMP0080,2026-01-01,21,19,2,3
ATT_EMP0080_202602,EMP0080,2026-02-01,22,22,0,3
ATT_EMP0080_202603,EMP0080,2026-03-01,21,18,3,0
ATT_EMP0080_202604,EMP0080,2026-04-01,22,18,4,0
ATT_EMP0080_202605,EMP0080,2026-05-01,22,21,1,4
ATT_EMP0080_202606,EMP0080,2026-06-01,23,21,2,0
ATT_EMP0080_202607,EMP0080,2026-07-01,22,21,1,2
ATT_EMP0080_202608,EMP0080,2026-08-01,21,19,2,2
ATT_EMP0080_202609,EMP0080,2026-09-01,21,19,2,2
ATT_EMP0081_202510,EMP0081,2025-10-01,21,19,2,1
ATT_EMP0081_202511,EMP0081,2025-11-01,21,20,1,2
ATT_EMP0081_202512,EMP0081,2025-12-01,21,21,0,5
ATT_EMP0081_202601,EMP0081,2026-01-01,22,18,4,6
ATT_EMP0081_202602,EMP0081,2026-02-01,23,23,0,0
ATT_EMP0081_202603,EMP0081,2026-03-01,22,19,3,0
ATT_EMP0081_202604,EMP0081,2026-04-01,22,20,2,1
ATT_EMP0081_202605,EMP0081,2026-05-01,21,19,2,1
ATT_EMP0081_202606,EMP0081,2026-06-01,22,21,1,2
ATT_EMP0081_202607,EMP0081,2026-07-01,23,22,1,0
ATT_EMP0081_202608,EMP0081,2026-08-01,21,21,0,0
ATT_EMP0081_202609,EMP0081,2026-09-01,21,20,1,3
ATT_EMP0082_202510,EMP0082,2025-10-01,20,18,2,3
ATT_EMP0082_202511,EMP0082,2025-11-01,22,21,1,1
ATT_EMP0082_202512,EMP0082,2025-12-01,21,19,2,0
ATT_EMP0082_202601,EMP0082,2026-01-01,23,22,1,3
ATT_EMP0082_202602,EMP0082,2026-02-01,22,21,1,3
ATT_EMP0082_202603,EMP0082,2026-03-01,20,16,4,0
ATT_EMP0082_202604,EMP0082,2026-04-01,23,21,2,1
ATT_EMP0082_202605,EMP0082,2026-05-01,20,18,2,1
ATT_EMP0082_202606,EMP0082,2026-06-01,21,18,3,2
ATT_EMP0082_202607,EMP0082,2026-07-01,23,19,4,2
ATT_EMP0082_202608,EMP0082,2026-08-01,21,19,2,2
ATT_EMP0082_202609,EMP0082,2026-09-01,22,19,3,1
ATT_EMP0083_202510,EMP0083,2025-10-01,22,20,2,2
ATT_EMP0083_202511,EMP0083,2025-11-01,21,18,3,0
ATT_EMP0083_202512,EMP0083,2025-12-01,22,21,1,2
ATT_EMP0083_202601,EMP0083,2026-01-01,20,17,3,1
ATT_EMP0083_202602,EMP0083,2026-02-01,21,19,2,2
ATT_EMP0083_202603,EMP0083,2026-03-01,20,18,2,2
ATT_EMP0083_202604,EMP0083,2026-04-01,21,21,0,2
ATT_EMP0083_202605,EMP0083,2026-05-01,21,17,4,1
ATT_EMP0083_202606,EMP0083,2026-06-01,21,18,3,0
ATT_EMP0083_202607,EMP0083,2026-07-01,20,20,0,0
ATT_EMP0083_202608,EMP0083,2026-08-01,21,17,4,2
ATT_EMP0083_202609,EMP0083,2026-09-01,21,19,2,3
ATT_EMP0084_202510,EMP0084,2025-10-01,21,19,2,0
ATT_EMP0084_202511,EMP0084,2025-11-01,21,17,4,1
ATT_EMP0084_202512,EMP0084,2025-12-01,22,21,1,0
ATT_EMP0084_202601,EMP0084,2026-01-01,20,16,4,2
ATT_EMP0084_202602,EMP0084,2026-02-01,21,19,2,1
ATT_EMP0084_202603,EMP0084,2026-03-01,22,19,3,2
ATT_EMP0084_202604,EMP0084,2026-04-01,20,18,2,2
ATT_EMP0084_202605,EMP0084,2026-05-01,22,19,3,1
ATT_EMP0084_202606,EMP0084,2026-06-01,20,16,4,3
ATT_EMP0084_202607,EMP0084,2026-07-01,20,16,4,2
ATT_EMP0084_202608,EMP0084,2026-08-01,23,18,5,1
ATT_EMP0084_202609,EMP0084,2026-09-01,21,21,0,7
ATT_EMP0085_202510,EMP0085,2025-10-01,21,21,0,1
ATT_EMP0085_202511,EMP0085,2025-11-01,20,18,2,0
ATT_EMP0085_202512,EMP0085,2025-12-01,23,23,0,3
ATT_EMP0085_202601,EMP0085,2026-01-01,22,22,0,3
ATT_EMP0085_202602,EMP0085,2026-02-01,20,17,3,0
ATT_EMP0085_202603,EMP0085,2026-03-01,22,21,1,1
ATT_EMP0085_202604,EMP0085,2026-04-01,23,20,3,4
ATT_EMP0085_202605,EMP0085,2026-05-01,22,19,3,1
ATT_EMP0085_202606,EMP0085,2026-06-01,21,20,1,0
ATT_EMP0085_202607,EMP0085,2026-07-01,21,19,2,3
ATT_EMP0085_202608,EMP0085,2026-08-01,22,20,2,1
ATT_EMP0085_202609,EMP0085,2026-09-01,21,21,0,1
ATT_EMP0086_202510,EMP0086,2025-10-01,23,23,0,2
ATT_EMP0086_202511,EMP0086,2025-11-01,21,19,2,0
ATT_EMP0086_202512,EMP0086,2025-12-01,23,20,3,3
ATT_EMP0086_202601,EMP0086,2026-01-01,22,21,1,1
ATT_EMP0086_202602,EMP0086,2026-02-01,22,21,1,2
ATT_EMP0086_202603,EMP0086,2026-03-01,21,19,2,0
ATT_EMP0086_202604,EMP0086,2026-04-01,23,21,2,2
ATT_EMP0086_202605,EMP0086,2026-05-01,21,19,2,3
ATT_EMP0086_202606,EMP0086,2026-06-01,21,18,3,3
ATT_EMP0086_202607,EMP0086,2026-07-01,23,18,5,2
ATT_EMP0086_202608,EMP0086,2026-08-01,22,20,2,0
ATT_EMP0086_202609,EMP0086,2026-09-01,21,18,3,1
ATT_EMP0087_202510,EMP0087,2025-10-01,20,17,3,1
ATT_EMP0087_202511,EMP0087,2025-11-01,21,21,0,1
ATT_EMP0087_202512,EMP0087,2025-12-01,22,19,3,0
ATT_EMP0087_202601,EMP0087,2026-01-01,22,19,3,2
ATT_EMP0087_202602,EMP0087,2026-02-01,20,18,2,1
ATT_EMP0087_202603,EMP0087,2026-03-01,21,19,2,1
ATT_EMP0087_202604,EMP0087,2026-04-01,20,17,3,0
ATT_EMP0087_202605,EMP0087,2026-05-01,22,21,1,2
ATT_EMP0087_202606,EMP0087,2026-06-01,21,17,4,2
ATT_EMP0087_202607,EMP0087,2026-07-01,21,19,2,1
ATT_EMP0087_202608,EMP0087,2026-08-01,22,21,1,1
ATT_EMP0087_202609,EMP0087,2026-09-01,22,22,0,1
ATT_EMP0088_202510,EMP0088,2025-10-01,22,21,1,0
ATT_EMP0088_202511,EMP0088,2025-11-01,22,20,2,1
ATT_EMP0088_202512,EMP0088,2025-12-01,21,21,0,3
ATT_EMP0088_202601,EMP0088,2026-01-01,21,19,2,0
ATT_EMP0088_202602,EMP0088,2026-02-01,21,19,2,0
ATT_EMP0088_202603,EMP0088,2026-03-01,21,19,2,3
ATT_EMP0088_202604,EMP0088,2026-04-01,21,19,2,0
ATT_EMP0088_202605,EMP0088,2026-05-01,22,20,2,2
ATT_EMP0088_202606,EMP0088,2026-06-01,22,19,3,3
ATT_EMP0088_202607,EMP0088,2026-07-01,20,19,1,2
ATT_EMP0088_202608,EMP0088,2026-08-01,21,20,1,0
ATT_EMP0088_202609,EMP0088,2026-09-01,22,18,4,3
ATT_EMP0089_202510,EMP0089,2025-10-01,21,21,0,2
ATT_EMP0089_202511,EMP0089,2025-11-01,21,19,2,2
ATT_EMP0089_202512,EMP0089,2025-12-01,21,19,2,1
ATT_EMP0089_202601,EMP0089,2026-01-01,23,21,2,1
ATT_EMP0089_202602,EMP0089,2026-02-01,21,18,3,1
ATT_EMP0089_202603,EMP0089,2026-03-01,22,19,3,2
ATT_EMP0089_202604,EMP0089,2026-04-01,22,21,1,3
ATT_EMP0089_202605,EMP0089,2026-05-01,22,22,0,1
ATT_EMP0089_202606,EMP0089,2026-06-01,22,22,0,1
ATT_EMP0089_202607,EMP0089,2026-07-01,22,19,3,2
ATT_EMP0089_202608,EMP0089,2026-08-01,20,18,2,4
ATT_EMP0089_202609,EMP0089,2026-09-01,23,21,2,1
ATT_EMP0090_202510,EMP0090,2025-10-01,20,19,1,0
ATT_EMP0090_202511,EMP0090,2025-11-01,22,20,2,2
ATT_EMP0090_202512,EMP0090,2025-12-01,21,18,3,1
ATT_EMP0090_202601,EMP0090,2026-01-01,22,22,0,1
ATT_EMP0090_202602,EMP0090,2026-02-01,21,19,2,0
ATT_EMP0090_202603,EMP0090,2026-03-01,22,20,2,1
ATT_EMP0090_202604,EMP0090,2026-04-01,20,17,3,1
ATT_EMP0090_202605,EMP0090,2026-05-01,22,21,1,1
ATT_EMP0090_202606,EMP0090,2026-06-01,22,19,3,3
ATT_EMP0090_202607,EMP0090,2026-07-01,21,20,1,1
ATT_EMP0090_202608,EMP0090,2026-08-01,21,18,3,1
ATT_EMP0090_202609,EMP0090,2026-09-01,22,20,2,1
ATT_EMP0091_202510,EMP0091,2025-10-01,21,20,1,1
ATT_EMP0091_202511,EMP0091,2025-11-01,21,19,2,2
ATT_EMP0091_202512,EMP0091,2025-12-01,21,18,3,3
ATT_EMP0091_202601,EMP0091,2026-01-01,20,19,1,2
ATT_EMP0091_202602,EMP0091,2026-02-01,22,22,0,1
ATT_EMP0091_202603,EMP0091,2026-03-01,22,17,5,3
ATT_EMP0091_202604,EMP0091,2026-04-01,21,19,2,1
ATT_EMP0091_202605,EMP0091,2026-05-01,22,22,0,3
ATT_EMP0091_202606,EMP0091,2026-06-01,22,20,2,1
ATT_EMP0091_202607,EMP0091,2026-07-01,23,23,0,0
ATT_EMP0091_202608,EMP0091,2026-08-01,21,19,2,0
ATT_EMP0091_202609,EMP0091,2026-09-01,20,18,2,5
ATT_EMP0092_202510,EMP0092,2025-10-01,20,17,3,1
ATT_EMP0092_202511,EMP0092,2025-11-01,22,20,2,1
ATT_EMP0092_202512,EMP0092,2025-12-01,21,20,1,1
ATT_EMP0092_202601,EMP0092,2026-01-01,20,15,5,1
ATT_EMP0092_202602,EMP0092,2026-02-01,21,21,0,3
ATT_EMP0092_202603,EMP0092,2026-03-01,21,20,1,2
ATT_EMP0092_202604,EMP0092,2026-04-01,22,21,1,0
ATT_EMP0092_202605,EMP0092,2026-05-01,20,17,3,0
ATT_EMP0092_202606,EMP0092,2026-06-01,22,19,3,0
ATT_EMP0092_202607,EMP0092,2026-07-01,22,20,2,1
ATT_EMP0092_202608,EMP0092,2026-08-01,23,23,0,2
ATT_EMP0092_202609,EMP0092,2026-09-01,22,22,0,0
ATT_EMP0093_202510,EMP0093,2025-10-01,20,17,3,3
ATT_EMP0093_202511,EMP0093,2025-11-01,20,19,1,2
ATT_EMP0093_202512,EMP0093,2025-12-01,20,19,1,2
ATT_EMP0093_202601,EMP0093,2026-01-01,22,18,4,4
ATT_EMP0093_202602,EMP0093,2026-02-01,22,20,2,0
ATT_EMP0093_202603,EMP0093,2026-03-01,21,21,0,2
ATT_EMP0093_202604,EMP0093,2026-04-01,23,22,1,1
ATT_EMP0093_202605,EMP0093,2026-05-01,21,20,1,0
ATT_EMP0093_202606,EMP0093,2026-06-01,21,18,3,4
ATT_EMP0093_202607,EMP0093,2026-07-01,22,19,3,1
ATT_EMP0093_202608,EMP0093,2026-08-01,22,18,4,0
ATT_EMP0093_202609,EMP0093,2026-09-01,20,18,2,0
ATT_EMP0094_202510,EMP0094,2025-10-01,22,21,1,1
ATT_EMP0094_202511,EMP0094,2025-11-01,23,23,0,0
ATT_EMP0094_202512,EMP0094,2025-12-01,22,20,2,1
ATT_EMP0094_202601,EMP0094,2026-01-01,23,22,1,1
ATT_EMP0094_202602,EMP0094,2026-02-01,23,22,1,3
ATT_EMP0094_202603,EMP0094,2026-03-01,23,23,0,1
ATT_EMP0094_202604,EMP0094,2026-04-01,21,19,2,3
ATT_EMP0094_202605,EMP0094,2026-05-01,21,20,1,2
ATT_EMP0094_202606,EMP0094,2026-06-01,21,21,0,0
ATT_EMP0094_202607,EMP0094,2026-07-01,21,20,1,3
ATT_EMP0094_202608,EMP0094,2026-08-01,22,21,1,3
ATT_EMP0094_202609,EMP0094,2026-09-01,21,19,2,2
ATT_EMP0095_202510,EMP0095,2025-10-01,23,19,4,2
ATT_EMP0095_202511,EMP0095,2025-11-01,22,22,0,0
ATT_EMP0095_202512,EMP0095,2025-12-01,22,22,0,0
ATT_EMP0095_202601,EMP0095,2026-01-01,22,19,3,3
ATT_EMP0095_202602,EMP0095,2026-02-01,22,21,1,0
ATT_EMP0095_202603,EMP0095,2026-03-01,22,21,1,3
ATT_EMP0095_202604,EMP0095,2026-04-01,23,23,0,1
ATT_EMP0095_202605,EMP0095,2026-05-01,21,20,1,0
ATT_EMP0095_202606,EMP0095,2026-06-01,22,21,1,1
ATT_EMP0095_202607,EMP0095,2026-07-01,23,21,2,2
ATT_EMP0095_202608,EMP0095,2026-08-01,23,21,2,2
ATT_EMP0095_202609,EMP0095,2026-09-01,21,18,3,2
ATT_EMP0096_202510,EMP0096,2025-10-01,22,19,3,2
ATT_EMP0096_202511,EMP0096,2025-11-01,23,22,1,0
ATT_EMP0096_202512,EMP0096,2025-12-01,23,22,1,1
ATT_EMP0096_202601,EMP0096,2026-01-01,20,17,3,2
ATT_EMP0096_202602,EMP0096,2026-02-01,20,19,1,0
ATT_EMP0096_202603,EMP0096,2026-03-01,20,19,1,2
ATT_EMP0096_202604,EMP0096,2026-04-01,22,21,1,2
ATT_EMP0096_202605,EMP0096,2026-05-01,20,17,3,1
ATT_EMP0096_202606,EMP0096,2026-06-01,21,18,3,0
ATT_EMP0096_202607,EMP0096,2026-07-01,20,17,3,3
ATT_EMP0096_202608,EMP0096,2026-08-01,21,20,1,1
ATT_EMP0096_202609,EMP0096,2026-09-01,23,20,3,1
ATT_EMP0097_202510,EMP0097,2025-10-01,22,21,1,0
ATT_EMP0097_202511,EMP0097,2025-11-01,22,19,3,2
ATT_EMP0097_202512,EMP0097,2025-12-01,23,19,4,1
ATT_EMP0097_202601,EMP0097,2026-01-01,22,18,4,5
ATT_EMP0097_202602,EMP0097,2026-02-01,21,17,4,1
ATT_EMP0097_202603,EMP0097,2026-03-01,22,20,2,1
ATT_EMP0097_202604,EMP0097,2026-04-01,21,17,4,1
ATT_EMP0097_202605,EMP0097,2026-05-01,22,19,3,1
ATT_EMP0097_202606,EMP0097,2026-06-01,22,20,2,1
ATT_EMP0097_202607,EMP0097,2026-07-01,22,21,1,2
ATT_EMP0097_202608,EMP0097,2026-08-01,21,19,2,2
ATT_EMP0097_202609,EMP0097,2026-09-01,22,21,1,3
ATT_EMP0098_202510,EMP0098,2025-10-01,22,21,1,1
ATT_EMP0098_202511,EMP0098,2025-11-01,22,20,2,5
ATT_EMP0098_202512,EMP0098,2025-12-01,21,21,0,0
ATT_EMP0098_202601,EMP0098,2026-01-01,20,17,3,2
ATT_EMP0098_202602,EMP0098,2026-02-01,22,19,3,3
ATT_EMP0098_202603,EMP0098,2026-03-01,21,20,1,1
ATT_EMP0098_202604,EMP0098,2026-04-01,21,21,0,2
ATT_EMP0098_202605,EMP0098,2026-05-01,20,18,2,3
ATT_EMP0098_202606,EMP0098,2026-06-01,20,18,2,3
ATT_EMP0098_202607,EMP0098,2026-07-01,21,19,2,3
ATT_EMP0098_202608,EMP0098,2026-08-01,21,19,2,0
ATT_EMP0098_202609,EMP0098,2026-09-01,20,18,2,2
ATT_EMP0099_202510,EMP0099,2025-10-01,20,17,3,1
ATT_EMP0099_202511,EMP0099,2025-11-01,20,19,1,1
ATT_EMP0099_202512,EMP0099,2025-12-01,21,18,3,3
ATT_EMP0099_202601,EMP0099,2026-01-01,23,20,3,1
ATT_EMP0099_202602,EMP0099,2026-02-01,22,19,3,2
ATT_EMP0099_202603,EMP0099,2026-03-01,22,17,5,1
ATT_EMP0099_202604,EMP0099,2026-04-01,21,19,2,1
ATT_EMP0099_202605,EMP0099,2026-05-01,22,22,0,4
ATT_EMP0099_202606,EMP0099,2026-06-01,21,19,2,5
ATT_EMP0099_202607,EMP0099,2026-07-01,22,20,2,0
ATT_EMP0099_202608,EMP0099,2026-08-01,23,20,3,0
ATT_EMP0099_202609,EMP0099,2026-09-01,22,19,3,1
ATT_EMP0100_202510,EMP0100,2025-10-01,21,21,0,1
ATT_EMP0100_202511,EMP0100,2025-11-01,22,20,2,0
ATT_EMP0100_202512,EMP0100,2025-12-01,22,19,3,4
ATT_EMP0100_202601,EMP0100,2026-01-01,20,17,3,3
ATT_EMP0100_202602,EMP0100,2026-02-01,23,22,1,0
ATT_EMP0100_202603,EMP0100,2026-03-01,21,21,0,1
ATT_EMP0100_202604,EMP0100,2026-04-01,23,20,3,2
ATT_EMP0100_202605,EMP0100,2026-05-01,21,20,1,2
ATT_EMP0100_202606,EMP0100,2026-06-01,21,20,1,1
ATT_EMP0100_202607,EMP0100,2026-07-01,22,20,2,0
ATT_EMP0100_202608,EMP0100,2026-08-01,23,21,2,1
ATT_EMP0100_202609,EMP0100,2026-09-01,22,18,4,3
ATT_EMP0101_202510,EMP0101,2025-10-01,22,21,1,2
ATT_EMP0101_202511,EMP0101,2025-11-01,22,21,1,0
ATT_EMP0101_202512,EMP0101,2025-12-01,21,18,3,0
ATT_EMP0101_202601,EMP0101,2026-01-01,22,20,2,3
ATT_EMP0101_202602,EMP0101,2026-02-01,23,19,4,2
ATT_EMP0101_202603,EMP0101,2026-03-01,21,20,1,1
ATT_EMP0101_202604,EMP0101,2026-04-01,22,21,1,2
ATT_EMP0101_202605,EMP0101,2026-05-01,21,19,2,2
ATT_EMP0101_202606,EMP0101,2026-06-01,20,17,3,2
ATT_EMP0101_202607,EMP0101,2026-07-01,23,22,1,0
ATT_EMP0101_202608,EMP0101,2026-08-01,21,18,3,0
ATT_EMP0101_202609,EMP0101,2026-09-01,23,19,4,2
ATT_EMP0102_202510,EMP0102,2025-10-01,21,19,2,1
ATT_EMP0102_202511,EMP0102,2025-11-01,20,20,0,1
ATT_EMP0102_202512,EMP0102,2025-12-01,23,18,5,1
ATT_EMP0102_202601,EMP0102,2026-01-01,21,17,4,0
ATT_EMP0102_202602,EMP0102,2026-02-01,21,21,0,0
ATT_EMP0102_202603,EMP0102,2026-03-01,21,20,1,1
ATT_EMP0102_202604,EMP0102,2026-04-01,23,22,1,2
ATT_EMP0102_202605,EMP0102,2026-05-01,22,19,3,1
ATT_EMP0102_202606,EMP0102,2026-06-01,23,22,1,2
ATT_EMP0102_202607,EMP0102,2026-07-01,21,20,1,0
ATT_EMP0102_202608,EMP0102,2026-08-01,22,21,1,2
ATT_EMP0102_202609,EMP0102,2026-09-01,21,19,2,2
ATT_EMP0103_202510,EMP0103,2025-10-01,23,20,3,5
ATT_EMP0103_202511,EMP0103,2025-11-01,21,19,2,4
ATT_EMP0103_202512,EMP0103,2025-12-01,22,22,0,0
ATT_EMP0103_202601,EMP0103,2026-01-01,20,19,1,2
ATT_EMP0103_202602,EMP0103,2026-02-01,21,19,2,2
ATT_EMP0103_202603,EMP0103,2026-03-01,22,19,3,2
ATT_EMP0103_202604,EMP0103,2026-04-01,20,18,2,2
ATT_EMP0103_202605,EMP0103,2026-05-01,21,20,1,1
ATT_EMP0103_202606,EMP0103,2026-06-01,22,20,2,5
ATT_EMP0103_202607,EMP0103,2026-07-01,22,19,3,2
ATT_EMP0103_202608,EMP0103,2026-08-01,22,20,2,2
ATT_EMP0103_202609,EMP0103,2026-09-01,21,19,2,3
ATT_EMP0104_202510,EMP0104,2025-10-01,22,21,1,1
ATT_EMP0104_202511,EMP0104,2025-11-01,21,20,1,3
ATT_EMP0104_202512,EMP0104,2025-12-01,23,21,2,3
ATT_EMP0104_202601,EMP0104,2026-01-01,21,19,2,2
ATT_EMP0104_202602,EMP0104,2026-02-01,21,20,1,1
ATT_EMP0104_202603,EMP0104,2026-03-01,22,22,0,1
ATT_EMP0104_202604,EMP0104,2026-04-01,22,22,0,2
ATT_EMP0104_202605,EMP0104,2026-05-01,23,21,2,0
ATT_EMP0104_202606,EMP0104,2026-06-01,22,19,3,2
ATT_EMP0104_202607,EMP0104,2026-07-01,21,19,2,1
ATT_EMP0104_202608,EMP0104,2026-08-01,20,19,1,0
ATT_EMP0104_202609,EMP0104,2026-09-01,21,20,1,2
ATT_EMP0105_202510,EMP0105,2025-10-01,21,20,1,1
ATT_EMP0105_202511,EMP0105,2025-11-01,21,21,0,5
ATT_EMP0105_202512,EMP0105,2025-12-01,21,18,3,0
ATT_EMP0105_202601,EMP0105,2026-01-01,21,21,0,1
ATT_EMP0105_202602,EMP0105,2026-02-01,21,19,2,0
ATT_EMP0105_202603,EMP0105,2026-03-01,21,20,1,1
ATT_EMP0105_202604,EMP0105,2026-04-01,23,21,2,0
ATT_EMP0105_202605,EMP0105,2026-05-01,21,15,6,2
ATT_EMP0105_202606,EMP0105,2026-06-01,23,22,1,3
ATT_EMP0105_202607,EMP0105,2026-07-01,23,21,2,1
ATT_EMP0105_202608,EMP0105,2026-08-01,20,19,1,0
ATT_EMP0105_202609,EMP0105,2026-09-01,22,21,1,2
ATT_EMP0106_202510,EMP0106,2025-10-01,21,19,2,2
ATT_EMP0106_202511,EMP0106,2025-11-01,21,21,0,1
ATT_EMP0106_202512,EMP0106,2025-12-01,22,18,4,3
ATT_EMP0106_202601,EMP0106,2026-01-01,22,20,2,1
ATT_EMP0106_202602,EMP0106,2026-02-01,23,20,3,2
ATT_EMP0106_202603,EMP0106,2026-03-01,23,23,0,4
ATT_EMP0106_202604,EMP0106,2026-04-01,22,22,0,0
ATT_EMP0106_202605,EMP0106,2026-05-01,21,17,4,2
ATT_EMP0106_202606,EMP0106,2026-06-01,21,21,0,1
ATT_EMP0106_202607,EMP0106,2026-07-01,21,20,1,2
ATT_EMP0106_202608,EMP0106,2026-08-01,20,19,1,2
ATT_EMP0106_202609,EMP0106,2026-09-01,22,19,3,1
ATT_EMP0107_202510,EMP0107,2025-10-01,21,20,1,1
ATT_EMP0107_202511,EMP0107,2025-11-01,22,21,1,0
ATT_EMP0107_202512,EMP0107,2025-12-01,22,20,2,0
ATT_EMP0107_202601,EMP0107,2026-01-01,22,21,1,1
ATT_EMP0107_202602,EMP0107,2026-02-01,21,19,2,1
ATT_EMP0107_202603,EMP0107,2026-03-01,21,21,0,2
ATT_EMP0107_202604,EMP0107,2026-04-01,20,17,3,3
ATT_EMP0107_202605,EMP0107,2026-05-01,22,21,1,0
ATT_EMP0107_202606,EMP0107,2026-06-01,20,19,1,2
ATT_EMP0107_202607,EMP0107,2026-07-01,21,18,3,1
ATT_EMP0107_202608,EMP0107,2026-08-01,23,20,3,4
ATT_EMP0107_202609,EMP0107,2026-09-01,21,20,1,2
ATT_EMP0108_202510,EMP0108,2025-10-01,21,20,1,3
ATT_EMP0108_202511,EMP0108,2025-11-01,20,18,2,2
ATT_EMP0108_202512,EMP0108,2025-12-01,21,18,3,2
ATT_EMP0108_202601,EMP0108,2026-01-01,21,19,2,1
ATT_EMP0108_202602,EMP0108,2026-02-01,22,20,2,1
ATT_EMP0108_202603,EMP0108,2026-03-01,22,20,2,1
ATT_EMP0108_202604,EMP0108,2026-04-01,23,21,2,0
ATT_EMP0108_202605,EMP0108,2026-05-01,21,18,3,1
ATT_EMP0108_202606,EMP0108,2026-06-01,20,19,1,0
ATT_EMP0108_202607,EMP0108,2026-07-01,20,19,1,2
ATT_EMP0108_202608,EMP0108,2026-08-01,20,17,3,1
ATT_EMP0108_202609,EMP0108,2026-09-01,22,20,2,0
ATT_EMP0109_202510,EMP0109,2025-10-01,21,20,1,0
ATT_EMP0109_202511,EMP0109,2025-11-01,22,20,2,4
ATT_EMP0109_202512,EMP0109,2025-12-01,21,18,3,1
ATT_EMP0109_202601,EMP0109,2026-01-01,21,19,2,1
ATT_EMP0109_202602,EMP0109,2026-02-01,20,18,2,3
ATT_EMP0109_202603,EMP0109,2026-03-01,22,19,3,1
ATT_EMP0109_202604,EMP0109,2026-04-01,21,20,1,1
ATT_EMP0109_202605,EMP0109,2026-05-01,21,19,2,3
ATT_EMP0109_202606,EMP0109,2026-06-01,20,20,0,0
ATT_EMP0109_202607,EMP0109,2026-07-01,22,17,5,1
ATT_EMP0109_202608,EMP0109,2026-08-01,22,19,3,0
ATT_EMP0109_202609,EMP0109,2026-09-01,23,18,5,2
ATT_EMP0110_202510,EMP0110,2025-10-01,21,18,3,2
ATT_EMP0110_202511,EMP0110,2025-11-01,22,22,0,3
ATT_EMP0110_202512,EMP0110,2025-12-01,22,19,3,1
ATT_EMP0110_202601,EMP0110,2026-01-01,21,21,0,1
ATT_EMP0110_202602,EMP0110,2026-02-01,23,19,4,3
ATT_EMP0110_202603,EMP0110,2026-03-01,23,19,4,3
ATT_EMP0110_202604,EMP0110,2026-04-01,21,19,2,2
ATT_EMP0110_202605,EMP0110,2026-05-01,23,20,3,2
ATT_EMP0110_202606,EMP0110,2026-06-01,21,16,5,2
ATT_EMP0110_202607,EMP0110,2026-07-01,20,20,0,2
ATT_EMP0110_202608,EMP0110,2026-08-01,22,19,3,3
ATT_EMP0110_202609,EMP0110,2026-09-01,21,20,1,0
ATT_EMP0111_202510,EMP0111,2025-10-01,23,21,2,3
ATT_EMP0111_202511,EMP0111,2025-11-01,23,19,4,0
ATT_EMP0111_202512,EMP0111,2025-12-01,21,19,2,1
ATT_EMP0111_202601,EMP0111,2026-01-01,20,17,3,0
ATT_EMP0111_202602,EMP0111,2026-02-01,23,22,1,2
ATT_EMP0111_202603,EMP0111,2026-03-01,21,19,2,0
ATT_EMP0111_202604,EMP0111,2026-04-01,21,20,1,1
ATT_EMP0111_202605,EMP0111,2026-05-01,21,18,3,0
ATT_EMP0111_202606,EMP0111,2026-06-01,20,18,2,1
ATT_EMP0111_202607,EMP0111,2026-07-01,21,20,1,2
ATT_EMP0111_202608,EMP0111,2026-08-01,22,19,3,3
ATT_EMP0111_202609,EMP0111,2026-09-01,22,19,3,2
ATT_EMP0112_202510,EMP0112,2025-10-01,21,18,3,1
ATT_EMP0112_202511,EMP0112,2025-11-01,23,20,3,1
ATT_EMP0112_202512,EMP0112,2025-12-01,20,17,3,1
ATT_EMP0112_202601,EMP0112,2026-01-01,21,18,3,2
ATT_EMP0112_202602,EMP0112,2026-02-01,22,21,1,1
ATT_EMP0112_202603,EMP0112,2026-03-01,22,19,3,2
ATT_EMP0112_202604,EMP0112,2026-04-01,21,18,3,3
ATT_EMP0112_202605,EMP0112,2026-05-01,20,18,2,0
ATT_EMP0112_202606,EMP0112,2026-06-01,21,18,3,0
ATT_EMP0112_202607,EMP0112,2026-07-01,21,19,2,1
ATT_EMP0112_202608,EMP0112,2026-08-01,23,20,3,1
ATT_EMP0112_202609,EMP0112,2026-09-01,22,20,2,2
ATT_EMP0113_202510,EMP0113,2025-10-01,21,19,2,0
ATT_EMP0113_202511,EMP0113,2025-11-01,21,19,2,1
ATT_EMP0113_202512,EMP0113,2025-12-01,22,18,4,0
ATT_EMP0113_202601,EMP0113,2026-01-01,22,20,2,0
ATT_EMP0113_202602,EMP0113,2026-02-01,22,20,2,1
ATT_EMP0113_202603,EMP0113,2026-03-01,23,19,4,2
ATT_EMP0113_202604,EMP0113,2026-04-01,21,16,5,1
ATT_EMP0113_202605,EMP0113,2026-05-01,20,17,3,1
ATT_EMP0113_202606,EMP0113,2026-06-01,20,19,1,2
ATT_EMP0113_202607,EMP0113,2026-07-01,22,20,2,0
ATT_EMP0113_202608,EMP0113,2026-08-01,21,17,4,3
ATT_EMP0113_202609,EMP0113,2026-09-01,22,22,0,2
ATT_EMP0114_202510,EMP0114,2025-10-01,22,20,2,1
ATT_EMP0114_202511,EMP0114,2025-11-01,21,19,2,1
ATT_EMP0114_202512,EMP0114,2025-12-01,23,23,0,1
ATT_EMP0114_202601,EMP0114,2026-01-01,22,22,0,0
ATT_EMP0114_202602,EMP0114,2026-02-01,22,20,2,1
ATT_EMP0114_202603,EMP0114,2026-03-01,20,20,0,2
ATT_EMP0114_202604,EMP0114,2026-04-01,22,19,3,0
ATT_EMP0114_202605,EMP0114,2026-05-01,23,23,0,1
ATT_EMP0114_202606,EMP0114,2026-06-01,22,20,2,1
ATT_EMP0114_202607,EMP0114,2026-07-01,21,21,0,1
ATT_EMP0114_202608,EMP0114,2026-08-01,21,19,2,4
ATT_EMP0114_202609,EMP0114,2026-09-01,21,19,2,0
ATT_EMP0115_202510,EMP0115,2025-10-01,21,18,3,2
ATT_EMP0115_202511,EMP0115,2025-11-01,22,21,1,1
ATT_EMP0115_202512,EMP0115,2025-12-01,20,16,4,0
ATT_EMP0115_202601,EMP0115,2026-01-01,21,17,4,1
ATT_EMP0115_202602,EMP0115,2026-02-01,22,20,2,0
ATT_EMP0115_202603,EMP0115,2026-03-01,22,18,4,2
ATT_EMP0115_202604,EMP0115,2026-04-01,23,22,1,1
ATT_EMP0115_202605,EMP0115,2026-05-01,22,19,3,1
ATT_EMP0115_202606,EMP0115,2026-06-01,20,19,1,2
ATT_EMP0115_202607,EMP0115,2026-07-01,22,21,1,0
ATT_EMP0115_202608,EMP0115,2026-08-01,22,21,1,2
ATT_EMP0115_202609,EMP0115,2026-09-01,21,20,1,0
ATT_EMP0116_202510,EMP0116,2025-10-01,20,17,3,1
ATT_EMP0116_202511,EMP0116,2025-11-01,21,19,2,1
ATT_EMP0116_202512,EMP0116,2025-12-01,22,19,3,0
ATT_EMP0116_202601,EMP0116,2026-01-01,22,21,1,2
ATT_EMP0116_202602,EMP0116,2026-02-01,21,18,3,3
ATT_EMP0116_202603,EMP0116,2026-03-01,21,20,1,1
ATT_EMP0116_202604,EMP0116,2026-04-01,21,19,2,1
ATT_EMP0116_202605,EMP0116,2026-05-01,22,21,1,3
ATT_EMP0116_202606,EMP0116,2026-06-01,22,22,0,2
ATT_EMP0116_202607,EMP0116,2026-07-01,21,19,2,1
ATT_EMP0116_202608,EMP0116,2026-08-01,20,19,1,2
ATT_EMP0116_202609,EMP0116,2026-09-01,20,20,0,2
ATT_EMP0117_202510,EMP0117,2025-10-01,22,21,1,0
ATT_EMP0117_202511,EMP0117,2025-11-01,23,19,4,1
ATT_EMP0117_202512,EMP0117,2025-12-01,21,21,0,1
ATT_EMP0117_202601,EMP0117,2026-01-01,20,17,3,1
ATT_EMP0117_202602,EMP0117,2026-02-01,20,18,2,4
ATT_EMP0117_202603,EMP0117,2026-03-01,22,18,4,1
ATT_EMP0117_202604,EMP0117,2026-04-01,21,21,0,2
ATT_EMP0117_202605,EMP0117,2026-05-01,22,20,2,5
ATT_EMP0117_202606,EMP0117,2026-06-01,22,19,3,0
ATT_EMP0117_202607,EMP0117,2026-07-01,21,20,1,0
ATT_EMP0117_202608,EMP0117,2026-08-01,22,20,2,3
ATT_EMP0117_202609,EMP0117,2026-09-01,22,20,2,1
ATT_EMP0118_202510,EMP0118,2025-10-01,21,18,3,3
ATT_EMP0118_202511,EMP0118,2025-11-01,22,19,3,3
ATT_EMP0118_202512,EMP0118,2025-12-01,22,19,3,2
ATT_EMP0118_202601,EMP0118,2026-01-01,21,19,2,1
ATT_EMP0118_202602,EMP0118,2026-02-01,21,17,4,1
ATT_EMP0118_202603,EMP0118,2026-03-01,20,18,2,4
ATT_EMP0118_202604,EMP0118,2026-04-01,20,19,1,2
ATT_EMP0118_202605,EMP0118,2026-05-01,22,19,3,1
ATT_EMP0118_202606,EMP0118,2026-06-01,20,17,3,1
ATT_EMP0118_202607,EMP0118,2026-07-01,20,20,0,1
ATT_EMP0118_202608,EMP0118,2026-08-01,21,17,4,1
ATT_EMP0118_202609,EMP0118,2026-09-01,20,19,1,1
ATT_EMP0119_202510,EMP0119,2025-10-01,21,20,1,2
ATT_EMP0119_202511,EMP0119,2025-11-01,21,21,0,0
ATT_EMP0119_202512,EMP0119,2025-12-01,21,17,4,1
ATT_EMP0119_202601,EMP0119,2026-01-01,22,17,5,3
ATT_EMP0119_202602,EMP0119,2026-02-01,23,22,1,1
ATT_EMP0119_202603,EMP0119,2026-03-01,22,21,1,3
ATT_EMP0119_202604,EMP0119,2026-04-01,23,21,2,3
ATT_EMP0119_202605,EMP0119,2026-05-01,23,22,1,0
ATT_EMP0119_202606,EMP0119,2026-06-01,21,19,2,0
ATT_EMP0119_202607,EMP0119,2026-07-01,21,17,4,0
ATT_EMP0119_202608,EMP0119,2026-08-01,22,21,1,2
ATT_EMP0119_202609,EMP0119,2026-09-01,21,19,2,1
ATT_EMP0120_202510,EMP0120,2025-10-01,22,20,2,0
ATT_EMP0120_202511,EMP0120,2025-11-01,20,17,3,3
ATT_EMP0120_202512,EMP0120,2025-12-01,20,19,1,0
ATT_EMP0120_202601,EMP0120,2026-01-01,21,20,1,2
ATT_EMP0120_202602,EMP0120,2026-02-01,22,19,3,5
ATT_EMP0120_202603,EMP0120,2026-03-01,22,22,0,2
ATT_EMP0120_202604,EMP0120,2026-04-01,21,21,0,1
ATT_EMP0120_202605,EMP0120,2026-05-01,20,17,3,0
ATT_EMP0120_202606,EMP0120,2026-06-01,21,19,2,4
ATT_EMP0120_202607,EMP0120,2026-07-01,22,19,3,1
ATT_EMP0120_202608,EMP0120,2026-08-01,23,20,3,1
ATT_EMP0120_202609,EMP0120,2026-09-01,21,19,2,2
ATT_EMP0121_202510,EMP0121,2025-10-01,21,19,2,1
ATT_EMP0121_202511,EMP0121,2025-11-01,22,19,3,0
ATT_EMP0121_202512,EMP0121,2025-12-01,21,21,0,3
ATT_EMP0121_202601,EMP0121,2026-01-01,22,21,1,2
ATT_EMP0121_202602,EMP0121,2026-02-01,22,20,2,0
ATT_EMP0121_202603,EMP0121,2026-03-01,22,20,2,3
ATT_EMP0121_202604,EMP0121,2026-04-01,23,22,1,1
ATT_EMP0121_202605,EMP0121,2026-05-01,21,20,1,2
ATT_EMP0121_202606,EMP0121,2026-06-01,20,19,1,0
ATT_EMP0121_202607,EMP0121,2026-07-01,22,20,2,1
ATT_EMP0121_202608,EMP0121,2026-08-01,23,23,0,0
ATT_EMP0121_202609,EMP0121,2026-09-01,22,20,2,2
ATT_EMP0122_202510,EMP0122,2025-10-01,20,20,0,1
ATT_EMP0122_202511,EMP0122,2025-11-01,21,19,2,2
ATT_EMP0122_202512,EMP0122,2025-12-01,22,19,3,0
ATT_EMP0122_202601,EMP0122,2026-01-01,20,19,1,2
ATT_EMP0122_202602,EMP0122,2026-02-01,21,21,0,2
ATT_EMP0122_202603,EMP0122,2026-03-01,22,21,1,2
ATT_EMP0122_202604,EMP0122,2026-04-01,23,20,3,2
ATT_EMP0122_202605,EMP0122,2026-05-01,21,18,3,2
ATT_EMP0122_202606,EMP0122,2026-06-01,22,21,1,1
ATT_EMP0122_202607,EMP0122,2026-07-01,21,21,0,3
ATT_EMP0122_202608,EMP0122,2026-08-01,22,19,3,1
ATT_EMP0122_202609,EMP0122,2026-09-01,23,23,0,0
ATT_EMP0123_202510,EMP0123,2025-10-01,21,19,2,1
ATT_EMP0123_202511,EMP0123,2025-11-01,23,23,0,1
ATT_EMP0123_202512,EMP0123,2025-12-01,22,20,2,1
ATT_EMP0123_202601,EMP0123,2026-01-01,21,15,6,3
ATT_EMP0123_202602,EMP0123,2026-02-01,21,21,0,0
ATT_EMP0123_202603,EMP0123,2026-03-01,20,18,2,2
ATT_EMP0123_202604,EMP0123,2026-04-01,22,18,4,0
ATT_EMP0123_202605,EMP0123,2026-05-01,21,19,2,1
ATT_EMP0123_202606,EMP0123,2026-06-01,21,21,0,0
ATT_EMP0123_202607,EMP0123,2026-07-01,21,19,2,1
ATT_EMP0123_202608,EMP0123,2026-08-01,21,19,2,2
ATT_EMP0123_202609,EMP0123,2026-09-01,23,21,2,2
ATT_EMP0124_202510,EMP0124,2025-10-01,22,19,3,1
ATT_EMP0124_202511,EMP0124,2025-11-01,23,19,4,0
ATT_EMP0124_202512,EMP0124,2025-12-01,22,19,3,0
ATT_EMP0124_202601,EMP0124,2026-01-01,21,21,0,3
ATT_EMP0124_202602,EMP0124,2026-02-01,21,20,1,3
ATT_EMP0124_202603,EMP0124,2026-03-01,21,18,3,1
ATT_EMP0124_202604,EMP0124,2026-04-01,22,19,3,1
ATT_EMP0124_202605,EMP0124,2026-05-01,21,19,2,2
ATT_EMP0124_202606,EMP0124,2026-06-01,23,19,4,2
ATT_EMP0124_202607,EMP0124,2026-07-01,21,19,2,1
ATT_EMP0124_202608,EMP0124,2026-08-01,23,22,1,0
ATT_EMP0124_202609,EMP0124,2026-09-01,21,21,0,1
ATT_EMP0125_202510,EMP0125,2025-10-01,22,20,2,3
ATT_EMP0125_202511,EMP0125,2025-11-01,22,18,4,1
ATT_EMP0125_202512,EMP0125,2025-12-01,22,18,4,1
ATT_EMP0125_202601,EMP0125,2026-01-01,23,18,5,0
ATT_EMP0125_202602,EMP0125,2026-02-01,21,20,1,3
ATT_EMP0125_202603,EMP0125,2026-03-01,20,19,1,3
ATT_EMP0125_202604,EMP0125,2026-04-01,22,20,2,1
ATT_EMP0125_202605,EMP0125,2026-05-01,20,18,2,1
ATT_EMP0125_202606,EMP0125,2026-06-01,22,19,3,1
ATT_EMP0125_202607,EMP0125,2026-07-01,21,19,2,2
ATT_EMP0125_202608,EMP0125,2026-08-01,22,21,1,3
ATT_EMP0125_202609,EMP0125,2026-09-01,20,18,2,0
ATT_EMP0126_202510,EMP0126,2025-10-01,22,21,1,2
ATT_EMP0126_202511,EMP0126,2025-11-01,22,18,4,4
ATT_EMP0126_202512,EMP0126,2025-12-01,20,18,2,1
ATT_EMP0126_202601,EMP0126,2026-01-01,22,19,3,2
ATT_EMP0126_202602,EMP0126,2026-02-01,21,19,2,2
ATT_EMP0126_202603,EMP0126,2026-03-01,22,21,1,1
ATT_EMP0126_202604,EMP0126,2026-04-01,22,19,3,3
ATT_EMP0126_202605,EMP0126,2026-05-01,22,21,1,3
ATT_EMP0126_202606,EMP0126,2026-06-01,22,19,3,2
ATT_EMP0126_202607,EMP0126,2026-07-01,20,18,2,2
ATT_EMP0126_202608,EMP0126,2026-08-01,20,19,1,3
ATT_EMP0126_202609,EMP0126,2026-09-01,20,19,1,1
ATT_EMP0127_202510,EMP0127,2025-10-01,23,23,0,1
ATT_EMP0127_202511,EMP0127,2025-11-01,21,21,0,2
ATT_EMP0127_202512,EMP0127,2025-12-01,21,17,4,2
ATT_EMP0127_202601,EMP0127,2026-01-01,22,17,5,1
ATT_EMP0127_202602,EMP0127,2026-02-01,21,17,4,2
ATT_EMP0127_202603,EMP0127,2026-03-01,22,19,3,1
ATT_EMP0127_202604,EMP0127,2026-04-01,22,20,2,2
ATT_EMP0127_202605,EMP0127,2026-05-01,23,21,2,1
ATT_EMP0127_202606,EMP0127,2026-06-01,21,20,1,0
ATT_EMP0127_202607,EMP0127,2026-07-01,22,21,1,1
ATT_EMP0127_202608,EMP0127,2026-08-01,22,19,3,2
ATT_EMP0127_202609,EMP0127,2026-09-01,22,21,1,2
ATT_EMP0128_202510,EMP0128,2025-10-01,21,18,3,3
ATT_EMP0128_202511,EMP0128,2025-11-01,22,21,1,1
ATT_EMP0128_202512,EMP0128,2025-12-01,20,20,0,1
ATT_EMP0128_202601,EMP0128,2026-01-01,22,20,2,3
ATT_EMP0128_202602,EMP0128,2026-02-01,23,22,1,1
ATT_EMP0128_202603,EMP0128,2026-03-01,20,20,0,3
ATT_EMP0128_202604,EMP0128,2026-04-01,21,19,2,1
ATT_EMP0128_202605,EMP0128,2026-05-01,21,19,2,3
ATT_EMP0128_202606,EMP0128,2026-06-01,22,21,1,4
ATT_EMP0128_202607,EMP0128,2026-07-01,22,18,4,4
ATT_EMP0128_202608,EMP0128,2026-08-01,22,22,0,0
ATT_EMP0128_202609,EMP0128,2026-09-01,22,20,2,1
ATT_EMP0129_202510,EMP0129,2025-10-01,22,19,3,1
ATT_EMP0129_202511,EMP0129,2025-11-01,22,22,0,0
ATT_EMP0129_202512,EMP0129,2025-12-01,22,21,1,2
ATT_EMP0129_202601,EMP0129,2026-01-01,22,19,3,3
ATT_EMP0129_202602,EMP0129,2026-02-01,21,21,0,1
ATT_EMP0129_202603,EMP0129,2026-03-01,22,19,3,1
ATT_EMP0129_202604,EMP0129,2026-04-01,20,18,2,1
ATT_EMP0129_202605,EMP0129,2026-05-01,21,20,1,3
ATT_EMP0129_202606,EMP0129,2026-06-01,23,20,3,2
ATT_EMP0129_202607,EMP0129,2026-07-01,22,22,0,3
ATT_EMP0129_202608,EMP0129,2026-08-01,21,19,2,1
ATT_EMP0129_202609,EMP0129,2026-09-01,21,17,4,3
ATT_EMP0130_202510,EMP0130,2025-10-01,21,20,1,3
ATT_EMP0130_202511,EMP0130,2025-11-01,22,19,3,0
ATT_EMP0130_202512,EMP0130,2025-12-01,20,16,4,1
ATT_EMP0130_202601,EMP0130,2026-01-01,22,19,3,0
ATT_EMP0130_202602,EMP0130,2026-02-01,22,18,4,1
ATT_EMP0130_202603,EMP0130,2026-03-01,21,18,3,2
ATT_EMP0130_202604,EMP0130,2026-04-01,20,19,1,3
ATT_EMP0130_202605,EMP0130,2026-05-01,22,19,3,3
ATT_EMP0130_202606,EMP0130,2026-06-01,23,19,4,2
ATT_EMP0130_202607,EMP0130,2026-07-01,22,19,3,1
ATT_EMP0130_202608,EMP0130,2026-08-01,22,20,2,2
ATT_EMP0130_202609,EMP0130,2026-09-01,23,20,3,0
ATT_EMP0131_202510,EMP0131,2025-10-01,21,18,3,1
ATT_EMP0131_202511,EMP0131,2025-11-01,22,22,0,1
ATT_EMP0131_202512,EMP0131,2025-12-01,23,21,2,2
ATT_EMP0131_202601,EMP0131,2026-01-01,20,18,2,1
ATT_EMP0131_202602,EMP0131,2026-02-01,21,21,0,1
ATT_EMP0131_202603,EMP0131,2026-03-01,23,20,3,1
ATT_EMP0131_202604,EMP0131,2026-04-01,22,19,3,0
ATT_EMP0131_202605,EMP0131,2026-05-01,21,17,4,2
ATT_EMP0131_202606,EMP0131,2026-06-01,23,20,3,1
ATT_EMP0131_202607,EMP0131,2026-07-01,21,17,4,1
ATT_EMP0131_202608,EMP0131,2026-08-01,22,19,3,1
ATT_EMP0131_202609,EMP0131,2026-09-01,21,20,1,1
ATT_EMP0132_202510,EMP0132,2025-10-01,23,20,3,2
ATT_EMP0132_202511,EMP0132,2025-11-01,23,21,2,3
ATT_EMP0132_202512,EMP0132,2025-12-01,22,21,1,2
ATT_EMP0132_202601,EMP0132,2026-01-01,22,17,5,4
ATT_EMP0132_202602,EMP0132,2026-02-01,23,21,2,0
ATT_EMP0132_202603,EMP0132,2026-03-01,21,16,5,1
ATT_EMP0132_202604,EMP0132,2026-04-01,22,20,2,0
ATT_EMP0132_202605,EMP0132,2026-05-01,21,19,2,2
ATT_EMP0132_202606,EMP0132,2026-06-01,22,20,2,1
ATT_EMP0132_202607,EMP0132,2026-07-01,22,22,0,1
ATT_EMP0132_202608,EMP0132,2026-08-01,21,19,2,1
ATT_EMP0132_202609,EMP0132,2026-09-01,21,20,1,0
ATT_EMP0133_202510,EMP0133,2025-10-01,23,21,2,2
ATT_EMP0133_202511,EMP0133,2025-11-01,23,21,2,3
ATT_EMP0133_202512,EMP0133,2025-12-01,21,19,2,2
ATT_EMP0133_202601,EMP0133,2026-01-01,23,21,2,2
ATT_EMP0133_202602,EMP0133,2026-02-01,21,20,1,2
ATT_EMP0133_202603,EMP0133,2026-03-01,22,21,1,1
ATT_EMP0133_202604,EMP0133,2026-04-01,22,19,3,1
ATT_EMP0133_202605,EMP0133,2026-05-01,22,18,4,1
ATT_EMP0133_202606,EMP0133,2026-06-01,22,20,2,1
ATT_EMP0133_202607,EMP0133,2026-07-01,21,20,1,1
ATT_EMP0133_202608,EMP0133,2026-08-01,22,17,5,1
ATT_EMP0133_202609,EMP0133,2026-09-01,22,20,2,1
ATT_EMP0134_202510,EMP0134,2025-10-01,22,20,2,3
ATT_EMP0134_202511,EMP0134,2025-11-01,22,21,1,2
ATT_EMP0134_202512,EMP0134,2025-12-01,22,20,2,2
ATT_EMP0134_202601,EMP0134,2026-01-01,22,20,2,3
ATT_EMP0134_202602,EMP0134,2026-02-01,21,19,2,4
ATT_EMP0134_202603,EMP0134,2026-03-01,21,19,2,1
ATT_EMP0134_202604,EMP0134,2026-04-01,23,21,2,2
ATT_EMP0134_202605,EMP0134,2026-05-01,21,17,4,3
ATT_EMP0134_202606,EMP0134,2026-06-01,22,20,2,2
ATT_EMP0134_202607,EMP0134,2026-07-01,22,20,2,0
ATT_EMP0134_202608,EMP0134,2026-08-01,21,20,1,2
ATT_EMP0134_202609,EMP0134,2026-09-01,21,20,1,0
ATT_EMP0135_202510,EMP0135,2025-10-01,21,18,3,0
ATT_EMP0135_202511,EMP0135,2025-11-01,22,19,3,1
ATT_EMP0135_202512,EMP0135,2025-12-01,23,19,4,2
ATT_EMP0135_202601,EMP0135,2026-01-01,20,20,0,0
ATT_EMP0135_202602,EMP0135,2026-02-01,20,19,1,0
ATT_EMP0135_202603,EMP0135,2026-03-01,22,20,2,1
ATT_EMP0135_202604,EMP0135,2026-04-01,22,19,3,2
ATT_EMP0135_202605,EMP0135,2026-05-01,20,17,3,2
ATT_EMP0135_202606,EMP0135,2026-06-01,22,19,3,1
ATT_EMP0135_202607,EMP0135,2026-07-01,20,17,3,1
ATT_EMP0135_202608,EMP0135,2026-08-01,23,22,1,1
ATT_EMP0135_202609,EMP0135,2026-09-01,20,18,2,3
ATT_EMP0136_202510,EMP0136,2025-10-01,21,21,0,2
ATT_EMP0136_202511,EMP0136,2025-11-01,20,19,1,2
ATT_EMP0136_202512,EMP0136,2025-12-01,20,19,1,1
ATT_EMP0136_202601,EMP0136,2026-01-01,22,20,2,3
ATT_EMP0136_202602,EMP0136,2026-02-01,22,20,2,2
ATT_EMP0136_202603,EMP0136,2026-03-01,22,21,1,3
ATT_EMP0136_202604,EMP0136,2026-04-01,22,20,2,1
ATT_EMP0136_202605,EMP0136,2026-05-01,21,17,4,1
ATT_EMP0136_202606,EMP0136,2026-06-01,22,20,2,1
ATT_EMP0136_202607,EMP0136,2026-07-01,21,19,2,0
ATT_EMP0136_202608,EMP0136,2026-08-01,20,18,2,1
ATT_EMP0136_202609,EMP0136,2026-09-01,20,19,1,0
ATT_EMP0137_202510,EMP0137,2025-10-01,21,17,4,2
ATT_EMP0137_202511,EMP0137,2025-11-01,21,18,3,1
ATT_EMP0137_202512,EMP0137,2025-12-01,22,19,3,0
ATT_EMP0137_202601,EMP0137,2026-01-01,22,20,2,3
ATT_EMP0137_202602,EMP0137,2026-02-01,21,19,2,2
ATT_EMP0137_202603,EMP0137,2026-03-01,21,18,3,0
ATT_EMP0137_202604,EMP0137,2026-04-01,21,20,1,1
ATT_EMP0137_202605,EMP0137,2026-05-01,21,19,2,1
ATT_EMP0137_202606,EMP0137,2026-06-01,21,20,1,3
ATT_EMP0137_202607,EMP0137,2026-07-01,20,17,3,2
ATT_EMP0137_202608,EMP0137,2026-08-01,21,21,0,1
ATT_EMP0137_202609,EMP0137,2026-09-01,20,18,2,2
ATT_EMP0138_202510,EMP0138,2025-10-01,22,21,1,0
ATT_EMP0138_202511,EMP0138,2025-11-01,21,20,1,1
ATT_EMP0138_202512,EMP0138,2025-12-01,21,17,4,0
ATT_EMP0138_202601,EMP0138,2026-01-01,22,20,2,3
ATT_EMP0138_202602,EMP0138,2026-02-01,21,19,2,2
ATT_EMP0138_202603,EMP0138,2026-03-01,20,17,3,2
ATT_EMP0138_202604,EMP0138,2026-04-01,22,19,3,1
ATT_EMP0138_202605,EMP0138,2026-05-01,22,19,3,1
ATT_EMP0138_202606,EMP0138,2026-06-01,22,22,0,0
ATT_EMP0138_202607,EMP0138,2026-07-01,23,23,0,1
ATT_EMP0138_202608,EMP0138,2026-08-01,21,18,3,1
ATT_EMP0138_202609,EMP0138,2026-09-01,22,22,0,0
ATT_EMP0139_202510,EMP0139,2025-10-01,21,17,4,2
ATT_EMP0139_202511,EMP0139,2025-11-01,20,17,3,1
ATT_EMP0139_202512,EMP0139,2025-12-01,22,20,2,1
ATT_EMP0139_202601,EMP0139,2026-01-01,20,19,1,0
ATT_EMP0139_202602,EMP0139,2026-02-01,23,20,3,2
ATT_EMP0139_202603,EMP0139,2026-03-01,21,19,2,2
ATT_EMP0139_202604,EMP0139,2026-04-01,21,19,2,2
ATT_EMP0139_202605,EMP0139,2026-05-01,20,17,3,3
ATT_EMP0139_202606,EMP0139,2026-06-01,20,17,3,3
ATT_EMP0139_202607,EMP0139,2026-07-01,21,18,3,0
ATT_EMP0139_202608,EMP0139,2026-08-01,21,19,2,1
ATT_EMP0139_202609,EMP0139,2026-09-01,23,20,3,2
ATT_EMP0140_202510,EMP0140,2025-10-01,20,18,2,0
ATT_EMP0140_202511,EMP0140,2025-11-01,22,19,3,0
ATT_EMP0140_202512,EMP0140,2025-12-01,21,20,1,3
ATT_EMP0140_202601,EMP0140,2026-01-01,23,22,1,0
ATT_EMP0140_202602,EMP0140,2026-02-01,21,19,2,4
ATT_EMP0140_202603,EMP0140,2026-03-01,21,17,4,0
ATT_EMP0140_202604,EMP0140,2026-04-01,21,21,0,2
ATT_EMP0140_202605,EMP0140,2026-05-01,21,19,2,1
ATT_EMP0140_202606,EMP0140,2026-06-01,21,19,2,0
ATT_EMP0140_202607,EMP0140,2026-07-01,21,17,4,3
ATT_EMP0140_202608,EMP0140,2026-08-01,21,18,3,2
ATT_EMP0140_202609,EMP0140,2026-09-01,21,19,2,5
ATT_EMP0141_202510,EMP0141,2025-10-01,20,17,3,4
ATT_EMP0141_202511,EMP0141,2025-11-01,21,18,3,2
ATT_EMP0141_202512,EMP0141,2025-12-01,22,19,3,2
ATT_EMP0141_202601,EMP0141,2026-01-01,20,19,1,2
ATT_EMP0141_202602,EMP0141,2026-02-01,21,19,2,2
ATT_EMP0141_202603,EMP0141,2026-03-01,22,17,5,0
ATT_EMP0141_202604,EMP0141,2026-04-01,22,22,0,2
ATT_EMP0141_202605,EMP0141,2026-05-01,23,20,3,1
ATT_EMP0141_202606,EMP0141,2026-06-01,23,21,2,0
ATT_EMP0141_202607,EMP0141,2026-07-01,21,21,0,1
ATT_EMP0141_202608,EMP0141,2026-08-01,20,19,1,0
ATT_EMP0141_202609,EMP0141,2026-09-01,22,21,1,2
ATT_EMP0142_202510,EMP0142,2025-10-01,21,21,0,2
ATT_EMP0142_202511,EMP0142,2025-11-01,21,17,4,3
ATT_EMP0142_202512,EMP0142,2025-12-01,22,19,3,1
ATT_EMP0142_202601,EMP0142,2026-01-01,21,18,3,1
ATT_EMP0142_202602,EMP0142,2026-02-01,22,20,2,3
ATT_EMP0142_202603,EMP0142,2026-03-01,22,19,3,2
ATT_EMP0142_202604,EMP0142,2026-04-01,22,21,1,4
ATT_EMP0142_202605,EMP0142,2026-05-01,21,19,2,1
ATT_EMP0142_202606,EMP0142,2026-06-01,20,18,2,2
ATT_EMP0142_202607,EMP0142,2026-07-01,22,19,3,1
ATT_EMP0142_202608,EMP0142,2026-08-01,21,18,3,0
ATT_EMP0142_202609,EMP0142,2026-09-01,22,21,1,0
ATT_EMP0143_202510,EMP0143,2025-10-01,23,22,1,0
ATT_EMP0143_202511,EMP0143,2025-11-01,22,22,0,1
ATT_EMP0143_202512,EMP0143,2025-12-01,22,20,2,1
ATT_EMP0143_202601,EMP0143,2026-01-01,20,17,3,3
ATT_EMP0143_202602,EMP0143,2026-02-01,20,19,1,1
ATT_EMP0143_202603,EMP0143,2026-03-01,21,21,0,1
ATT_EMP0143_202604,EMP0143,2026-04-01,20,18,2,0
ATT_EMP0143_202605,EMP0143,2026-05-01,22,20,2,2
ATT_EMP0143_202606,EMP0143,2026-06-01,20,19,1,2
ATT_EMP0143_202607,EMP0143,2026-07-01,22,19,3,2
ATT_EMP0143_202608,EMP0143,2026-08-01,22,19,3,2
ATT_EMP0143_202609,EMP0143,2026-09-01,21,18,3,2
ATT_EMP0144_202510,EMP0144,2025-10-01,23,23,0,0
ATT_EMP0144_202511,EMP0144,2025-11-01,21,20,1,1
ATT_EMP0144_202512,EMP0144,2025-12-01,21,16,5,5
ATT_EMP0144_202601,EMP0144,2026-01-01,21,19,2,0
ATT_EMP0144_202602,EMP0144,2026-02-01,23,22,1,0
ATT_EMP0144_202603,EMP0144,2026-03-01,22,20,2,2
ATT_EMP0144_202604,EMP0144,2026-04-01,22,20,2,1
ATT_EMP0144_202605,EMP0144,2026-05-01,21,20,1,4
ATT_EMP0144_202606,EMP0144,2026-06-01,21,19,2,1
ATT_EMP0144_202607,EMP0144,2026-07-01,22,20,2,1
ATT_EMP0144_202608,EMP0144,2026-08-01,20,19,1,2
ATT_EMP0144_202609,EMP0144,2026-09-01,21,19,2,0
ATT_EMP0145_202510,EMP0145,2025-10-01,20,16,4,1
ATT_EMP0145_202511,EMP0145,2025-11-01,21,19,2,0
ATT_EMP0145_202512,EMP0145,2025-12-01,22,20,2,3
ATT_EMP0145_202601,EMP0145,2026-01-01,22,19,3,2
ATT_EMP0145_202602,EMP0145,2026-02-01,23,21,2,0
ATT_EMP0145_202603,EMP0145,2026-03-01,20,17,3,1
ATT_EMP0145_202604,EMP0145,2026-04-01,20,19,1,2
ATT_EMP0145_202605,EMP0145,2026-05-01,20,17,3,1
ATT_EMP0145_202606,EMP0145,2026-06-01,23,21,2,2
ATT_EMP0145_202607,EMP0145,2026-07-01,22,19,3,2
ATT_EMP0145_202608,EMP0145,2026-08-01,21,20,1,1
ATT_EMP0145_202609,EMP0145,2026-09-01,22,21,1,0
ATT_EMP0146_202510,EMP0146,2025-10-01,23,21,2,0
ATT_EMP0146_202511,EMP0146,2025-11-01,21,19,2,1
ATT_EMP0146_202512,EMP0146,2025-12-01,21,19,2,1
ATT_EMP0146_202601,EMP0146,2026-01-01,23,21,2,2
ATT_EMP0146_202602,EMP0146,2026-02-01,22,21,1,0
ATT_EMP0146_202603,EMP0146,2026-03-01,20,18,2,0
ATT_EMP0146_202604,EMP0146,2026-04-01,22,18,4,3
ATT_EMP0146_202605,EMP0146,2026-05-01,22,22,0,0
ATT_EMP0146_202606,EMP0146,2026-06-01,20,19,1,1
ATT_EMP0146_202607,EMP0146,2026-07-01,21,20,1,2
ATT_EMP0146_202608,EMP0146,2026-08-01,21,18,3,1
ATT_EMP0146_202609,EMP0146,2026-09-01,21,19,2,4
ATT_EMP0147_202510,EMP0147,2025-10-01,23,20,3,4
ATT_EMP0147_202511,EMP0147,2025-11-01,22,22,0,1
ATT_EMP0147_202512,EMP0147,2025-12-01,22,20,2,1
ATT_EMP0147_202601,EMP0147,2026-01-01,22,20,2,1
ATT_EMP0147_202602,EMP0147,2026-02-01,22,20,2,0
ATT_EMP0147_202603,EMP0147,2026-03-01,21,20,1,0
ATT_EMP0147_202604,EMP0147,2026-04-01,20,17,3,1
ATT_EMP0147_202605,EMP0147,2026-05-01,22,19,3,1
ATT_EMP0147_202606,EMP0147,2026-06-01,21,21,0,2
ATT_EMP0147_202607,EMP0147,2026-07-01,22,21,1,1
ATT_EMP0147_202608,EMP0147,2026-08-01,22,19,3,1
ATT_EMP0147_202609,EMP0147,2026-09-01,23,21,2,2
ATT_EMP0148_202510,EMP0148,2025-10-01,21,19,2,2
ATT_EMP0148_202511,EMP0148,2025-11-01,22,22,0,1
ATT_EMP0148_202512,EMP0148,2025-12-01,21,19,2,4
ATT_EMP0148_202601,EMP0148,2026-01-01,22,20,2,0
ATT_EMP0148_202602,EMP0148,2026-02-01,20,20,0,2
ATT_EMP0148_202603,EMP0148,2026-03-01,23,22,1,0
ATT_EMP0148_202604,EMP0148,2026-04-01,23,22,1,3
ATT_EMP0148_202605,EMP0148,2026-05-01,21,21,0,2
ATT_EMP0148_202606,EMP0148,2026-06-01,21,19,2,5
ATT_EMP0148_202607,EMP0148,2026-07-01,23,20,3,2
ATT_EMP0148_202608,EMP0148,2026-08-01,20,17,3,1
ATT_EMP0148_202609,EMP0148,2026-09-01,21,17,4,0
ATT_EMP0149_202510,EMP0149,2025-10-01,21,18,3,0
ATT_EMP0149_202511,EMP0149,2025-11-01,20,18,2,2
ATT_EMP0149_202512,EMP0149,2025-12-01,20,20,0,4
ATT_EMP0149_202601,EMP0149,2026-01-01,22,22,0,0
ATT_EMP0149_202602,EMP0149,2026-02-01,22,19,3,2
ATT_EMP0149_202603,EMP0149,2026-03-01,22,18,4,1
ATT_EMP0149_202604,EMP0149,2026-04-01,22,19,3,3
ATT_EMP0149_202605,EMP0149,2026-05-01,22,20,2,1
ATT_EMP0149_202606,EMP0149,2026-06-01,22,20,2,1
ATT_EMP0149_202607,EMP0149,2026-07-01,22,18,4,0
ATT_EMP0149_202608,EMP0149,2026-08-01,22,20,2,1
ATT_EMP0149_202609,EMP0149,2026-09-01,22,21,1,0
ATT_EMP0150_202510,EMP0150,2025-10-01,23,21,2,2
ATT_EMP0150_202511,EMP0150,2025-11-01,21,21,0,2
ATT_EMP0150_202512,EMP0150,2025-12-01,21,19,2,1
ATT_EMP0150_202601,EMP0150,2026-01-01,20,19,1,3
ATT_EMP0150_202602,EMP0150,2026-02-01,21,19,2,1
ATT_EMP0150_202603,EMP0150,2026-03-01,20,15,5,3
ATT_EMP0150_202604,EMP0150,2026-04-01,20,18,2,0
ATT_EMP0150_202605,EMP0150,2026-05-01,22,20,2,0
ATT_EMP0150_202606,EMP0150,2026-06-01,22,20,2,2
ATT_EMP0150_202607,EMP0150,2026-07-01,22,18,4,2
ATT_EMP0150_202608,EMP0150,2026-08-01,21,20,1,1
ATT_EMP0150_202609,EMP0150,2026-09-01,21,20,1,3
ATT_EMP0151_202510,EMP0151,2025-10-01,20,20,0,2
ATT_EMP0151_202511,EMP0151,2025-11-01,23,21,2,3
ATT_EMP0151_202512,EMP0151,2025-12-01,21,21,0,1
ATT_EMP0151_202601,EMP0151,2026-01-01,22,21,1,0
ATT_EMP0151_202602,EMP0151,2026-02-01,22,21,1,4
ATT_EMP0151_202603,EMP0151,2026-03-01,23,23,0,1
ATT_EMP0151_202604,EMP0151,2026-04-01,21,19,2,1
ATT_EMP0151_202605,EMP0151,2026-05-01,20,16,4,2
ATT_EMP0151_202606,EMP0151,2026-06-01,21,19,2,2
ATT_EMP0151_202607,EMP0151,2026-07-01,21,20,1,1
ATT_EMP0151_202608,EMP0151,2026-08-01,23,21,2,1
ATT_EMP0151_202609,EMP0151,2026-09-01,21,21,0,1
ATT_EMP0152_202510,EMP0152,2025-10-01,21,20,1,1
ATT_EMP0152_202511,EMP0152,2025-11-01,21,19,2,0
ATT_EMP0152_202512,EMP0152,2025-12-01,22,19,3,4
ATT_EMP0152_202601,EMP0152,2026-01-01,21,18,3,1
ATT_EMP0152_202602,EMP0152,2026-02-01,22,20,2,4
ATT_EMP0152_202603,EMP0152,2026-03-01,22,19,3,3
ATT_EMP0152_202604,EMP0152,2026-04-01,21,19,2,0
ATT_EMP0152_202605,EMP0152,2026-05-01,22,19,3,3
ATT_EMP0152_202606,EMP0152,2026-06-01,22,20,2,2
ATT_EMP0152_202607,EMP0152,2026-07-01,22,19,3,2
ATT_EMP0152_202608,EMP0152,2026-08-01,22,22,0,2
ATT_EMP0152_202609,EMP0152,2026-09-01,21,20,1,0
ATT_EMP0153_202510,EMP0153,2025-10-01,21,18,3,1
ATT_EMP0153_202511,EMP0153,2025-11-01,22,21,1,2
ATT_EMP0153_202512,EMP0153,2025-12-01,20,20,0,1
ATT_EMP0153_202601,EMP0153,2026-01-01,21,21,0,3
ATT_EMP0153_202602,EMP0153,2026-02-01,22,22,0,3
ATT_EMP0153_202603,EMP0153,2026-03-01,22,20,2,3
ATT_EMP0153_202604,EMP0153,2026-04-01,23,20,3,4
ATT_EMP0153_202605,EMP0153,2026-05-01,22,21,1,2
ATT_EMP0153_202606,EMP0153,2026-06-01,23,23,0,0
ATT_EMP0153_202607,EMP0153,2026-07-01,21,19,2,0
ATT_EMP0153_202608,EMP0153,2026-08-01,21,18,3,1
ATT_EMP0153_202609,EMP0153,2026-09-01,21,19,2,3
ATT_EMP0154_202510,EMP0154,2025-10-01,22,19,3,2
ATT_EMP0154_202511,EMP0154,2025-11-01,21,19,2,3
ATT_EMP0154_202512,EMP0154,2025-12-01,20,19,1,3
ATT_EMP0154_202601,EMP0154,2026-01-01,22,20,2,1
ATT_EMP0154_202602,EMP0154,2026-02-01,20,19,1,1
ATT_EMP0154_202603,EMP0154,2026-03-01,21,18,3,1
ATT_EMP0154_202604,EMP0154,2026-04-01,21,19,2,0
ATT_EMP0154_202605,EMP0154,2026-05-01,20,19,1,0
ATT_EMP0154_202606,EMP0154,2026-06-01,22,19,3,1
ATT_EMP0154_202607,EMP0154,2026-07-01,22,20,2,4
ATT_EMP0154_202608,EMP0154,2026-08-01,22,20,2,0
ATT_EMP0154_202609,EMP0154,2026-09-01,22,22,0,0
ATT_EMP0155_202510,EMP0155,2025-10-01,22,22,0,2
ATT_EMP0155_202511,EMP0155,2025-11-01,22,19,3,4
ATT_EMP0155_202512,EMP0155,2025-12-01,22,20,2,2
ATT_EMP0155_202601,EMP0155,2026-01-01,22,20,2,0
ATT_EMP0155_202602,EMP0155,2026-02-01,22,22,0,2
ATT_EMP0155_202603,EMP0155,2026-03-01,22,21,1,1
ATT_EMP0155_202604,EMP0155,2026-04-01,21,16,5,0
ATT_EMP0155_202605,EMP0155,2026-05-01,20,18,2,1
ATT_EMP0155_202606,EMP0155,2026-06-01,22,19,3,1
ATT_EMP0155_202607,EMP0155,2026-07-01,23,21,2,4
ATT_EMP0155_202608,EMP0155,2026-08-01,21,21,0,0
ATT_EMP0155_202609,EMP0155,2026-09-01,23,22,1,2
ATT_EMP0156_202510,EMP0156,2025-10-01,22,21,1,0
ATT_EMP0156_202511,EMP0156,2025-11-01,23,20,3,1
ATT_EMP0156_202512,EMP0156,2025-12-01,21,17,4,1
ATT_EMP0156_202601,EMP0156,2026-01-01,22,20,2,0
ATT_EMP0156_202602,EMP0156,2026-02-01,20,16,4,2
ATT_EMP0156_202603,EMP0156,2026-03-01,22,21,1,0
ATT_EMP0156_202604,EMP0156,2026-04-01,20,19,1,2
ATT_EMP0156_202605,EMP0156,2026-05-01,21,19,2,1
ATT_EMP0156_202606,EMP0156,2026-06-01,20,18,2,0
ATT_EMP0156_202607,EMP0156,2026-07-01,20,19,1,1
ATT_EMP0156_202608,EMP0156,2026-08-01,22,20,2,0
ATT_EMP0156_202609,EMP0156,2026-09-01,20,19,1,1
ATT_EMP0157_202510,EMP0157,2025-10-01,22,20,2,1
ATT_EMP0157_202511,EMP0157,2025-11-01,20,18,2,1
ATT_EMP0157_202512,EMP0157,2025-12-01,22,20,2,2
ATT_EMP0157_202601,EMP0157,2026-01-01,20,16,4,1
ATT_EMP0157_202602,EMP0157,2026-02-01,21,18,3,1
ATT_EMP0157_202603,EMP0157,2026-03-01,22,20,2,1
ATT_EMP0157_202604,EMP0157,2026-04-01,23,22,1,4
ATT_EMP0157_202605,EMP0157,2026-05-01,21,21,0,2
ATT_EMP0157_202606,EMP0157,2026-06-01,22,18,4,1
ATT_EMP0157_202607,EMP0157,2026-07-01,20,18,2,0
ATT_EMP0157_202608,EMP0157,2026-08-01,22,20,2,0
ATT_EMP0157_202609,EMP0157,2026-09-01,23,20,3,1
ATT_EMP0158_202510,EMP0158,2025-10-01,21,20,1,1
ATT_EMP0158_202511,EMP0158,2025-11-01,22,19,3,1
ATT_EMP0158_202512,EMP0158,2025-12-01,23,20,3,4
ATT_EMP0158_202601,EMP0158,2026-01-01,22,20,2,0
ATT_EMP0158_202602,EMP0158,2026-02-01,23,23,0,1
ATT_EMP0158_202603,EMP0158,2026-03-01,20,18,2,3
ATT_EMP0158_202604,EMP0158,2026-04-01,21,19,2,0
ATT_EMP0158_202605,EMP0158,2026-05-01,21,20,1,2
ATT_EMP0158_202606,EMP0158,2026-06-01,23,21,2,3
ATT_EMP0158_202607,EMP0158,2026-07-01,21,19,2,0
ATT_EMP0158_202608,EMP0158,2026-08-01,22,21,1,1
ATT_EMP0158_202609,EMP0158,2026-09-01,20,17,3,4
ATT_EMP0159_202510,EMP0159,2025-10-01,22,18,4,3
ATT_EMP0159_202511,EMP0159,2025-11-01,21,21,0,0
ATT_EMP0159_202512,EMP0159,2025-12-01,23,22,1,0
ATT_EMP0159_202601,EMP0159,2026-01-01,22,18,4,2
ATT_EMP0159_202602,EMP0159,2026-02-01,22,20,2,1
ATT_EMP0159_202603,EMP0159,2026-03-01,21,17,4,2
ATT_EMP0159_202604,EMP0159,2026-04-01,21,21,0,2
ATT_EMP0159_202605,EMP0159,2026-05-01,21,20,1,0
ATT_EMP0159_202606,EMP0159,2026-06-01,20,20,0,2
ATT_EMP0159_202607,EMP0159,2026-07-01,21,20,1,2
ATT_EMP0159_202608,EMP0159,2026-08-01,21,18,3,0
ATT_EMP0159_202609,EMP0159,2026-09-01,21,20,1,0
ATT_EMP0160_202510,EMP0160,2025-10-01,21,18,3,2
ATT_EMP0160_202511,EMP0160,2025-11-01,22,19,3,0
ATT_EMP0160_202512,EMP0160,2025-12-01,23,22,1,4
ATT_EMP0160_202601,EMP0160,2026-01-01,22,18,4,0
ATT_EMP0160_202602,EMP0160,2026-02-01,20,17,3,3
ATT_EMP0160_202603,EMP0160,2026-03-01,22,21,1,0
ATT_EMP0160_202604,EMP0160,2026-04-01,21,18,3,3
ATT_EMP0160_202605,EMP0160,2026-05-01,23,23,0,1
ATT_EMP0160_202606,EMP0160,2026-06-01,21,19,2,2
ATT_EMP0160_202607,EMP0160,2026-07-01,22,19,3,3
ATT_EMP0160_202608,EMP0160,2026-08-01,20,17,3,1
ATT_EMP0160_202609,EMP0160,2026-09-01,21,19,2,1
ATT_EMP0161_202510,EMP0161,2025-10-01,21,19,2,1
ATT_EMP0161_202511,EMP0161,2025-11-01,21,17,4,4
ATT_EMP0161_202512,EMP0161,2025-12-01,22,20,2,0
ATT_EMP0161_202601,EMP0161,2026-01-01,21,19,2,1
ATT_EMP0161_202602,EMP0161,2026-02-01,23,20,3,0
ATT_EMP0161_202603,EMP0161,2026-03-01,23,23,0,2
ATT_EMP0161_202604,EMP0161,2026-04-01,22,19,3,2
ATT_EMP0161_202605,EMP0161,2026-05-01,21,19,2,5
ATT_EMP0161_202606,EMP0161,2026-06-01,22,21,1,3
ATT_EMP0161_202607,EMP0161,2026-07-01,21,21,0,2
ATT_EMP0161_202608,EMP0161,2026-08-01,21,19,2,1
ATT_EMP0161_202609,EMP0161,2026-09-01,22,19,3,2
ATT_EMP0162_202510,EMP0162,2025-10-01,22,22,0,2
ATT_EMP0162_202511,EMP0162,2025-11-01,20,19,1,2
ATT_EMP0162_202512,EMP0162,2025-12-01,21,17,4,1
ATT_EMP0162_202601,EMP0162,2026-01-01,21,20,1,5
ATT_EMP0162_202602,EMP0162,2026-02-01,20,18,2,0
ATT_EMP0162_202603,EMP0162,2026-03-01,21,17,4,2
ATT_EMP0162_202604,EMP0162,2026-04-01,20,19,1,1
ATT_EMP0162_202605,EMP0162,2026-05-01,22,21,1,1
ATT_EMP0162_202606,EMP0162,2026-06-01,22,19,3,2
ATT_EMP0162_202607,EMP0162,2026-07-01,20,18,2,1
ATT_EMP0162_202608,EMP0162,2026-08-01,22,22,0,1
ATT_EMP0162_202609,EMP0162,2026-09-01,21,19,2,2
ATT_EMP0163_202510,EMP0163,2025-10-01,23,21,2,2
ATT_EMP0163_202511,EMP0163,2025-11-01,20,19,1,2
ATT_EMP0163_202512,EMP0163,2025-12-01,21,19,2,0
ATT_EMP0163_202601,EMP0163,2026-01-01,23,20,3,1
ATT_EMP0163_202602,EMP0163,2026-02-01,22,19,3,0
ATT_EMP0163_202603,EMP0163,2026-03-01,21,21,0,1
ATT_EMP0163_202604,EMP0163,2026-04-01,23,21,2,4
ATT_EMP0163_202605,EMP0163,2026-05-01,21,21,0,3
ATT_EMP0163_202606,EMP0163,2026-06-01,21,18,3,1
ATT_EMP0163_202607,EMP0163,2026-07-01,23,21,2,6
ATT_EMP0163_202608,EMP0163,2026-08-01,20,19,1,1
ATT_EMP0163_202609,EMP0163,2026-09-01,23,21,2,0
ATT_EMP0164_202510,EMP0164,2025-10-01,22,21,1,3
ATT_EMP0164_202511,EMP0164,2025-11-01,23,23,0,2
ATT_EMP0164_202512,EMP0164,2025-12-01,21,19,2,0
ATT_EMP0164_202601,EMP0164,2026-01-01,23,21,2,0
ATT_EMP0164_202602,EMP0164,2026-02-01,22,20,2,2
ATT_EMP0164_202603,EMP0164,2026-03-01,23,21,2,1
ATT_EMP0164_202604,EMP0164,2026-04-01,22,22,0,1
ATT_EMP0164_202605,EMP0164,2026-05-01,21,20,1,1
ATT_EMP0164_202606,EMP0164,2026-06-01,22,19,3,0
ATT_EMP0164_202607,EMP0164,2026-07-01,21,20,1,0
ATT_EMP0164_202608,EMP0164,2026-08-01,20,17,3,2
ATT_EMP0164_202609,EMP0164,2026-09-01,22,22,0,2
ATT_EMP0165_202510,EMP0165,2025-10-01,21,18,3,3
ATT_EMP0165_202511,EMP0165,2025-11-01,22,21,1,1
ATT_EMP0165_202512,EMP0165,2025-12-01,22,19,3,0
ATT_EMP0165_202601,EMP0165,2026-01-01,22,19,3,0
ATT_EMP0165_202602,EMP0165,2026-02-01,20,18,2,2
ATT_EMP0165_202603,EMP0165,2026-03-01,22,19,3,2
ATT_EMP0165_202604,EMP0165,2026-04-01,21,19,2,2
ATT_EMP0165_202605,EMP0165,2026-05-01,21,19,2,3
ATT_EMP0165_202606,EMP0165,2026-06-01,21,20,1,1
ATT_EMP0165_202607,EMP0165,2026-07-01,20,17,3,1
ATT_EMP0165_202608,EMP0165,2026-08-01,20,20,0,0
ATT_EMP0165_202609,EMP0165,2026-09-01,22,19,3,0
ATT_EMP0166_202510,EMP0166,2025-10-01,23,21,2,2
ATT_EMP0166_202511,EMP0166,2025-11-01,21,21,0,3
ATT_EMP0166_202512,EMP0166,2025-12-01,22,20,2,0
ATT_EMP0166_202601,EMP0166,2026-01-01,22,18,4,0
ATT_EMP0166_202602,EMP0166,2026-02-01,21,20,1,1
ATT_EMP0166_202603,EMP0166,2026-03-01,21,18,3,4
ATT_EMP0166_202604,EMP0166,2026-04-01,21,18,3,0
ATT_EMP0166_202605,EMP0166,2026-05-01,21,20,1,3
ATT_EMP0166_202606,EMP0166,2026-06-01,23,22,1,2
ATT_EMP0166_202607,EMP0166,2026-07-01,22,19,3,0
ATT_EMP0166_202608,EMP0166,2026-08-01,21,19,2,2
ATT_EMP0166_202609,EMP0166,2026-09-01,22,20,2,2
ATT_EMP0167_202510,EMP0167,2025-10-01,22,20,2,2
ATT_EMP0167_202511,EMP0167,2025-11-01,21,18,3,1
ATT_EMP0167_202512,EMP0167,2025-12-01,23,20,3,0
ATT_EMP0167_202601,EMP0167,2026-01-01,22,18,4,2
ATT_EMP0167_202602,EMP0167,2026-02-01,22,22,0,2
ATT_EMP0167_202603,EMP0167,2026-03-01,20,17,3,0
ATT_EMP0167_202604,EMP0167,2026-04-01,23,21,2,3
ATT_EMP0167_202605,EMP0167,2026-05-01,22,21,1,0
ATT_EMP0167_202606,EMP0167,2026-06-01,22,22,0,2
ATT_EMP0167_202607,EMP0167,2026-07-01,22,21,1,3
ATT_EMP0167_202608,EMP0167,2026-08-01,22,17,5,0
ATT_EMP0167_202609,EMP0167,2026-09-01,21,19,2,2
ATT_EMP0168_202510,EMP0168,2025-10-01,23,21,2,1
ATT_EMP0168_202511,EMP0168,2025-11-01,22,21,1,2
ATT_EMP0168_202512,EMP0168,2025-12-01,22,19,3,2
ATT_EMP0168_202601,EMP0168,2026-01-01,20,16,4,1
ATT_EMP0168_202602,EMP0168,2026-02-01,23,23,0,0
ATT_EMP0168_202603,EMP0168,2026-03-01,22,17,5,2
ATT_EMP0168_202604,EMP0168,2026-04-01,21,19,2,1
ATT_EMP0168_202605,EMP0168,2026-05-01,22,21,1,1
ATT_EMP0168_202606,EMP0168,2026-06-01,21,19,2,2
ATT_EMP0168_202607,EMP0168,2026-07-01,22,19,3,3
ATT_EMP0168_202608,EMP0168,2026-08-01,21,20,1,3
ATT_EMP0168_202609,EMP0168,2026-09-01,23,19,4,1
ATT_EMP0169_202510,EMP0169,2025-10-01,21,20,1,1
ATT_EMP0169_202511,EMP0169,2025-11-01,21,19,2,1
ATT_EMP0169_202512,EMP0169,2025-12-01,23,22,1,1
ATT_EMP0169_202601,EMP0169,2026-01-01,22,20,2,0
ATT_EMP0169_202602,EMP0169,2026-02-01,21,19,2,0
ATT_EMP0169_202603,EMP0169,2026-03-01,21,19,2,2
ATT_EMP0169_202604,EMP0169,2026-04-01,22,19,3,1
ATT_EMP0169_202605,EMP0169,2026-05-01,23,22,1,1
ATT_EMP0169_202606,EMP0169,2026-06-01,23,21,2,2
ATT_EMP0169_202607,EMP0169,2026-07-01,20,19,1,4
ATT_EMP0169_202608,EMP0169,2026-08-01,23,23,0,2
ATT_EMP0169_202609,EMP0169,2026-09-01,22,20,2,1
ATT_EMP0170_202510,EMP0170,2025-10-01,20,19,1,1
ATT_EMP0170_202511,EMP0170,2025-11-01,21,18,3,1
ATT_EMP0170_202512,EMP0170,2025-12-01,20,20,0,2
ATT_EMP0170_202601,EMP0170,2026-01-01,21,20,1,2
ATT_EMP0170_202602,EMP0170,2026-02-01,22,19,3,0
ATT_EMP0170_202603,EMP0170,2026-03-01,21,20,1,1
ATT_EMP0170_202604,EMP0170,2026-04-01,21,19,2,2
ATT_EMP0170_202605,EMP0170,2026-05-01,21,20,1,5
ATT_EMP0170_202606,EMP0170,2026-06-01,22,21,1,4
ATT_EMP0170_202607,EMP0170,2026-07-01,21,19,2,1
ATT_EMP0170_202608,EMP0170,2026-08-01,21,18,3,2
ATT_EMP0170_202609,EMP0170,2026-09-01,20,17,3,2
ATT_EMP0171_202510,EMP0171,2025-10-01,22,20,2,0
ATT_EMP0171_202511,EMP0171,2025-11-01,23,19,4,2
ATT_EMP0171_202512,EMP0171,2025-12-01,21,21,0,1
ATT_EMP0171_202601,EMP0171,2026-01-01,22,21,1,1
ATT_EMP0171_202602,EMP0171,2026-02-01,23,23,0,3
ATT_EMP0171_202603,EMP0171,2026-03-01,21,20,1,0
ATT_EMP0171_202604,EMP0171,2026-04-01,22,20,2,1
ATT_EMP0171_202605,EMP0171,2026-05-01,22,20,2,4
ATT_EMP0171_202606,EMP0171,2026-06-01,22,18,4,1
ATT_EMP0171_202607,EMP0171,2026-07-01,21,20,1,0
ATT_EMP0171_202608,EMP0171,2026-08-01,23,20,3,0
ATT_EMP0171_202609,EMP0171,2026-09-01,21,18,3,2
ATT_EMP0172_202510,EMP0172,2025-10-01,23,22,1,1
ATT_EMP0172_202511,EMP0172,2025-11-01,23,21,2,1
ATT_EMP0172_202512,EMP0172,2025-12-01,23,22,1,2
ATT_EMP0172_202601,EMP0172,2026-01-01,23,20,3,0
ATT_EMP0172_202602,EMP0172,2026-02-01,21,20,1,0
ATT_EMP0172_202603,EMP0172,2026-03-01,20,17,3,0
ATT_EMP0172_202604,EMP0172,2026-04-01,21,19,2,2
ATT_EMP0172_202605,EMP0172,2026-05-01,22,18,4,1
ATT_EMP0172_202606,EMP0172,2026-06-01,22,21,1,1
ATT_EMP0172_202607,EMP0172,2026-07-01,20,18,2,2
ATT_EMP0172_202608,EMP0172,2026-08-01,21,21,0,0
ATT_EMP0172_202609,EMP0172,2026-09-01,21,21,0,3
ATT_EMP0173_202510,EMP0173,2025-10-01,22,22,0,1
ATT_EMP0173_202511,EMP0173,2025-11-01,22,18,4,1
ATT_EMP0173_202512,EMP0173,2025-12-01,21,19,2,5
ATT_EMP0173_202601,EMP0173,2026-01-01,22,21,1,1
ATT_EMP0173_202602,EMP0173,2026-02-01,21,20,1,0
ATT_EMP0173_202603,EMP0173,2026-03-01,21,18,3,1
ATT_EMP0173_202604,EMP0173,2026-04-01,22,20,2,0
ATT_EMP0173_202605,EMP0173,2026-05-01,22,21,1,2
ATT_EMP0173_202606,EMP0173,2026-06-01,20,20,0,4
ATT_EMP0173_202607,EMP0173,2026-07-01,23,22,1,2
ATT_EMP0173_202608,EMP0173,2026-08-01,21,17,4,3
ATT_EMP0173_202609,EMP0173,2026-09-01,22,21,1,1
ATT_EMP0174_202510,EMP0174,2025-10-01,22,17,5,2
ATT_EMP0174_202511,EMP0174,2025-11-01,21,20,1,3
ATT_EMP0174_202512,EMP0174,2025-12-01,20,19,1,2
ATT_EMP0174_202601,EMP0174,2026-01-01,21,20,1,1
ATT_EMP0174_202602,EMP0174,2026-02-01,22,20,2,1
ATT_EMP0174_202603,EMP0174,2026-03-01,22,20,2,4
ATT_EMP0174_202604,EMP0174,2026-04-01,22,20,2,1
ATT_EMP0174_202605,EMP0174,2026-05-01,22,18,4,2
ATT_EMP0174_202606,EMP0174,2026-06-01,21,19,2,3
ATT_EMP0174_202607,EMP0174,2026-07-01,21,20,1,4
ATT_EMP0174_202608,EMP0174,2026-08-01,21,18,3,2
ATT_EMP0174_202609,EMP0174,2026-09-01,20,18,2,0
ATT_EMP0175_202510,EMP0175,2025-10-01,22,19,3,2
ATT_EMP0175_202511,EMP0175,2025-11-01,21,21,0,1
ATT_EMP0175_202512,EMP0175,2025-12-01,21,19,2,0
ATT_EMP0175_202601,EMP0175,2026-01-01,23,22,1,2
ATT_EMP0175_202602,EMP0175,2026-02-01,20,19,1,3
ATT_EMP0175_202603,EMP0175,2026-03-01,21,21,0,2
ATT_EMP0175_202604,EMP0175,2026-04-01,22,18,4,2
ATT_EMP0175_202605,EMP0175,2026-05-01,21,19,2,0
ATT_EMP0175_202606,EMP0175,2026-06-01,21,18,3,1
ATT_EMP0175_202607,EMP0175,2026-07-01,21,19,2,0
ATT_EMP0175_202608,EMP0175,2026-08-01,21,20,1,1
ATT_EMP0175_202609,EMP0175,2026-09-01,21,20,1,2
ATT_EMP0176_202510,EMP0176,2025-10-01,20,19,1,3
ATT_EMP0176_202511,EMP0176,2025-11-01,21,20,1,0
ATT_EMP0176_202512,EMP0176,2025-12-01,22,19,3,3
ATT_EMP0176_202601,EMP0176,2026-01-01,20,18,2,2
ATT_EMP0176_202602,EMP0176,2026-02-01,22,19,3,0
ATT_EMP0176_202603,EMP0176,2026-03-01,20,17,3,3
ATT_EMP0176_202604,EMP0176,2026-04-01,21,18,3,2
ATT_EMP0176_202605,EMP0176,2026-05-01,22,20,2,2
ATT_EMP0176_202606,EMP0176,2026-06-01,22,19,3,0
ATT_EMP0176_202607,EMP0176,2026-07-01,23,20,3,1
ATT_EMP0176_202608,EMP0176,2026-08-01,20,18,2,3
ATT_EMP0176_202609,EMP0176,2026-09-01,20,19,1,1
ATT_EMP0177_202510,EMP0177,2025-10-01,21,20,1,1
ATT_EMP0177_202511,EMP0177,2025-11-01,22,19,3,3
ATT_EMP0177_202512,EMP0177,2025-12-01,20,18,2,2
ATT_EMP0177_202601,EMP0177,2026-01-01,21,21,0,3
ATT_EMP0177_202602,EMP0177,2026-02-01,21,21,0,0
ATT_EMP0177_202603,EMP0177,2026-03-01,23,21,2,2
ATT_EMP0177_202604,EMP0177,2026-04-01,20,17,3,5
ATT_EMP0177_202605,EMP0177,2026-05-01,23,21,2,2
ATT_EMP0177_202606,EMP0177,2026-06-01,21,19,2,3
ATT_EMP0177_202607,EMP0177,2026-07-01,22,19,3,3
ATT_EMP0177_202608,EMP0177,2026-08-01,21,21,0,2
ATT_EMP0177_202609,EMP0177,2026-09-01,21,19,2,1
ATT_EMP0178_202510,EMP0178,2025-10-01,20,18,2,0
ATT_EMP0178_202511,EMP0178,2025-11-01,22,21,1,1
ATT_EMP0178_202512,EMP0178,2025-12-01,20,18,2,0
ATT_EMP0178_202601,EMP0178,2026-01-01,22,20,2,1
ATT_EMP0178_202602,EMP0178,2026-02-01,22,20,2,2
ATT_EMP0178_202603,EMP0178,2026-03-01,22,19,3,2
ATT_EMP0178_202604,EMP0178,2026-04-01,21,18,3,2
ATT_EMP0178_202605,EMP0178,2026-05-01,20,18,2,2
ATT_EMP0178_202606,EMP0178,2026-06-01,21,19,2,2
ATT_EMP0178_202607,EMP0178,2026-07-01,22,21,1,0
ATT_EMP0178_202608,EMP0178,2026-08-01,23,22,1,2
ATT_EMP0178_202609,EMP0178,2026-09-01,22,19,3,1
ATT_EMP0179_202510,EMP0179,2025-10-01,23,21,2,1
ATT_EMP0179_202511,EMP0179,2025-11-01,21,17,4,0
ATT_EMP0179_202512,EMP0179,2025-12-01,22,20,2,4
ATT_EMP0179_202601,EMP0179,2026-01-01,22,21,1,0
ATT_EMP0179_202602,EMP0179,2026-02-01,22,21,1,3
ATT_EMP0179_202603,EMP0179,2026-03-01,21,18,3,0
ATT_EMP0179_202604,EMP0179,2026-04-01,23,19,4,0
ATT_EMP0179_202605,EMP0179,2026-05-01,22,20,2,4
ATT_EMP0179_202606,EMP0179,2026-06-01,22,21,1,2
ATT_EMP0179_202607,EMP0179,2026-07-01,21,18,3,2
ATT_EMP0179_202608,EMP0179,2026-08-01,23,20,3,2
ATT_EMP0179_202609,EMP0179,2026-09-01,22,19,3,1
ATT_EMP0180_202510,EMP0180,2025-10-01,21,20,1,7
ATT_EMP0180_202511,EMP0180,2025-11-01,21,20,1,2
ATT_EMP0180_202512,EMP0180,2025-12-01,21,16,5,2
ATT_EMP0180_202601,EMP0180,2026-01-01,22,20,2,3
ATT_EMP0180_202602,EMP0180,2026-02-01,22,19,3,2
ATT_EMP0180_202603,EMP0180,2026-03-01,20,18,2,0
ATT_EMP0180_202604,EMP0180,2026-04-01,20,16,4,0
ATT_EMP0180_202605,EMP0180,2026-05-01,20,18,2,2
ATT_EMP0180_202606,EMP0180,2026-06-01,21,17,4,2
ATT_EMP0180_202607,EMP0180,2026-07-01,22,19,3,0
ATT_EMP0180_202608,EMP0180,2026-08-01,21,21,0,0
ATT_EMP0180_202609,EMP0180,2026-09-01,22,20,2,1
ATT_EMP0181_202510,EMP0181,2025-10-01,21,19,2,2
ATT_EMP0181_202511,EMP0181,2025-11-01,23,22,1,1
ATT_EMP0181_202512,EMP0181,2025-12-01,22,18,4,4
ATT_EMP0181_202601,EMP0181,2026-01-01,22,20,2,2
ATT_EMP0181_202602,EMP0181,2026-02-01,22,20,2,1
ATT_EMP0181_202603,EMP0181,2026-03-01,20,17,3,2
ATT_EMP0181_202604,EMP0181,2026-04-01,22,21,1,1
ATT_EMP0181_202605,EMP0181,2026-05-01,21,19,2,3
ATT_EMP0181_202606,EMP0181,2026-06-01,22,19,3,1
ATT_EMP0181_202607,EMP0181,2026-07-01,22,19,3,0
ATT_EMP0181_202608,EMP0181,2026-08-01,21,19,2,3
ATT_EMP0181_202609,EMP0181,2026-09-01,21,18,3,0
ATT_EMP0182_202510,EMP0182,2025-10-01,20,18,2,2
ATT_EMP0182_202511,EMP0182,2025-11-01,21,19,2,3
ATT_EMP0182_202512,EMP0182,2025-12-01,20,17,3,0
ATT_EMP0182_202601,EMP0182,2026-01-01,22,21,1,2
ATT_EMP0182_202602,EMP0182,2026-02-01,20,18,2,1
ATT_EMP0182_202603,EMP0182,2026-03-01,21,19,2,2
ATT_EMP0182_202604,EMP0182,2026-04-01,23,23,0,3
ATT_EMP0182_202605,EMP0182,2026-05-01,21,19,2,1
ATT_EMP0182_202606,EMP0182,2026-06-01,21,18,3,1
ATT_EMP0182_202607,EMP0182,2026-07-01,22,20,2,1
ATT_EMP0182_202608,EMP0182,2026-08-01,22,21,1,2
ATT_EMP0182_202609,EMP0182,2026-09-01,22,19,3,1
ATT_EMP0183_202510,EMP0183,2025-10-01,21,18,3,2
ATT_EMP0183_202511,EMP0183,2025-11-01,20,18,2,2
ATT_EMP0183_202512,EMP0183,2025-12-01,21,19,2,0
ATT_EMP0183_202601,EMP0183,2026-01-01,22,22,0,3
ATT_EMP0183_202602,EMP0183,2026-02-01,21,20,1,2
ATT_EMP0183_202603,EMP0183,2026-03-01,21,19,2,2
ATT_EMP0183_202604,EMP0183,2026-04-01,21,19,2,0
ATT_EMP0183_202605,EMP0183,2026-05-01,22,19,3,2
ATT_EMP0183_202606,EMP0183,2026-06-01,22,21,1,2
ATT_EMP0183_202607,EMP0183,2026-07-01,21,19,2,1
ATT_EMP0183_202608,EMP0183,2026-08-01,21,21,0,1
ATT_EMP0183_202609,EMP0183,2026-09-01,22,22,0,2
ATT_EMP0184_202510,EMP0184,2025-10-01,22,21,1,2
ATT_EMP0184_202511,EMP0184,2025-11-01,21,19,2,2
ATT_EMP0184_202512,EMP0184,2025-12-01,22,18,4,2
ATT_EMP0184_202601,EMP0184,2026-01-01,21,21,0,2
ATT_EMP0184_202602,EMP0184,2026-02-01,21,21,0,0
ATT_EMP0184_202603,EMP0184,2026-03-01,21,19,2,2
ATT_EMP0184_202604,EMP0184,2026-04-01,21,20,1,2
ATT_EMP0184_202605,EMP0184,2026-05-01,22,21,1,2
ATT_EMP0184_202606,EMP0184,2026-06-01,22,19,3,2
ATT_EMP0184_202607,EMP0184,2026-07-01,21,17,4,1
ATT_EMP0184_202608,EMP0184,2026-08-01,20,18,2,1
ATT_EMP0184_202609,EMP0184,2026-09-01,20,17,3,4
ATT_EMP0185_202510,EMP0185,2025-10-01,21,19,2,3
ATT_EMP0185_202511,EMP0185,2025-11-01,22,19,3,1
ATT_EMP0185_202512,EMP0185,2025-12-01,21,19,2,0
ATT_EMP0185_202601,EMP0185,2026-01-01,23,22,1,1
ATT_EMP0185_202602,EMP0185,2026-02-01,22,20,2,1
ATT_EMP0185_202603,EMP0185,2026-03-01,23,21,2,2
ATT_EMP0185_202604,EMP0185,2026-04-01,21,19,2,0
ATT_EMP0185_202605,EMP0185,2026-05-01,21,18,3,0
ATT_EMP0185_202606,EMP0185,2026-06-01,21,20,1,1
ATT_EMP0185_202607,EMP0185,2026-07-01,21,18,3,1
ATT_EMP0185_202608,EMP0185,2026-08-01,21,20,1,0
ATT_EMP0185_202609,EMP0185,2026-09-01,22,20,2,1
ATT_EMP0186_202510,EMP0186,2025-10-01,21,18,3,3
ATT_EMP0186_202511,EMP0186,2025-11-01,22,22,0,2
ATT_EMP0186_202512,EMP0186,2025-12-01,23,21,2,0
ATT_EMP0186_202601,EMP0186,2026-01-01,20,19,1,3
ATT_EMP0186_202602,EMP0186,2026-02-01,20,18,2,3
ATT_EMP0186_202603,EMP0186,2026-03-01,22,20,2,2
ATT_EMP0186_202604,EMP0186,2026-04-01,22,20,2,2
ATT_EMP0186_202605,EMP0186,2026-05-01,20,18,2,1
ATT_EMP0186_202606,EMP0186,2026-06-01,22,21,1,3
ATT_EMP0186_202607,EMP0186,2026-07-01,20,20,0,3
ATT_EMP0186_202608,EMP0186,2026-08-01,23,22,1,0
ATT_EMP0186_202609,EMP0186,2026-09-01,20,19,1,2
ATT_EMP0187_202510,EMP0187,2025-10-01,22,18,4,4
ATT_EMP0187_202511,EMP0187,2025-11-01,21,20,1,1
ATT_EMP0187_202512,EMP0187,2025-12-01,22,21,1,2
ATT_EMP0187_202601,EMP0187,2026-01-01,22,20,2,1
ATT_EMP0187_202602,EMP0187,2026-02-01,23,23,0,3
ATT_EMP0187_202603,EMP0187,2026-03-01,23,21,2,2
ATT_EMP0187_202604,EMP0187,2026-04-01,22,21,1,1
ATT_EMP0187_202605,EMP0187,2026-05-01,22,21,1,3
ATT_EMP0187_202606,EMP0187,2026-06-01,21,21,0,2
ATT_EMP0187_202607,EMP0187,2026-07-01,21,19,2,1
ATT_EMP0187_202608,EMP0187,2026-08-01,20,18,2,0
ATT_EMP0187_202609,EMP0187,2026-09-01,22,21,1,0
ATT_EMP0188_202510,EMP0188,2025-10-01,21,20,1,0
ATT_EMP0188_202511,EMP0188,2025-11-01,22,19,3,1
ATT_EMP0188_202512,EMP0188,2025-12-01,21,18,3,1
ATT_EMP0188_202601,EMP0188,2026-01-01,21,18,3,1
ATT_EMP0188_202602,EMP0188,2026-02-01,22,20,2,1
ATT_EMP0188_202603,EMP0188,2026-03-01,21,17,4,1
ATT_EMP0188_202604,EMP0188,2026-04-01,21,19,2,0
ATT_EMP0188_202605,EMP0188,2026-05-01,21,17,4,1
ATT_EMP0188_202606,EMP0188,2026-06-01,22,21,1,1
ATT_EMP0188_202607,EMP0188,2026-07-01,22,18,4,1
ATT_EMP0188_202608,EMP0188,2026-08-01,20,16,4,0
ATT_EMP0188_202609,EMP0188,2026-09-01,21,20,1,2
ATT_EMP0189_202510,EMP0189,2025-10-01,20,20,0,1
ATT_EMP0189_202511,EMP0189,2025-11-01,21,21,0,2
ATT_EMP0189_202512,EMP0189,2025-12-01,21,17,4,2
ATT_EMP0189_202601,EMP0189,2026-01-01,21,18,3,0
ATT_EMP0189_202602,EMP0189,2026-02-01,22,20,2,1
ATT_EMP0189_202603,EMP0189,2026-03-01,22,19,3,1
ATT_EMP0189_202604,EMP0189,2026-04-01,21,18,3,1
ATT_EMP0189_202605,EMP0189,2026-05-01,21,20,1,1
ATT_EMP0189_202606,EMP0189,2026-06-01,23,22,1,0
ATT_EMP0189_202607,EMP0189,2026-07-01,22,22,0,0
ATT_EMP0189_202608,EMP0189,2026-08-01,23,21,2,1
ATT_EMP0189_202609,EMP0189,2026-09-01,21,20,1,0
ATT_EMP0190_202510,EMP0190,2025-10-01,22,20,2,3
ATT_EMP0190_202511,EMP0190,2025-11-01,22,17,5,0
ATT_EMP0190_202512,EMP0190,2025-12-01,21,18,3,2
ATT_EMP0190_202601,EMP0190,2026-01-01,22,20,2,1
ATT_EMP0190_202602,EMP0190,2026-02-01,21,19,2,1
ATT_EMP0190_202603,EMP0190,2026-03-01,21,20,1,0
ATT_EMP0190_202604,EMP0190,2026-04-01,21,20,1,0
ATT_EMP0190_202605,EMP0190,2026-05-01,20,19,1,3
ATT_EMP0190_202606,EMP0190,2026-06-01,23,19,4,1
ATT_EMP0190_202607,EMP0190,2026-07-01,23,20,3,0
ATT_EMP0190_202608,EMP0190,2026-08-01,20,17,3,2
ATT_EMP0190_202609,EMP0190,2026-09-01,21,19,2,1
ATT_EMP0191_202510,EMP0191,2025-10-01,21,18,3,3
ATT_EMP0191_202511,EMP0191,2025-11-01,23,21,2,2
ATT_EMP0191_202512,EMP0191,2025-12-01,23,21,2,0
ATT_EMP0191_202601,EMP0191,2026-01-01,21,21,0,1
ATT_EMP0191_202602,EMP0191,2026-02-01,21,19,2,2
ATT_EMP0191_202603,EMP0191,2026-03-01,22,18,4,1
ATT_EMP0191_202604,EMP0191,2026-04-01,22,21,1,1
ATT_EMP0191_202605,EMP0191,2026-05-01,23,19,4,1
ATT_EMP0191_202606,EMP0191,2026-06-01,22,21,1,2
ATT_EMP0191_202607,EMP0191,2026-07-01,22,22,0,1
ATT_EMP0191_202608,EMP0191,2026-08-01,23,20,3,0
ATT_EMP0191_202609,EMP0191,2026-09-01,22,21,1,4
ATT_EMP0192_202510,EMP0192,2025-10-01,20,18,2,2
ATT_EMP0192_202511,EMP0192,2025-11-01,21,19,2,1
ATT_EMP0192_202512,EMP0192,2025-12-01,22,22,0,2
ATT_EMP0192_202601,EMP0192,2026-01-01,22,22,0,2
ATT_EMP0192_202602,EMP0192,2026-02-01,22,21,1,3
ATT_EMP0192_202603,EMP0192,2026-03-01,22,20,2,3
ATT_EMP0192_202604,EMP0192,2026-04-01,20,18,2,0
ATT_EMP0192_202605,EMP0192,2026-05-01,22,20,2,1
ATT_EMP0192_202606,EMP0192,2026-06-01,21,20,1,3
ATT_EMP0192_202607,EMP0192,2026-07-01,23,22,1,1
ATT_EMP0192_202608,EMP0192,2026-08-01,22,21,1,2
ATT_EMP0192_202609,EMP0192,2026-09-01,21,20,1,2
ATT_EMP0193_202510,EMP0193,2025-10-01,21,20,1,3
ATT_EMP0193_202511,EMP0193,2025-11-01,23,22,1,1
ATT_EMP0193_202512,EMP0193,2025-12-01,20,20,0,2
ATT_EMP0193_202601,EMP0193,2026-01-01,20,19,1,2
ATT_EMP0193_202602,EMP0193,2026-02-01,23,22,1,3
ATT_EMP0193_202603,EMP0193,2026-03-01,22,21,1,4
ATT_EMP0193_202604,EMP0193,2026-04-01,21,17,4,1
ATT_EMP0193_202605,EMP0193,2026-05-01,21,21,0,3
ATT_EMP0193_202606,EMP0193,2026-06-01,23,23,0,0
ATT_EMP0193_202607,EMP0193,2026-07-01,22,20,2,2
ATT_EMP0193_202608,EMP0193,2026-08-01,22,20,2,3
ATT_EMP0193_202609,EMP0193,2026-09-01,22,19,3,3
ATT_EMP0194_202510,EMP0194,2025-10-01,22,21,1,3
ATT_EMP0194_202511,EMP0194,2025-11-01,21,20,1,1
ATT_EMP0194_202512,EMP0194,2025-12-01,21,18,3,1
ATT_EMP0194_202601,EMP0194,2026-01-01,23,22,1,1
ATT_EMP0194_202602,EMP0194,2026-02-01,21,18,3,0
ATT_EMP0194_202603,EMP0194,2026-03-01,23,20,3,2
ATT_EMP0194_202604,EMP0194,2026-04-01,20,18,2,1
ATT_EMP0194_202605,EMP0194,2026-05-01,22,19,3,0
ATT_EMP0194_202606,EMP0194,2026-06-01,20,16,4,6
ATT_EMP0194_202607,EMP0194,2026-07-01,22,19,3,0
ATT_EMP0194_202608,EMP0194,2026-08-01,21,19,2,2
ATT_EMP0194_202609,EMP0194,2026-09-01,22,20,2,0
ATT_EMP0195_202510,EMP0195,2025-10-01,22,19,3,2
ATT_EMP0195_202511,EMP0195,2025-11-01,22,22,0,1
ATT_EMP0195_202512,EMP0195,2025-12-01,20,17,3,1
ATT_EMP0195_202601,EMP0195,2026-01-01,21,18,3,0
ATT_EMP0195_202602,EMP0195,2026-02-01,20,20,0,0
ATT_EMP0195_202603,EMP0195,2026-03-01,23,22,1,1
ATT_EMP0195_202604,EMP0195,2026-04-01,22,20,2,1
ATT_EMP0195_202605,EMP0195,2026-05-01,22,20,2,1
ATT_EMP0195_202606,EMP0195,2026-06-01,21,19,2,2
ATT_EMP0195_202607,EMP0195,2026-07-01,22,19,3,3
ATT_EMP0195_202608,EMP0195,2026-08-01,21,18,3,0
ATT_EMP0195_202609,EMP0195,2026-09-01,22,20,2,1
ATT_EMP0196_202510,EMP0196,2025-10-01,21,18,3,1
ATT_EMP0196_202511,EMP0196,2025-11-01,20,19,1,3
ATT_EMP0196_202512,EMP0196,2025-12-01,22,18,4,0
ATT_EMP0196_202601,EMP0196,2026-01-01,22,19,3,3
ATT_EMP0196_202602,EMP0196,2026-02-01,21,17,4,0
ATT_EMP0196_202603,EMP0196,2026-03-01,23,19,4,1
ATT_EMP0196_202604,EMP0196,2026-04-01,21,18,3,3
ATT_EMP0196_202605,EMP0196,2026-05-01,21,17,4,1
ATT_EMP0196_202606,EMP0196,2026-06-01,20,20,0,1
ATT_EMP0196_202607,EMP0196,2026-07-01,20,20,0,1
ATT_EMP0196_202608,EMP0196,2026-08-01,23,21,2,1
ATT_EMP0196_202609,EMP0196,2026-09-01,23,21,2,3
ATT_EMP0197_202510,EMP0197,2025-10-01,20,19,1,1
ATT_EMP0197_202511,EMP0197,2025-11-01,21,20,1,1
ATT_EMP0197_202512,EMP0197,2025-12-01,22,21,1,3
ATT_EMP0197_202601,EMP0197,2026-01-01,22,17,5,3
ATT_EMP0197_202602,EMP0197,2026-02-01,21,19,2,1
ATT_EMP0197_202603,EMP0197,2026-03-01,20,19,1,0
ATT_EMP0197_202604,EMP0197,2026-04-01,20,18,2,2
ATT_EMP0197_202605,EMP0197,2026-05-01,20,19,1,0
ATT_EMP0197_202606,EMP0197,2026-06-01,22,20,2,1
ATT_EMP0197_202607,EMP0197,2026-07-01,20,18,2,2
ATT_EMP0197_202608,EMP0197,2026-08-01,21,21,0,4
ATT_EMP0197_202609,EMP0197,2026-09-01,20,18,2,1
ATT_EMP0198_202510,EMP0198,2025-10-01,22,20,2,1
ATT_EMP0198_202511,EMP0198,2025-11-01,22,20,2,2
ATT_EMP0198_202512,EMP0198,2025-12-01,22,21,1,1
ATT_EMP0198_202601,EMP0198,2026-01-01,22,19,3,1
ATT_EMP0198_202602,EMP0198,2026-02-01,20,19,1,0
ATT_EMP0198_202603,EMP0198,2026-03-01,20,18,2,2
ATT_EMP0198_202604,EMP0198,2026-04-01,20,17,3,2
ATT_EMP0198_202605,EMP0198,2026-05-01,22,20,2,2
ATT_EMP0198_202606,EMP0198,2026-06-01,20,17,3,2
ATT_EMP0198_202607,EMP0198,2026-07-01,22,21,1,1
ATT_EMP0198_202608,EMP0198,2026-08-01,22,19,3,1
ATT_EMP0198_202609,EMP0198,2026-09-01,22,21,1,0
ATT_EMP0199_202510,EMP0199,2025-10-01,23,21,2,3
ATT_EMP0199_202511,EMP0199,2025-11-01,22,20,2,1
ATT_EMP0199_202512,EMP0199,2025-12-01,23,22,1,1
ATT_EMP0199_202601,EMP0199,2026-01-01,21,16,5,1
ATT_EMP0199_202602,EMP0199,2026-02-01,22,18,4,0
ATT_EMP0199_202603,EMP0199,2026-03-01,22,21,1,0
ATT_EMP0199_202604,EMP0199,2026-04-01,21,20,1,1
ATT_EMP0199_202605,EMP0199,2026-05-01,23,21,2,3
ATT_EMP0199_202606,EMP0199,2026-06-01,23,21,2,1
ATT_EMP0199_202607,EMP0199,2026-07-01,22,21,1,1
ATT_EMP0199_202608,EMP0199,2026-08-01,22,22,0,2
ATT_EMP0199_202609,EMP0199,2026-09-01,23,19,4,0
ATT_EMP0200_202510,EMP0200,2025-10-01,21,20,1,0
ATT_EMP0200_202511,EMP0200,2025-11-01,20,16,4,2
ATT_EMP0200_202512,EMP0200,2025-12-01,22,20,2,0
ATT_EMP0200_202601,EMP0200,2026-01-01,22,21,1,0
ATT_EMP0200_202602,EMP0200,2026-02-01,22,20,2,3
ATT_EMP0200_202603,EMP0200,2026-03-01,23,21,2,2
ATT_EMP0200_202604,EMP0200,2026-04-01,22,20,2,0
ATT_EMP0200_202605,EMP0200,2026-05-01,23,21,2,2
ATT_EMP0200_202606,EMP0200,2026-06-01,20,18,2,1
ATT_EMP0200_202607,EMP0200,2026-07-01,22,21,1,2
ATT_EMP0200_202608,EMP0200,2026-08-01,20,18,2,3
ATT_EMP0200_202609,EMP0200,2026-09-01,21,20,1,2
ATT_EMP0201_202510,EMP0201,2025-10-01,23,20,3,4
ATT_EMP0201_202511,EMP0201,2025-11-01,21,19,2,2
ATT_EMP0201_202512,EMP0201,2025-12-01,20,18,2,1
ATT_EMP0201_202601,EMP0201,2026-01-01,22,20,2,2
ATT_EMP0201_202602,EMP0201,2026-02-01,20,19,1,3
ATT_EMP0201_202603,EMP0201,2026-03-01,21,21,0,1
ATT_EMP0201_202604,EMP0201,2026-04-01,21,19,2,0
ATT_EMP0201_202605,EMP0201,2026-05-01,22,19,3,1
ATT_EMP0201_202606,EMP0201,2026-06-01,21,18,3,2
ATT_EMP0201_202607,EMP0201,2026-07-01,22,20,2,1
ATT_EMP0201_202608,EMP0201,2026-08-01,22,20,2,2
ATT_EMP0201_202609,EMP0201,2026-09-01,21,19,2,3
ATT_EMP0202_202510,EMP0202,2025-10-01,21,21,0,1
ATT_EMP0202_202511,EMP0202,2025-11-01,22,21,1,2
ATT_EMP0202_202512,EMP0202,2025-12-01,20,18,2,2
ATT_EMP0202_202601,EMP0202,2026-01-01,21,21,0,1
ATT_EMP0202_202602,EMP0202,2026-02-01,22,17,5,1
ATT_EMP0202_202603,EMP0202,2026-03-01,20,19,1,0
ATT_EMP0202_202604,EMP0202,2026-04-01,21,19,2,1
ATT_EMP0202_202605,EMP0202,2026-05-01,21,20,1,3
ATT_EMP0202_202606,EMP0202,2026-06-01,21,20,1,0
ATT_EMP0202_202607,EMP0202,2026-07-01,22,19,3,0
ATT_EMP0202_202608,EMP0202,2026-08-01,20,16,4,3
ATT_EMP0202_202609,EMP0202,2026-09-01,22,21,1,4
ATT_EMP0203_202510,EMP0203,2025-10-01,22,21,1,2
ATT_EMP0203_202511,EMP0203,2025-11-01,22,21,1,1
ATT_EMP0203_202512,EMP0203,2025-12-01,21,18,3,2
ATT_EMP0203_202601,EMP0203,2026-01-01,21,20,1,3
ATT_EMP0203_202602,EMP0203,2026-02-01,20,18,2,3
ATT_EMP0203_202603,EMP0203,2026-03-01,20,19,1,2
ATT_EMP0203_202604,EMP0203,2026-04-01,21,21,0,1
ATT_EMP0203_202605,EMP0203,2026-05-01,21,21,0,3
ATT_EMP0203_202606,EMP0203,2026-06-01,21,20,1,1
ATT_EMP0203_202607,EMP0203,2026-07-01,23,22,1,2
ATT_EMP0203_202608,EMP0203,2026-08-01,21,18,3,4
ATT_EMP0203_202609,EMP0203,2026-09-01,22,20,2,1
ATT_EMP0204_202510,EMP0204,2025-10-01,21,16,5,1
ATT_EMP0204_202511,EMP0204,2025-11-01,21,21,0,2
ATT_EMP0204_202512,EMP0204,2025-12-01,22,20,2,3
ATT_EMP0204_202601,EMP0204,2026-01-01,20,18,2,3
ATT_EMP0204_202602,EMP0204,2026-02-01,23,22,1,1
ATT_EMP0204_202603,EMP0204,2026-03-01,21,16,5,1
ATT_EMP0204_202604,EMP0204,2026-04-01,22,19,3,1
ATT_EMP0204_202605,EMP0204,2026-05-01,22,20,2,0
ATT_EMP0204_202606,EMP0204,2026-06-01,20,20,0,0
ATT_EMP0204_202607,EMP0204,2026-07-01,22,19,3,1
ATT_EMP0204_202608,EMP0204,2026-08-01,22,20,2,2
ATT_EMP0204_202609,EMP0204,2026-09-01,22,21,1,2
ATT_EMP0205_202510,EMP0205,2025-10-01,21,19,2,4
ATT_EMP0205_202511,EMP0205,2025-11-01,20,19,1,3
ATT_EMP0205_202512,EMP0205,2025-12-01,21,18,3,1
ATT_EMP0205_202601,EMP0205,2026-01-01,21,18,3,1
ATT_EMP0205_202602,EMP0205,2026-02-01,20,17,3,1
ATT_EMP0205_202603,EMP0205,2026-03-01,21,20,1,0
ATT_EMP0205_202604,EMP0205,2026-04-01,21,21,0,2
ATT_EMP0205_202605,EMP0205,2026-05-01,22,19,3,1
ATT_EMP0205_202606,EMP0205,2026-06-01,22,21,1,1
ATT_EMP0205_202607,EMP0205,2026-07-01,22,18,4,1
ATT_EMP0205_202608,EMP0205,2026-08-01,21,17,4,4
ATT_EMP0205_202609,EMP0205,2026-09-01,20,16,4,1
ATT_EMP0206_202510,EMP0206,2025-10-01,22,20,2,1
ATT_EMP0206_202511,EMP0206,2025-11-01,20,20,0,1
ATT_EMP0206_202512,EMP0206,2025-12-01,22,22,0,1
ATT_EMP0206_202601,EMP0206,2026-01-01,23,21,2,1
ATT_EMP0206_202602,EMP0206,2026-02-01,22,18,4,4
ATT_EMP0206_202603,EMP0206,2026-03-01,21,20,1,0
ATT_EMP0206_202604,EMP0206,2026-04-01,20,19,1,1
ATT_EMP0206_202605,EMP0206,2026-05-01,20,18,2,0
ATT_EMP0206_202606,EMP0206,2026-06-01,21,18,3,0
ATT_EMP0206_202607,EMP0206,2026-07-01,21,21,0,2
ATT_EMP0206_202608,EMP0206,2026-08-01,21,18,3,2
ATT_EMP0206_202609,EMP0206,2026-09-01,21,17,4,1
ATT_EMP0207_202510,EMP0207,2025-10-01,22,21,1,1
ATT_EMP0207_202511,EMP0207,2025-11-01,20,20,0,3
ATT_EMP0207_202512,EMP0207,2025-12-01,21,20,1,7
ATT_EMP0207_202601,EMP0207,2026-01-01,23,21,2,1
ATT_EMP0207_202602,EMP0207,2026-02-01,20,19,1,2
ATT_EMP0207_202603,EMP0207,2026-03-01,22,19,3,1
ATT_EMP0207_202604,EMP0207,2026-04-01,23,22,1,1
ATT_EMP0207_202605,EMP0207,2026-05-01,22,22,0,1
ATT_EMP0207_202606,EMP0207,2026-06-01,22,19,3,4
ATT_EMP0207_202607,EMP0207,2026-07-01,21,20,1,1
ATT_EMP0207_202608,EMP0207,2026-08-01,20,17,3,2
ATT_EMP0207_202609,EMP0207,2026-09-01,20,17,3,2
ATT_EMP0208_202510,EMP0208,2025-10-01,21,18,3,1
ATT_EMP0208_202511,EMP0208,2025-11-01,21,20,1,0
ATT_EMP0208_202512,EMP0208,2025-12-01,22,20,2,1
ATT_EMP0208_202601,EMP0208,2026-01-01,22,21,1,0
ATT_EMP0208_202602,EMP0208,2026-02-01,21,18,3,2
ATT_EMP0208_202603,EMP0208,2026-03-01,23,20,3,1
ATT_EMP0208_202604,EMP0208,2026-04-01,22,19,3,2
ATT_EMP0208_202605,EMP0208,2026-05-01,22,22,0,1
ATT_EMP0208_202606,EMP0208,2026-06-01,21,19,2,2
ATT_EMP0208_202607,EMP0208,2026-07-01,23,18,5,0
ATT_EMP0208_202608,EMP0208,2026-08-01,22,20,2,1
ATT_EMP0208_202609,EMP0208,2026-09-01,23,23,0,1
ATT_EMP0209_202510,EMP0209,2025-10-01,23,21,2,0
ATT_EMP0209_202511,EMP0209,2025-11-01,20,18,2,1
ATT_EMP0209_202512,EMP0209,2025-12-01,22,20,2,2
ATT_EMP0209_202601,EMP0209,2026-01-01,21,21,0,2
ATT_EMP0209_202602,EMP0209,2026-02-01,21,19,2,1
ATT_EMP0209_202603,EMP0209,2026-03-01,21,18,3,0
ATT_EMP0209_202604,EMP0209,2026-04-01,23,21,2,0
ATT_EMP0209_202605,EMP0209,2026-05-01,20,17,3,1
ATT_EMP0209_202606,EMP0209,2026-06-01,21,20,1,1
ATT_EMP0209_202607,EMP0209,2026-07-01,22,19,3,0
ATT_EMP0209_202608,EMP0209,2026-08-01,22,19,3,2
ATT_EMP0209_202609,EMP0209,2026-09-01,21,19,2,1
ATT_EMP0210_202510,EMP0210,2025-10-01,22,20,2,0
ATT_EMP0210_202511,EMP0210,2025-11-01,22,20,2,1
ATT_EMP0210_202512,EMP0210,2025-12-01,21,15,6,4
ATT_EMP0210_202601,EMP0210,2026-01-01,21,18,3,2
ATT_EMP0210_202602,EMP0210,2026-02-01,22,16,6,1
ATT_EMP0210_202603,EMP0210,2026-03-01,22,17,5,0
ATT_EMP0210_202604,EMP0210,2026-04-01,23,21,2,4
ATT_EMP0210_202605,EMP0210,2026-05-01,21,19,2,1
ATT_EMP0210_202606,EMP0210,2026-06-01,22,22,0,2
ATT_EMP0210_202607,EMP0210,2026-07-01,22,21,1,2
ATT_EMP0210_202608,EMP0210,2026-08-01,22,20,2,2
ATT_EMP0210_202609,EMP0210,2026-09-01,21,19,2,2
ATT_EMP0211_202510,EMP0211,2025-10-01,20,18,2,2
ATT_EMP0211_202511,EMP0211,2025-11-01,21,20,1,0
ATT_EMP0211_202512,EMP0211,2025-12-01,21,18,3,4
ATT_EMP0211_202601,EMP0211,2026-01-01,21,17,4,2
ATT_EMP0211_202602,EMP0211,2026-02-01,20,18,2,1
ATT_EMP0211_202603,EMP0211,2026-03-01,20,16,4,4
ATT_EMP0211_202604,EMP0211,2026-04-01,21,21,0,2
ATT_EMP0211_202605,EMP0211,2026-05-01,20,17,3,4
ATT_EMP0211_202606,EMP0211,2026-06-01,23,23,0,3
ATT_EMP0211_202607,EMP0211,2026-07-01,20,19,1,2
ATT_EMP0211_202608,EMP0211,2026-08-01,21,20,1,3
ATT_EMP0211_202609,EMP0211,2026-09-01,21,19,2,0
ATT_EMP0212_202510,EMP0212,2025-10-01,22,20,2,1
ATT_EMP0212_202511,EMP0212,2025-11-01,20,17,3,3
ATT_EMP0212_202512,EMP0212,2025-12-01,21,18,3,1
ATT_EMP0212_202601,EMP0212,2026-01-01,23,22,1,1
ATT_EMP0212_202602,EMP0212,2026-02-01,21,18,3,2
ATT_EMP0212_202603,EMP0212,2026-03-01,23,21,2,1
ATT_EMP0212_202604,EMP0212,2026-04-01,22,19,3,0
ATT_EMP0212_202605,EMP0212,2026-05-01,22,21,1,1
ATT_EMP0212_202606,EMP0212,2026-06-01,22,22,0,0
ATT_EMP0212_202607,EMP0212,2026-07-01,21,20,1,6
ATT_EMP0212_202608,EMP0212,2026-08-01,23,21,2,1
ATT_EMP0212_202609,EMP0212,2026-09-01,21,18,3,3
ATT_EMP0213_202510,EMP0213,2025-10-01,22,19,3,2
ATT_EMP0213_202511,EMP0213,2025-11-01,20,20,0,0
ATT_EMP0213_202512,EMP0213,2025-12-01,22,20,2,3
ATT_EMP0213_202601,EMP0213,2026-01-01,22,19,3,2
ATT_EMP0213_202602,EMP0213,2026-02-01,22,21,1,0
ATT_EMP0213_202603,EMP0213,2026-03-01,20,17,3,2
ATT_EMP0213_202604,EMP0213,2026-04-01,22,17,5,1
ATT_EMP0213_202605,EMP0213,2026-05-01,21,20,1,2
ATT_EMP0213_202606,EMP0213,2026-06-01,23,22,1,1
ATT_EMP0213_202607,EMP0213,2026-07-01,22,22,0,3
ATT_EMP0213_202608,EMP0213,2026-08-01,21,18,3,2
ATT_EMP0213_202609,EMP0213,2026-09-01,22,20,2,0
ATT_EMP0214_202510,EMP0214,2025-10-01,21,18,3,2
ATT_EMP0214_202511,EMP0214,2025-11-01,20,17,3,1
ATT_EMP0214_202512,EMP0214,2025-12-01,22,20,2,1
ATT_EMP0214_202601,EMP0214,2026-01-01,22,20,2,2
ATT_EMP0214_202602,EMP0214,2026-02-01,23,21,2,0
ATT_EMP0214_202603,EMP0214,2026-03-01,22,17,5,2
ATT_EMP0214_202604,EMP0214,2026-04-01,21,18,3,2
ATT_EMP0214_202605,EMP0214,2026-05-01,23,23,0,1
ATT_EMP0214_202606,EMP0214,2026-06-01,23,20,3,1
ATT_EMP0214_202607,EMP0214,2026-07-01,20,17,3,2
ATT_EMP0214_202608,EMP0214,2026-08-01,23,19,4,1
ATT_EMP0214_202609,EMP0214,2026-09-01,21,18,3,3
ATT_EMP0215_202510,EMP0215,2025-10-01,22,18,4,0
ATT_EMP0215_202511,EMP0215,2025-11-01,23,19,4,2
ATT_EMP0215_202512,EMP0215,2025-12-01,22,19,3,2
ATT_EMP0215_202601,EMP0215,2026-01-01,20,18,2,1
ATT_EMP0215_202602,EMP0215,2026-02-01,22,20,2,2
ATT_EMP0215_202603,EMP0215,2026-03-01,21,18,3,5
ATT_EMP0215_202604,EMP0215,2026-04-01,21,20,1,0
ATT_EMP0215_202605,EMP0215,2026-05-01,21,19,2,2
ATT_EMP0215_202606,EMP0215,2026-06-01,22,22,0,1
ATT_EMP0215_202607,EMP0215,2026-07-01,22,20,2,3
ATT_EMP0215_202608,EMP0215,2026-08-01,22,18,4,2
ATT_EMP0215_202609,EMP0215,2026-09-01,22,19,3,2
ATT_EMP0216_202510,EMP0216,2025-10-01,22,22,0,4
ATT_EMP0216_202511,EMP0216,2025-11-01,21,18,3,3
ATT_EMP0216_202512,EMP0216,2025-12-01,20,17,3,0
ATT_EMP0216_202601,EMP0216,2026-01-01,21,20,1,4
ATT_EMP0216_202602,EMP0216,2026-02-01,21,19,2,0
ATT_EMP0216_202603,EMP0216,2026-03-01,22,22,0,1
ATT_EMP0216_202604,EMP0216,2026-04-01,23,21,2,0
ATT_EMP0216_202605,EMP0216,2026-05-01,21,18,3,1
ATT_EMP0216_202606,EMP0216,2026-06-01,22,21,1,1
ATT_EMP0216_202607,EMP0216,2026-07-01,22,21,1,1
ATT_EMP0216_202608,EMP0216,2026-08-01,21,20,1,2
ATT_EMP0216_202609,EMP0216,2026-09-01,23,19,4,1
ATT_EMP0217_202510,EMP0217,2025-10-01,23,22,1,2
ATT_EMP0217_202511,EMP0217,2025-11-01,22,21,1,1
ATT_EMP0217_202512,EMP0217,2025-12-01,21,20,1,5
ATT_EMP0217_202601,EMP0217,2026-01-01,22,21,1,3
ATT_EMP0217_202602,EMP0217,2026-02-01,20,19,1,1
ATT_EMP0217_202603,EMP0217,2026-03-01,21,21,0,3
ATT_EMP0217_202604,EMP0217,2026-04-01,22,20,2,1
ATT_EMP0217_202605,EMP0217,2026-05-01,22,20,2,2
ATT_EMP0217_202606,EMP0217,2026-06-01,22,20,2,2
ATT_EMP0217_202607,EMP0217,2026-07-01,21,20,1,5
ATT_EMP0217_202608,EMP0217,2026-08-01,23,19,4,0
ATT_EMP0217_202609,EMP0217,2026-09-01,21,20,1,1
ATT_EMP0218_202510,EMP0218,2025-10-01,20,19,1,1
ATT_EMP0218_202511,EMP0218,2025-11-01,22,21,1,4
ATT_EMP0218_202512,EMP0218,2025-12-01,21,18,3,0
ATT_EMP0218_202601,EMP0218,2026-01-01,23,22,1,0
ATT_EMP0218_202602,EMP0218,2026-02-01,21,18,3,0
ATT_EMP0218_202603,EMP0218,2026-03-01,23,23,0,3
ATT_EMP0218_202604,EMP0218,2026-04-01,21,19,2,2
ATT_EMP0218_202605,EMP0218,2026-05-01,22,21,1,0
ATT_EMP0218_202606,EMP0218,2026-06-01,22,18,4,3
ATT_EMP0218_202607,EMP0218,2026-07-01,21,19,2,1
ATT_EMP0218_202608,EMP0218,2026-08-01,22,20,2,3
ATT_EMP0218_202609,EMP0218,2026-09-01,21,20,1,1
ATT_EMP0219_202510,EMP0219,2025-10-01,22,18,4,2
ATT_EMP0219_202511,EMP0219,2025-11-01,20,18,2,4
ATT_EMP0219_202512,EMP0219,2025-12-01,22,18,4,3
ATT_EMP0219_202601,EMP0219,2026-01-01,22,20,2,5
ATT_EMP0219_202602,EMP0219,2026-02-01,21,19,2,0
ATT_EMP0219_202603,EMP0219,2026-03-01,23,20,3,1
ATT_EMP0219_202604,EMP0219,2026-04-01,22,18,4,0
ATT_EMP0219_202605,EMP0219,2026-05-01,23,19,4,0
ATT_EMP0219_202606,EMP0219,2026-06-01,22,18,4,3
ATT_EMP0219_202607,EMP0219,2026-07-01,20,18,2,2
ATT_EMP0219_202608,EMP0219,2026-08-01,21,19,2,3
ATT_EMP0219_202609,EMP0219,2026-09-01,21,18,3,0
ATT_EMP0220_202510,EMP0220,2025-10-01,21,19,2,0
ATT_EMP0220_202511,EMP0220,2025-11-01,21,21,0,1
ATT_EMP0220_202512,EMP0220,2025-12-01,22,21,1,0
ATT_EMP0220_202601,EMP0220,2026-01-01,21,20,1,1
ATT_EMP0220_202602,EMP0220,2026-02-01,22,22,0,1
ATT_EMP0220_202603,EMP0220,2026-03-01,23,20,3,0
ATT_EMP0220_202604,EMP0220,2026-04-01,21,15,6,2
ATT_EMP0220_202605,EMP0220,2026-05-01,21,20,1,2
ATT_EMP0220_202606,EMP0220,2026-06-01,22,20,2,3
ATT_EMP0220_202607,EMP0220,2026-07-01,22,22,0,3
ATT_EMP0220_202608,EMP0220,2026-08-01,22,22,0,0
ATT_EMP0220_202609,EMP0220,2026-09-01,21,18,3,1
ATT_EMP0221_202510,EMP0221,2025-10-01,22,22,0,2
ATT_EMP0221_202511,EMP0221,2025-11-01,21,20,1,0
ATT_EMP0221_202512,EMP0221,2025-12-01,22,19,3,0
ATT_EMP0221_202601,EMP0221,2026-01-01,20,18,2,2
ATT_EMP0221_202602,EMP0221,2026-02-01,22,21,1,2
ATT_EMP0221_202603,EMP0221,2026-03-01,23,22,1,0
ATT_EMP0221_202604,EMP0221,2026-04-01,23,21,2,1
ATT_EMP0221_202605,EMP0221,2026-05-01,21,18,3,2
ATT_EMP0221_202606,EMP0221,2026-06-01,21,20,1,2
ATT_EMP0221_202607,EMP0221,2026-07-01,21,18,3,2
ATT_EMP0221_202608,EMP0221,2026-08-01,22,17,5,0
ATT_EMP0221_202609,EMP0221,2026-09-01,22,20,2,0
ATT_EMP0222_202510,EMP0222,2025-10-01,21,18,3,0
ATT_EMP0222_202511,EMP0222,2025-11-01,22,19,3,1
ATT_EMP0222_202512,EMP0222,2025-12-01,21,18,3,1
ATT_EMP0222_202601,EMP0222,2026-01-01,23,22,1,2
ATT_EMP0222_202602,EMP0222,2026-02-01,21,21,0,1
ATT_EMP0222_202603,EMP0222,2026-03-01,20,18,2,2
ATT_EMP0222_202604,EMP0222,2026-04-01,21,18,3,1
ATT_EMP0222_202605,EMP0222,2026-05-01,22,20,2,0
ATT_EMP0222_202606,EMP0222,2026-06-01,23,23,0,0
ATT_EMP0222_202607,EMP0222,2026-07-01,20,16,4,2
ATT_EMP0222_202608,EMP0222,2026-08-01,21,20,1,2
ATT_EMP0222_202609,EMP0222,2026-09-01,22,22,0,3
ATT_EMP0223_202510,EMP0223,2025-10-01,20,18,2,2
ATT_EMP0223_202511,EMP0223,2025-11-01,21,18,3,2
ATT_EMP0223_202512,EMP0223,2025-12-01,22,22,0,1
ATT_EMP0223_202601,EMP0223,2026-01-01,21,20,1,0
ATT_EMP0223_202602,EMP0223,2026-02-01,22,21,1,1
ATT_EMP0223_202603,EMP0223,2026-03-01,22,22,0,0
ATT_EMP0223_202604,EMP0223,2026-04-01,20,18,2,3
ATT_EMP0223_202605,EMP0223,2026-05-01,22,20,2,1
ATT_EMP0223_202606,EMP0223,2026-06-01,22,19,3,1
ATT_EMP0223_202607,EMP0223,2026-07-01,22,20,2,4
ATT_EMP0223_202608,EMP0223,2026-08-01,21,17,4,1
ATT_EMP0223_202609,EMP0223,2026-09-01,21,18,3,3
ATT_EMP0224_202510,EMP0224,2025-10-01,22,17,5,1
ATT_EMP0224_202511,EMP0224,2025-11-01,21,18,3,2
ATT_EMP0224_202512,EMP0224,2025-12-01,21,19,2,1
ATT_EMP0224_202601,EMP0224,2026-01-01,22,22,0,4
ATT_EMP0224_202602,EMP0224,2026-02-01,21,18,3,1
ATT_EMP0224_202603,EMP0224,2026-03-01,22,22,0,0
ATT_EMP0224_202604,EMP0224,2026-04-01,20,18,2,2
ATT_EMP0224_202605,EMP0224,2026-05-01,23,21,2,1
ATT_EMP0224_202606,EMP0224,2026-06-01,21,19,2,0
ATT_EMP0224_202607,EMP0224,2026-07-01,21,19,2,0
ATT_EMP0224_202608,EMP0224,2026-08-01,21,16,5,3
ATT_EMP0224_202609,EMP0224,2026-09-01,20,19,1,2
ATT_EMP0225_202510,EMP0225,2025-10-01,23,22,1,3
ATT_EMP0225_202511,EMP0225,2025-11-01,22,22,0,1
ATT_EMP0225_202512,EMP0225,2025-12-01,20,18,2,2
ATT_EMP0225_202601,EMP0225,2026-01-01,22,20,2,2
ATT_EMP0225_202602,EMP0225,2026-02-01,22,21,1,2
ATT_EMP0225_202603,EMP0225,2026-03-01,22,20,2,3
ATT_EMP0225_202604,EMP0225,2026-04-01,22,18,4,2
ATT_EMP0225_202605,EMP0225,2026-05-01,22,19,3,1
ATT_EMP0225_202606,EMP0225,2026-06-01,23,22,1,1
ATT_EMP0225_202607,EMP0225,2026-07-01,22,18,4,4
ATT_EMP0225_202608,EMP0225,2026-08-01,21,18,3,1
ATT_EMP0225_202609,EMP0225,2026-09-01,22,20,2,3
ATT_EMP0226_202510,EMP0226,2025-10-01,22,19,3,0
ATT_EMP0226_202511,EMP0226,2025-11-01,22,21,1,2
ATT_EMP0226_202512,EMP0226,2025-12-01,23,22,1,3
ATT_EMP0226_202601,EMP0226,2026-01-01,22,21,1,2
ATT_EMP0226_202602,EMP0226,2026-02-01,21,21,0,1
ATT_EMP0226_202603,EMP0226,2026-03-01,21,19,2,2
ATT_EMP0226_202604,EMP0226,2026-04-01,22,16,6,2
ATT_EMP0226_202605,EMP0226,2026-05-01,21,20,1,3
ATT_EMP0226_202606,EMP0226,2026-06-01,20,17,3,3
ATT_EMP0226_202607,EMP0226,2026-07-01,22,22,0,1
ATT_EMP0226_202608,EMP0226,2026-08-01,22,19,3,1
ATT_EMP0226_202609,EMP0226,2026-09-01,22,20,2,3
ATT_EMP0227_202510,EMP0227,2025-10-01,23,20,3,0
ATT_EMP0227_202511,EMP0227,2025-11-01,21,21,0,0
ATT_EMP0227_202512,EMP0227,2025-12-01,20,18,2,0
ATT_EMP0227_202601,EMP0227,2026-01-01,20,17,3,1
ATT_EMP0227_202602,EMP0227,2026-02-01,20,18,2,1
ATT_EMP0227_202603,EMP0227,2026-03-01,23,22,1,2
ATT_EMP0227_202604,EMP0227,2026-04-01,23,19,4,1
ATT_EMP0227_202605,EMP0227,2026-05-01,21,20,1,1
ATT_EMP0227_202606,EMP0227,2026-06-01,22,22,0,1
ATT_EMP0227_202607,EMP0227,2026-07-01,22,20,2,2
ATT_EMP0227_202608,EMP0227,2026-08-01,23,20,3,0
ATT_EMP0227_202609,EMP0227,2026-09-01,22,19,3,1
ATT_EMP0228_202510,EMP0228,2025-10-01,21,20,1,0
ATT_EMP0228_202511,EMP0228,2025-11-01,20,20,0,4
ATT_EMP0228_202512,EMP0228,2025-12-01,22,20,2,2
ATT_EMP0228_202601,EMP0228,2026-01-01,20,20,0,1
ATT_EMP0228_202602,EMP0228,2026-02-01,21,19,2,1
ATT_EMP0228_202603,EMP0228,2026-03-01,22,20,2,0
ATT_EMP0228_202604,EMP0228,2026-04-01,20,18,2,1
ATT_EMP0228_202605,EMP0228,2026-05-01,21,19,2,1
ATT_EMP0228_202606,EMP0228,2026-06-01,22,19,3,0
ATT_EMP0228_202607,EMP0228,2026-07-01,23,21,2,3
ATT_EMP0228_202608,EMP0228,2026-08-01,23,21,2,1
ATT_EMP0228_202609,EMP0228,2026-09-01,23,21,2,2
ATT_EMP0229_202510,EMP0229,2025-10-01,23,22,1,1
ATT_EMP0229_202511,EMP0229,2025-11-01,22,19,3,4
ATT_EMP0229_202512,EMP0229,2025-12-01,21,19,2,3
ATT_EMP0229_202601,EMP0229,2026-01-01,21,19,2,1
ATT_EMP0229_202602,EMP0229,2026-02-01,21,18,3,4
ATT_EMP0229_202603,EMP0229,2026-03-01,22,20,2,4
ATT_EMP0229_202604,EMP0229,2026-04-01,21,20,1,0
ATT_EMP0229_202605,EMP0229,2026-05-01,22,21,1,3
ATT_EMP0229_202606,EMP0229,2026-06-01,22,22,0,0
ATT_EMP0229_202607,EMP0229,2026-07-01,21,20,1,2
ATT_EMP0229_202608,EMP0229,2026-08-01,22,19,3,4
ATT_EMP0229_202609,EMP0229,2026-09-01,20,17,3,1
ATT_EMP0230_202510,EMP0230,2025-10-01,21,21,0,2
ATT_EMP0230_202511,EMP0230,2025-11-01,20,20,0,3
ATT_EMP0230_202512,EMP0230,2025-12-01,22,20,2,3
ATT_EMP0230_202601,EMP0230,2026-01-01,22,20,2,1
ATT_EMP0230_202602,EMP0230,2026-02-01,21,19,2,0
ATT_EMP0230_202603,EMP0230,2026-03-01,22,19,3,1
ATT_EMP0230_202604,EMP0230,2026-04-01,21,20,1,1
ATT_EMP0230_202605,EMP0230,2026-05-01,20,17,3,1
ATT_EMP0230_202606,EMP0230,2026-06-01,23,21,2,1
ATT_EMP0230_202607,EMP0230,2026-07-01,22,22,0,1
ATT_EMP0230_202608,EMP0230,2026-08-01,22,19,3,1
ATT_EMP0230_202609,EMP0230,2026-09-01,21,20,1,1
ATT_EMP0231_202510,EMP0231,2025-10-01,21,20,1,0
ATT_EMP0231_202511,EMP0231,2025-11-01,22,19,3,2
ATT_EMP0231_202512,EMP0231,2025-12-01,20,19,1,0
ATT_EMP0231_202601,EMP0231,2026-01-01,22,20,2,0
ATT_EMP0231_202602,EMP0231,2026-02-01,22,20,2,2
ATT_EMP0231_202603,EMP0231,2026-03-01,21,20,1,1
ATT_EMP0231_202604,EMP0231,2026-04-01,21,19,2,2
ATT_EMP0231_202605,EMP0231,2026-05-01,20,18,2,1
ATT_EMP0231_202606,EMP0231,2026-06-01,21,19,2,5
ATT_EMP0231_202607,EMP0231,2026-07-01,21,18,3,2
ATT_EMP0231_202608,EMP0231,2026-08-01,22,22,0,1
ATT_EMP0231_202609,EMP0231,2026-09-01,21,19,2,1
ATT_EMP0232_202510,EMP0232,2025-10-01,21,20,1,0
ATT_EMP0232_202511,EMP0232,2025-11-01,20,17,3,4
ATT_EMP0232_202512,EMP0232,2025-12-01,21,17,4,1
ATT_EMP0232_202601,EMP0232,2026-01-01,22,22,0,2
ATT_EMP0232_202602,EMP0232,2026-02-01,20,17,3,0
ATT_EMP0232_202603,EMP0232,2026-03-01,21,19,2,1
ATT_EMP0232_202604,EMP0232,2026-04-01,21,19,2,1
ATT_EMP0232_202605,EMP0232,2026-05-01,22,20,2,3
ATT_EMP0232_202606,EMP0232,2026-06-01,20,19,1,2
ATT_EMP0232_202607,EMP0232,2026-07-01,20,15,5,1
ATT_EMP0232_202608,EMP0232,2026-08-01,22,20,2,2
ATT_EMP0232_202609,EMP0232,2026-09-01,21,17,4,3
ATT_EMP0233_202510,EMP0233,2025-10-01,20,19,1,2
ATT_EMP0233_202511,EMP0233,2025-11-01,22,20,2,0
ATT_EMP0233_202512,EMP0233,2025-12-01,22,21,1,2
ATT_EMP0233_202601,EMP0233,2026-01-01,20,19,1,2
ATT_EMP0233_202602,EMP0233,2026-02-01,21,21,0,0
ATT_EMP0233_202603,EMP0233,2026-03-01,21,18,3,2
ATT_EMP0233_202604,EMP0233,2026-04-01,22,21,1,1
ATT_EMP0233_202605,EMP0233,2026-05-01,21,21,0,2
ATT_EMP0233_202606,EMP0233,2026-06-01,22,18,4,3
ATT_EMP0233_202607,EMP0233,2026-07-01,20,19,1,4
ATT_EMP0233_202608,EMP0233,2026-08-01,21,18,3,1
ATT_EMP0233_202609,EMP0233,2026-09-01,21,18,3,1
ATT_EMP0234_202510,EMP0234,2025-10-01,20,16,4,3
ATT_EMP0234_202511,EMP0234,2025-11-01,22,19,3,0
ATT_EMP0234_202512,EMP0234,2025-12-01,22,21,1,2
ATT_EMP0234_202601,EMP0234,2026-01-01,23,21,2,2
ATT_EMP0234_202602,EMP0234,2026-02-01,22,20,2,0
ATT_EMP0234_202603,EMP0234,2026-03-01,21,18,3,2
ATT_EMP0234_202604,EMP0234,2026-04-01,21,20,1,1
ATT_EMP0234_202605,EMP0234,2026-05-01,21,18,3,2
ATT_EMP0234_202606,EMP0234,2026-06-01,21,19,2,2
ATT_EMP0234_202607,EMP0234,2026-07-01,23,20,3,2
ATT_EMP0234_202608,EMP0234,2026-08-01,21,20,1,3
ATT_EMP0234_202609,EMP0234,2026-09-01,22,20,2,2
ATT_EMP0235_202510,EMP0235,2025-10-01,22,21,1,2
ATT_EMP0235_202511,EMP0235,2025-11-01,23,21,2,0
ATT_EMP0235_202512,EMP0235,2025-12-01,22,19,3,2
ATT_EMP0235_202601,EMP0235,2026-01-01,21,18,3,1
ATT_EMP0235_202602,EMP0235,2026-02-01,21,19,2,3
ATT_EMP0235_202603,EMP0235,2026-03-01,21,21,0,1
ATT_EMP0235_202604,EMP0235,2026-04-01,23,23,0,1
ATT_EMP0235_202605,EMP0235,2026-05-01,20,18,2,1
ATT_EMP0235_202606,EMP0235,2026-06-01,23,21,2,2
ATT_EMP0235_202607,EMP0235,2026-07-01,22,19,3,2
ATT_EMP0235_202608,EMP0235,2026-08-01,21,17,4,1
ATT_EMP0235_202609,EMP0235,2026-09-01,22,17,5,0
ATT_EMP0236_202510,EMP0236,2025-10-01,21,17,4,2
ATT_EMP0236_202511,EMP0236,2025-11-01,22,22,0,1
ATT_EMP0236_202512,EMP0236,2025-12-01,20,18,2,1
ATT_EMP0236_202601,EMP0236,2026-01-01,21,19,2,0
ATT_EMP0236_202602,EMP0236,2026-02-01,22,19,3,3
ATT_EMP0236_202603,EMP0236,2026-03-01,23,21,2,3
ATT_EMP0236_202604,EMP0236,2026-04-01,22,19,3,1
ATT_EMP0236_202605,EMP0236,2026-05-01,23,21,2,2
ATT_EMP0236_202606,EMP0236,2026-06-01,22,20,2,1
ATT_EMP0236_202607,EMP0236,2026-07-01,21,20,1,2
ATT_EMP0236_202608,EMP0236,2026-08-01,21,18,3,1
ATT_EMP0236_202609,EMP0236,2026-09-01,23,22,1,2
ATT_EMP0237_202510,EMP0237,2025-10-01,22,20,2,0
ATT_EMP0237_202511,EMP0237,2025-11-01,21,17,4,4
ATT_EMP0237_202512,EMP0237,2025-12-01,21,17,4,2
ATT_EMP0237_202601,EMP0237,2026-01-01,20,20,0,0
ATT_EMP0237_202602,EMP0237,2026-02-01,21,19,2,3
ATT_EMP0237_202603,EMP0237,2026-03-01,23,22,1,1
ATT_EMP0237_202604,EMP0237,2026-04-01,21,19,2,1
ATT_EMP0237_202605,EMP0237,2026-05-01,22,20,2,0
ATT_EMP0237_202606,EMP0237,2026-06-01,23,21,2,0
ATT_EMP0237_202607,EMP0237,2026-07-01,20,20,0,2
ATT_EMP0237_202608,EMP0237,2026-08-01,21,20,1,7
ATT_EMP0237_202609,EMP0237,2026-09-01,21,18,3,0
ATT_EMP0238_202510,EMP0238,2025-10-01,21,18,3,1
ATT_EMP0238_202511,EMP0238,2025-11-01,21,18,3,2
ATT_EMP0238_202512,EMP0238,2025-12-01,21,19,2,2
ATT_EMP0238_202601,EMP0238,2026-01-01,22,20,2,0
ATT_EMP0238_202602,EMP0238,2026-02-01,22,20,2,1
ATT_EMP0238_202603,EMP0238,2026-03-01,20,17,3,4
ATT_EMP0238_202604,EMP0238,2026-04-01,23,20,3,1
ATT_EMP0238_202605,EMP0238,2026-05-01,20,18,2,0
ATT_EMP0238_202606,EMP0238,2026-06-01,23,23,0,1
ATT_EMP0238_202607,EMP0238,2026-07-01,21,21,0,0
ATT_EMP0238_202608,EMP0238,2026-08-01,23,21,2,1
ATT_EMP0238_202609,EMP0238,2026-09-01,21,19,2,1
ATT_EMP0239_202510,EMP0239,2025-10-01,21,18,3,3
ATT_EMP0239_202511,EMP0239,2025-11-01,22,20,2,1
ATT_EMP0239_202512,EMP0239,2025-12-01,21,18,3,1
ATT_EMP0239_202601,EMP0239,2026-01-01,23,21,2,3
ATT_EMP0239_202602,EMP0239,2026-02-01,21,20,1,3
ATT_EMP0239_202603,EMP0239,2026-03-01,23,20,3,2
ATT_EMP0239_202604,EMP0239,2026-04-01,21,18,3,1
ATT_EMP0239_202605,EMP0239,2026-05-01,20,18,2,1
ATT_EMP0239_202606,EMP0239,2026-06-01,21,19,2,1
ATT_EMP0239_202607,EMP0239,2026-07-01,22,22,0,2
ATT_EMP0239_202608,EMP0239,2026-08-01,21,20,1,1
ATT_EMP0239_202609,EMP0239,2026-09-01,20,17,3,1
ATT_EMP0240_202510,EMP0240,2025-10-01,22,20,2,4
ATT_EMP0240_202511,EMP0240,2025-11-01,22,19,3,0
ATT_EMP0240_202512,EMP0240,2025-12-01,22,19,3,2
ATT_EMP0240_202601,EMP0240,2026-01-01,22,22,0,0
ATT_EMP0240_202602,EMP0240,2026-02-01,22,20,2,4
ATT_EMP0240_202603,EMP0240,2026-03-01,22,20,2,2
ATT_EMP0240_202604,EMP0240,2026-04-01,22,19,3,1
ATT_EMP0240_202605,EMP0240,2026-05-01,21,18,3,1
ATT_EMP0240_202606,EMP0240,2026-06-01,22,20,2,2
ATT_EMP0240_202607,EMP0240,2026-07-01,21,20,1,2
ATT_EMP0240_202608,EMP0240,2026-08-01,22,21,1,2
ATT_EMP0240_202609,EMP0240,2026-09-01,22,22,0,1
ATT_EMP0241_202510,EMP0241,2025-10-01,23,20,3,1
ATT_EMP0241_202511,EMP0241,2025-11-01,22,18,4,0
ATT_EMP0241_202512,EMP0241,2025-12-01,21,18,3,2
ATT_EMP0241_202601,EMP0241,2026-01-01,23,20,3,1
ATT_EMP0241_202602,EMP0241,2026-02-01,22,19,3,1
ATT_EMP0241_202603,EMP0241,2026-03-01,23,21,2,1
ATT_EMP0241_202604,EMP0241,2026-04-01,22,18,4,2
ATT_EMP0241_202605,EMP0241,2026-05-01,20,18,2,1
ATT_EMP0241_202606,EMP0241,2026-06-01,21,20,1,1
ATT_EMP0241_202607,EMP0241,2026-07-01,23,22,1,1
ATT_EMP0241_202608,EMP0241,2026-08-01,23,22,1,4
ATT_EMP0241_202609,EMP0241,2026-09-01,22,19,3,2
ATT_EMP0242_202510,EMP0242,2025-10-01,21,19,2,3
ATT_EMP0242_202511,EMP0242,2025-11-01,22,21,1,1
ATT_EMP0242_202512,EMP0242,2025-12-01,21,18,3,3
ATT_EMP0242_202601,EMP0242,2026-01-01,20,18,2,0
ATT_EMP0242_202602,EMP0242,2026-02-01,20,15,5,1
ATT_EMP0242_202603,EMP0242,2026-03-01,21,18,3,0
ATT_EMP0242_202604,EMP0242,2026-04-01,20,17,3,0
ATT_EMP0242_202605,EMP0242,2026-05-01,22,20,2,1
ATT_EMP0242_202606,EMP0242,2026-06-01,22,22,0,3
ATT_EMP0242_202607,EMP0242,2026-07-01,20,19,1,4
ATT_EMP0242_202608,EMP0242,2026-08-01,22,21,1,1
ATT_EMP0242_202609,EMP0242,2026-09-01,20,17,3,1
ATT_EMP0243_202510,EMP0243,2025-10-01,21,19,2,2
ATT_EMP0243_202511,EMP0243,2025-11-01,21,20,1,2
ATT_EMP0243_202512,EMP0243,2025-12-01,21,18,3,1
ATT_EMP0243_202601,EMP0243,2026-01-01,22,22,0,2
ATT_EMP0243_202602,EMP0243,2026-02-01,22,20,2,1
ATT_EMP0243_202603,EMP0243,2026-03-01,22,21,1,1
ATT_EMP0243_202604,EMP0243,2026-04-01,22,19,3,1
ATT_EMP0243_202605,EMP0243,2026-05-01,22,21,1,0
ATT_EMP0243_202606,EMP0243,2026-06-01,23,23,0,4
ATT_EMP0243_202607,EMP0243,2026-07-01,22,22,0,1
ATT_EMP0243_202608,EMP0243,2026-08-01,22,19,3,2
ATT_EMP0243_202609,EMP0243,2026-09-01,22,18,4,2
ATT_EMP0244_202510,EMP0244,2025-10-01,23,22,1,1
ATT_EMP0244_202511,EMP0244,2025-11-01,21,20,1,1
ATT_EMP0244_202512,EMP0244,2025-12-01,22,21,1,1
ATT_EMP0244_202601,EMP0244,2026-01-01,22,20,2,1
ATT_EMP0244_202602,EMP0244,2026-02-01,22,21,1,3
ATT_EMP0244_202603,EMP0244,2026-03-01,22,20,2,2
ATT_EMP0244_202604,EMP0244,2026-04-01,22,22,0,2
ATT_EMP0244_202605,EMP0244,2026-05-01,21,21,0,1
ATT_EMP0244_202606,EMP0244,2026-06-01,23,21,2,2
ATT_EMP0244_202607,EMP0244,2026-07-01,22,20,2,1
ATT_EMP0244_202608,EMP0244,2026-08-01,23,21,2,4
ATT_EMP0244_202609,EMP0244,2026-09-01,21,18,3,2
ATT_EMP0245_202510,EMP0245,2025-10-01,21,18,3,0
ATT_EMP0245_202511,EMP0245,2025-11-01,21,18,3,2
ATT_EMP0245_202512,EMP0245,2025-12-01,22,21,1,2
ATT_EMP0245_202601,EMP0245,2026-01-01,20,20,0,2
ATT_EMP0245_202602,EMP0245,2026-02-01,20,17,3,3
ATT_EMP0245_202603,EMP0245,2026-03-01,22,22,0,1
ATT_EMP0245_202604,EMP0245,2026-04-01,21,21,0,1
ATT_EMP0245_202605,EMP0245,2026-05-01,21,18,3,1
ATT_EMP0245_202606,EMP0245,2026-06-01,23,21,2,3
ATT_EMP0245_202607,EMP0245,2026-07-01,21,17,4,0
ATT_EMP0245_202608,EMP0245,2026-08-01,20,18,2,2
ATT_EMP0245_202609,EMP0245,2026-09-01,20,20,0,5
ATT_EMP0246_202510,EMP0246,2025-10-01,23,19,4,1
ATT_EMP0246_202511,EMP0246,2025-11-01,21,18,3,1
ATT_EMP0246_202512,EMP0246,2025-12-01,22,17,5,1
ATT_EMP0246_202601,EMP0246,2026-01-01,21,16,5,3
ATT_EMP0246_202602,EMP0246,2026-02-01,22,19,3,1
ATT_EMP0246_202603,EMP0246,2026-03-01,22,20,2,0
ATT_EMP0246_202604,EMP0246,2026-04-01,20,17,3,0
ATT_EMP0246_202605,EMP0246,2026-05-01,22,20,2,4
ATT_EMP0246_202606,EMP0246,2026-06-01,21,21,0,1
ATT_EMP0246_202607,EMP0246,2026-07-01,23,23,0,2
ATT_EMP0246_202608,EMP0246,2026-08-01,20,17,3,0
ATT_EMP0246_202609,EMP0246,2026-09-01,21,20,1,2
ATT_EMP0247_202510,EMP0247,2025-10-01,21,18,3,2
ATT_EMP0247_202511,EMP0247,2025-11-01,22,20,2,1
ATT_EMP0247_202512,EMP0247,2025-12-01,22,18,4,3
ATT_EMP0247_202601,EMP0247,2026-01-01,21,21,0,2
ATT_EMP0247_202602,EMP0247,2026-02-01,22,21,1,1
ATT_EMP0247_202603,EMP0247,2026-03-01,22,22,0,3
ATT_EMP0247_202604,EMP0247,2026-04-01,22,20,2,0
ATT_EMP0247_202605,EMP0247,2026-05-01,21,19,2,0
ATT_EMP0247_202606,EMP0247,2026-06-01,20,17,3,1
ATT_EMP0247_202607,EMP0247,2026-07-01,21,16,5,1
ATT_EMP0247_202608,EMP0247,2026-08-01,20,19,1,2
ATT_EMP0247_202609,EMP0247,2026-09-01,23,19,4,3
ATT_EMP0248_202510,EMP0248,2025-10-01,23,22,1,1
ATT_EMP0248_202511,EMP0248,2025-11-01,22,21,1,1
ATT_EMP0248_202512,EMP0248,2025-12-01,20,16,4,1
ATT_EMP0248_202601,EMP0248,2026-01-01,23,23,0,1
ATT_EMP0248_202602,EMP0248,2026-02-01,21,20,1,1
ATT_EMP0248_202603,EMP0248,2026-03-01,23,20,3,0
ATT_EMP0248_202604,EMP0248,2026-04-01,22,21,1,2
ATT_EMP0248_202605,EMP0248,2026-05-01,23,21,2,3
ATT_EMP0248_202606,EMP0248,2026-06-01,22,20,2,1
ATT_EMP0248_202607,EMP0248,2026-07-01,20,17,3,1
ATT_EMP0248_202608,EMP0248,2026-08-01,22,21,1,3
ATT_EMP0248_202609,EMP0248,2026-09-01,21,17,4,0
ATT_EMP0249_202510,EMP0249,2025-10-01,23,20,3,1
ATT_EMP0249_202511,EMP0249,2025-11-01,22,21,1,1
ATT_EMP0249_202512,EMP0249,2025-12-01,23,20,3,1
ATT_EMP0249_202601,EMP0249,2026-01-01,23,22,1,2
ATT_EMP0249_202602,EMP0249,2026-02-01,21,20,1,1
ATT_EMP0249_202603,EMP0249,2026-03-01,20,18,2,1
ATT_EMP0249_202604,EMP0249,2026-04-01,22,20,2,0
ATT_EMP0249_202605,EMP0249,2026-05-01,22,22,0,2
ATT_EMP0249_202606,EMP0249,2026-06-01,20,17,3,1
ATT_EMP0249_202607,EMP0249,2026-07-01,20,18,2,3
ATT_EMP0249_202608,EMP0249,2026-08-01,20,17,3,0
ATT_EMP0249_202609,EMP0249,2026-09-01,20,16,4,2
ATT_EMP0250_202510,EMP0250,2025-10-01,20,17,3,1
ATT_EMP0250_202511,EMP0250,2025-11-01,21,19,2,2
ATT_EMP0250_202512,EMP0250,2025-12-01,21,19,2,0
ATT_EMP0250_202601,EMP0250,2026-01-01,21,18,3,1
ATT_EMP0250_202602,EMP0250,2026-02-01,22,19,3,2
ATT_EMP0250_202603,EMP0250,2026-03-01,23,21,2,0
ATT_EMP0250_202604,EMP0250,2026-04-01,22,19,3,1
ATT_EMP0250_202605,EMP0250,2026-05-01,22,19,3,2
ATT_EMP0250_202606,EMP0250,2026-06-01,21,19,2,1
ATT_EMP0250_202607,EMP0250,2026-07-01,22,22,0,1
ATT_EMP0250_202608,EMP0250,2026-08-01,20,18,2,3
ATT_EMP0250_202609,EMP0250,2026-09-01,22,20,2,2
ATT_EMP0251_202510,EMP0251,2025-10-01,20,16,4,0
ATT_EMP0251_202511,EMP0251,2025-11-01,22,19,3,2
ATT_EMP0251_202512,EMP0251,2025-12-01,22,19,3,3
ATT_EMP0251_202601,EMP0251,2026-01-01,20,19,1,1
ATT_EMP0251_202602,EMP0251,2026-02-01,20,20,0,1
ATT_EMP0251_202603,EMP0251,2026-03-01,20,18,2,2
ATT_EMP0251_202604,EMP0251,2026-04-01,22,20,2,2
ATT_EMP0251_202605,EMP0251,2026-05-01,21,19,2,3
ATT_EMP0251_202606,EMP0251,2026-06-01,22,21,1,1
ATT_EMP0251_202607,EMP0251,2026-07-01,22,19,3,1
ATT_EMP0251_202608,EMP0251,2026-08-01,22,20,2,1
ATT_EMP0251_202609,EMP0251,2026-09-01,22,20,2,1
ATT_EMP0252_202510,EMP0252,2025-10-01,21,17,4,2
ATT_EMP0252_202511,EMP0252,2025-11-01,20,17,3,2
ATT_EMP0252_202512,EMP0252,2025-12-01,21,19,2,2
ATT_EMP0252_202601,EMP0252,2026-01-01,22,20,2,1
ATT_EMP0252_202602,EMP0252,2026-02-01,22,21,1,1
ATT_EMP0252_202603,EMP0252,2026-03-01,20,18,2,1
ATT_EMP0252_202604,EMP0252,2026-04-01,22,21,1,0
ATT_EMP0252_202605,EMP0252,2026-05-01,21,18,3,3
ATT_EMP0252_202606,EMP0252,2026-06-01,22,18,4,1
ATT_EMP0252_202607,EMP0252,2026-07-01,22,21,1,1
ATT_EMP0252_202608,EMP0252,2026-08-01,20,19,1,2
ATT_EMP0252_202609,EMP0252,2026-09-01,22,19,3,3
ATT_EMP0253_202510,EMP0253,2025-10-01,22,17,5,1
ATT_EMP0253_202511,EMP0253,2025-11-01,23,21,2,1
ATT_EMP0253_202512,EMP0253,2025-12-01,23,20,3,0
ATT_EMP0253_202601,EMP0253,2026-01-01,20,17,3,0
ATT_EMP0253_202602,EMP0253,2026-02-01,23,21,2,1
ATT_EMP0253_202603,EMP0253,2026-03-01,21,20,1,0
ATT_EMP0253_202604,EMP0253,2026-04-01,20,18,2,5
ATT_EMP0253_202605,EMP0253,2026-05-01,20,17,3,4
ATT_EMP0253_202606,EMP0253,2026-06-01,22,22,0,1
ATT_EMP0253_202607,EMP0253,2026-07-01,21,20,1,0
ATT_EMP0253_202608,EMP0253,2026-08-01,22,22,0,0
ATT_EMP0253_202609,EMP0253,2026-09-01,22,21,1,1
ATT_EMP0254_202510,EMP0254,2025-10-01,21,21,0,2
ATT_EMP0254_202511,EMP0254,2025-11-01,23,21,2,1
ATT_EMP0254_202512,EMP0254,2025-12-01,21,20,1,2
ATT_EMP0254_202601,EMP0254,2026-01-01,21,19,2,2
ATT_EMP0254_202602,EMP0254,2026-02-01,21,19,2,3
ATT_EMP0254_202603,EMP0254,2026-03-01,22,21,1,1
ATT_EMP0254_202604,EMP0254,2026-04-01,21,19,2,1
ATT_EMP0254_202605,EMP0254,2026-05-01,22,21,1,1
ATT_EMP0254_202606,EMP0254,2026-06-01,21,20,1,3
ATT_EMP0254_202607,EMP0254,2026-07-01,21,18,3,1
ATT_EMP0254_202608,EMP0254,2026-08-01,22,22,0,2
ATT_EMP0254_202609,EMP0254,2026-09-01,23,22,1,0
ATT_EMP0255_202510,EMP0255,2025-10-01,23,22,1,1
ATT_EMP0255_202511,EMP0255,2025-11-01,21,20,1,5
ATT_EMP0255_202512,EMP0255,2025-12-01,22,18,4,2
ATT_EMP0255_202601,EMP0255,2026-01-01,21,18,3,1
ATT_EMP0255_202602,EMP0255,2026-02-01,20,17,3,1
ATT_EMP0255_202603,EMP0255,2026-03-01,22,19,3,2
ATT_EMP0255_202604,EMP0255,2026-04-01,20,18,2,1
ATT_EMP0255_202605,EMP0255,2026-05-01,22,21,1,0
ATT_EMP0255_202606,EMP0255,2026-06-01,22,19,3,2
ATT_EMP0255_202607,EMP0255,2026-07-01,21,18,3,0
ATT_EMP0255_202608,EMP0255,2026-08-01,21,17,4,1
ATT_EMP0255_202609,EMP0255,2026-09-01,20,20,0,1
ATT_EMP0256_202510,EMP0256,2025-10-01,21,20,1,2
ATT_EMP0256_202511,EMP0256,2025-11-01,22,19,3,1
ATT_EMP0256_202512,EMP0256,2025-12-01,22,20,2,3
ATT_EMP0256_202601,EMP0256,2026-01-01,22,20,2,1
ATT_EMP0256_202602,EMP0256,2026-02-01,20,18,2,2
ATT_EMP0256_202603,EMP0256,2026-03-01,22,21,1,0
ATT_EMP0256_202604,EMP0256,2026-04-01,23,20,3,4
ATT_EMP0256_202605,EMP0256,2026-05-01,21,18,3,0
ATT_EMP0256_202606,EMP0256,2026-06-01,20,20,0,0
ATT_EMP0256_202607,EMP0256,2026-07-01,21,21,0,1
ATT_EMP0256_202608,EMP0256,2026-08-01,21,21,0,3
ATT_EMP0256_202609,EMP0256,2026-09-01,21,18,3,1
ATT_EMP0257_202510,EMP0257,2025-10-01,21,18,3,0
ATT_EMP0257_202511,EMP0257,2025-11-01,21,18,3,0
ATT_EMP0257_202512,EMP0257,2025-12-01,21,21,0,1
ATT_EMP0257_202601,EMP0257,2026-01-01,22,22,0,2
ATT_EMP0257_202602,EMP0257,2026-02-01,23,21,2,3
ATT_EMP0257_202603,EMP0257,2026-03-01,22,21,1,2
ATT_EMP0257_202604,EMP0257,2026-04-01,21,18,3,1
ATT_EMP0257_202605,EMP0257,2026-05-01,21,21,0,0
ATT_EMP0257_202606,EMP0257,2026-06-01,22,22,0,2
ATT_EMP0257_202607,EMP0257,2026-07-01,21,19,2,2
ATT_EMP0257_202608,EMP0257,2026-08-01,20,20,0,0
ATT_EMP0257_202609,EMP0257,2026-09-01,21,20,1,2
ATT_EMP0258_202510,EMP0258,2025-10-01,22,20,2,1
ATT_EMP0258_202511,EMP0258,2025-11-01,21,20,1,0
ATT_EMP0258_202512,EMP0258,2025-12-01,21,21,0,0
ATT_EMP0258_202601,EMP0258,2026-01-01,20,18,2,1
ATT_EMP0258_202602,EMP0258,2026-02-01,21,19,2,1
ATT_EMP0258_202603,EMP0258,2026-03-01,21,17,4,1
ATT_EMP0258_202604,EMP0258,2026-04-01,21,19,2,1
ATT_EMP0258_202605,EMP0258,2026-05-01,22,19,3,3
ATT_EMP0258_202606,EMP0258,2026-06-01,23,21,2,0
ATT_EMP0258_202607,EMP0258,2026-07-01,22,21,1,0
ATT_EMP0258_202608,EMP0258,2026-08-01,21,18,3,2
ATT_EMP0258_202609,EMP0258,2026-09-01,21,19,2,2
ATT_EMP0259_202510,EMP0259,2025-10-01,22,19,3,0
ATT_EMP0259_202511,EMP0259,2025-11-01,23,20,3,2
ATT_EMP0259_202512,EMP0259,2025-12-01,21,19,2,0
ATT_EMP0259_202601,EMP0259,2026-01-01,20,15,5,1
ATT_EMP0259_202602,EMP0259,2026-02-01,22,18,4,0
ATT_EMP0259_202603,EMP0259,2026-03-01,21,19,2,2
ATT_EMP0259_202604,EMP0259,2026-04-01,21,19,2,1
ATT_EMP0259_202605,EMP0259,2026-05-01,21,20,1,1
ATT_EMP0259_202606,EMP0259,2026-06-01,21,19,2,1
ATT_EMP0259_202607,EMP0259,2026-07-01,22,19,3,1
ATT_EMP0259_202608,EMP0259,2026-08-01,23,21,2,2
ATT_EMP0259_202609,EMP0259,2026-09-01,21,19,2,5
ATT_EMP0260_202510,EMP0260,2025-10-01,20,18,2,1
ATT_EMP0260_202511,EMP0260,2025-11-01,22,20,2,1
ATT_EMP0260_202512,EMP0260,2025-12-01,21,19,2,3
ATT_EMP0260_202601,EMP0260,2026-01-01,22,19,3,0
ATT_EMP0260_202602,EMP0260,2026-02-01,21,20,1,1
ATT_EMP0260_202603,EMP0260,2026-03-01,22,20,2,0
ATT_EMP0260_202604,EMP0260,2026-04-01,21,19,2,2
ATT_EMP0260_202605,EMP0260,2026-05-01,23,21,2,0
ATT_EMP0260_202606,EMP0260,2026-06-01,20,17,3,1
ATT_EMP0260_202607,EMP0260,2026-07-01,21,19,2,1
ATT_EMP0260_202608,EMP0260,2026-08-01,22,20,2,0
ATT_EMP0260_202609,EMP0260,2026-09-01,21,20,1,0
ATT_EMP0261_202510,EMP0261,2025-10-01,23,22,1,2
ATT_EMP0261_202511,EMP0261,2025-11-01,21,19,2,3
ATT_EMP0261_202512,EMP0261,2025-12-01,21,20,1,2
ATT_EMP0261_202601,EMP0261,2026-01-01,22,20,2,0
ATT_EMP0261_202602,EMP0261,2026-02-01,22,21,1,1
ATT_EMP0261_202603,EMP0261,2026-03-01,21,19,2,3
ATT_EMP0261_202604,EMP0261,2026-04-01,21,18,3,1
ATT_EMP0261_202605,EMP0261,2026-05-01,20,20,0,0
ATT_EMP0261_202606,EMP0261,2026-06-01,22,19,3,4
ATT_EMP0261_202607,EMP0261,2026-07-01,22,19,3,1
ATT_EMP0261_202608,EMP0261,2026-08-01,22,21,1,1
ATT_EMP0261_202609,EMP0261,2026-09-01,22,19,3,1
ATT_EMP0262_202510,EMP0262,2025-10-01,21,18,3,0
ATT_EMP0262_202511,EMP0262,2025-11-01,22,22,0,3
ATT_EMP0262_202512,EMP0262,2025-12-01,22,19,3,1
ATT_EMP0262_202601,EMP0262,2026-01-01,22,20,2,0
ATT_EMP0262_202602,EMP0262,2026-02-01,21,20,1,2
ATT_EMP0262_202603,EMP0262,2026-03-01,20,18,2,5
ATT_EMP0262_202604,EMP0262,2026-04-01,21,20,1,1
ATT_EMP0262_202605,EMP0262,2026-05-01,21,21,0,0
ATT_EMP0262_202606,EMP0262,2026-06-01,22,17,5,1
ATT_EMP0262_202607,EMP0262,2026-07-01,21,21,0,0
ATT_EMP0262_202608,EMP0262,2026-08-01,22,22,0,1
ATT_EMP0262_202609,EMP0262,2026-09-01,20,18,2,1
ATT_EMP0263_202510,EMP0263,2025-10-01,21,18,3,1
ATT_EMP0263_202511,EMP0263,2025-11-01,22,21,1,1
ATT_EMP0263_202512,EMP0263,2025-12-01,21,19,2,1
ATT_EMP0263_202601,EMP0263,2026-01-01,22,20,2,1
ATT_EMP0263_202602,EMP0263,2026-02-01,20,18,2,2
ATT_EMP0263_202603,EMP0263,2026-03-01,21,20,1,3
ATT_EMP0263_202604,EMP0263,2026-04-01,22,20,2,3
ATT_EMP0263_202605,EMP0263,2026-05-01,20,19,1,4
ATT_EMP0263_202606,EMP0263,2026-06-01,22,20,2,0
ATT_EMP0263_202607,EMP0263,2026-07-01,22,19,3,4
ATT_EMP0263_202608,EMP0263,2026-08-01,22,19,3,2
ATT_EMP0263_202609,EMP0263,2026-09-01,22,22,0,2
ATT_EMP0264_202510,EMP0264,2025-10-01,22,22,0,1
ATT_EMP0264_202511,EMP0264,2025-11-01,21,20,1,2
ATT_EMP0264_202512,EMP0264,2025-12-01,22,21,1,2
ATT_EMP0264_202601,EMP0264,2026-01-01,23,22,1,1
ATT_EMP0264_202602,EMP0264,2026-02-01,20,20,0,1
ATT_EMP0264_202603,EMP0264,2026-03-01,21,20,1,1
ATT_EMP0264_202604,EMP0264,2026-04-01,22,21,1,3
ATT_EMP0264_202605,EMP0264,2026-05-01,21,18,3,1
ATT_EMP0264_202606,EMP0264,2026-06-01,21,17,4,2
ATT_EMP0264_202607,EMP0264,2026-07-01,23,22,1,1
ATT_EMP0264_202608,EMP0264,2026-08-01,21,20,1,1
ATT_EMP0264_202609,EMP0264,2026-09-01,22,20,2,2
ATT_EMP0265_202510,EMP0265,2025-10-01,23,22,1,2
ATT_EMP0265_202511,EMP0265,2025-11-01,21,20,1,3
ATT_EMP0265_202512,EMP0265,2025-12-01,22,22,0,2
ATT_EMP0265_202601,EMP0265,2026-01-01,22,18,4,1
ATT_EMP0265_202602,EMP0265,2026-02-01,20,16,4,2
ATT_EMP0265_202603,EMP0265,2026-03-01,22,19,3,0
ATT_EMP0265_202604,EMP0265,2026-04-01,22,20,2,1
ATT_EMP0265_202605,EMP0265,2026-05-01,22,20,2,0
ATT_EMP0265_202606,EMP0265,2026-06-01,23,22,1,1
ATT_EMP0265_202607,EMP0265,2026-07-01,21,19,2,2
ATT_EMP0265_202608,EMP0265,2026-08-01,20,19,1,0
ATT_EMP0265_202609,EMP0265,2026-09-01,22,19,3,1
ATT_EMP0266_202510,EMP0266,2025-10-01,20,19,1,3
ATT_EMP0266_202511,EMP0266,2025-11-01,20,17,3,2
ATT_EMP0266_202512,EMP0266,2025-12-01,20,17,3,2
ATT_EMP0266_202601,EMP0266,2026-01-01,22,19,3,1
ATT_EMP0266_202602,EMP0266,2026-02-01,21,20,1,3
ATT_EMP0266_202603,EMP0266,2026-03-01,22,19,3,0
ATT_EMP0266_202604,EMP0266,2026-04-01,23,21,2,0
ATT_EMP0266_202605,EMP0266,2026-05-01,22,20,2,1
ATT_EMP0266_202606,EMP0266,2026-06-01,22,19,3,1
ATT_EMP0266_202607,EMP0266,2026-07-01,21,20,1,3
ATT_EMP0266_202608,EMP0266,2026-08-01,22,22,0,1
ATT_EMP0266_202609,EMP0266,2026-09-01,22,20,2,0
ATT_EMP0267_202510,EMP0267,2025-10-01,22,19,3,0
ATT_EMP0267_202511,EMP0267,2025-11-01,21,18,3,3
ATT_EMP0267_202512,EMP0267,2025-12-01,22,20,2,2
ATT_EMP0267_202601,EMP0267,2026-01-01,22,22,0,2
ATT_EMP0267_202602,EMP0267,2026-02-01,21,18,3,0
ATT_EMP0267_202603,EMP0267,2026-03-01,23,22,1,0
ATT_EMP0267_202604,EMP0267,2026-04-01,22,19,3,2
ATT_EMP0267_202605,EMP0267,2026-05-01,21,19,2,1
ATT_EMP0267_202606,EMP0267,2026-06-01,22,21,1,2
ATT_EMP0267_202607,EMP0267,2026-07-01,23,22,1,0
ATT_EMP0267_202608,EMP0267,2026-08-01,22,20,2,1
ATT_EMP0267_202609,EMP0267,2026-09-01,22,19,3,0
ATT_EMP0268_202510,EMP0268,2025-10-01,21,18,3,0
ATT_EMP0268_202511,EMP0268,2025-11-01,22,20,2,2
ATT_EMP0268_202512,EMP0268,2025-12-01,22,21,1,2
ATT_EMP0268_202601,EMP0268,2026-01-01,20,17,3,1
ATT_EMP0268_202602,EMP0268,2026-02-01,22,18,4,2
ATT_EMP0268_202603,EMP0268,2026-03-01,22,22,0,1
ATT_EMP0268_202604,EMP0268,2026-04-01,22,22,0,1
ATT_EMP0268_202605,EMP0268,2026-05-01,22,20,2,1
ATT_EMP0268_202606,EMP0268,2026-06-01,23,23,0,0
ATT_EMP0268_202607,EMP0268,2026-07-01,21,19,2,1
ATT_EMP0268_202608,EMP0268,2026-08-01,21,19,2,4
ATT_EMP0268_202609,EMP0268,2026-09-01,23,22,1,0
ATT_EMP0269_202510,EMP0269,2025-10-01,21,19,2,1
ATT_EMP0269_202511,EMP0269,2025-11-01,22,21,1,1
ATT_EMP0269_202512,EMP0269,2025-12-01,23,20,3,0
ATT_EMP0269_202601,EMP0269,2026-01-01,21,19,2,1
ATT_EMP0269_202602,EMP0269,2026-02-01,22,17,5,3
ATT_EMP0269_202603,EMP0269,2026-03-01,20,17,3,0
ATT_EMP0269_202604,EMP0269,2026-04-01,22,20,2,1
ATT_EMP0269_202605,EMP0269,2026-05-01,20,16,4,2
ATT_EMP0269_202606,EMP0269,2026-06-01,22,19,3,0
ATT_EMP0269_202607,EMP0269,2026-07-01,21,20,1,2
ATT_EMP0269_202608,EMP0269,2026-08-01,20,19,1,2
ATT_EMP0269_202609,EMP0269,2026-09-01,21,21,0,1
ATT_EMP0270_202510,EMP0270,2025-10-01,20,16,4,2
ATT_EMP0270_202511,EMP0270,2025-11-01,22,19,3,1
ATT_EMP0270_202512,EMP0270,2025-12-01,21,19,2,1
ATT_EMP0270_202601,EMP0270,2026-01-01,22,17,5,1
ATT_EMP0270_202602,EMP0270,2026-02-01,22,22,0,1
ATT_EMP0270_202603,EMP0270,2026-03-01,22,19,3,0
ATT_EMP0270_202604,EMP0270,2026-04-01,23,22,1,6
ATT_EMP0270_202605,EMP0270,2026-05-01,22,17,5,1
ATT_EMP0270_202606,EMP0270,2026-06-01,20,17,3,1
ATT_EMP0270_202607,EMP0270,2026-07-01,22,20,2,1
ATT_EMP0270_202608,EMP0270,2026-08-01,21,17,4,1
ATT_EMP0270_202609,EMP0270,2026-09-01,23,21,2,3
ATT_EMP0271_202510,EMP0271,2025-10-01,21,19,2,3
ATT_EMP0271_202511,EMP0271,2025-11-01,21,19,2,2
ATT_EMP0271_202512,EMP0271,2025-12-01,21,20,1,1
ATT_EMP0271_202601,EMP0271,2026-01-01,23,21,2,1
ATT_EMP0271_202602,EMP0271,2026-02-01,21,19,2,0
ATT_EMP0271_202603,EMP0271,2026-03-01,23,21,2,4
ATT_EMP0271_202604,EMP0271,2026-04-01,21,19,2,1
ATT_EMP0271_202605,EMP0271,2026-05-01,23,19,4,2
ATT_EMP0271_202606,EMP0271,2026-06-01,23,21,2,1
ATT_EMP0271_202607,EMP0271,2026-07-01,22,20,2,1
ATT_EMP0271_202608,EMP0271,2026-08-01,22,19,3,2
ATT_EMP0271_202609,EMP0271,2026-09-01,22,20,2,2
ATT_EMP0272_202510,EMP0272,2025-10-01,22,20,2,1
ATT_EMP0272_202511,EMP0272,2025-11-01,20,16,4,2
ATT_EMP0272_202512,EMP0272,2025-12-01,21,16,5,2
ATT_EMP0272_202601,EMP0272,2026-01-01,23,20,3,1
ATT_EMP0272_202602,EMP0272,2026-02-01,22,19,3,2
ATT_EMP0272_202603,EMP0272,2026-03-01,20,18,2,1
ATT_EMP0272_202604,EMP0272,2026-04-01,22,20,2,0
ATT_EMP0272_202605,EMP0272,2026-05-01,20,18,2,0
ATT_EMP0272_202606,EMP0272,2026-06-01,20,16,4,0
ATT_EMP0272_202607,EMP0272,2026-07-01,22,22,0,1
ATT_EMP0272_202608,EMP0272,2026-08-01,22,20,2,3
ATT_EMP0272_202609,EMP0272,2026-09-01,20,20,0,1
ATT_EMP0273_202510,EMP0273,2025-10-01,23,21,2,1
ATT_EMP0273_202511,EMP0273,2025-11-01,23,19,4,1
ATT_EMP0273_202512,EMP0273,2025-12-01,23,22,1,2
ATT_EMP0273_202601,EMP0273,2026-01-01,21,20,1,5
ATT_EMP0273_202602,EMP0273,2026-02-01,20,20,0,0
ATT_EMP0273_202603,EMP0273,2026-03-01,22,20,2,1
ATT_EMP0273_202604,EMP0273,2026-04-01,22,21,1,1
ATT_EMP0273_202605,EMP0273,2026-05-01,21,20,1,0
ATT_EMP0273_202606,EMP0273,2026-06-01,23,21,2,0
ATT_EMP0273_202607,EMP0273,2026-07-01,22,22,0,3
ATT_EMP0273_202608,EMP0273,2026-08-01,20,17,3,3
ATT_EMP0273_202609,EMP0273,2026-09-01,23,19,4,2
ATT_EMP0274_202510,EMP0274,2025-10-01,23,21,2,2
ATT_EMP0274_202511,EMP0274,2025-11-01,22,20,2,0
ATT_EMP0274_202512,EMP0274,2025-12-01,22,19,3,0
ATT_EMP0274_202601,EMP0274,2026-01-01,22,21,1,1
ATT_EMP0274_202602,EMP0274,2026-02-01,22,20,2,3
ATT_EMP0274_202603,EMP0274,2026-03-01,20,17,3,1
ATT_EMP0274_202604,EMP0274,2026-04-01,20,19,1,0
ATT_EMP0274_202605,EMP0274,2026-05-01,23,23,0,4
ATT_EMP0274_202606,EMP0274,2026-06-01,22,22,0,2
ATT_EMP0274_202607,EMP0274,2026-07-01,21,17,4,1
ATT_EMP0274_202608,EMP0274,2026-08-01,20,16,4,0
ATT_EMP0274_202609,EMP0274,2026-09-01,21,18,3,5
ATT_EMP0275_202510,EMP0275,2025-10-01,21,21,0,2
ATT_EMP0275_202511,EMP0275,2025-11-01,20,18,2,2
ATT_EMP0275_202512,EMP0275,2025-12-01,21,21,0,4
ATT_EMP0275_202601,EMP0275,2026-01-01,23,23,0,1
ATT_EMP0275_202602,EMP0275,2026-02-01,22,18,4,2
ATT_EMP0275_202603,EMP0275,2026-03-01,20,20,0,2
ATT_EMP0275_202604,EMP0275,2026-04-01,22,20,2,2
ATT_EMP0275_202605,EMP0275,2026-05-01,22,19,3,2
ATT_EMP0275_202606,EMP0275,2026-06-01,21,19,2,0
ATT_EMP0275_202607,EMP0275,2026-07-01,21,17,4,1
ATT_EMP0275_202608,EMP0275,2026-08-01,22,18,4,3
ATT_EMP0275_202609,EMP0275,2026-09-01,20,19,1,0
ATT_EMP0276_202510,EMP0276,2025-10-01,21,19,2,1
ATT_EMP0276_202511,EMP0276,2025-11-01,22,20,2,1
ATT_EMP0276_202512,EMP0276,2025-12-01,23,22,1,1
ATT_EMP0276_202601,EMP0276,2026-01-01,21,20,1,2
ATT_EMP0276_202602,EMP0276,2026-02-01,21,19,2,1
ATT_EMP0276_202603,EMP0276,2026-03-01,22,21,1,4
ATT_EMP0276_202604,EMP0276,2026-04-01,21,19,2,1
ATT_EMP0276_202605,EMP0276,2026-05-01,22,20,2,4
ATT_EMP0276_202606,EMP0276,2026-06-01,21,19,2,1
ATT_EMP0276_202607,EMP0276,2026-07-01,21,21,0,0
ATT_EMP0276_202608,EMP0276,2026-08-01,23,22,1,1
ATT_EMP0276_202609,EMP0276,2026-09-01,21,18,3,3
ATT_EMP0277_202510,EMP0277,2025-10-01,22,21,1,0
ATT_EMP0277_202511,EMP0277,2025-11-01,22,19,3,2
ATT_EMP0277_202512,EMP0277,2025-12-01,21,19,2,0
ATT_EMP0277_202601,EMP0277,2026-01-01,23,22,1,2
ATT_EMP0277_202602,EMP0277,2026-02-01,21,21,0,0
ATT_EMP0277_202603,EMP0277,2026-03-01,21,21,0,1
ATT_EMP0277_202604,EMP0277,2026-04-01,20,16,4,1
ATT_EMP0277_202605,EMP0277,2026-05-01,21,18,3,0
ATT_EMP0277_202606,EMP0277,2026-06-01,21,18,3,4
ATT_EMP0277_202607,EMP0277,2026-07-01,22,21,1,1
ATT_EMP0277_202608,EMP0277,2026-08-01,22,20,2,1
ATT_EMP0277_202609,EMP0277,2026-09-01,22,19,3,2
ATT_EMP0278_202510,EMP0278,2025-10-01,23,20,3,1
ATT_EMP0278_202511,EMP0278,2025-11-01,20,18,2,2
ATT_EMP0278_202512,EMP0278,2025-12-01,21,19,2,1
ATT_EMP0278_202601,EMP0278,2026-01-01,20,17,3,3
ATT_EMP0278_202602,EMP0278,2026-02-01,21,19,2,2
ATT_EMP0278_202603,EMP0278,2026-03-01,21,19,2,0
ATT_EMP0278_202604,EMP0278,2026-04-01,22,22,0,0
ATT_EMP0278_202605,EMP0278,2026-05-01,20,17,3,1
ATT_EMP0278_202606,EMP0278,2026-06-01,22,20,2,3
ATT_EMP0278_202607,EMP0278,2026-07-01,22,18,4,2
ATT_EMP0278_202608,EMP0278,2026-08-01,22,21,1,1
ATT_EMP0278_202609,EMP0278,2026-09-01,22,21,1,2
ATT_EMP0279_202510,EMP0279,2025-10-01,20,19,1,0
ATT_EMP0279_202511,EMP0279,2025-11-01,22,20,2,5
ATT_EMP0279_202512,EMP0279,2025-12-01,21,19,2,0
ATT_EMP0279_202601,EMP0279,2026-01-01,23,20,3,2
ATT_EMP0279_202602,EMP0279,2026-02-01,21,19,2,2
ATT_EMP0279_202603,EMP0279,2026-03-01,21,17,4,2
ATT_EMP0279_202604,EMP0279,2026-04-01,22,20,2,1
ATT_EMP0279_202605,EMP0279,2026-05-01,21,19,2,1
ATT_EMP0279_202606,EMP0279,2026-06-01,22,20,2,1
ATT_EMP0279_202607,EMP0279,2026-07-01,20,20,0,0
ATT_EMP0279_202608,EMP0279,2026-08-01,22,21,1,1
ATT_EMP0279_202609,EMP0279,2026-09-01,22,18,4,1
ATT_EMP0280_202510,EMP0280,2025-10-01,23,21,2,0
ATT_EMP0280_202511,EMP0280,2025-11-01,22,21,1,0
ATT_EMP0280_202512,EMP0280,2025-12-01,21,18,3,3
ATT_EMP0280_202601,EMP0280,2026-01-01,23,21,2,1
ATT_EMP0280_202602,EMP0280,2026-02-01,22,20,2,3
ATT_EMP0280_202603,EMP0280,2026-03-01,23,21,2,2
ATT_EMP0280_202604,EMP0280,2026-04-01,20,18,2,1
ATT_EMP0280_202605,EMP0280,2026-05-01,21,18,3,0
ATT_EMP0280_202606,EMP0280,2026-06-01,21,21,0,2
ATT_EMP0280_202607,EMP0280,2026-07-01,22,21,1,1
ATT_EMP0280_202608,EMP0280,2026-08-01,22,21,1,0
ATT_EMP0280_202609,EMP0280,2026-09-01,21,20,1,1
ATT_EMP0281_202510,EMP0281,2025-10-01,21,19,2,2
ATT_EMP0281_202511,EMP0281,2025-11-01,21,19,2,2
ATT_EMP0281_202512,EMP0281,2025-12-01,22,20,2,1
ATT_EMP0281_202601,EMP0281,2026-01-01,20,17,3,2
ATT_EMP0281_202602,EMP0281,2026-02-01,22,19,3,0
ATT_EMP0281_202603,EMP0281,2026-03-01,22,20,2,2
ATT_EMP0281_202604,EMP0281,2026-04-01,22,22,0,1
ATT_EMP0281_202605,EMP0281,2026-05-01,23,20,3,1
ATT_EMP0281_202606,EMP0281,2026-06-01,20,18,2,0
ATT_EMP0281_202607,EMP0281,2026-07-01,21,19,2,4
ATT_EMP0281_202608,EMP0281,2026-08-01,20,18,2,2
ATT_EMP0281_202609,EMP0281,2026-09-01,23,21,2,2
ATT_EMP0282_202510,EMP0282,2025-10-01,21,21,0,1
ATT_EMP0282_202511,EMP0282,2025-11-01,22,21,1,1
ATT_EMP0282_202512,EMP0282,2025-12-01,23,21,2,2
ATT_EMP0282_202601,EMP0282,2026-01-01,20,18,2,0
ATT_EMP0282_202602,EMP0282,2026-02-01,21,20,1,3
ATT_EMP0282_202603,EMP0282,2026-03-01,22,20,2,0
ATT_EMP0282_202604,EMP0282,2026-04-01,21,18,3,4
ATT_EMP0282_202605,EMP0282,2026-05-01,22,18,4,2
ATT_EMP0282_202606,EMP0282,2026-06-01,22,22,0,1
ATT_EMP0282_202607,EMP0282,2026-07-01,21,19,2,3
ATT_EMP0282_202608,EMP0282,2026-08-01,21,18,3,1
ATT_EMP0282_202609,EMP0282,2026-09-01,20,17,3,6
ATT_EMP0283_202510,EMP0283,2025-10-01,20,19,1,0
ATT_EMP0283_202511,EMP0283,2025-11-01,23,22,1,0
ATT_EMP0283_202512,EMP0283,2025-12-01,20,19,1,1
ATT_EMP0283_202601,EMP0283,2026-01-01,21,18,3,0
ATT_EMP0283_202602,EMP0283,2026-02-01,22,22,0,2
ATT_EMP0283_202603,EMP0283,2026-03-01,21,17,4,1
ATT_EMP0283_202604,EMP0283,2026-04-01,22,21,1,2
ATT_EMP0283_202605,EMP0283,2026-05-01,21,18,3,2
ATT_EMP0283_202606,EMP0283,2026-06-01,21,19,2,1
ATT_EMP0283_202607,EMP0283,2026-07-01,22,17,5,5
ATT_EMP0283_202608,EMP0283,2026-08-01,23,21,2,1
ATT_EMP0283_202609,EMP0283,2026-09-01,20,17,3,3
ATT_EMP0284_202510,EMP0284,2025-10-01,22,21,1,0
ATT_EMP0284_202511,EMP0284,2025-11-01,22,21,1,2
ATT_EMP0284_202512,EMP0284,2025-12-01,20,18,2,3
ATT_EMP0284_202601,EMP0284,2026-01-01,22,21,1,1
ATT_EMP0284_202602,EMP0284,2026-02-01,23,22,1,0
ATT_EMP0284_202603,EMP0284,2026-03-01,21,20,1,0
ATT_EMP0284_202604,EMP0284,2026-04-01,23,18,5,2
ATT_EMP0284_202605,EMP0284,2026-05-01,23,22,1,3
ATT_EMP0284_202606,EMP0284,2026-06-01,21,18,3,0
ATT_EMP0284_202607,EMP0284,2026-07-01,20,17,3,2
ATT_EMP0284_202608,EMP0284,2026-08-01,22,20,2,2
ATT_EMP0284_202609,EMP0284,2026-09-01,21,21,0,0
ATT_EMP0285_202510,EMP0285,2025-10-01,20,20,0,2
ATT_EMP0285_202511,EMP0285,2025-11-01,22,20,2,0
ATT_EMP0285_202512,EMP0285,2025-12-01,22,20,2,1
ATT_EMP0285_202601,EMP0285,2026-01-01,20,16,4,1
ATT_EMP0285_202602,EMP0285,2026-02-01,21,19,2,0
ATT_EMP0285_202603,EMP0285,2026-03-01,23,22,1,3
ATT_EMP0285_202604,EMP0285,2026-04-01,21,20,1,0
ATT_EMP0285_202605,EMP0285,2026-05-01,20,17,3,1
ATT_EMP0285_202606,EMP0285,2026-06-01,21,19,2,0
ATT_EMP0285_202607,EMP0285,2026-07-01,23,20,3,2
ATT_EMP0285_202608,EMP0285,2026-08-01,20,18,2,1
ATT_EMP0285_202609,EMP0285,2026-09-01,21,19,2,1
ATT_EMP0286_202510,EMP0286,2025-10-01,22,22,0,1
ATT_EMP0286_202511,EMP0286,2025-11-01,20,16,4,0
ATT_EMP0286_202512,EMP0286,2025-12-01,21,20,1,2
ATT_EMP0286_202601,EMP0286,2026-01-01,22,21,1,2
ATT_EMP0286_202602,EMP0286,2026-02-01,23,22,1,2
ATT_EMP0286_202603,EMP0286,2026-03-01,22,19,3,1
ATT_EMP0286_202604,EMP0286,2026-04-01,21,21,0,0
ATT_EMP0286_202605,EMP0286,2026-05-01,21,21,0,4
ATT_EMP0286_202606,EMP0286,2026-06-01,20,16,4,2
ATT_EMP0286_202607,EMP0286,2026-07-01,20,20,0,3
ATT_EMP0286_202608,EMP0286,2026-08-01,20,18,2,2
ATT_EMP0286_202609,EMP0286,2026-09-01,20,18,2,0
ATT_EMP0287_202510,EMP0287,2025-10-01,22,19,3,0
ATT_EMP0287_202511,EMP0287,2025-11-01,22,19,3,3
ATT_EMP0287_202512,EMP0287,2025-12-01,20,19,1,2
ATT_EMP0287_202601,EMP0287,2026-01-01,22,18,4,2
ATT_EMP0287_202602,EMP0287,2026-02-01,21,19,2,2
ATT_EMP0287_202603,EMP0287,2026-03-01,22,22,0,2
ATT_EMP0287_202604,EMP0287,2026-04-01,21,18,3,1
ATT_EMP0287_202605,EMP0287,2026-05-01,22,17,5,1
ATT_EMP0287_202606,EMP0287,2026-06-01,23,20,3,1
ATT_EMP0287_202607,EMP0287,2026-07-01,22,19,3,1
ATT_EMP0287_202608,EMP0287,2026-08-01,23,22,1,0
ATT_EMP0287_202609,EMP0287,2026-09-01,21,20,1,1
ATT_EMP0288_202510,EMP0288,2025-10-01,22,20,2,2
ATT_EMP0288_202511,EMP0288,2025-11-01,22,21,1,1
ATT_EMP0288_202512,EMP0288,2025-12-01,20,16,4,1
ATT_EMP0288_202601,EMP0288,2026-01-01,23,22,1,0
ATT_EMP0288_202602,EMP0288,2026-02-01,20,19,1,0
ATT_EMP0288_202603,EMP0288,2026-03-01,21,18,3,2
ATT_EMP0288_202604,EMP0288,2026-04-01,22,22,0,2
ATT_EMP0288_202605,EMP0288,2026-05-01,22,21,1,2
ATT_EMP0288_202606,EMP0288,2026-06-01,20,19,1,2
ATT_EMP0288_202607,EMP0288,2026-07-01,22,20,2,1
ATT_EMP0288_202608,EMP0288,2026-08-01,22,20,2,0
ATT_EMP0288_202609,EMP0288,2026-09-01,21,18,3,1
ATT_EMP0289_202510,EMP0289,2025-10-01,21,18,3,1
ATT_EMP0289_202511,EMP0289,2025-11-01,21,19,2,2
ATT_EMP0289_202512,EMP0289,2025-12-01,21,18,3,2
ATT_EMP0289_202601,EMP0289,2026-01-01,21,19,2,2
ATT_EMP0289_202602,EMP0289,2026-02-01,23,21,2,1
ATT_EMP0289_202603,EMP0289,2026-03-01,22,20,2,1
ATT_EMP0289_202604,EMP0289,2026-04-01,23,21,2,3
ATT_EMP0289_202605,EMP0289,2026-05-01,22,20,2,0
ATT_EMP0289_202606,EMP0289,2026-06-01,22,20,2,1
ATT_EMP0289_202607,EMP0289,2026-07-01,21,17,4,3
ATT_EMP0289_202608,EMP0289,2026-08-01,21,18,3,0
ATT_EMP0289_202609,EMP0289,2026-09-01,22,20,2,0
ATT_EMP0290_202510,EMP0290,2025-10-01,21,21,0,3
ATT_EMP0290_202511,EMP0290,2025-11-01,22,20,2,2
ATT_EMP0290_202512,EMP0290,2025-12-01,21,19,2,3
ATT_EMP0290_202601,EMP0290,2026-01-01,21,18,3,2
ATT_EMP0290_202602,EMP0290,2026-02-01,23,21,2,0
ATT_EMP0290_202603,EMP0290,2026-03-01,22,21,1,2
ATT_EMP0290_202604,EMP0290,2026-04-01,21,19,2,1
ATT_EMP0290_202605,EMP0290,2026-05-01,22,19,3,1
ATT_EMP0290_202606,EMP0290,2026-06-01,21,21,0,0
ATT_EMP0290_202607,EMP0290,2026-07-01,20,20,0,1
ATT_EMP0290_202608,EMP0290,2026-08-01,22,18,4,3
ATT_EMP0290_202609,EMP0290,2026-09-01,23,23,0,0
ATT_EMP0291_202510,EMP0291,2025-10-01,22,21,1,1
ATT_EMP0291_202511,EMP0291,2025-11-01,21,20,1,0
ATT_EMP0291_202512,EMP0291,2025-12-01,23,20,3,1
ATT_EMP0291_202601,EMP0291,2026-01-01,21,21,0,4
ATT_EMP0291_202602,EMP0291,2026-02-01,23,21,2,2
ATT_EMP0291_202603,EMP0291,2026-03-01,23,20,3,2
ATT_EMP0291_202604,EMP0291,2026-04-01,21,20,1,2
ATT_EMP0291_202605,EMP0291,2026-05-01,23,22,1,1
ATT_EMP0291_202606,EMP0291,2026-06-01,21,20,1,1
ATT_EMP0291_202607,EMP0291,2026-07-01,21,20,1,0
ATT_EMP0291_202608,EMP0291,2026-08-01,22,20,2,0
ATT_EMP0291_202609,EMP0291,2026-09-01,21,20,1,1
ATT_EMP0292_202510,EMP0292,2025-10-01,21,19,2,1
ATT_EMP0292_202511,EMP0292,2025-11-01,22,18,4,1
ATT_EMP0292_202512,EMP0292,2025-12-01,20,20,0,2
ATT_EMP0292_202601,EMP0292,2026-01-01,21,18,3,3
ATT_EMP0292_202602,EMP0292,2026-02-01,22,22,0,3
ATT_EMP0292_202603,EMP0292,2026-03-01,22,16,6,0
ATT_EMP0292_202604,EMP0292,2026-04-01,22,21,1,2
ATT_EMP0292_202605,EMP0292,2026-05-01,22,22,0,0
ATT_EMP0292_202606,EMP0292,2026-06-01,21,18,3,3
ATT_EMP0292_202607,EMP0292,2026-07-01,21,19,2,2
ATT_EMP0292_202608,EMP0292,2026-08-01,22,20,2,2
ATT_EMP0292_202609,EMP0292,2026-09-01,21,17,4,2
ATT_EMP0293_202510,EMP0293,2025-10-01,22,21,1,3
ATT_EMP0293_202511,EMP0293,2025-11-01,22,21,1,0
ATT_EMP0293_202512,EMP0293,2025-12-01,21,17,4,3
ATT_EMP0293_202601,EMP0293,2026-01-01,21,20,1,0
ATT_EMP0293_202602,EMP0293,2026-02-01,20,18,2,2
ATT_EMP0293_202603,EMP0293,2026-03-01,21,21,0,0
ATT_EMP0293_202604,EMP0293,2026-04-01,21,18,3,1
ATT_EMP0293_202605,EMP0293,2026-05-01,22,21,1,2
ATT_EMP0293_202606,EMP0293,2026-06-01,22,19,3,1
ATT_EMP0293_202607,EMP0293,2026-07-01,21,20,1,1
ATT_EMP0293_202608,EMP0293,2026-08-01,23,21,2,1
ATT_EMP0293_202609,EMP0293,2026-09-01,22,20,2,2
ATT_EMP0294_202510,EMP0294,2025-10-01,21,20,1,1
ATT_EMP0294_202511,EMP0294,2025-11-01,22,19,3,3
ATT_EMP0294_202512,EMP0294,2025-12-01,22,20,2,1
ATT_EMP0294_202601,EMP0294,2026-01-01,23,19,4,2
ATT_EMP0294_202602,EMP0294,2026-02-01,21,19,2,1
ATT_EMP0294_202603,EMP0294,2026-03-01,21,18,3,3
ATT_EMP0294_202604,EMP0294,2026-04-01,21,17,4,2
ATT_EMP0294_202605,EMP0294,2026-05-01,23,23,0,1
ATT_EMP0294_202606,EMP0294,2026-06-01,22,20,2,2
ATT_EMP0294_202607,EMP0294,2026-07-01,23,20,3,0
ATT_EMP0294_202608,EMP0294,2026-08-01,23,20,3,1
ATT_EMP0294_202609,EMP0294,2026-09-01,22,19,3,1
ATT_EMP0295_202510,EMP0295,2025-10-01,23,23,0,2
ATT_EMP0295_202511,EMP0295,2025-11-01,23,23,0,1
ATT_EMP0295_202512,EMP0295,2025-12-01,21,19,2,1
ATT_EMP0295_202601,EMP0295,2026-01-01,21,19,2,2
ATT_EMP0295_202602,EMP0295,2026-02-01,20,18,2,1
ATT_EMP0295_202603,EMP0295,2026-03-01,21,18,3,0
ATT_EMP0295_202604,EMP0295,2026-04-01,22,18,4,0
ATT_EMP0295_202605,EMP0295,2026-05-01,22,19,3,4
ATT_EMP0295_202606,EMP0295,2026-06-01,20,19,1,3
ATT_EMP0295_202607,EMP0295,2026-07-01,22,19,3,2
ATT_EMP0295_202608,EMP0295,2026-08-01,22,21,1,4
ATT_EMP0295_202609,EMP0295,2026-09-01,21,18,3,3
ATT_EMP0296_202510,EMP0296,2025-10-01,21,18,3,2
ATT_EMP0296_202511,EMP0296,2025-11-01,21,17,4,1
ATT_EMP0296_202512,EMP0296,2025-12-01,22,21,1,3
ATT_EMP0296_202601,EMP0296,2026-01-01,22,18,4,1
ATT_EMP0296_202602,EMP0296,2026-02-01,20,16,4,4
ATT_EMP0296_202603,EMP0296,2026-03-01,20,20,0,3
ATT_EMP0296_202604,EMP0296,2026-04-01,22,22,0,1
ATT_EMP0296_202605,EMP0296,2026-05-01,21,20,1,4
ATT_EMP0296_202606,EMP0296,2026-06-01,21,18,3,0
ATT_EMP0296_202607,EMP0296,2026-07-01,21,20,1,3
ATT_EMP0296_202608,EMP0296,2026-08-01,23,21,2,0
ATT_EMP0296_202609,EMP0296,2026-09-01,21,19,2,3
ATT_EMP0297_202510,EMP0297,2025-10-01,22,20,2,1
ATT_EMP0297_202511,EMP0297,2025-11-01,22,22,0,3
ATT_EMP0297_202512,EMP0297,2025-12-01,23,20,3,2
ATT_EMP0297_202601,EMP0297,2026-01-01,22,19,3,0
ATT_EMP0297_202602,EMP0297,2026-02-01,22,21,1,2
ATT_EMP0297_202603,EMP0297,2026-03-01,22,21,1,1
ATT_EMP0297_202604,EMP0297,2026-04-01,22,21,1,0
ATT_EMP0297_202605,EMP0297,2026-05-01,22,20,2,1
ATT_EMP0297_202606,EMP0297,2026-06-01,21,18,3,0
ATT_EMP0297_202607,EMP0297,2026-07-01,21,20,1,0
ATT_EMP0297_202608,EMP0297,2026-08-01,23,22,1,0
ATT_EMP0297_202609,EMP0297,2026-09-01,23,19,4,1
ATT_EMP0298_202510,EMP0298,2025-10-01,21,19,2,3
ATT_EMP0298_202511,EMP0298,2025-11-01,22,21,1,1
ATT_EMP0298_202512,EMP0298,2025-12-01,23,20,3,1
ATT_EMP0298_202601,EMP0298,2026-01-01,21,19,2,3
ATT_EMP0298_202602,EMP0298,2026-02-01,22,22,0,2
ATT_EMP0298_202603,EMP0298,2026-03-01,21,16,5,0
ATT_EMP0298_202604,EMP0298,2026-04-01,21,19,2,3
ATT_EMP0298_202605,EMP0298,2026-05-01,21,17,4,3
ATT_EMP0298_202606,EMP0298,2026-06-01,22,18,4,0
ATT_EMP0298_202607,EMP0298,2026-07-01,22,20,2,2
ATT_EMP0298_202608,EMP0298,2026-08-01,22,17,5,0
ATT_EMP0298_202609,EMP0298,2026-09-01,21,18,3,4
ATT_EMP0299_202510,EMP0299,2025-10-01,22,20,2,3
ATT_EMP0299_202511,EMP0299,2025-11-01,21,19,2,0
ATT_EMP0299_202512,EMP0299,2025-12-01,22,21,1,1
ATT_EMP0299_202601,EMP0299,2026-01-01,22,22,0,1
ATT_EMP0299_202602,EMP0299,2026-02-01,22,20,2,0
ATT_EMP0299_202603,EMP0299,2026-03-01,20,19,1,2
ATT_EMP0299_202604,EMP0299,2026-04-01,21,20,1,1
ATT_EMP0299_202605,EMP0299,2026-05-01,22,22,0,1
ATT_EMP0299_202606,EMP0299,2026-06-01,21,19,2,2
ATT_EMP0299_202607,EMP0299,2026-07-01,22,21,1,1
ATT_EMP0299_202608,EMP0299,2026-08-01,21,19,2,2
ATT_EMP0299_202609,EMP0299,2026-09-01,23,21,2,5
ATT_EMP0300_202510,EMP0300,2025-10-01,22,20,2,0
ATT_EMP0300_202511,EMP0300,2025-11-01,23,23,0,0
ATT_EMP0300_202512,EMP0300,2025-12-01,23,19,4,2
ATT_EMP0300_202601,EMP0300,2026-01-01,22,22,0,3
ATT_EMP0300_202602,EMP0300,2026-02-01,20,20,0,1
ATT_EMP0300_202603,EMP0300,2026-03-01,20,19,1,1
ATT_EMP0300_202604,EMP0300,2026-04-01,23,19,4,1
ATT_EMP0300_202605,EMP0300,2026-05-01,21,18,3,3
ATT_EMP0300_202606,EMP0300,2026-06-01,22,20,2,2
ATT_EMP0300_202607,EMP0300,2026-07-01,21,21,0,3
ATT_EMP0300_202608,EMP0300,2026-08-01,21,20,1,1
ATT_EMP0300_202609,EMP0300,2026-09-01,21,20,1,2
ATT_EMP0301_202510,EMP0301,2025-10-01,21,19,2,1
ATT_EMP0301_202511,EMP0301,2025-11-01,21,20,1,0
ATT_EMP0301_202512,EMP0301,2025-12-01,22,19,3,0
ATT_EMP0301_202601,EMP0301,2026-01-01,22,20,2,3
ATT_EMP0301_202602,EMP0301,2026-02-01,22,19,3,4
ATT_EMP0301_202603,EMP0301,2026-03-01,22,18,4,0
ATT_EMP0301_202604,EMP0301,2026-04-01,22,22,0,3
ATT_EMP0301_202605,EMP0301,2026-05-01,23,20,3,1
ATT_EMP0301_202606,EMP0301,2026-06-01,21,19,2,1
ATT_EMP0301_202607,EMP0301,2026-07-01,21,21,0,0
ATT_EMP0301_202608,EMP0301,2026-08-01,21,17,4,2
ATT_EMP0301_202609,EMP0301,2026-09-01,22,18,4,0
ATT_EMP0302_202510,EMP0302,2025-10-01,21,18,3,2
ATT_EMP0302_202511,EMP0302,2025-11-01,23,21,2,1
ATT_EMP0302_202512,EMP0302,2025-12-01,20,20,0,2
ATT_EMP0302_202601,EMP0302,2026-01-01,22,20,2,2
ATT_EMP0302_202602,EMP0302,2026-02-01,20,17,3,4
ATT_EMP0302_202603,EMP0302,2026-03-01,21,17,4,1
ATT_EMP0302_202604,EMP0302,2026-04-01,21,19,2,2
ATT_EMP0302_202605,EMP0302,2026-05-01,21,20,1,3
ATT_EMP0302_202606,EMP0302,2026-06-01,20,18,2,1
ATT_EMP0302_202607,EMP0302,2026-07-01,20,18,2,0
ATT_EMP0302_202608,EMP0302,2026-08-01,22,22,0,3
ATT_EMP0302_202609,EMP0302,2026-09-01,21,21,0,4
ATT_EMP0303_202510,EMP0303,2025-10-01,23,23,0,1
ATT_EMP0303_202511,EMP0303,2025-11-01,20,17,3,0
ATT_EMP0303_202512,EMP0303,2025-12-01,21,20,1,1
ATT_EMP0303_202601,EMP0303,2026-01-01,23,21,2,1
ATT_EMP0303_202602,EMP0303,2026-02-01,21,19,2,1
ATT_EMP0303_202603,EMP0303,2026-03-01,22,19,3,2
ATT_EMP0303_202604,EMP0303,2026-04-01,20,18,2,1
ATT_EMP0303_202605,EMP0303,2026-05-01,21,19,2,2
ATT_EMP0303_202606,EMP0303,2026-06-01,23,15,8,3
ATT_EMP0303_202607,EMP0303,2026-07-01,21,21,0,4
ATT_EMP0303_202608,EMP0303,2026-08-01,20,17,3,0
ATT_EMP0303_202609,EMP0303,2026-09-01,21,20,1,0
ATT_EMP0304_202510,EMP0304,2025-10-01,22,18,4,0
ATT_EMP0304_202511,EMP0304,2025-11-01,21,18,3,2
ATT_EMP0304_202512,EMP0304,2025-12-01,22,20,2,0
ATT_EMP0304_202601,EMP0304,2026-01-01,21,20,1,2
ATT_EMP0304_202602,EMP0304,2026-02-01,21,20,1,1
ATT_EMP0304_202603,EMP0304,2026-03-01,22,19,3,2
ATT_EMP0304_202604,EMP0304,2026-04-01,20,18,2,1
ATT_EMP0304_202605,EMP0304,2026-05-01,21,19,2,2
ATT_EMP0304_202606,EMP0304,2026-06-01,23,23,0,2
ATT_EMP0304_202607,EMP0304,2026-07-01,22,19,3,2
ATT_EMP0304_202608,EMP0304,2026-08-01,21,18,3,1
ATT_EMP0304_202609,EMP0304,2026-09-01,21,21,0,0
ATT_EMP0305_202510,EMP0305,2025-10-01,21,18,3,1
ATT_EMP0305_202511,EMP0305,2025-11-01,21,21,0,3
ATT_EMP0305_202512,EMP0305,2025-12-01,22,19,3,0
ATT_EMP0305_202601,EMP0305,2026-01-01,21,20,1,1
ATT_EMP0305_202602,EMP0305,2026-02-01,22,19,3,2
ATT_EMP0305_202603,EMP0305,2026-03-01,21,17,4,0
ATT_EMP0305_202604,EMP0305,2026-04-01,21,18,3,0
ATT_EMP0305_202605,EMP0305,2026-05-01,23,21,2,1
ATT_EMP0305_202606,EMP0305,2026-06-01,22,20,2,4
ATT_EMP0305_202607,EMP0305,2026-07-01,22,21,1,0
ATT_EMP0305_202608,EMP0305,2026-08-01,23,22,1,0
ATT_EMP0305_202609,EMP0305,2026-09-01,22,20,2,2
ATT_EMP0306_202510,EMP0306,2025-10-01,22,20,2,0
ATT_EMP0306_202511,EMP0306,2025-11-01,23,20,3,2
ATT_EMP0306_202512,EMP0306,2025-12-01,21,21,0,2
ATT_EMP0306_202601,EMP0306,2026-01-01,21,18,3,3
ATT_EMP0306_202602,EMP0306,2026-02-01,21,21,0,5
ATT_EMP0306_202603,EMP0306,2026-03-01,21,18,3,2
ATT_EMP0306_202604,EMP0306,2026-04-01,23,21,2,2
ATT_EMP0306_202605,EMP0306,2026-05-01,23,18,5,3
ATT_EMP0306_202606,EMP0306,2026-06-01,21,17,4,4
ATT_EMP0306_202607,EMP0306,2026-07-01,22,20,2,0
ATT_EMP0306_202608,EMP0306,2026-08-01,23,20,3,2
ATT_EMP0306_202609,EMP0306,2026-09-01,21,19,2,2
ATT_EMP0307_202510,EMP0307,2025-10-01,21,18,3,1
ATT_EMP0307_202511,EMP0307,2025-11-01,21,18,3,1
ATT_EMP0307_202512,EMP0307,2025-12-01,21,19,2,1
ATT_EMP0307_202601,EMP0307,2026-01-01,20,18,2,0
ATT_EMP0307_202602,EMP0307,2026-02-01,20,17,3,0
ATT_EMP0307_202603,EMP0307,2026-03-01,22,22,0,2
ATT_EMP0307_202604,EMP0307,2026-04-01,23,22,1,0
ATT_EMP0307_202605,EMP0307,2026-05-01,23,21,2,2
ATT_EMP0307_202606,EMP0307,2026-06-01,21,19,2,1
ATT_EMP0307_202607,EMP0307,2026-07-01,22,20,2,1
ATT_EMP0307_202608,EMP0307,2026-08-01,22,19,3,2
ATT_EMP0307_202609,EMP0307,2026-09-01,20,18,2,1
ATT_EMP0308_202510,EMP0308,2025-10-01,20,19,1,1
ATT_EMP0308_202511,EMP0308,2025-11-01,23,23,0,2
ATT_EMP0308_202512,EMP0308,2025-12-01,20,18,2,0
ATT_EMP0308_202601,EMP0308,2026-01-01,22,20,2,1
ATT_EMP0308_202602,EMP0308,2026-02-01,22,21,1,0
ATT_EMP0308_202603,EMP0308,2026-03-01,21,20,1,2
ATT_EMP0308_202604,EMP0308,2026-04-01,21,19,2,1
ATT_EMP0308_202605,EMP0308,2026-05-01,21,18,3,1
ATT_EMP0308_202606,EMP0308,2026-06-01,21,18,3,0
ATT_EMP0308_202607,EMP0308,2026-07-01,21,19,2,2
ATT_EMP0308_202608,EMP0308,2026-08-01,22,20,2,0
ATT_EMP0308_202609,EMP0308,2026-09-01,21,21,0,0
ATT_EMP0309_202510,EMP0309,2025-10-01,22,21,1,3
ATT_EMP0309_202511,EMP0309,2025-11-01,20,18,2,0
ATT_EMP0309_202512,EMP0309,2025-12-01,20,18,2,2
ATT_EMP0309_202601,EMP0309,2026-01-01,21,20,1,0
ATT_EMP0309_202602,EMP0309,2026-02-01,22,22,0,2
ATT_EMP0309_202603,EMP0309,2026-03-01,22,20,2,0
ATT_EMP0309_202604,EMP0309,2026-04-01,22,21,1,2
ATT_EMP0309_202605,EMP0309,2026-05-01,20,18,2,1
ATT_EMP0309_202606,EMP0309,2026-06-01,21,18,3,1
ATT_EMP0309_202607,EMP0309,2026-07-01,20,18,2,1
ATT_EMP0309_202608,EMP0309,2026-08-01,21,19,2,3
ATT_EMP0309_202609,EMP0309,2026-09-01,21,19,2,3
ATT_EMP0310_202510,EMP0310,2025-10-01,22,21,1,1
ATT_EMP0310_202511,EMP0310,2025-11-01,23,18,5,1
ATT_EMP0310_202512,EMP0310,2025-12-01,21,20,1,2
ATT_EMP0310_202601,EMP0310,2026-01-01,23,21,2,3
ATT_EMP0310_202602,EMP0310,2026-02-01,21,20,1,0
ATT_EMP0310_202603,EMP0310,2026-03-01,20,17,3,3
ATT_EMP0310_202604,EMP0310,2026-04-01,21,20,1,1
ATT_EMP0310_202605,EMP0310,2026-05-01,22,21,1,1
ATT_EMP0310_202606,EMP0310,2026-06-01,22,19,3,3
ATT_EMP0310_202607,EMP0310,2026-07-01,22,18,4,1
ATT_EMP0310_202608,EMP0310,2026-08-01,21,19,2,1
ATT_EMP0310_202609,EMP0310,2026-09-01,20,20,0,1
ATT_EMP0311_202510,EMP0311,2025-10-01,23,23,0,3
ATT_EMP0311_202511,EMP0311,2025-11-01,22,18,4,0
ATT_EMP0311_202512,EMP0311,2025-12-01,21,19,2,0
ATT_EMP0311_202601,EMP0311,2026-01-01,21,20,1,2
ATT_EMP0311_202602,EMP0311,2026-02-01,22,18,4,2
ATT_EMP0311_202603,EMP0311,2026-03-01,20,16,4,0
ATT_EMP0311_202604,EMP0311,2026-04-01,21,20,1,8
ATT_EMP0311_202605,EMP0311,2026-05-01,20,18,2,2
ATT_EMP0311_202606,EMP0311,2026-06-01,20,17,3,2
ATT_EMP0311_202607,EMP0311,2026-07-01,21,19,2,1
ATT_EMP0311_202608,EMP0311,2026-08-01,20,19,1,1
ATT_EMP0311_202609,EMP0311,2026-09-01,21,20,1,2
ATT_EMP0312_202510,EMP0312,2025-10-01,22,19,3,2
ATT_EMP0312_202511,EMP0312,2025-11-01,20,17,3,4
ATT_EMP0312_202512,EMP0312,2025-12-01,21,19,2,5
ATT_EMP0312_202601,EMP0312,2026-01-01,21,19,2,0
ATT_EMP0312_202602,EMP0312,2026-02-01,20,17,3,3
ATT_EMP0312_202603,EMP0312,2026-03-01,22,17,5,1
ATT_EMP0312_202604,EMP0312,2026-04-01,21,18,3,1
ATT_EMP0312_202605,EMP0312,2026-05-01,22,19,3,3
ATT_EMP0312_202606,EMP0312,2026-06-01,21,17,4,1
ATT_EMP0312_202607,EMP0312,2026-07-01,20,19,1,2
ATT_EMP0312_202608,EMP0312,2026-08-01,21,21,0,0
ATT_EMP0312_202609,EMP0312,2026-09-01,22,16,6,3
ATT_EMP0313_202510,EMP0313,2025-10-01,23,21,2,2
ATT_EMP0313_202511,EMP0313,2025-11-01,22,19,3,2
ATT_EMP0313_202512,EMP0313,2025-12-01,23,21,2,1
ATT_EMP0313_202601,EMP0313,2026-01-01,21,19,2,1
ATT_EMP0313_202602,EMP0313,2026-02-01,20,19,1,0
ATT_EMP0313_202603,EMP0313,2026-03-01,23,20,3,4
ATT_EMP0313_202604,EMP0313,2026-04-01,20,19,1,2
ATT_EMP0313_202605,EMP0313,2026-05-01,23,22,1,0
ATT_EMP0313_202606,EMP0313,2026-06-01,21,19,2,0
ATT_EMP0313_202607,EMP0313,2026-07-01,22,20,2,0
ATT_EMP0313_202608,EMP0313,2026-08-01,20,17,3,1
ATT_EMP0313_202609,EMP0313,2026-09-01,20,20,0,0
ATT_EMP0314_202510,EMP0314,2025-10-01,22,19,3,1
ATT_EMP0314_202511,EMP0314,2025-11-01,21,21,0,0
ATT_EMP0314_202512,EMP0314,2025-12-01,21,20,1,3
ATT_EMP0314_202601,EMP0314,2026-01-01,20,19,1,1
ATT_EMP0314_202602,EMP0314,2026-02-01,21,20,1,1
ATT_EMP0314_202603,EMP0314,2026-03-01,22,19,3,3
ATT_EMP0314_202604,EMP0314,2026-04-01,23,23,0,2
ATT_EMP0314_202605,EMP0314,2026-05-01,22,20,2,0
ATT_EMP0314_202606,EMP0314,2026-06-01,23,21,2,4
ATT_EMP0314_202607,EMP0314,2026-07-01,22,20,2,3
ATT_EMP0314_202608,EMP0314,2026-08-01,20,20,0,2
ATT_EMP0314_202609,EMP0314,2026-09-01,22,18,4,3
ATT_EMP0315_202510,EMP0315,2025-10-01,22,20,2,1
ATT_EMP0315_202511,EMP0315,2025-11-01,21,21,0,1
ATT_EMP0315_202512,EMP0315,2025-12-01,22,21,1,2
ATT_EMP0315_202601,EMP0315,2026-01-01,22,21,1,4
ATT_EMP0315_202602,EMP0315,2026-02-01,23,19,4,1
ATT_EMP0315_202603,EMP0315,2026-03-01,22,18,4,2
ATT_EMP0315_202604,EMP0315,2026-04-01,23,21,2,2
ATT_EMP0315_202605,EMP0315,2026-05-01,20,18,2,3
ATT_EMP0315_202606,EMP0315,2026-06-01,21,18,3,1
ATT_EMP0315_202607,EMP0315,2026-07-01,21,19,2,2
ATT_EMP0315_202608,EMP0315,2026-08-01,22,19,3,0
ATT_EMP0315_202609,EMP0315,2026-09-01,20,17,3,1
ATT_EMP0316_202510,EMP0316,2025-10-01,20,17,3,1
ATT_EMP0316_202511,EMP0316,2025-11-01,23,20,3,2
ATT_EMP0316_202512,EMP0316,2025-12-01,21,20,1,0
ATT_EMP0316_202601,EMP0316,2026-01-01,21,18,3,1
ATT_EMP0316_202602,EMP0316,2026-02-01,21,20,1,5
ATT_EMP0316_202603,EMP0316,2026-03-01,22,21,1,0
ATT_EMP0316_202604,EMP0316,2026-04-01,21,19,2,1
ATT_EMP0316_202605,EMP0316,2026-05-01,22,20,2,2
ATT_EMP0316_202606,EMP0316,2026-06-01,21,21,0,2
ATT_EMP0316_202607,EMP0316,2026-07-01,22,20,2,3
ATT_EMP0316_202608,EMP0316,2026-08-01,20,17,3,0
ATT_EMP0316_202609,EMP0316,2026-09-01,22,20,2,2
ATT_EMP0317_202510,EMP0317,2025-10-01,21,19,2,2
ATT_EMP0317_202511,EMP0317,2025-11-01,22,21,1,3
ATT_EMP0317_202512,EMP0317,2025-12-01,21,21,0,2
ATT_EMP0317_202601,EMP0317,2026-01-01,23,21,2,2
ATT_EMP0317_202602,EMP0317,2026-02-01,22,18,4,1
ATT_EMP0317_202603,EMP0317,2026-03-01,22,20,2,3
ATT_EMP0317_202604,EMP0317,2026-04-01,22,18,4,1
ATT_EMP0317_202605,EMP0317,2026-05-01,21,16,5,0
ATT_EMP0317_202606,EMP0317,2026-06-01,21,19,2,1
ATT_EMP0317_202607,EMP0317,2026-07-01,20,18,2,2
ATT_EMP0317_202608,EMP0317,2026-08-01,21,18,3,2
ATT_EMP0317_202609,EMP0317,2026-09-01,23,20,3,3
ATT_EMP0318_202510,EMP0318,2025-10-01,23,21,2,0
ATT_EMP0318_202511,EMP0318,2025-11-01,22,21,1,0
ATT_EMP0318_202512,EMP0318,2025-12-01,21,19,2,1
ATT_EMP0318_202601,EMP0318,2026-01-01,22,22,0,3
ATT_EMP0318_202602,EMP0318,2026-02-01,20,19,1,4
ATT_EMP0318_202603,EMP0318,2026-03-01,23,20,3,1
ATT_EMP0318_202604,EMP0318,2026-04-01,23,21,2,1
ATT_EMP0318_202605,EMP0318,2026-05-01,22,18,4,0
ATT_EMP0318_202606,EMP0318,2026-06-01,22,22,0,5
ATT_EMP0318_202607,EMP0318,2026-07-01,21,18,3,0
ATT_EMP0318_202608,EMP0318,2026-08-01,21,20,1,1
ATT_EMP0318_202609,EMP0318,2026-09-01,22,22,0,0
ATT_EMP0319_202510,EMP0319,2025-10-01,22,22,0,2
ATT_EMP0319_202511,EMP0319,2025-11-01,21,19,2,2
ATT_EMP0319_202512,EMP0319,2025-12-01,21,20,1,1
ATT_EMP0319_202601,EMP0319,2026-01-01,22,19,3,2
ATT_EMP0319_202602,EMP0319,2026-02-01,21,18,3,2
ATT_EMP0319_202603,EMP0319,2026-03-01,22,19,3,2
ATT_EMP0319_202604,EMP0319,2026-04-01,22,20,2,0
ATT_EMP0319_202605,EMP0319,2026-05-01,20,18,2,1
ATT_EMP0319_202606,EMP0319,2026-06-01,21,20,1,2
ATT_EMP0319_202607,EMP0319,2026-07-01,23,20,3,1
ATT_EMP0319_202608,EMP0319,2026-08-01,22,21,1,0
ATT_EMP0319_202609,EMP0319,2026-09-01,23,21,2,1
ATT_EMP0320_202510,EMP0320,2025-10-01,20,19,1,2
ATT_EMP0320_202511,EMP0320,2025-11-01,21,19,2,1
ATT_EMP0320_202512,EMP0320,2025-12-01,22,21,1,3
ATT_EMP0320_202601,EMP0320,2026-01-01,22,19,3,4
ATT_EMP0320_202602,EMP0320,2026-02-01,23,21,2,1
ATT_EMP0320_202603,EMP0320,2026-03-01,22,21,1,2
ATT_EMP0320_202604,EMP0320,2026-04-01,21,18,3,2
ATT_EMP0320_202605,EMP0320,2026-05-01,21,20,1,1
ATT_EMP0320_202606,EMP0320,2026-06-01,21,20,1,3
ATT_EMP0320_202607,EMP0320,2026-07-01,21,20,1,0
ATT_EMP0320_202608,EMP0320,2026-08-01,22,19,3,2
ATT_EMP0320_202609,EMP0320,2026-09-01,21,19,2,2
ATT_EMP0321_202510,EMP0321,2025-10-01,23,18,5,0
ATT_EMP0321_202511,EMP0321,2025-11-01,22,20,2,3
ATT_EMP0321_202512,EMP0321,2025-12-01,22,19,3,2
ATT_EMP0321_202601,EMP0321,2026-01-01,20,16,4,0
ATT_EMP0321_202602,EMP0321,2026-02-01,21,17,4,2
ATT_EMP0321_202603,EMP0321,2026-03-01,21,20,1,2
ATT_EMP0321_202604,EMP0321,2026-04-01,20,18,2,2
ATT_EMP0321_202605,EMP0321,2026-05-01,22,19,3,2
ATT_EMP0321_202606,EMP0321,2026-06-01,22,21,1,3
ATT_EMP0321_202607,EMP0321,2026-07-01,21,19,2,0
ATT_EMP0321_202608,EMP0321,2026-08-01,22,20,2,1
ATT_EMP0321_202609,EMP0321,2026-09-01,23,23,0,0
ATT_EMP0322_202510,EMP0322,2025-10-01,22,22,0,1
ATT_EMP0322_202511,EMP0322,2025-11-01,22,20,2,1
ATT_EMP0322_202512,EMP0322,2025-12-01,21,21,0,1
ATT_EMP0322_202601,EMP0322,2026-01-01,21,19,2,0
ATT_EMP0322_202602,EMP0322,2026-02-01,21,19,2,1
ATT_EMP0322_202603,EMP0322,2026-03-01,21,19,2,2
ATT_EMP0322_202604,EMP0322,2026-04-01,21,19,2,4
ATT_EMP0322_202605,EMP0322,2026-05-01,23,21,2,0
ATT_EMP0322_202606,EMP0322,2026-06-01,20,18,2,3
ATT_EMP0322_202607,EMP0322,2026-07-01,22,19,3,2
ATT_EMP0322_202608,EMP0322,2026-08-01,22,20,2,1
ATT_EMP0322_202609,EMP0322,2026-09-01,21,19,2,4
ATT_EMP0323_202510,EMP0323,2025-10-01,22,20,2,0
ATT_EMP0323_202511,EMP0323,2025-11-01,22,20,2,5
ATT_EMP0323_202512,EMP0323,2025-12-01,23,20,3,2
ATT_EMP0323_202601,EMP0323,2026-01-01,20,18,2,1
ATT_EMP0323_202602,EMP0323,2026-02-01,22,19,3,1
ATT_EMP0323_202603,EMP0323,2026-03-01,21,21,0,2
ATT_EMP0323_202604,EMP0323,2026-04-01,20,17,3,4
ATT_EMP0323_202605,EMP0323,2026-05-01,23,21,2,2
ATT_EMP0323_202606,EMP0323,2026-06-01,23,21,2,6
ATT_EMP0323_202607,EMP0323,2026-07-01,23,19,4,0
ATT_EMP0323_202608,EMP0323,2026-08-01,22,20,2,2
ATT_EMP0323_202609,EMP0323,2026-09-01,20,17,3,1
ATT_EMP0324_202510,EMP0324,2025-10-01,21,19,2,1
ATT_EMP0324_202511,EMP0324,2025-11-01,21,21,0,1
ATT_EMP0324_202512,EMP0324,2025-12-01,22,22,0,1
ATT_EMP0324_202601,EMP0324,2026-01-01,20,19,1,2
ATT_EMP0324_202602,EMP0324,2026-02-01,22,20,2,1
ATT_EMP0324_202603,EMP0324,2026-03-01,23,19,4,3
ATT_EMP0324_202604,EMP0324,2026-04-01,22,20,2,0
ATT_EMP0324_202605,EMP0324,2026-05-01,22,20,2,1
ATT_EMP0324_202606,EMP0324,2026-06-01,23,21,2,3
ATT_EMP0324_202607,EMP0324,2026-07-01,21,17,4,0
ATT_EMP0324_202608,EMP0324,2026-08-01,21,20,1,0
ATT_EMP0324_202609,EMP0324,2026-09-01,22,19,3,0
ATT_EMP0325_202510,EMP0325,2025-10-01,22,21,1,0
ATT_EMP0325_202511,EMP0325,2025-11-01,20,17,3,3
ATT_EMP0325_202512,EMP0325,2025-12-01,21,20,1,7
ATT_EMP0325_202601,EMP0325,2026-01-01,20,17,3,3
ATT_EMP0325_202602,EMP0325,2026-02-01,22,19,3,2
ATT_EMP0325_202603,EMP0325,2026-03-01,22,21,1,1
ATT_EMP0325_202604,EMP0325,2026-04-01,22,22,0,3
ATT_EMP0325_202605,EMP0325,2026-05-01,22,22,0,2
ATT_EMP0325_202606,EMP0325,2026-06-01,23,22,1,2
ATT_EMP0325_202607,EMP0325,2026-07-01,21,20,1,1
ATT_EMP0325_202608,EMP0325,2026-08-01,21,20,1,4
ATT_EMP0325_202609,EMP0325,2026-09-01,22,19,3,3
ATT_EMP0326_202510,EMP0326,2025-10-01,23,21,2,1
ATT_EMP0326_202511,EMP0326,2025-11-01,22,18,4,1
ATT_EMP0326_202512,EMP0326,2025-12-01,22,20,2,0
ATT_EMP0326_202601,EMP0326,2026-01-01,22,19,3,1
ATT_EMP0326_202602,EMP0326,2026-02-01,22,18,4,2
ATT_EMP0326_202603,EMP0326,2026-03-01,21,20,1,3
ATT_EMP0326_202604,EMP0326,2026-04-01,21,19,2,2
ATT_EMP0326_202605,EMP0326,2026-05-01,21,19,2,0
ATT_EMP0326_202606,EMP0326,2026-06-01,20,18,2,3
ATT_EMP0326_202607,EMP0326,2026-07-01,21,18,3,0
ATT_EMP0326_202608,EMP0326,2026-08-01,21,17,4,1
ATT_EMP0326_202609,EMP0326,2026-09-01,23,20,3,0
ATT_EMP0327_202510,EMP0327,2025-10-01,21,20,1,1
ATT_EMP0327_202511,EMP0327,2025-11-01,22,19,3,1
ATT_EMP0327_202512,EMP0327,2025-12-01,22,22,0,2
ATT_EMP0327_202601,EMP0327,2026-01-01,22,21,1,2
ATT_EMP0327_202602,EMP0327,2026-02-01,23,18,5,0
ATT_EMP0327_202603,EMP0327,2026-03-01,23,22,1,3
ATT_EMP0327_202604,EMP0327,2026-04-01,20,18,2,2
ATT_EMP0327_202605,EMP0327,2026-05-01,23,21,2,2
ATT_EMP0327_202606,EMP0327,2026-06-01,20,19,1,0
ATT_EMP0327_202607,EMP0327,2026-07-01,20,17,3,0
ATT_EMP0327_202608,EMP0327,2026-08-01,23,22,1,5
ATT_EMP0327_202609,EMP0327,2026-09-01,20,20,0,3
ATT_EMP0328_202510,EMP0328,2025-10-01,22,21,1,1
ATT_EMP0328_202511,EMP0328,2025-11-01,23,20,3,1
ATT_EMP0328_202512,EMP0328,2025-12-01,21,19,2,3
ATT_EMP0328_202601,EMP0328,2026-01-01,23,20,3,1
ATT_EMP0328_202602,EMP0328,2026-02-01,22,20,2,1
ATT_EMP0328_202603,EMP0328,2026-03-01,22,21,1,2
ATT_EMP0328_202604,EMP0328,2026-04-01,22,18,4,1
ATT_EMP0328_202605,EMP0328,2026-05-01,23,23,0,3
ATT_EMP0328_202606,EMP0328,2026-06-01,23,20,3,3
ATT_EMP0328_202607,EMP0328,2026-07-01,21,17,4,2
ATT_EMP0328_202608,EMP0328,2026-08-01,21,18,3,3
ATT_EMP0328_202609,EMP0328,2026-09-01,21,20,1,1
ATT_EMP0329_202510,EMP0329,2025-10-01,22,21,1,3
ATT_EMP0329_202511,EMP0329,2025-11-01,21,20,1,4
ATT_EMP0329_202512,EMP0329,2025-12-01,20,17,3,5
ATT_EMP0329_202601,EMP0329,2026-01-01,23,22,1,3
ATT_EMP0329_202602,EMP0329,2026-02-01,21,19,2,1
ATT_EMP0329_202603,EMP0329,2026-03-01,21,19,2,2
ATT_EMP0329_202604,EMP0329,2026-04-01,21,19,2,4
ATT_EMP0329_202605,EMP0329,2026-05-01,21,20,1,0
ATT_EMP0329_202606,EMP0329,2026-06-01,20,16,4,1
ATT_EMP0329_202607,EMP0329,2026-07-01,22,18,4,1
ATT_EMP0329_202608,EMP0329,2026-08-01,22,19,3,2
ATT_EMP0329_202609,EMP0329,2026-09-01,22,21,1,0
ATT_EMP0330_202510,EMP0330,2025-10-01,20,20,0,2
ATT_EMP0330_202511,EMP0330,2025-11-01,22,19,3,0
ATT_EMP0330_202512,EMP0330,2025-12-01,20,19,1,2
ATT_EMP0330_202601,EMP0330,2026-01-01,21,19,2,0
ATT_EMP0330_202602,EMP0330,2026-02-01,21,19,2,1
ATT_EMP0330_202603,EMP0330,2026-03-01,21,18,3,1
ATT_EMP0330_202604,EMP0330,2026-04-01,22,17,5,2
ATT_EMP0330_202605,EMP0330,2026-05-01,21,20,1,2
ATT_EMP0330_202606,EMP0330,2026-06-01,22,19,3,2
ATT_EMP0330_202607,EMP0330,2026-07-01,23,23,0,0
ATT_EMP0330_202608,EMP0330,2026-08-01,21,18,3,1
ATT_EMP0330_202609,EMP0330,2026-09-01,21,21,0,2
ATT_EMP0331_202510,EMP0331,2025-10-01,23,19,4,2
ATT_EMP0331_202511,EMP0331,2025-11-01,22,17,5,2
ATT_EMP0331_202512,EMP0331,2025-12-01,22,21,1,4
ATT_EMP0331_202601,EMP0331,2026-01-01,21,19,2,1
ATT_EMP0331_202602,EMP0331,2026-02-01,21,20,1,0
ATT_EMP0331_202603,EMP0331,2026-03-01,22,20,2,2
ATT_EMP0331_202604,EMP0331,2026-04-01,21,19,2,3
ATT_EMP0331_202605,EMP0331,2026-05-01,23,22,1,2
ATT_EMP0331_202606,EMP0331,2026-06-01,23,22,1,1
ATT_EMP0331_202607,EMP0331,2026-07-01,21,18,3,2
ATT_EMP0331_202608,EMP0331,2026-08-01,22,22,0,0
ATT_EMP0331_202609,EMP0331,2026-09-01,21,19,2,3
ATT_EMP0332_202510,EMP0332,2025-10-01,22,21,1,1
ATT_EMP0332_202511,EMP0332,2025-11-01,21,20,1,1
ATT_EMP0332_202512,EMP0332,2025-12-01,22,20,2,1
ATT_EMP0332_202601,EMP0332,2026-01-01,20,17,3,1
ATT_EMP0332_202602,EMP0332,2026-02-01,20,20,0,0
ATT_EMP0332_202603,EMP0332,2026-03-01,21,20,1,0
ATT_EMP0332_202604,EMP0332,2026-04-01,23,22,1,2
ATT_EMP0332_202605,EMP0332,2026-05-01,21,21,0,1
ATT_EMP0332_202606,EMP0332,2026-06-01,21,20,1,2
ATT_EMP0332_202607,EMP0332,2026-07-01,21,20,1,3
ATT_EMP0332_202608,EMP0332,2026-08-01,22,18,4,0
ATT_EMP0332_202609,EMP0332,2026-09-01,21,19,2,0
ATT_EMP0333_202510,EMP0333,2025-10-01,22,19,3,0
ATT_EMP0333_202511,EMP0333,2025-11-01,21,20,1,1
ATT_EMP0333_202512,EMP0333,2025-12-01,23,20,3,3
ATT_EMP0333_202601,EMP0333,2026-01-01,22,20,2,1
ATT_EMP0333_202602,EMP0333,2026-02-01,22,21,1,2
ATT_EMP0333_202603,EMP0333,2026-03-01,22,21,1,1
ATT_EMP0333_202604,EMP0333,2026-04-01,21,20,1,1
ATT_EMP0333_202605,EMP0333,2026-05-01,23,22,1,1
ATT_EMP0333_202606,EMP0333,2026-06-01,22,21,1,2
ATT_EMP0333_202607,EMP0333,2026-07-01,20,17,3,3
ATT_EMP0333_202608,EMP0333,2026-08-01,21,20,1,4
ATT_EMP0333_202609,EMP0333,2026-09-01,22,22,0,2
ATT_EMP0334_202510,EMP0334,2025-10-01,21,17,4,0
ATT_EMP0334_202511,EMP0334,2025-11-01,22,20,2,0
ATT_EMP0334_202512,EMP0334,2025-12-01,21,21,0,2
ATT_EMP0334_202601,EMP0334,2026-01-01,21,19,2,3
ATT_EMP0334_202602,EMP0334,2026-02-01,22,17,5,0
ATT_EMP0334_202603,EMP0334,2026-03-01,21,16,5,1
ATT_EMP0334_202604,EMP0334,2026-04-01,21,19,2,1
ATT_EMP0334_202605,EMP0334,2026-05-01,22,22,0,1
ATT_EMP0334_202606,EMP0334,2026-06-01,21,18,3,1
ATT_EMP0334_202607,EMP0334,2026-07-01,22,20,2,0
ATT_EMP0334_202608,EMP0334,2026-08-01,21,18,3,2
ATT_EMP0334_202609,EMP0334,2026-09-01,22,19,3,0
ATT_EMP0335_202510,EMP0335,2025-10-01,20,19,1,0
ATT_EMP0335_202511,EMP0335,2025-11-01,22,21,1,1
ATT_EMP0335_202512,EMP0335,2025-12-01,22,20,2,0
ATT_EMP0335_202601,EMP0335,2026-01-01,23,21,2,1
ATT_EMP0335_202602,EMP0335,2026-02-01,23,19,4,0
ATT_EMP0335_202603,EMP0335,2026-03-01,21,19,2,2
ATT_EMP0335_202604,EMP0335,2026-04-01,22,21,1,2
ATT_EMP0335_202605,EMP0335,2026-05-01,22,21,1,1
ATT_EMP0335_202606,EMP0335,2026-06-01,21,20,1,1
ATT_EMP0335_202607,EMP0335,2026-07-01,21,21,0,1
ATT_EMP0335_202608,EMP0335,2026-08-01,22,20,2,3
ATT_EMP0335_202609,EMP0335,2026-09-01,21,20,1,1
ATT_EMP0336_202510,EMP0336,2025-10-01,21,16,5,3
ATT_EMP0336_202511,EMP0336,2025-11-01,21,21,0,0
ATT_EMP0336_202512,EMP0336,2025-12-01,21,20,1,2
ATT_EMP0336_202601,EMP0336,2026-01-01,20,18,2,1
ATT_EMP0336_202602,EMP0336,2026-02-01,20,16,4,2
ATT_EMP0336_202603,EMP0336,2026-03-01,21,18,3,1
ATT_EMP0336_202604,EMP0336,2026-04-01,21,21,0,2
ATT_EMP0336_202605,EMP0336,2026-05-01,21,18,3,0
ATT_EMP0336_202606,EMP0336,2026-06-01,23,21,2,1
ATT_EMP0336_202607,EMP0336,2026-07-01,20,19,1,0
ATT_EMP0336_202608,EMP0336,2026-08-01,22,18,4,1
ATT_EMP0336_202609,EMP0336,2026-09-01,21,19,2,1
ATT_EMP0337_202510,EMP0337,2025-10-01,22,22,0,1
ATT_EMP0337_202511,EMP0337,2025-11-01,21,17,4,0
ATT_EMP0337_202512,EMP0337,2025-12-01,21,20,1,0
ATT_EMP0337_202601,EMP0337,2026-01-01,21,18,3,1
ATT_EMP0337_202602,EMP0337,2026-02-01,22,22,0,7
ATT_EMP0337_202603,EMP0337,2026-03-01,22,21,1,2
ATT_EMP0337_202604,EMP0337,2026-04-01,22,20,2,0
ATT_EMP0337_202605,EMP0337,2026-05-01,23,21,2,4
ATT_EMP0337_202606,EMP0337,2026-06-01,22,20,2,3
ATT_EMP0337_202607,EMP0337,2026-07-01,22,22,0,1
ATT_EMP0337_202608,EMP0337,2026-08-01,22,19,3,0
ATT_EMP0337_202609,EMP0337,2026-09-01,21,20,1,2
ATT_EMP0338_202510,EMP0338,2025-10-01,20,16,4,1
ATT_EMP0338_202511,EMP0338,2025-11-01,22,22,0,3
ATT_EMP0338_202512,EMP0338,2025-12-01,21,21,0,1
ATT_EMP0338_202601,EMP0338,2026-01-01,21,20,1,1
ATT_EMP0338_202602,EMP0338,2026-02-01,20,18,2,1
ATT_EMP0338_202603,EMP0338,2026-03-01,22,18,4,1
ATT_EMP0338_202604,EMP0338,2026-04-01,22,21,1,3
ATT_EMP0338_202605,EMP0338,2026-05-01,22,21,1,3
ATT_EMP0338_202606,EMP0338,2026-06-01,22,19,3,1
ATT_EMP0338_202607,EMP0338,2026-07-01,21,19,2,1
ATT_EMP0338_202608,EMP0338,2026-08-01,21,19,2,0
ATT_EMP0338_202609,EMP0338,2026-09-01,22,22,0,2
ATT_EMP0339_202510,EMP0339,2025-10-01,22,20,2,2
ATT_EMP0339_202511,EMP0339,2025-11-01,23,21,2,1
ATT_EMP0339_202512,EMP0339,2025-12-01,21,19,2,2
ATT_EMP0339_202601,EMP0339,2026-01-01,22,20,2,0
ATT_EMP0339_202602,EMP0339,2026-02-01,21,19,2,3
ATT_EMP0339_202603,EMP0339,2026-03-01,20,17,3,1
ATT_EMP0339_202604,EMP0339,2026-04-01,22,19,3,0
ATT_EMP0339_202605,EMP0339,2026-05-01,21,20,1,1
ATT_EMP0339_202606,EMP0339,2026-06-01,21,19,2,1
ATT_EMP0339_202607,EMP0339,2026-07-01,21,18,3,1
ATT_EMP0339_202608,EMP0339,2026-08-01,22,20,2,1
ATT_EMP0339_202609,EMP0339,2026-09-01,21,19,2,2
ATT_EMP0340_202510,EMP0340,2025-10-01,23,19,4,0
ATT_EMP0340_202511,EMP0340,2025-11-01,21,19,2,1
ATT_EMP0340_202512,EMP0340,2025-12-01,22,19,3,2
ATT_EMP0340_202601,EMP0340,2026-01-01,20,18,2,1
ATT_EMP0340_202602,EMP0340,2026-02-01,23,23,0,1
ATT_EMP0340_202603,EMP0340,2026-03-01,21,19,2,1
ATT_EMP0340_202604,EMP0340,2026-04-01,21,17,4,3
ATT_EMP0340_202605,EMP0340,2026-05-01,21,18,3,2
ATT_EMP0340_202606,EMP0340,2026-06-01,21,19,2,3
ATT_EMP0340_202607,EMP0340,2026-07-01,23,18,5,2
ATT_EMP0340_202608,EMP0340,2026-08-01,23,21,2,6
ATT_EMP0340_202609,EMP0340,2026-09-01,22,17,5,1
ATT_EMP0341_202510,EMP0341,2025-10-01,23,20,3,2
ATT_EMP0341_202511,EMP0341,2025-11-01,22,22,0,2
ATT_EMP0341_202512,EMP0341,2025-12-01,21,20,1,0
ATT_EMP0341_202601,EMP0341,2026-01-01,23,23,0,0
ATT_EMP0341_202602,EMP0341,2026-02-01,21,21,0,1
ATT_EMP0341_202603,EMP0341,2026-03-01,22,19,3,1
ATT_EMP0341_202604,EMP0341,2026-04-01,22,20,2,2
ATT_EMP0341_202605,EMP0341,2026-05-01,22,21,1,1
ATT_EMP0341_202606,EMP0341,2026-06-01,20,17,3,0
ATT_EMP0341_202607,EMP0341,2026-07-01,21,18,3,1
ATT_EMP0341_202608,EMP0341,2026-08-01,21,19,2,0
ATT_EMP0341_202609,EMP0341,2026-09-01,21,19,2,2
ATT_EMP0342_202510,EMP0342,2025-10-01,20,17,3,0
ATT_EMP0342_202511,EMP0342,2025-11-01,21,21,0,3
ATT_EMP0342_202512,EMP0342,2025-12-01,21,18,3,0
ATT_EMP0342_202601,EMP0342,2026-01-01,21,21,0,1
ATT_EMP0342_202602,EMP0342,2026-02-01,21,17,4,2
ATT_EMP0342_202603,EMP0342,2026-03-01,20,18,2,3
ATT_EMP0342_202604,EMP0342,2026-04-01,23,20,3,1
ATT_EMP0342_202605,EMP0342,2026-05-01,20,18,2,1
ATT_EMP0342_202606,EMP0342,2026-06-01,23,20,3,1
ATT_EMP0342_202607,EMP0342,2026-07-01,23,22,1,0
ATT_EMP0342_202608,EMP0342,2026-08-01,23,20,3,3
ATT_EMP0342_202609,EMP0342,2026-09-01,22,19,3,2
ATT_EMP0343_202510,EMP0343,2025-10-01,22,19,3,1
ATT_EMP0343_202511,EMP0343,2025-11-01,22,20,2,4
ATT_EMP0343_202512,EMP0343,2025-12-01,20,18,2,3
ATT_EMP0343_202601,EMP0343,2026-01-01,22,21,1,1
ATT_EMP0343_202602,EMP0343,2026-02-01,21,20,1,0
ATT_EMP0343_202603,EMP0343,2026-03-01,22,19,3,1
ATT_EMP0343_202604,EMP0343,2026-04-01,20,20,0,0
ATT_EMP0343_202605,EMP0343,2026-05-01,22,20,2,1
ATT_EMP0343_202606,EMP0343,2026-06-01,23,21,2,3
ATT_EMP0343_202607,EMP0343,2026-07-01,22,20,2,1
ATT_EMP0343_202608,EMP0343,2026-08-01,21,21,0,0
ATT_EMP0343_202609,EMP0343,2026-09-01,23,19,4,2
ATT_EMP0344_202510,EMP0344,2025-10-01,20,18,2,1
ATT_EMP0344_202511,EMP0344,2025-11-01,22,21,1,0
ATT_EMP0344_202512,EMP0344,2025-12-01,22,20,2,0
ATT_EMP0344_202601,EMP0344,2026-01-01,21,20,1,1
ATT_EMP0344_202602,EMP0344,2026-02-01,21,20,1,0
ATT_EMP0344_202603,EMP0344,2026-03-01,22,20,2,1
ATT_EMP0344_202604,EMP0344,2026-04-01,23,19,4,2
ATT_EMP0344_202605,EMP0344,2026-05-01,22,20,2,0
ATT_EMP0344_202606,EMP0344,2026-06-01,23,18,5,3
ATT_EMP0344_202607,EMP0344,2026-07-01,22,19,3,3
ATT_EMP0344_202608,EMP0344,2026-08-01,23,20,3,2
ATT_EMP0344_202609,EMP0344,2026-09-01,21,19,2,2
ATT_EMP0345_202510,EMP0345,2025-10-01,22,20,2,2
ATT_EMP0345_202511,EMP0345,2025-11-01,21,18,3,2
ATT_EMP0345_202512,EMP0345,2025-12-01,23,22,1,2
ATT_EMP0345_202601,EMP0345,2026-01-01,20,19,1,1
ATT_EMP0345_202602,EMP0345,2026-02-01,20,20,0,1
ATT_EMP0345_202603,EMP0345,2026-03-01,20,18,2,1
ATT_EMP0345_202604,EMP0345,2026-04-01,22,20,2,1
ATT_EMP0345_202605,EMP0345,2026-05-01,20,19,1,4
ATT_EMP0345_202606,EMP0345,2026-06-01,23,20,3,4
ATT_EMP0345_202607,EMP0345,2026-07-01,21,20,1,1
ATT_EMP0345_202608,EMP0345,2026-08-01,21,21,0,2
ATT_EMP0345_202609,EMP0345,2026-09-01,20,19,1,2
ATT_EMP0346_202510,EMP0346,2025-10-01,22,20,2,1
ATT_EMP0346_202511,EMP0346,2025-11-01,21,19,2,1
ATT_EMP0346_202512,EMP0346,2025-12-01,23,22,1,1
ATT_EMP0346_202601,EMP0346,2026-01-01,21,18,3,1
ATT_EMP0346_202602,EMP0346,2026-02-01,21,18,3,1
ATT_EMP0346_202603,EMP0346,2026-03-01,22,21,1,1
ATT_EMP0346_202604,EMP0346,2026-04-01,23,23,0,2
ATT_EMP0346_202605,EMP0346,2026-05-01,21,19,2,0
ATT_EMP0346_202606,EMP0346,2026-06-01,22,20,2,3
ATT_EMP0346_202607,EMP0346,2026-07-01,20,19,1,1
ATT_EMP0346_202608,EMP0346,2026-08-01,22,21,1,1
ATT_EMP0346_202609,EMP0346,2026-09-01,20,18,2,0
ATT_EMP0347_202510,EMP0347,2025-10-01,22,22,0,4
ATT_EMP0347_202511,EMP0347,2025-11-01,21,19,2,0
ATT_EMP0347_202512,EMP0347,2025-12-01,20,18,2,2
ATT_EMP0347_202601,EMP0347,2026-01-01,20,20,0,0
ATT_EMP0347_202602,EMP0347,2026-02-01,21,20,1,1
ATT_EMP0347_202603,EMP0347,2026-03-01,20,18,2,3
ATT_EMP0347_202604,EMP0347,2026-04-01,22,19,3,1
ATT_EMP0347_202605,EMP0347,2026-05-01,22,17,5,0
ATT_EMP0347_202606,EMP0347,2026-06-01,21,17,4,2
ATT_EMP0347_202607,EMP0347,2026-07-01,22,20,2,2
ATT_EMP0347_202608,EMP0347,2026-08-01,23,23,0,2
ATT_EMP0347_202609,EMP0347,2026-09-01,21,18,3,1
ATT_EMP0348_202510,EMP0348,2025-10-01,21,19,2,3
ATT_EMP0348_202511,EMP0348,2025-11-01,22,21,1,2
ATT_EMP0348_202512,EMP0348,2025-12-01,22,19,3,0
ATT_EMP0348_202601,EMP0348,2026-01-01,22,22,0,3
ATT_EMP0348_202602,EMP0348,2026-02-01,22,19,3,2
ATT_EMP0348_202603,EMP0348,2026-03-01,21,17,4,0
ATT_EMP0348_202604,EMP0348,2026-04-01,23,20,3,0
ATT_EMP0348_202605,EMP0348,2026-05-01,21,19,2,1
ATT_EMP0348_202606,EMP0348,2026-06-01,23,20,3,1
ATT_EMP0348_202607,EMP0348,2026-07-01,22,19,3,3
ATT_EMP0348_202608,EMP0348,2026-08-01,20,19,1,1
ATT_EMP0348_202609,EMP0348,2026-09-01,20,19,1,5
ATT_EMP0349_202510,EMP0349,2025-10-01,22,18,4,3
ATT_EMP0349_202511,EMP0349,2025-11-01,21,18,3,1
ATT_EMP0349_202512,EMP0349,2025-12-01,21,19,2,3
ATT_EMP0349_202601,EMP0349,2026-01-01,21,17,4,3
ATT_EMP0349_202602,EMP0349,2026-02-01,22,19,3,1
ATT_EMP0349_202603,EMP0349,2026-03-01,22,21,1,2
ATT_EMP0349_202604,EMP0349,2026-04-01,20,17,3,0
ATT_EMP0349_202605,EMP0349,2026-05-01,21,20,1,1
ATT_EMP0349_202606,EMP0349,2026-06-01,23,20,3,1
ATT_EMP0349_202607,EMP0349,2026-07-01,22,20,2,2
ATT_EMP0349_202608,EMP0349,2026-08-01,22,21,1,1
ATT_EMP0349_202609,EMP0349,2026-09-01,21,18,3,2
ATT_EMP0350_202510,EMP0350,2025-10-01,21,19,2,2
ATT_EMP0350_202511,EMP0350,2025-11-01,23,22,1,1
ATT_EMP0350_202512,EMP0350,2025-12-01,21,17,4,2
ATT_EMP0350_202601,EMP0350,2026-01-01,20,20,0,4
ATT_EMP0350_202602,EMP0350,2026-02-01,22,21,1,0
ATT_EMP0350_202603,EMP0350,2026-03-01,21,19,2,1
ATT_EMP0350_202604,EMP0350,2026-04-01,21,17,4,1
ATT_EMP0350_202605,EMP0350,2026-05-01,23,23,0,1
ATT_EMP0350_202606,EMP0350,2026-06-01,20,19,1,4
ATT_EMP0350_202607,EMP0350,2026-07-01,21,19,2,1
ATT_EMP0350_202608,EMP0350,2026-08-01,21,21,0,4
ATT_EMP0350_202609,EMP0350,2026-09-01,22,21,1,2
ATT_EMP0351_202510,EMP0351,2025-10-01,21,21,0,2
ATT_EMP0351_202511,EMP0351,2025-11-01,21,16,5,1
ATT_EMP0351_202512,EMP0351,2025-12-01,22,20,2,3
ATT_EMP0351_202601,EMP0351,2026-01-01,22,21,1,3
ATT_EMP0351_202602,EMP0351,2026-02-01,22,21,1,3
ATT_EMP0351_202603,EMP0351,2026-03-01,22,22,0,0
ATT_EMP0351_202604,EMP0351,2026-04-01,22,19,3,0
ATT_EMP0351_202605,EMP0351,2026-05-01,23,21,2,0
ATT_EMP0351_202606,EMP0351,2026-06-01,23,21,2,5
ATT_EMP0351_202607,EMP0351,2026-07-01,22,20,2,4
ATT_EMP0351_202608,EMP0351,2026-08-01,21,16,5,2
ATT_EMP0351_202609,EMP0351,2026-09-01,23,22,1,3
ATT_EMP0352_202510,EMP0352,2025-10-01,20,19,1,1
ATT_EMP0352_202511,EMP0352,2025-11-01,21,18,3,1
ATT_EMP0352_202512,EMP0352,2025-12-01,22,21,1,2
ATT_EMP0352_202601,EMP0352,2026-01-01,20,20,0,0
ATT_EMP0352_202602,EMP0352,2026-02-01,20,17,3,2
ATT_EMP0352_202603,EMP0352,2026-03-01,20,17,3,2
ATT_EMP0352_202604,EMP0352,2026-04-01,21,19,2,1
ATT_EMP0352_202605,EMP0352,2026-05-01,23,19,4,2
ATT_EMP0352_202606,EMP0352,2026-06-01,21,18,3,0
ATT_EMP0352_202607,EMP0352,2026-07-01,21,21,0,2
ATT_EMP0352_202608,EMP0352,2026-08-01,21,19,2,0
ATT_EMP0352_202609,EMP0352,2026-09-01,21,19,2,1
ATT_EMP0353_202510,EMP0353,2025-10-01,22,19,3,0
ATT_EMP0353_202511,EMP0353,2025-11-01,20,19,1,0
ATT_EMP0353_202512,EMP0353,2025-12-01,20,19,1,1
ATT_EMP0353_202601,EMP0353,2026-01-01,21,21,0,2
ATT_EMP0353_202602,EMP0353,2026-02-01,22,20,2,2
ATT_EMP0353_202603,EMP0353,2026-03-01,23,20,3,1
ATT_EMP0353_202604,EMP0353,2026-04-01,21,19,2,2
ATT_EMP0353_202605,EMP0353,2026-05-01,20,18,2,3
ATT_EMP0353_202606,EMP0353,2026-06-01,21,19,2,2
ATT_EMP0353_202607,EMP0353,2026-07-01,21,16,5,0
ATT_EMP0353_202608,EMP0353,2026-08-01,22,18,4,3
ATT_EMP0353_202609,EMP0353,2026-09-01,21,20,1,2
ATT_EMP0354_202510,EMP0354,2025-10-01,22,21,1,1
ATT_EMP0354_202511,EMP0354,2025-11-01,21,20,1,3
ATT_EMP0354_202512,EMP0354,2025-12-01,21,19,2,0
ATT_EMP0354_202601,EMP0354,2026-01-01,23,20,3,2
ATT_EMP0354_202602,EMP0354,2026-02-01,20,19,1,0
ATT_EMP0354_202603,EMP0354,2026-03-01,22,18,4,0
ATT_EMP0354_202604,EMP0354,2026-04-01,22,20,2,0
ATT_EMP0354_202605,EMP0354,2026-05-01,23,22,1,2
ATT_EMP0354_202606,EMP0354,2026-06-01,21,18,3,1
ATT_EMP0354_202607,EMP0354,2026-07-01,22,19,3,1
ATT_EMP0354_202608,EMP0354,2026-08-01,21,20,1,4
ATT_EMP0354_202609,EMP0354,2026-09-01,21,20,1,2
ATT_EMP0355_202510,EMP0355,2025-10-01,21,18,3,6
ATT_EMP0355_202511,EMP0355,2025-11-01,20,19,1,2
ATT_EMP0355_202512,EMP0355,2025-12-01,20,18,2,0
ATT_EMP0355_202601,EMP0355,2026-01-01,20,18,2,1
ATT_EMP0355_202602,EMP0355,2026-02-01,22,19,3,1
ATT_EMP0355_202603,EMP0355,2026-03-01,22,21,1,1
ATT_EMP0355_202604,EMP0355,2026-04-01,22,21,1,1
ATT_EMP0355_202605,EMP0355,2026-05-01,23,22,1,3
ATT_EMP0355_202606,EMP0355,2026-06-01,23,23,0,3
ATT_EMP0355_202607,EMP0355,2026-07-01,21,20,1,0
ATT_EMP0355_202608,EMP0355,2026-08-01,21,18,3,2
ATT_EMP0355_202609,EMP0355,2026-09-01,22,18,4,2
ATT_EMP0356_202510,EMP0356,2025-10-01,22,22,0,1
ATT_EMP0356_202511,EMP0356,2025-11-01,20,18,2,1
ATT_EMP0356_202512,EMP0356,2025-12-01,23,22,1,3
ATT_EMP0356_202601,EMP0356,2026-01-01,22,20,2,2
ATT_EMP0356_202602,EMP0356,2026-02-01,21,18,3,8
ATT_EMP0356_202603,EMP0356,2026-03-01,22,20,2,1
ATT_EMP0356_202604,EMP0356,2026-04-01,20,16,4,2
ATT_EMP0356_202605,EMP0356,2026-05-01,21,21,0,1
ATT_EMP0356_202606,EMP0356,2026-06-01,23,18,5,0
ATT_EMP0356_202607,EMP0356,2026-07-01,22,21,1,2
ATT_EMP0356_202608,EMP0356,2026-08-01,20,20,0,0
ATT_EMP0356_202609,EMP0356,2026-09-01,21,19,2,1
ATT_EMP0357_202510,EMP0357,2025-10-01,20,18,2,2
ATT_EMP0357_202511,EMP0357,2025-11-01,21,17,4,1
ATT_EMP0357_202512,EMP0357,2025-12-01,21,21,0,1
ATT_EMP0357_202601,EMP0357,2026-01-01,21,20,1,0
ATT_EMP0357_202602,EMP0357,2026-02-01,22,18,4,2
ATT_EMP0357_202603,EMP0357,2026-03-01,22,21,1,1
ATT_EMP0357_202604,EMP0357,2026-04-01,23,21,2,1
ATT_EMP0357_202605,EMP0357,2026-05-01,22,20,2,2
ATT_EMP0357_202606,EMP0357,2026-06-01,22,21,1,1
ATT_EMP0357_202607,EMP0357,2026-07-01,22,20,2,1
ATT_EMP0357_202608,EMP0357,2026-08-01,22,21,1,2
ATT_EMP0357_202609,EMP0357,2026-09-01,23,19,4,1
ATT_EMP0358_202510,EMP0358,2025-10-01,23,20,3,2
ATT_EMP0358_202511,EMP0358,2025-11-01,20,20,0,0
ATT_EMP0358_202512,EMP0358,2025-12-01,23,22,1,2
ATT_EMP0358_202601,EMP0358,2026-01-01,23,21,2,2
ATT_EMP0358_202602,EMP0358,2026-02-01,22,20,2,1
ATT_EMP0358_202603,EMP0358,2026-03-01,22,22,0,0
ATT_EMP0358_202604,EMP0358,2026-04-01,21,19,2,0
ATT_EMP0358_202605,EMP0358,2026-05-01,23,21,2,2
ATT_EMP0358_202606,EMP0358,2026-06-01,22,21,1,0
ATT_EMP0358_202607,EMP0358,2026-07-01,22,20,2,1
ATT_EMP0358_202608,EMP0358,2026-08-01,21,19,2,1
ATT_EMP0358_202609,EMP0358,2026-09-01,22,22,0,3
ATT_EMP0359_202510,EMP0359,2025-10-01,22,19,3,4
ATT_EMP0359_202511,EMP0359,2025-11-01,21,19,2,2
ATT_EMP0359_202512,EMP0359,2025-12-01,21,19,2,2
ATT_EMP0359_202601,EMP0359,2026-01-01,21,19,2,1
ATT_EMP0359_202602,EMP0359,2026-02-01,21,17,4,1
ATT_EMP0359_202603,EMP0359,2026-03-01,20,17,3,2
ATT_EMP0359_202604,EMP0359,2026-04-01,22,20,2,2
ATT_EMP0359_202605,EMP0359,2026-05-01,22,22,0,2
ATT_EMP0359_202606,EMP0359,2026-06-01,22,21,1,0
ATT_EMP0359_202607,EMP0359,2026-07-01,21,18,3,2
ATT_EMP0359_202608,EMP0359,2026-08-01,23,20,3,1
ATT_EMP0359_202609,EMP0359,2026-09-01,21,19,2,1
ATT_EMP0360_202510,EMP0360,2025-10-01,20,18,2,6
ATT_EMP0360_202511,EMP0360,2025-11-01,23,19,4,2
ATT_EMP0360_202512,EMP0360,2025-12-01,21,20,1,3
ATT_EMP0360_202601,EMP0360,2026-01-01,22,19,3,2
ATT_EMP0360_202602,EMP0360,2026-02-01,21,19,2,2
ATT_EMP0360_202603,EMP0360,2026-03-01,21,19,2,2
ATT_EMP0360_202604,EMP0360,2026-04-01,22,19,3,0
ATT_EMP0360_202605,EMP0360,2026-05-01,23,23,0,0
ATT_EMP0360_202606,EMP0360,2026-06-01,21,18,3,3
ATT_EMP0360_202607,EMP0360,2026-07-01,21,18,3,0
ATT_EMP0360_202608,EMP0360,2026-08-01,20,18,2,1
ATT_EMP0360_202609,EMP0360,2026-09-01,22,18,4,0
ATT_EMP0361_202510,EMP0361,2025-10-01,21,18,3,1
ATT_EMP0361_202511,EMP0361,2025-11-01,22,21,1,2
ATT_EMP0361_202512,EMP0361,2025-12-01,20,18,2,0
ATT_EMP0361_202601,EMP0361,2026-01-01,20,20,0,0
ATT_EMP0361_202602,EMP0361,2026-02-01,22,18,4,1
ATT_EMP0361_202603,EMP0361,2026-03-01,22,20,2,3
ATT_EMP0361_202604,EMP0361,2026-04-01,22,20,2,1
ATT_EMP0361_202605,EMP0361,2026-05-01,21,19,2,0
ATT_EMP0361_202606,EMP0361,2026-06-01,23,18,5,2
ATT_EMP0361_202607,EMP0361,2026-07-01,22,21,1,3
ATT_EMP0361_202608,EMP0361,2026-08-01,22,19,3,4
ATT_EMP0361_202609,EMP0361,2026-09-01,23,16,7,2
ATT_EMP0362_202510,EMP0362,2025-10-01,22,19,3,1
ATT_EMP0362_202511,EMP0362,2025-11-01,21,18,3,0
ATT_EMP0362_202512,EMP0362,2025-12-01,21,20,1,2
ATT_EMP0362_202601,EMP0362,2026-01-01,23,23,0,2
ATT_EMP0362_202602,EMP0362,2026-02-01,22,19,3,1
ATT_EMP0362_202603,EMP0362,2026-03-01,22,21,1,1
ATT_EMP0362_202604,EMP0362,2026-04-01,20,19,1,2
ATT_EMP0362_202605,EMP0362,2026-05-01,21,21,0,0
ATT_EMP0362_202606,EMP0362,2026-06-01,21,21,0,3
ATT_EMP0362_202607,EMP0362,2026-07-01,21,20,1,0
ATT_EMP0362_202608,EMP0362,2026-08-01,21,18,3,4
ATT_EMP0362_202609,EMP0362,2026-09-01,20,19,1,2
ATT_EMP0363_202510,EMP0363,2025-10-01,21,19,2,1
ATT_EMP0363_202511,EMP0363,2025-11-01,20,18,2,0
ATT_EMP0363_202512,EMP0363,2025-12-01,21,20,1,0
ATT_EMP0363_202601,EMP0363,2026-01-01,23,21,2,2
ATT_EMP0363_202602,EMP0363,2026-02-01,22,21,1,2
ATT_EMP0363_202603,EMP0363,2026-03-01,20,17,3,3
ATT_EMP0363_202604,EMP0363,2026-04-01,21,18,3,1
ATT_EMP0363_202605,EMP0363,2026-05-01,21,20,1,3
ATT_EMP0363_202606,EMP0363,2026-06-01,20,18,2,2
ATT_EMP0363_202607,EMP0363,2026-07-01,21,19,2,2
ATT_EMP0363_202608,EMP0363,2026-08-01,21,17,4,2
ATT_EMP0363_202609,EMP0363,2026-09-01,21,18,3,3
ATT_EMP0364_202510,EMP0364,2025-10-01,21,20,1,2
ATT_EMP0364_202511,EMP0364,2025-11-01,22,22,0,0
ATT_EMP0364_202512,EMP0364,2025-12-01,21,20,1,2
ATT_EMP0364_202601,EMP0364,2026-01-01,22,18,4,1
ATT_EMP0364_202602,EMP0364,2026-02-01,22,22,0,3
ATT_EMP0364_202603,EMP0364,2026-03-01,22,18,4,2
ATT_EMP0364_202604,EMP0364,2026-04-01,22,20,2,0
ATT_EMP0364_202605,EMP0364,2026-05-01,22,19,3,0
ATT_EMP0364_202606,EMP0364,2026-06-01,21,21,0,0
ATT_EMP0364_202607,EMP0364,2026-07-01,21,17,4,0
ATT_EMP0364_202608,EMP0364,2026-08-01,20,18,2,1
ATT_EMP0364_202609,EMP0364,2026-09-01,22,21,1,2
ATT_EMP0365_202510,EMP0365,2025-10-01,21,21,0,1
ATT_EMP0365_202511,EMP0365,2025-11-01,22,22,0,1
ATT_EMP0365_202512,EMP0365,2025-12-01,21,20,1,2
ATT_EMP0365_202601,EMP0365,2026-01-01,22,20,2,4
ATT_EMP0365_202602,EMP0365,2026-02-01,21,17,4,4
ATT_EMP0365_202603,EMP0365,2026-03-01,20,20,0,1
ATT_EMP0365_202604,EMP0365,2026-04-01,22,21,1,3
ATT_EMP0365_202605,EMP0365,2026-05-01,20,17,3,2
ATT_EMP0365_202606,EMP0365,2026-06-01,21,19,2,3
ATT_EMP0365_202607,EMP0365,2026-07-01,23,22,1,0
ATT_EMP0365_202608,EMP0365,2026-08-01,22,19,3,2
ATT_EMP0365_202609,EMP0365,2026-09-01,23,19,4,1
ATT_EMP0366_202510,EMP0366,2025-10-01,23,20,3,1
ATT_EMP0366_202511,EMP0366,2025-11-01,21,19,2,1
ATT_EMP0366_202512,EMP0366,2025-12-01,22,21,1,1
ATT_EMP0366_202601,EMP0366,2026-01-01,21,19,2,1
ATT_EMP0366_202602,EMP0366,2026-02-01,21,18,3,2
ATT_EMP0366_202603,EMP0366,2026-03-01,20,18,2,0
ATT_EMP0366_202604,EMP0366,2026-04-01,23,19,4,1
ATT_EMP0366_202605,EMP0366,2026-05-01,23,20,3,0
ATT_EMP0366_202606,EMP0366,2026-06-01,23,20,3,1
ATT_EMP0366_202607,EMP0366,2026-07-01,21,19,2,1
ATT_EMP0366_202608,EMP0366,2026-08-01,21,20,1,2
ATT_EMP0366_202609,EMP0366,2026-09-01,22,19,3,0
ATT_EMP0367_202510,EMP0367,2025-10-01,22,22,0,2
ATT_EMP0367_202511,EMP0367,2025-11-01,20,20,0,4
ATT_EMP0367_202512,EMP0367,2025-12-01,22,19,3,1
ATT_EMP0367_202601,EMP0367,2026-01-01,22,21,1,1
ATT_EMP0367_202602,EMP0367,2026-02-01,21,18,3,1
ATT_EMP0367_202603,EMP0367,2026-03-01,22,18,4,1
ATT_EMP0367_202604,EMP0367,2026-04-01,21,19,2,0
ATT_EMP0367_202605,EMP0367,2026-05-01,20,17,3,2
ATT_EMP0367_202606,EMP0367,2026-06-01,22,20,2,0
ATT_EMP0367_202607,EMP0367,2026-07-01,22,21,1,1
ATT_EMP0367_202608,EMP0367,2026-08-01,22,21,1,0
ATT_EMP0367_202609,EMP0367,2026-09-01,22,21,1,0
ATT_EMP0368_202510,EMP0368,2025-10-01,22,21,1,0
ATT_EMP0368_202511,EMP0368,2025-11-01,22,20,2,1
ATT_EMP0368_202512,EMP0368,2025-12-01,21,19,2,4
ATT_EMP0368_202601,EMP0368,2026-01-01,22,20,2,1
ATT_EMP0368_202602,EMP0368,2026-02-01,22,20,2,1
ATT_EMP0368_202603,EMP0368,2026-03-01,22,20,2,2
ATT_EMP0368_202604,EMP0368,2026-04-01,23,18,5,0
ATT_EMP0368_202605,EMP0368,2026-05-01,22,18,4,2
ATT_EMP0368_202606,EMP0368,2026-06-01,23,23,0,2
ATT_EMP0368_202607,EMP0368,2026-07-01,22,20,2,3
ATT_EMP0368_202608,EMP0368,2026-08-01,22,20,2,1
ATT_EMP0368_202609,EMP0368,2026-09-01,22,21,1,0
ATT_EMP0369_202510,EMP0369,2025-10-01,22,21,1,4
ATT_EMP0369_202511,EMP0369,2025-11-01,22,22,0,1
ATT_EMP0369_202512,EMP0369,2025-12-01,22,19,3,0
ATT_EMP0369_202601,EMP0369,2026-01-01,23,20,3,4
ATT_EMP0369_202602,EMP0369,2026-02-01,23,21,2,0
ATT_EMP0369_202603,EMP0369,2026-03-01,21,20,1,0
ATT_EMP0369_202604,EMP0369,2026-04-01,23,23,0,1
ATT_EMP0369_202605,EMP0369,2026-05-01,22,21,1,5
ATT_EMP0369_202606,EMP0369,2026-06-01,21,21,0,0
ATT_EMP0369_202607,EMP0369,2026-07-01,20,16,4,5
ATT_EMP0369_202608,EMP0369,2026-08-01,22,18,4,1
ATT_EMP0369_202609,EMP0369,2026-09-01,20,19,1,0
ATT_EMP0370_202510,EMP0370,2025-10-01,21,18,3,1
ATT_EMP0370_202511,EMP0370,2025-11-01,22,21,1,1
ATT_EMP0370_202512,EMP0370,2025-12-01,22,21,1,0
ATT_EMP0370_202601,EMP0370,2026-01-01,20,15,5,1
ATT_EMP0370_202602,EMP0370,2026-02-01,22,22,0,3
ATT_EMP0370_202603,EMP0370,2026-03-01,23,19,4,1
ATT_EMP0370_202604,EMP0370,2026-04-01,21,20,1,0
ATT_EMP0370_202605,EMP0370,2026-05-01,22,21,1,4
ATT_EMP0370_202606,EMP0370,2026-06-01,22,20,2,2
ATT_EMP0370_202607,EMP0370,2026-07-01,21,20,1,1
ATT_EMP0370_202608,EMP0370,2026-08-01,20,17,3,0
ATT_EMP0370_202609,EMP0370,2026-09-01,20,18,2,0
ATT_EMP0371_202510,EMP0371,2025-10-01,22,19,3,3
ATT_EMP0371_202511,EMP0371,2025-11-01,20,18,2,0
ATT_EMP0371_202512,EMP0371,2025-12-01,20,19,1,1
ATT_EMP0371_202601,EMP0371,2026-01-01,22,20,2,2
ATT_EMP0371_202602,EMP0371,2026-02-01,21,20,1,1
ATT_EMP0371_202603,EMP0371,2026-03-01,21,20,1,3
ATT_EMP0371_202604,EMP0371,2026-04-01,22,20,2,1
ATT_EMP0371_202605,EMP0371,2026-05-01,21,21,0,1
ATT_EMP0371_202606,EMP0371,2026-06-01,20,17,3,1
ATT_EMP0371_202607,EMP0371,2026-07-01,21,18,3,2
ATT_EMP0371_202608,EMP0371,2026-08-01,22,22,0,0
ATT_EMP0371_202609,EMP0371,2026-09-01,21,17,4,0
ATT_EMP0372_202510,EMP0372,2025-10-01,23,21,2,3
ATT_EMP0372_202511,EMP0372,2025-11-01,22,22,0,2
ATT_EMP0372_202512,EMP0372,2025-12-01,22,20,2,0
ATT_EMP0372_202601,EMP0372,2026-01-01,21,19,2,0
ATT_EMP0372_202602,EMP0372,2026-02-01,22,19,3,2
ATT_EMP0372_202603,EMP0372,2026-03-01,22,19,3,2
ATT_EMP0372_202604,EMP0372,2026-04-01,23,19,4,0
ATT_EMP0372_202605,EMP0372,2026-05-01,21,19,2,2
ATT_EMP0372_202606,EMP0372,2026-06-01,22,18,4,1
ATT_EMP0372_202607,EMP0372,2026-07-01,21,18,3,0
ATT_EMP0372_202608,EMP0372,2026-08-01,22,22,0,5
ATT_EMP0372_202609,EMP0372,2026-09-01,20,20,0,1
ATT_EMP0373_202510,EMP0373,2025-10-01,22,21,1,2
ATT_EMP0373_202511,EMP0373,2025-11-01,21,18,3,2
ATT_EMP0373_202512,EMP0373,2025-12-01,22,19,3,1
ATT_EMP0373_202601,EMP0373,2026-01-01,22,22,0,2
ATT_EMP0373_202602,EMP0373,2026-02-01,22,18,4,2
ATT_EMP0373_202603,EMP0373,2026-03-01,22,19,3,1
ATT_EMP0373_202604,EMP0373,2026-04-01,20,19,1,1
ATT_EMP0373_202605,EMP0373,2026-05-01,22,18,4,0
ATT_EMP0373_202606,EMP0373,2026-06-01,23,22,1,2
ATT_EMP0373_202607,EMP0373,2026-07-01,21,17,4,2
ATT_EMP0373_202608,EMP0373,2026-08-01,22,18,4,4
ATT_EMP0373_202609,EMP0373,2026-09-01,22,21,1,0
ATT_EMP0374_202510,EMP0374,2025-10-01,22,17,5,1
ATT_EMP0374_202511,EMP0374,2025-11-01,21,15,6,2
ATT_EMP0374_202512,EMP0374,2025-12-01,22,20,2,1
ATT_EMP0374_202601,EMP0374,2026-01-01,22,21,1,2
ATT_EMP0374_202602,EMP0374,2026-02-01,21,17,4,2
ATT_EMP0374_202603,EMP0374,2026-03-01,20,19,1,1
ATT_EMP0374_202604,EMP0374,2026-04-01,22,20,2,2
ATT_EMP0374_202605,EMP0374,2026-05-01,22,19,3,1
ATT_EMP0374_202606,EMP0374,2026-06-01,20,18,2,1
ATT_EMP0374_202607,EMP0374,2026-07-01,20,16,4,0
ATT_EMP0374_202608,EMP0374,2026-08-01,22,19,3,2
ATT_EMP0374_202609,EMP0374,2026-09-01,22,19,3,2
ATT_EMP0375_202510,EMP0375,2025-10-01,21,20,1,1
ATT_EMP0375_202511,EMP0375,2025-11-01,21,18,3,2
ATT_EMP0375_202512,EMP0375,2025-12-01,21,21,0,5
ATT_EMP0375_202601,EMP0375,2026-01-01,22,19,3,1
ATT_EMP0375_202602,EMP0375,2026-02-01,22,19,3,1
ATT_EMP0375_202603,EMP0375,2026-03-01,20,19,1,1
ATT_EMP0375_202604,EMP0375,2026-04-01,22,19,3,0
ATT_EMP0375_202605,EMP0375,2026-05-01,22,21,1,2
ATT_EMP0375_202606,EMP0375,2026-06-01,22,20,2,1
ATT_EMP0375_202607,EMP0375,2026-07-01,22,17,5,2
ATT_EMP0375_202608,EMP0375,2026-08-01,23,20,3,3
ATT_EMP0375_202609,EMP0375,2026-09-01,22,20,2,2
ATT_EMP0376_202510,EMP0376,2025-10-01,20,20,0,1
ATT_EMP0376_202511,EMP0376,2025-11-01,22,18,4,2
ATT_EMP0376_202512,EMP0376,2025-12-01,23,20,3,0
ATT_EMP0376_202601,EMP0376,2026-01-01,22,19,3,1
ATT_EMP0376_202602,EMP0376,2026-02-01,21,20,1,1
ATT_EMP0376_202603,EMP0376,2026-03-01,22,22,0,0
ATT_EMP0376_202604,EMP0376,2026-04-01,21,21,0,3
ATT_EMP0376_202605,EMP0376,2026-05-01,22,21,1,0
ATT_EMP0376_202606,EMP0376,2026-06-01,22,20,2,1
ATT_EMP0376_202607,EMP0376,2026-07-01,20,19,1,1
ATT_EMP0376_202608,EMP0376,2026-08-01,22,20,2,1
ATT_EMP0376_202609,EMP0376,2026-09-01,22,18,4,3
ATT_EMP0377_202510,EMP0377,2025-10-01,20,16,4,2
ATT_EMP0377_202511,EMP0377,2025-11-01,21,19,2,2
ATT_EMP0377_202512,EMP0377,2025-12-01,22,18,4,2
ATT_EMP0377_202601,EMP0377,2026-01-01,20,18,2,1
ATT_EMP0377_202602,EMP0377,2026-02-01,23,20,3,3
ATT_EMP0377_202603,EMP0377,2026-03-01,22,22,0,1
ATT_EMP0377_202604,EMP0377,2026-04-01,21,21,0,0
ATT_EMP0377_202605,EMP0377,2026-05-01,22,21,1,2
ATT_EMP0377_202606,EMP0377,2026-06-01,21,18,3,0
ATT_EMP0377_202607,EMP0377,2026-07-01,22,19,3,1
ATT_EMP0377_202608,EMP0377,2026-08-01,20,16,4,2
ATT_EMP0377_202609,EMP0377,2026-09-01,23,18,5,0
ATT_EMP0378_202510,EMP0378,2025-10-01,21,18,3,2
ATT_EMP0378_202511,EMP0378,2025-11-01,22,20,2,0
ATT_EMP0378_202512,EMP0378,2025-12-01,22,20,2,5
ATT_EMP0378_202601,EMP0378,2026-01-01,22,21,1,4
ATT_EMP0378_202602,EMP0378,2026-02-01,20,17,3,2
ATT_EMP0378_202603,EMP0378,2026-03-01,21,18,3,2
ATT_EMP0378_202604,EMP0378,2026-04-01,22,18,4,3
ATT_EMP0378_202605,EMP0378,2026-05-01,22,19,3,3
ATT_EMP0378_202606,EMP0378,2026-06-01,22,20,2,1
ATT_EMP0378_202607,EMP0378,2026-07-01,23,21,2,2
ATT_EMP0378_202608,EMP0378,2026-08-01,21,20,1,2
ATT_EMP0378_202609,EMP0378,2026-09-01,21,18,3,2
ATT_EMP0379_202510,EMP0379,2025-10-01,23,22,1,3
ATT_EMP0379_202511,EMP0379,2025-11-01,23,23,0,2
ATT_EMP0379_202512,EMP0379,2025-12-01,23,21,2,2
ATT_EMP0379_202601,EMP0379,2026-01-01,22,20,2,0
ATT_EMP0379_202602,EMP0379,2026-02-01,20,18,2,1
ATT_EMP0379_202603,EMP0379,2026-03-01,20,17,3,3
ATT_EMP0379_202604,EMP0379,2026-04-01,22,22,0,2
ATT_EMP0379_202605,EMP0379,2026-05-01,21,18,3,1
ATT_EMP0379_202606,EMP0379,2026-06-01,22,20,2,2
ATT_EMP0379_202607,EMP0379,2026-07-01,23,22,1,1
ATT_EMP0379_202608,EMP0379,2026-08-01,21,21,0,3
ATT_EMP0379_202609,EMP0379,2026-09-01,22,18,4,1
ATT_EMP0380_202510,EMP0380,2025-10-01,20,20,0,0
ATT_EMP0380_202511,EMP0380,2025-11-01,23,21,2,1
ATT_EMP0380_202512,EMP0380,2025-12-01,22,20,2,1
ATT_EMP0380_202601,EMP0380,2026-01-01,21,20,1,2
ATT_EMP0380_202602,EMP0380,2026-02-01,22,19,3,2
ATT_EMP0380_202603,EMP0380,2026-03-01,21,18,3,0
ATT_EMP0380_202604,EMP0380,2026-04-01,21,17,4,1
ATT_EMP0380_202605,EMP0380,2026-05-01,21,18,3,0
ATT_EMP0380_202606,EMP0380,2026-06-01,20,19,1,0
ATT_EMP0380_202607,EMP0380,2026-07-01,23,23,0,1
ATT_EMP0380_202608,EMP0380,2026-08-01,21,21,0,1
ATT_EMP0380_202609,EMP0380,2026-09-01,21,18,3,2
ATT_EMP0381_202510,EMP0381,2025-10-01,22,20,2,0
ATT_EMP0381_202511,EMP0381,2025-11-01,20,19,1,1
ATT_EMP0381_202512,EMP0381,2025-12-01,22,18,4,1
ATT_EMP0381_202601,EMP0381,2026-01-01,23,21,2,1
ATT_EMP0381_202602,EMP0381,2026-02-01,20,20,0,2
ATT_EMP0381_202603,EMP0381,2026-03-01,21,20,1,0
ATT_EMP0381_202604,EMP0381,2026-04-01,23,22,1,3
ATT_EMP0381_202605,EMP0381,2026-05-01,22,18,4,0
ATT_EMP0381_202606,EMP0381,2026-06-01,21,18,3,1
ATT_EMP0381_202607,EMP0381,2026-07-01,20,18,2,3
ATT_EMP0381_202608,EMP0381,2026-08-01,21,19,2,1
ATT_EMP0381_202609,EMP0381,2026-09-01,21,21,0,2
ATT_EMP0382_202510,EMP0382,2025-10-01,21,20,1,0
ATT_EMP0382_202511,EMP0382,2025-11-01,21,19,2,0
ATT_EMP0382_202512,EMP0382,2025-12-01,20,19,1,0
ATT_EMP0382_202601,EMP0382,2026-01-01,21,19,2,1
ATT_EMP0382_202602,EMP0382,2026-02-01,22,22,0,1
ATT_EMP0382_202603,EMP0382,2026-03-01,21,18,3,0
ATT_EMP0382_202604,EMP0382,2026-04-01,20,18,2,3
ATT_EMP0382_202605,EMP0382,2026-05-01,22,21,1,3
ATT_EMP0382_202606,EMP0382,2026-06-01,20,19,1,0
ATT_EMP0382_202607,EMP0382,2026-07-01,23,19,4,0
ATT_EMP0382_202608,EMP0382,2026-08-01,22,19,3,1
ATT_EMP0382_202609,EMP0382,2026-09-01,22,19,3,4
ATT_EMP0383_202510,EMP0383,2025-10-01,20,18,2,1
ATT_EMP0383_202511,EMP0383,2025-11-01,22,18,4,1
ATT_EMP0383_202512,EMP0383,2025-12-01,23,23,0,0
ATT_EMP0383_202601,EMP0383,2026-01-01,23,21,2,0
ATT_EMP0383_202602,EMP0383,2026-02-01,23,20,3,3
ATT_EMP0383_202603,EMP0383,2026-03-01,22,19,3,1
ATT_EMP0383_202604,EMP0383,2026-04-01,20,18,2,1
ATT_EMP0383_202605,EMP0383,2026-05-01,23,22,1,1
ATT_EMP0383_202606,EMP0383,2026-06-01,20,17,3,1
ATT_EMP0383_202607,EMP0383,2026-07-01,20,18,2,4
ATT_EMP0383_202608,EMP0383,2026-08-01,22,18,4,0
ATT_EMP0383_202609,EMP0383,2026-09-01,23,19,4,2
ATT_EMP0384_202510,EMP0384,2025-10-01,22,19,3,0
ATT_EMP0384_202511,EMP0384,2025-11-01,20,15,5,3
ATT_EMP0384_202512,EMP0384,2025-12-01,22,18,4,1
ATT_EMP0384_202601,EMP0384,2026-01-01,20,20,0,2
ATT_EMP0384_202602,EMP0384,2026-02-01,22,21,1,0
ATT_EMP0384_202603,EMP0384,2026-03-01,22,20,2,3
ATT_EMP0384_202604,EMP0384,2026-04-01,21,21,0,3
ATT_EMP0384_202605,EMP0384,2026-05-01,21,20,1,1
ATT_EMP0384_202606,EMP0384,2026-06-01,20,17,3,1
ATT_EMP0384_202607,EMP0384,2026-07-01,22,19,3,0
ATT_EMP0384_202608,EMP0384,2026-08-01,20,19,1,0
ATT_EMP0384_202609,EMP0384,2026-09-01,22,20,2,1
ATT_EMP0385_202510,EMP0385,2025-10-01,21,20,1,1
ATT_EMP0385_202511,EMP0385,2025-11-01,22,18,4,2
ATT_EMP0385_202512,EMP0385,2025-12-01,22,20,2,3
ATT_EMP0385_202601,EMP0385,2026-01-01,21,19,2,1
ATT_EMP0385_202602,EMP0385,2026-02-01,21,19,2,3
ATT_EMP0385_202603,EMP0385,2026-03-01,21,19,2,1
ATT_EMP0385_202604,EMP0385,2026-04-01,22,21,1,3
ATT_EMP0385_202605,EMP0385,2026-05-01,22,22,0,0
ATT_EMP0385_202606,EMP0385,2026-06-01,21,18,3,0
ATT_EMP0385_202607,EMP0385,2026-07-01,21,21,0,3
ATT_EMP0385_202608,EMP0385,2026-08-01,20,15,5,0
ATT_EMP0385_202609,EMP0385,2026-09-01,21,19,2,3
ATT_EMP0386_202510,EMP0386,2025-10-01,20,19,1,1
ATT_EMP0386_202511,EMP0386,2025-11-01,21,18,3,0
ATT_EMP0386_202512,EMP0386,2025-12-01,23,22,1,1
ATT_EMP0386_202601,EMP0386,2026-01-01,21,19,2,3
ATT_EMP0386_202602,EMP0386,2026-02-01,23,18,5,2
ATT_EMP0386_202603,EMP0386,2026-03-01,22,20,2,0
ATT_EMP0386_202604,EMP0386,2026-04-01,21,21,0,1
ATT_EMP0386_202605,EMP0386,2026-05-01,22,21,1,0
ATT_EMP0386_202606,EMP0386,2026-06-01,21,21,0,0
ATT_EMP0386_202607,EMP0386,2026-07-01,22,20,2,3
ATT_EMP0386_202608,EMP0386,2026-08-01,23,20,3,3
ATT_EMP0386_202609,EMP0386,2026-09-01,22,22,0,0
ATT_EMP0387_202510,EMP0387,2025-10-01,22,20,2,1
ATT_EMP0387_202511,EMP0387,2025-11-01,21,20,1,4
ATT_EMP0387_202512,EMP0387,2025-12-01,23,23,0,0
ATT_EMP0387_202601,EMP0387,2026-01-01,22,18,4,0
ATT_EMP0387_202602,EMP0387,2026-02-01,20,18,2,3
ATT_EMP0387_202603,EMP0387,2026-03-01,21,20,1,2
ATT_EMP0387_202604,EMP0387,2026-04-01,20,18,2,3
ATT_EMP0387_202605,EMP0387,2026-05-01,23,21,2,1
ATT_EMP0387_202606,EMP0387,2026-06-01,22,20,2,3
ATT_EMP0387_202607,EMP0387,2026-07-01,22,22,0,1
ATT_EMP0387_202608,EMP0387,2026-08-01,21,17,4,0
ATT_EMP0387_202609,EMP0387,2026-09-01,22,19,3,1
ATT_EMP0388_202510,EMP0388,2025-10-01,23,21,2,1
ATT_EMP0388_202511,EMP0388,2025-11-01,22,22,0,2
ATT_EMP0388_202512,EMP0388,2025-12-01,23,21,2,1
ATT_EMP0388_202601,EMP0388,2026-01-01,23,20,3,1
ATT_EMP0388_202602,EMP0388,2026-02-01,20,18,2,1
ATT_EMP0388_202603,EMP0388,2026-03-01,20,17,3,0
ATT_EMP0388_202604,EMP0388,2026-04-01,23,23,0,2
ATT_EMP0388_202605,EMP0388,2026-05-01,20,18,2,2
ATT_EMP0388_202606,EMP0388,2026-06-01,23,22,1,3
ATT_EMP0388_202607,EMP0388,2026-07-01,23,21,2,4
ATT_EMP0388_202608,EMP0388,2026-08-01,22,21,1,1
ATT_EMP0388_202609,EMP0388,2026-09-01,22,18,4,1
ATT_EMP0389_202510,EMP0389,2025-10-01,22,22,0,1
ATT_EMP0389_202511,EMP0389,2025-11-01,21,18,3,2
ATT_EMP0389_202512,EMP0389,2025-12-01,21,20,1,1
ATT_EMP0389_202601,EMP0389,2026-01-01,22,20,2,4
ATT_EMP0389_202602,EMP0389,2026-02-01,22,19,3,1
ATT_EMP0389_202603,EMP0389,2026-03-01,21,21,0,1
ATT_EMP0389_202604,EMP0389,2026-04-01,23,18,5,0
ATT_EMP0389_202605,EMP0389,2026-05-01,23,22,1,4
ATT_EMP0389_202606,EMP0389,2026-06-01,20,19,1,0
ATT_EMP0389_202607,EMP0389,2026-07-01,21,19,2,0
ATT_EMP0389_202608,EMP0389,2026-08-01,22,21,1,2
ATT_EMP0389_202609,EMP0389,2026-09-01,22,17,5,3
ATT_EMP0390_202510,EMP0390,2025-10-01,21,20,1,1
ATT_EMP0390_202511,EMP0390,2025-11-01,21,20,1,2
ATT_EMP0390_202512,EMP0390,2025-12-01,22,18,4,1
ATT_EMP0390_202601,EMP0390,2026-01-01,22,19,3,1
ATT_EMP0390_202602,EMP0390,2026-02-01,21,17,4,0
ATT_EMP0390_202603,EMP0390,2026-03-01,21,19,2,2
ATT_EMP0390_202604,EMP0390,2026-04-01,23,21,2,1
ATT_EMP0390_202605,EMP0390,2026-05-01,21,19,2,1
ATT_EMP0390_202606,EMP0390,2026-06-01,21,19,2,2
ATT_EMP0390_202607,EMP0390,2026-07-01,20,18,2,4
ATT_EMP0390_202608,EMP0390,2026-08-01,21,20,1,0
ATT_EMP0390_202609,EMP0390,2026-09-01,22,19,3,4
ATT_EMP0391_202510,EMP0391,2025-10-01,21,18,3,0
ATT_EMP0391_202511,EMP0391,2025-11-01,20,18,2,3
ATT_EMP0391_202512,EMP0391,2025-12-01,21,19,2,1
ATT_EMP0391_202601,EMP0391,2026-01-01,23,21,2,2
ATT_EMP0391_202602,EMP0391,2026-02-01,21,20,1,0
ATT_EMP0391_202603,EMP0391,2026-03-01,22,19,3,2
ATT_EMP0391_202604,EMP0391,2026-04-01,20,18,2,2
ATT_EMP0391_202605,EMP0391,2026-05-01,22,21,1,0
ATT_EMP0391_202606,EMP0391,2026-06-01,20,17,3,4
ATT_EMP0391_202607,EMP0391,2026-07-01,21,18,3,3
ATT_EMP0391_202608,EMP0391,2026-08-01,20,17,3,0
ATT_EMP0391_202609,EMP0391,2026-09-01,20,19,1,0
ATT_EMP0392_202510,EMP0392,2025-10-01,23,23,0,1
ATT_EMP0392_202511,EMP0392,2025-11-01,21,19,2,2
ATT_EMP0392_202512,EMP0392,2025-12-01,20,18,2,1
ATT_EMP0392_202601,EMP0392,2026-01-01,20,19,1,3
ATT_EMP0392_202602,EMP0392,2026-02-01,20,20,0,1
ATT_EMP0392_202603,EMP0392,2026-03-01,21,20,1,1
ATT_EMP0392_202604,EMP0392,2026-04-01,22,19,3,1
ATT_EMP0392_202605,EMP0392,2026-05-01,22,20,2,0
ATT_EMP0392_202606,EMP0392,2026-06-01,21,18,3,2
ATT_EMP0392_202607,EMP0392,2026-07-01,23,19,4,1
ATT_EMP0392_202608,EMP0392,2026-08-01,21,21,0,3
ATT_EMP0392_202609,EMP0392,2026-09-01,20,20,0,3
ATT_EMP0393_202510,EMP0393,2025-10-01,22,20,2,2
ATT_EMP0393_202511,EMP0393,2025-11-01,20,16,4,0
ATT_EMP0393_202512,EMP0393,2025-12-01,21,20,1,1
ATT_EMP0393_202601,EMP0393,2026-01-01,21,21,0,2
ATT_EMP0393_202602,EMP0393,2026-02-01,20,18,2,0
ATT_EMP0393_202603,EMP0393,2026-03-01,23,22,1,5
ATT_EMP0393_202604,EMP0393,2026-04-01,21,21,0,1
ATT_EMP0393_202605,EMP0393,2026-05-01,22,19,3,1
ATT_EMP0393_202606,EMP0393,2026-06-01,21,20,1,0
ATT_EMP0393_202607,EMP0393,2026-07-01,22,20,2,2
ATT_EMP0393_202608,EMP0393,2026-08-01,22,19,3,2
ATT_EMP0393_202609,EMP0393,2026-09-01,22,20,2,2
ATT_EMP0394_202510,EMP0394,2025-10-01,22,18,4,1
ATT_EMP0394_202511,EMP0394,2025-11-01,21,18,3,2
ATT_EMP0394_202512,EMP0394,2025-12-01,22,20,2,3
ATT_EMP0394_202601,EMP0394,2026-01-01,21,19,2,1
ATT_EMP0394_202602,EMP0394,2026-02-01,21,19,2,2
ATT_EMP0394_202603,EMP0394,2026-03-01,22,19,3,1
ATT_EMP0394_202604,EMP0394,2026-04-01,21,20,1,3
ATT_EMP0394_202605,EMP0394,2026-05-01,22,21,1,4
ATT_EMP0394_202606,EMP0394,2026-06-01,23,20,3,4
ATT_EMP0394_202607,EMP0394,2026-07-01,23,22,1,1
ATT_EMP0394_202608,EMP0394,2026-08-01,22,20,2,0
ATT_EMP0394_202609,EMP0394,2026-09-01,22,21,1,2
ATT_EMP0395_202510,EMP0395,2025-10-01,21,18,3,0
ATT_EMP0395_202511,EMP0395,2025-11-01,20,17,3,4
ATT_EMP0395_202512,EMP0395,2025-12-01,23,21,2,4
ATT_EMP0395_202601,EMP0395,2026-01-01,21,20,1,0
ATT_EMP0395_202602,EMP0395,2026-02-01,22,20,2,1
ATT_EMP0395_202603,EMP0395,2026-03-01,22,19,3,2
ATT_EMP0395_202604,EMP0395,2026-04-01,23,20,3,0
ATT_EMP0395_202605,EMP0395,2026-05-01,22,21,1,0
ATT_EMP0395_202606,EMP0395,2026-06-01,22,20,2,1
ATT_EMP0395_202607,EMP0395,2026-07-01,22,21,1,3
ATT_EMP0395_202608,EMP0395,2026-08-01,21,20,1,1
ATT_EMP0395_202609,EMP0395,2026-09-01,20,19,1,5
ATT_EMP0396_202510,EMP0396,2025-10-01,20,17,3,1
ATT_EMP0396_202511,EMP0396,2025-11-01,22,20,2,2
ATT_EMP0396_202512,EMP0396,2025-12-01,22,22,0,0
ATT_EMP0396_202601,EMP0396,2026-01-01,21,19,2,1
ATT_EMP0396_202602,EMP0396,2026-02-01,20,18,2,2
ATT_EMP0396_202603,EMP0396,2026-03-01,22,20,2,4
ATT_EMP0396_202604,EMP0396,2026-04-01,22,18,4,1
ATT_EMP0396_202605,EMP0396,2026-05-01,21,20,1,2
ATT_EMP0396_202606,EMP0396,2026-06-01,22,16,6,0
ATT_EMP0396_202607,EMP0396,2026-07-01,21,20,1,0
ATT_EMP0396_202608,EMP0396,2026-08-01,22,18,4,1
ATT_EMP0396_202609,EMP0396,2026-09-01,20,17,3,4
ATT_EMP0397_202510,EMP0397,2025-10-01,20,20,0,3
ATT_EMP0397_202511,EMP0397,2025-11-01,20,20,0,0
ATT_EMP0397_202512,EMP0397,2025-12-01,20,18,2,1
ATT_EMP0397_202601,EMP0397,2026-01-01,22,19,3,2
ATT_EMP0397_202602,EMP0397,2026-02-01,23,22,1,2
ATT_EMP0397_202603,EMP0397,2026-03-01,21,18,3,2
ATT_EMP0397_202604,EMP0397,2026-04-01,22,18,4,1
ATT_EMP0397_202605,EMP0397,2026-05-01,22,20,2,3
ATT_EMP0397_202606,EMP0397,2026-06-01,23,21,2,4
ATT_EMP0397_202607,EMP0397,2026-07-01,22,22,0,1
ATT_EMP0397_202608,EMP0397,2026-08-01,21,17,4,4
ATT_EMP0397_202609,EMP0397,2026-09-01,20,17,3,1
ATT_EMP0398_202510,EMP0398,2025-10-01,23,21,2,2
ATT_EMP0398_202511,EMP0398,2025-11-01,22,19,3,1
ATT_EMP0398_202512,EMP0398,2025-12-01,22,22,0,4
ATT_EMP0398_202601,EMP0398,2026-01-01,21,20,1,1
ATT_EMP0398_202602,EMP0398,2026-02-01,21,19,2,2
ATT_EMP0398_202603,EMP0398,2026-03-01,22,18,4,2
ATT_EMP0398_202604,EMP0398,2026-04-01,22,20,2,1
ATT_EMP0398_202605,EMP0398,2026-05-01,21,20,1,0
ATT_EMP0398_202606,EMP0398,2026-06-01,22,19,3,2
ATT_EMP0398_202607,EMP0398,2026-07-01,21,20,1,2
ATT_EMP0398_202608,EMP0398,2026-08-01,22,20,2,1
ATT_EMP0398_202609,EMP0398,2026-09-01,21,19,2,0
ATT_EMP0399_202510,EMP0399,2025-10-01,20,19,1,3
ATT_EMP0399_202511,EMP0399,2025-11-01,22,18,4,1
ATT_EMP0399_202512,EMP0399,2025-12-01,20,17,3,2
ATT_EMP0399_202601,EMP0399,2026-01-01,21,19,2,2
ATT_EMP0399_202602,EMP0399,2026-02-01,21,21,0,0
ATT_EMP0399_202603,EMP0399,2026-03-01,21,20,1,1
ATT_EMP0399_202604,EMP0399,2026-04-01,21,20,1,3
ATT_EMP0399_202605,EMP0399,2026-05-01,22,21,1,4
ATT_EMP0399_202606,EMP0399,2026-06-01,20,19,1,0
ATT_EMP0399_202607,EMP0399,2026-07-01,21,19,2,1
ATT_EMP0399_202608,EMP0399,2026-08-01,20,15,5,2
ATT_EMP0399_202609,EMP0399,2026-09-01,23,23,0,0
ATT_EMP0400_202510,EMP0400,2025-10-01,23,20,3,0
ATT_EMP0400_202511,EMP0400,2025-11-01,20,19,1,2
ATT_EMP0400_202512,EMP0400,2025-12-01,22,19,3,0
ATT_EMP0400_202601,EMP0400,2026-01-01,21,21,0,4
ATT_EMP0400_202602,EMP0400,2026-02-01,23,20,3,2
ATT_EMP0400_202603,EMP0400,2026-03-01,22,18,4,4
ATT_EMP0400_202604,EMP0400,2026-04-01,21,20,1,0
ATT_EMP0400_202605,EMP0400,2026-05-01,21,20,1,2
ATT_EMP0400_202606,EMP0400,2026-06-01,22,22,0,2
ATT_EMP0400_202607,EMP0400,2026-07-01,23,20,3,1
ATT_EMP0400_202608,EMP0400,2026-08-01,23,22,1,0
ATT_EMP0400_202609,EMP0400,2026-09-01,22,19,3,2
ATT_EMP0401_202510,EMP0401,2025-10-01,23,19,4,1
ATT_EMP0401_202511,EMP0401,2025-11-01,20,20,0,2
ATT_EMP0401_202512,EMP0401,2025-12-01,20,19,1,2
ATT_EMP0401_202601,EMP0401,2026-01-01,22,20,2,2
ATT_EMP0401_202602,EMP0401,2026-02-01,22,21,1,1
ATT_EMP0401_202603,EMP0401,2026-03-01,22,21,1,0
ATT_EMP0401_202604,EMP0401,2026-04-01,23,20,3,4
ATT_EMP0401_202605,EMP0401,2026-05-01,22,22,0,3
ATT_EMP0401_202606,EMP0401,2026-06-01,21,17,4,3
ATT_EMP0401_202607,EMP0401,2026-07-01,22,19,3,2
ATT_EMP0401_202608,EMP0401,2026-08-01,23,23,0,1
ATT_EMP0401_202609,EMP0401,2026-09-01,22,20,2,1
ATT_EMP0402_202510,EMP0402,2025-10-01,20,18,2,1
ATT_EMP0402_202511,EMP0402,2025-11-01,22,21,1,2
ATT_EMP0402_202512,EMP0402,2025-12-01,22,20,2,2
ATT_EMP0402_202601,EMP0402,2026-01-01,20,18,2,1
ATT_EMP0402_202602,EMP0402,2026-02-01,22,19,3,1
ATT_EMP0402_202603,EMP0402,2026-03-01,21,20,1,1
ATT_EMP0402_202604,EMP0402,2026-04-01,22,19,3,2
ATT_EMP0402_202605,EMP0402,2026-05-01,20,18,2,1
ATT_EMP0402_202606,EMP0402,2026-06-01,22,19,3,0
ATT_EMP0402_202607,EMP0402,2026-07-01,21,21,0,3
ATT_EMP0402_202608,EMP0402,2026-08-01,22,20,2,2
ATT_EMP0402_202609,EMP0402,2026-09-01,23,19,4,2
ATT_EMP0403_202510,EMP0403,2025-10-01,23,20,3,4
ATT_EMP0403_202511,EMP0403,2025-11-01,21,18,3,0
ATT_EMP0403_202512,EMP0403,2025-12-01,22,20,2,3
ATT_EMP0403_202601,EMP0403,2026-01-01,21,17,4,3
ATT_EMP0403_202602,EMP0403,2026-02-01,23,22,1,0
ATT_EMP0403_202603,EMP0403,2026-03-01,20,17,3,1
ATT_EMP0403_202604,EMP0403,2026-04-01,22,18,4,4
ATT_EMP0403_202605,EMP0403,2026-05-01,22,21,1,1
ATT_EMP0403_202606,EMP0403,2026-06-01,22,21,1,0
ATT_EMP0403_202607,EMP0403,2026-07-01,21,20,1,3
ATT_EMP0403_202608,EMP0403,2026-08-01,21,18,3,2
ATT_EMP0403_202609,EMP0403,2026-09-01,20,17,3,2
ATT_EMP0404_202510,EMP0404,2025-10-01,22,21,1,3
ATT_EMP0404_202511,EMP0404,2025-11-01,21,18,3,2
ATT_EMP0404_202512,EMP0404,2025-12-01,23,22,1,2
ATT_EMP0404_202601,EMP0404,2026-01-01,20,20,0,1
ATT_EMP0404_202602,EMP0404,2026-02-01,21,19,2,0
ATT_EMP0404_202603,EMP0404,2026-03-01,22,19,3,1
ATT_EMP0404_202604,EMP0404,2026-04-01,21,18,3,2
ATT_EMP0404_202605,EMP0404,2026-05-01,21,21,0,1
ATT_EMP0404_202606,EMP0404,2026-06-01,21,20,1,3
ATT_EMP0404_202607,EMP0404,2026-07-01,20,16,4,0
ATT_EMP0404_202608,EMP0404,2026-08-01,22,20,2,0
ATT_EMP0404_202609,EMP0404,2026-09-01,21,19,2,1
ATT_EMP0405_202510,EMP0405,2025-10-01,21,18,3,1
ATT_EMP0405_202511,EMP0405,2025-11-01,20,19,1,1
ATT_EMP0405_202512,EMP0405,2025-12-01,23,20,3,3
ATT_EMP0405_202601,EMP0405,2026-01-01,22,22,0,0
ATT_EMP0405_202602,EMP0405,2026-02-01,22,20,2,2
ATT_EMP0405_202603,EMP0405,2026-03-01,20,17,3,3
ATT_EMP0405_202604,EMP0405,2026-04-01,21,20,1,2
ATT_EMP0405_202605,EMP0405,2026-05-01,22,21,1,0
ATT_EMP0405_202606,EMP0405,2026-06-01,22,21,1,4
ATT_EMP0405_202607,EMP0405,2026-07-01,22,19,3,0
ATT_EMP0405_202608,EMP0405,2026-08-01,23,22,1,2
ATT_EMP0405_202609,EMP0405,2026-09-01,22,21,1,1
ATT_EMP0406_202510,EMP0406,2025-10-01,21,21,0,2
ATT_EMP0406_202511,EMP0406,2025-11-01,22,22,0,0
ATT_EMP0406_202512,EMP0406,2025-12-01,21,19,2,4
ATT_EMP0406_202601,EMP0406,2026-01-01,21,21,0,1
ATT_EMP0406_202602,EMP0406,2026-02-01,21,18,3,2
ATT_EMP0406_202603,EMP0406,2026-03-01,21,19,2,2
ATT_EMP0406_202604,EMP0406,2026-04-01,21,18,3,3
ATT_EMP0406_202605,EMP0406,2026-05-01,20,18,2,1
ATT_EMP0406_202606,EMP0406,2026-06-01,23,22,1,0
ATT_EMP0406_202607,EMP0406,2026-07-01,22,19,3,0
ATT_EMP0406_202608,EMP0406,2026-08-01,22,19,3,2
ATT_EMP0406_202609,EMP0406,2026-09-01,22,21,1,2
ATT_EMP0407_202510,EMP0407,2025-10-01,20,17,3,2
ATT_EMP0407_202511,EMP0407,2025-11-01,22,16,6,1
ATT_EMP0407_202512,EMP0407,2025-12-01,21,20,1,1
ATT_EMP0407_202601,EMP0407,2026-01-01,21,20,1,0
ATT_EMP0407_202602,EMP0407,2026-02-01,22,21,1,0
ATT_EMP0407_202603,EMP0407,2026-03-01,21,20,1,1
ATT_EMP0407_202604,EMP0407,2026-04-01,20,18,2,1
ATT_EMP0407_202605,EMP0407,2026-05-01,23,21,2,1
ATT_EMP0407_202606,EMP0407,2026-06-01,22,20,2,2
ATT_EMP0407_202607,EMP0407,2026-07-01,23,21,2,0
ATT_EMP0407_202608,EMP0407,2026-08-01,22,19,3,1
ATT_EMP0407_202609,EMP0407,2026-09-01,21,19,2,1
ATT_EMP0408_202510,EMP0408,2025-10-01,23,20,3,1
ATT_EMP0408_202511,EMP0408,2025-11-01,23,20,3,2
ATT_EMP0408_202512,EMP0408,2025-12-01,23,20,3,1
ATT_EMP0408_202601,EMP0408,2026-01-01,21,19,2,1
ATT_EMP0408_202602,EMP0408,2026-02-01,22,19,3,3
ATT_EMP0408_202603,EMP0408,2026-03-01,20,19,1,3
ATT_EMP0408_202604,EMP0408,2026-04-01,22,21,1,0
ATT_EMP0408_202605,EMP0408,2026-05-01,22,21,1,1
ATT_EMP0408_202606,EMP0408,2026-06-01,22,20,2,1
ATT_EMP0408_202607,EMP0408,2026-07-01,22,20,2,0
ATT_EMP0408_202608,EMP0408,2026-08-01,21,18,3,1
ATT_EMP0408_202609,EMP0408,2026-09-01,20,19,1,0
ATT_EMP0409_202510,EMP0409,2025-10-01,21,18,3,1
ATT_EMP0409_202511,EMP0409,2025-11-01,22,19,3,2
ATT_EMP0409_202512,EMP0409,2025-12-01,20,18,2,4
ATT_EMP0409_202601,EMP0409,2026-01-01,21,20,1,2
ATT_EMP0409_202602,EMP0409,2026-02-01,21,20,1,2
ATT_EMP0409_202603,EMP0409,2026-03-01,21,18,3,1
ATT_EMP0409_202604,EMP0409,2026-04-01,22,18,4,2
ATT_EMP0409_202605,EMP0409,2026-05-01,23,20,3,1
ATT_EMP0409_202606,EMP0409,2026-06-01,23,22,1,1
ATT_EMP0409_202607,EMP0409,2026-07-01,22,21,1,3
ATT_EMP0409_202608,EMP0409,2026-08-01,22,17,5,2
ATT_EMP0409_202609,EMP0409,2026-09-01,21,18,3,3
ATT_EMP0410_202510,EMP0410,2025-10-01,22,21,1,2
ATT_EMP0410_202511,EMP0410,2025-11-01,21,19,2,5
ATT_EMP0410_202512,EMP0410,2025-12-01,20,20,0,1
ATT_EMP0410_202601,EMP0410,2026-01-01,20,18,2,1
ATT_EMP0410_202602,EMP0410,2026-02-01,21,18,3,0
ATT_EMP0410_202603,EMP0410,2026-03-01,22,19,3,0
ATT_EMP0410_202604,EMP0410,2026-04-01,22,21,1,4
ATT_EMP0410_202605,EMP0410,2026-05-01,23,20,3,3
ATT_EMP0410_202606,EMP0410,2026-06-01,22,19,3,4
ATT_EMP0410_202607,EMP0410,2026-07-01,22,21,1,0
ATT_EMP0410_202608,EMP0410,2026-08-01,22,22,0,0
ATT_EMP0410_202609,EMP0410,2026-09-01,20,19,1,2
ATT_EMP0411_202510,EMP0411,2025-10-01,23,22,1,1
ATT_EMP0411_202511,EMP0411,2025-11-01,23,21,2,1
ATT_EMP0411_202512,EMP0411,2025-12-01,23,22,1,0
ATT_EMP0411_202601,EMP0411,2026-01-01,20,18,2,1
ATT_EMP0411_202602,EMP0411,2026-02-01,22,20,2,1
ATT_EMP0411_202603,EMP0411,2026-03-01,22,21,1,2
ATT_EMP0411_202604,EMP0411,2026-04-01,20,16,4,2
ATT_EMP0411_202605,EMP0411,2026-05-01,20,20,0,2
ATT_EMP0411_202606,EMP0411,2026-06-01,21,18,3,0
ATT_EMP0411_202607,EMP0411,2026-07-01,20,18,2,0
ATT_EMP0411_202608,EMP0411,2026-08-01,21,19,2,1
ATT_EMP0411_202609,EMP0411,2026-09-01,21,17,4,4
ATT_EMP0412_202510,EMP0412,2025-10-01,22,21,1,3
ATT_EMP0412_202511,EMP0412,2025-11-01,20,18,2,3
ATT_EMP0412_202512,EMP0412,2025-12-01,22,20,2,1
ATT_EMP0412_202601,EMP0412,2026-01-01,22,22,0,2
ATT_EMP0412_202602,EMP0412,2026-02-01,22,22,0,0
ATT_EMP0412_202603,EMP0412,2026-03-01,23,21,2,2
ATT_EMP0412_202604,EMP0412,2026-04-01,21,17,4,2
ATT_EMP0412_202605,EMP0412,2026-05-01,22,21,1,1
ATT_EMP0412_202606,EMP0412,2026-06-01,20,20,0,2
ATT_EMP0412_202607,EMP0412,2026-07-01,22,21,1,4
ATT_EMP0412_202608,EMP0412,2026-08-01,22,18,4,2
ATT_EMP0412_202609,EMP0412,2026-09-01,21,18,3,0
ATT_EMP0413_202510,EMP0413,2025-10-01,22,21,1,0
ATT_EMP0413_202511,EMP0413,2025-11-01,21,21,0,1
ATT_EMP0413_202512,EMP0413,2025-12-01,22,20,2,0
ATT_EMP0413_202601,EMP0413,2026-01-01,20,19,1,1
ATT_EMP0413_202602,EMP0413,2026-02-01,21,18,3,1
ATT_EMP0413_202603,EMP0413,2026-03-01,22,16,6,1
ATT_EMP0413_202604,EMP0413,2026-04-01,22,20,2,0
ATT_EMP0413_202605,EMP0413,2026-05-01,23,20,3,0
ATT_EMP0413_202606,EMP0413,2026-06-01,22,20,2,4
ATT_EMP0413_202607,EMP0413,2026-07-01,22,19,3,1
ATT_EMP0413_202608,EMP0413,2026-08-01,23,21,2,2
ATT_EMP0413_202609,EMP0413,2026-09-01,20,18,2,2
ATT_EMP0414_202510,EMP0414,2025-10-01,21,21,0,0
ATT_EMP0414_202511,EMP0414,2025-11-01,21,21,0,0
ATT_EMP0414_202512,EMP0414,2025-12-01,22,19,3,0
ATT_EMP0414_202601,EMP0414,2026-01-01,22,21,1,3
ATT_EMP0414_202602,EMP0414,2026-02-01,22,18,4,0
ATT_EMP0414_202603,EMP0414,2026-03-01,22,20,2,3
ATT_EMP0414_202604,EMP0414,2026-04-01,20,18,2,2
ATT_EMP0414_202605,EMP0414,2026-05-01,22,20,2,2
ATT_EMP0414_202606,EMP0414,2026-06-01,20,18,2,2
ATT_EMP0414_202607,EMP0414,2026-07-01,21,19,2,3
ATT_EMP0414_202608,EMP0414,2026-08-01,21,21,0,3
ATT_EMP0414_202609,EMP0414,2026-09-01,23,20,3,3
ATT_EMP0415_202510,EMP0415,2025-10-01,22,18,4,2
ATT_EMP0415_202511,EMP0415,2025-11-01,21,18,3,0
ATT_EMP0415_202512,EMP0415,2025-12-01,20,20,0,2
ATT_EMP0415_202601,EMP0415,2026-01-01,22,20,2,2
ATT_EMP0415_202602,EMP0415,2026-02-01,23,20,3,1
ATT_EMP0415_202603,EMP0415,2026-03-01,22,20,2,2
ATT_EMP0415_202604,EMP0415,2026-04-01,22,22,0,3
ATT_EMP0415_202605,EMP0415,2026-05-01,21,19,2,1
ATT_EMP0415_202606,EMP0415,2026-06-01,22,22,0,2
ATT_EMP0415_202607,EMP0415,2026-07-01,21,19,2,1
ATT_EMP0415_202608,EMP0415,2026-08-01,20,17,3,2
ATT_EMP0415_202609,EMP0415,2026-09-01,21,20,1,2
ATT_EMP0416_202510,EMP0416,2025-10-01,20,17,3,2
ATT_EMP0416_202511,EMP0416,2025-11-01,21,20,1,1
ATT_EMP0416_202512,EMP0416,2025-12-01,20,16,4,0
ATT_EMP0416_202601,EMP0416,2026-01-01,22,20,2,1
ATT_EMP0416_202602,EMP0416,2026-02-01,22,18,4,0
ATT_EMP0416_202603,EMP0416,2026-03-01,21,18,3,0
ATT_EMP0416_202604,EMP0416,2026-04-01,20,17,3,0
ATT_EMP0416_202605,EMP0416,2026-05-01,23,22,1,2
ATT_EMP0416_202606,EMP0416,2026-06-01,22,19,3,0
ATT_EMP0416_202607,EMP0416,2026-07-01,23,22,1,0
ATT_EMP0416_202608,EMP0416,2026-08-01,22,19,3,1
ATT_EMP0416_202609,EMP0416,2026-09-01,22,20,2,1
ATT_EMP0417_202510,EMP0417,2025-10-01,21,19,2,2
ATT_EMP0417_202511,EMP0417,2025-11-01,21,20,1,0
ATT_EMP0417_202512,EMP0417,2025-12-01,22,21,1,3
ATT_EMP0417_202601,EMP0417,2026-01-01,21,21,0,3
ATT_EMP0417_202602,EMP0417,2026-02-01,21,20,1,2
ATT_EMP0417_202603,EMP0417,2026-03-01,21,20,1,4
ATT_EMP0417_202604,EMP0417,2026-04-01,21,18,3,2
ATT_EMP0417_202605,EMP0417,2026-05-01,20,18,2,0
ATT_EMP0417_202606,EMP0417,2026-06-01,21,17,4,1
ATT_EMP0417_202607,EMP0417,2026-07-01,20,20,0,1
ATT_EMP0417_202608,EMP0417,2026-08-01,22,20,2,5
ATT_EMP0417_202609,EMP0417,2026-09-01,21,19,2,1
ATT_EMP0418_202510,EMP0418,2025-10-01,21,17,4,2
ATT_EMP0418_202511,EMP0418,2025-11-01,21,20,1,0
ATT_EMP0418_202512,EMP0418,2025-12-01,21,19,2,2
ATT_EMP0418_202601,EMP0418,2026-01-01,20,20,0,0
ATT_EMP0418_202602,EMP0418,2026-02-01,20,19,1,3
ATT_EMP0418_202603,EMP0418,2026-03-01,20,18,2,1
ATT_EMP0418_202604,EMP0418,2026-04-01,20,19,1,4
ATT_EMP0418_202605,EMP0418,2026-05-01,23,18,5,1
ATT_EMP0418_202606,EMP0418,2026-06-01,22,20,2,1
ATT_EMP0418_202607,EMP0418,2026-07-01,22,19,3,0
ATT_EMP0418_202608,EMP0418,2026-08-01,20,18,2,3
ATT_EMP0418_202609,EMP0418,2026-09-01,20,18,2,1
ATT_EMP0419_202510,EMP0419,2025-10-01,22,20,2,2
ATT_EMP0419_202511,EMP0419,2025-11-01,20,18,2,0
ATT_EMP0419_202512,EMP0419,2025-12-01,22,18,4,2
ATT_EMP0419_202601,EMP0419,2026-01-01,22,19,3,2
ATT_EMP0419_202602,EMP0419,2026-02-01,22,22,0,3
ATT_EMP0419_202603,EMP0419,2026-03-01,22,21,1,2
ATT_EMP0419_202604,EMP0419,2026-04-01,21,19,2,4
ATT_EMP0419_202605,EMP0419,2026-05-01,22,20,2,0
ATT_EMP0419_202606,EMP0419,2026-06-01,21,17,4,3
ATT_EMP0419_202607,EMP0419,2026-07-01,21,19,2,0
ATT_EMP0419_202608,EMP0419,2026-08-01,21,21,0,1
ATT_EMP0419_202609,EMP0419,2026-09-01,22,19,3,0
ATT_EMP0420_202510,EMP0420,2025-10-01,22,22,0,2
ATT_EMP0420_202511,EMP0420,2025-11-01,21,16,5,3
ATT_EMP0420_202512,EMP0420,2025-12-01,20,19,1,3
ATT_EMP0420_202601,EMP0420,2026-01-01,22,20,2,1
ATT_EMP0420_202602,EMP0420,2026-02-01,22,18,4,1
ATT_EMP0420_202603,EMP0420,2026-03-01,23,18,5,5
ATT_EMP0420_202604,EMP0420,2026-04-01,23,20,3,2
ATT_EMP0420_202605,EMP0420,2026-05-01,22,19,3,1
ATT_EMP0420_202606,EMP0420,2026-06-01,20,19,1,3
ATT_EMP0420_202607,EMP0420,2026-07-01,21,20,1,1
ATT_EMP0420_202608,EMP0420,2026-08-01,22,22,0,1
ATT_EMP0420_202609,EMP0420,2026-09-01,20,17,3,3
ATT_EMP0421_202510,EMP0421,2025-10-01,23,19,4,1
ATT_EMP0421_202511,EMP0421,2025-11-01,23,19,4,2
ATT_EMP0421_202512,EMP0421,2025-12-01,22,20,2,1
ATT_EMP0421_202601,EMP0421,2026-01-01,23,21,2,3
ATT_EMP0421_202602,EMP0421,2026-02-01,23,19,4,1
ATT_EMP0421_202603,EMP0421,2026-03-01,23,19,4,1
ATT_EMP0421_202604,EMP0421,2026-04-01,20,20,0,1
ATT_EMP0421_202605,EMP0421,2026-05-01,21,20,1,1
ATT_EMP0421_202606,EMP0421,2026-06-01,22,22,0,2
ATT_EMP0421_202607,EMP0421,2026-07-01,22,20,2,2
ATT_EMP0421_202608,EMP0421,2026-08-01,23,21,2,2
ATT_EMP0421_202609,EMP0421,2026-09-01,23,18,5,1
ATT_EMP0422_202510,EMP0422,2025-10-01,22,20,2,3
ATT_EMP0422_202511,EMP0422,2025-11-01,21,18,3,1
ATT_EMP0422_202512,EMP0422,2025-12-01,23,23,0,1
ATT_EMP0422_202601,EMP0422,2026-01-01,20,19,1,0
ATT_EMP0422_202602,EMP0422,2026-02-01,22,22,0,0
ATT_EMP0422_202603,EMP0422,2026-03-01,20,17,3,2
ATT_EMP0422_202604,EMP0422,2026-04-01,22,19,3,0
ATT_EMP0422_202605,EMP0422,2026-05-01,22,16,6,1
ATT_EMP0422_202606,EMP0422,2026-06-01,23,23,0,1
ATT_EMP0422_202607,EMP0422,2026-07-01,21,20,1,0
ATT_EMP0422_202608,EMP0422,2026-08-01,21,18,3,1
ATT_EMP0422_202609,EMP0422,2026-09-01,23,19,4,0
ATT_EMP0423_202510,EMP0423,2025-10-01,21,19,2,1
ATT_EMP0423_202511,EMP0423,2025-11-01,21,20,1,3
ATT_EMP0423_202512,EMP0423,2025-12-01,22,20,2,0
ATT_EMP0423_202601,EMP0423,2026-01-01,21,18,3,4
ATT_EMP0423_202602,EMP0423,2026-02-01,22,20,2,1
ATT_EMP0423_202603,EMP0423,2026-03-01,21,19,2,4
ATT_EMP0423_202604,EMP0423,2026-04-01,20,19,1,1
ATT_EMP0423_202605,EMP0423,2026-05-01,21,17,4,1
ATT_EMP0423_202606,EMP0423,2026-06-01,22,19,3,3
ATT_EMP0423_202607,EMP0423,2026-07-01,20,17,3,4
ATT_EMP0423_202608,EMP0423,2026-08-01,21,20,1,2
ATT_EMP0423_202609,EMP0423,2026-09-01,20,20,0,3
ATT_EMP0424_202510,EMP0424,2025-10-01,21,19,2,1
ATT_EMP0424_202511,EMP0424,2025-11-01,23,20,3,0
ATT_EMP0424_202512,EMP0424,2025-12-01,22,22,0,0
ATT_EMP0424_202601,EMP0424,2026-01-01,23,20,3,1
ATT_EMP0424_202602,EMP0424,2026-02-01,23,19,4,0
ATT_EMP0424_202603,EMP0424,2026-03-01,22,18,4,0
ATT_EMP0424_202604,EMP0424,2026-04-01,20,18,2,2
ATT_EMP0424_202605,EMP0424,2026-05-01,21,19,2,2
ATT_EMP0424_202606,EMP0424,2026-06-01,22,19,3,2
ATT_EMP0424_202607,EMP0424,2026-07-01,22,20,2,0
ATT_EMP0424_202608,EMP0424,2026-08-01,22,20,2,7
ATT_EMP0424_202609,EMP0424,2026-09-01,21,20,1,4
ATT_EMP0425_202510,EMP0425,2025-10-01,23,19,4,2
ATT_EMP0425_202511,EMP0425,2025-11-01,20,17,3,3
ATT_EMP0425_202512,EMP0425,2025-12-01,22,20,2,3
ATT_EMP0425_202601,EMP0425,2026-01-01,21,19,2,2
ATT_EMP0425_202602,EMP0425,2026-02-01,22,20,2,0
ATT_EMP0425_202603,EMP0425,2026-03-01,20,19,1,3
ATT_EMP0425_202604,EMP0425,2026-04-01,21,21,0,1
ATT_EMP0425_202605,EMP0425,2026-05-01,20,19,1,0
ATT_EMP0425_202606,EMP0425,2026-06-01,23,22,1,0
ATT_EMP0425_202607,EMP0425,2026-07-01,21,21,0,2
ATT_EMP0425_202608,EMP0425,2026-08-01,20,19,1,1
ATT_EMP0425_202609,EMP0425,2026-09-01,21,19,2,1
ATT_EMP0426_202510,EMP0426,2025-10-01,21,18,3,2
ATT_EMP0426_202511,EMP0426,2025-11-01,22,20,2,3
ATT_EMP0426_202512,EMP0426,2025-12-01,21,21,0,1
ATT_EMP0426_202601,EMP0426,2026-01-01,23,20,3,2
ATT_EMP0426_202602,EMP0426,2026-02-01,20,17,3,2
ATT_EMP0426_202603,EMP0426,2026-03-01,21,18,3,3
ATT_EMP0426_202604,EMP0426,2026-04-01,22,18,4,0
ATT_EMP0426_202605,EMP0426,2026-05-01,21,20,1,0
ATT_EMP0426_202606,EMP0426,2026-06-01,20,19,1,3
ATT_EMP0426_202607,EMP0426,2026-07-01,21,20,1,2
ATT_EMP0426_202608,EMP0426,2026-08-01,21,20,1,4
ATT_EMP0426_202609,EMP0426,2026-09-01,20,18,2,3
ATT_EMP0427_202510,EMP0427,2025-10-01,22,21,1,1
ATT_EMP0427_202511,EMP0427,2025-11-01,20,18,2,3
ATT_EMP0427_202512,EMP0427,2025-12-01,22,21,1,1
ATT_EMP0427_202601,EMP0427,2026-01-01,21,19,2,3
ATT_EMP0427_202602,EMP0427,2026-02-01,20,18,2,0
ATT_EMP0427_202603,EMP0427,2026-03-01,22,19,3,3
ATT_EMP0427_202604,EMP0427,2026-04-01,21,20,1,3
ATT_EMP0427_202605,EMP0427,2026-05-01,23,20,3,5
ATT_EMP0427_202606,EMP0427,2026-06-01,22,20,2,0
ATT_EMP0427_202607,EMP0427,2026-07-01,22,20,2,3
ATT_EMP0427_202608,EMP0427,2026-08-01,21,20,1,1
ATT_EMP0427_202609,EMP0427,2026-09-01,21,20,1,0
ATT_EMP0428_202510,EMP0428,2025-10-01,23,19,4,1
ATT_EMP0428_202511,EMP0428,2025-11-01,22,17,5,0
ATT_EMP0428_202512,EMP0428,2025-12-01,21,20,1,1
ATT_EMP0428_202601,EMP0428,2026-01-01,21,19,2,1
ATT_EMP0428_202602,EMP0428,2026-02-01,21,20,1,2
ATT_EMP0428_202603,EMP0428,2026-03-01,20,17,3,3
ATT_EMP0428_202604,EMP0428,2026-04-01,22,19,3,0
ATT_EMP0428_202605,EMP0428,2026-05-01,21,18,3,0
ATT_EMP0428_202606,EMP0428,2026-06-01,22,18,4,2
ATT_EMP0428_202607,EMP0428,2026-07-01,22,19,3,2
ATT_EMP0428_202608,EMP0428,2026-08-01,21,20,1,1
ATT_EMP0428_202609,EMP0428,2026-09-01,20,19,1,0
ATT_EMP0429_202510,EMP0429,2025-10-01,22,19,3,1
ATT_EMP0429_202511,EMP0429,2025-11-01,22,19,3,1
ATT_EMP0429_202512,EMP0429,2025-12-01,22,20,2,2
ATT_EMP0429_202601,EMP0429,2026-01-01,22,21,1,0
ATT_EMP0429_202602,EMP0429,2026-02-01,20,18,2,1
ATT_EMP0429_202603,EMP0429,2026-03-01,20,17,3,0
ATT_EMP0429_202604,EMP0429,2026-04-01,22,19,3,1
ATT_EMP0429_202605,EMP0429,2026-05-01,21,21,0,1
ATT_EMP0429_202606,EMP0429,2026-06-01,22,20,2,2
ATT_EMP0429_202607,EMP0429,2026-07-01,22,21,1,0
ATT_EMP0429_202608,EMP0429,2026-08-01,21,18,3,0
ATT_EMP0429_202609,EMP0429,2026-09-01,21,17,4,2
ATT_EMP0430_202510,EMP0430,2025-10-01,23,21,2,3
ATT_EMP0430_202511,EMP0430,2025-11-01,21,19,2,1
ATT_EMP0430_202512,EMP0430,2025-12-01,21,20,1,1
ATT_EMP0430_202601,EMP0430,2026-01-01,22,20,2,0
ATT_EMP0430_202602,EMP0430,2026-02-01,21,21,0,0
ATT_EMP0430_202603,EMP0430,2026-03-01,22,20,2,2
ATT_EMP0430_202604,EMP0430,2026-04-01,21,18,3,0
ATT_EMP0430_202605,EMP0430,2026-05-01,22,20,2,4
ATT_EMP0430_202606,EMP0430,2026-06-01,22,18,4,1
ATT_EMP0430_202607,EMP0430,2026-07-01,22,19,3,1
ATT_EMP0430_202608,EMP0430,2026-08-01,23,20,3,1
ATT_EMP0430_202609,EMP0430,2026-09-01,23,21,2,0
ATT_EMP0431_202510,EMP0431,2025-10-01,22,20,2,3
ATT_EMP0431_202511,EMP0431,2025-11-01,22,21,1,3
ATT_EMP0431_202512,EMP0431,2025-12-01,22,18,4,2
ATT_EMP0431_202601,EMP0431,2026-01-01,23,20,3,0
ATT_EMP0431_202602,EMP0431,2026-02-01,21,20,1,1
ATT_EMP0431_202603,EMP0431,2026-03-01,22,18,4,3
ATT_EMP0431_202604,EMP0431,2026-04-01,21,19,2,1
ATT_EMP0431_202605,EMP0431,2026-05-01,21,17,4,3
ATT_EMP0431_202606,EMP0431,2026-06-01,22,18,4,0
ATT_EMP0431_202607,EMP0431,2026-07-01,23,21,2,0
ATT_EMP0431_202608,EMP0431,2026-08-01,22,18,4,1
ATT_EMP0431_202609,EMP0431,2026-09-01,21,20,1,1
ATT_EMP0432_202510,EMP0432,2025-10-01,20,20,0,2
ATT_EMP0432_202511,EMP0432,2025-11-01,21,18,3,2
ATT_EMP0432_202512,EMP0432,2025-12-01,21,18,3,0
ATT_EMP0432_202601,EMP0432,2026-01-01,21,19,2,2
ATT_EMP0432_202602,EMP0432,2026-02-01,22,22,0,2
ATT_EMP0432_202603,EMP0432,2026-03-01,21,21,0,0
ATT_EMP0432_202604,EMP0432,2026-04-01,22,20,2,3
ATT_EMP0432_202605,EMP0432,2026-05-01,22,22,0,1
ATT_EMP0432_202606,EMP0432,2026-06-01,22,21,1,3
ATT_EMP0432_202607,EMP0432,2026-07-01,21,19,2,4
ATT_EMP0432_202608,EMP0432,2026-08-01,21,17,4,1
ATT_EMP0432_202609,EMP0432,2026-09-01,21,19,2,2
ATT_EMP0433_202510,EMP0433,2025-10-01,22,22,0,1
ATT_EMP0433_202511,EMP0433,2025-11-01,20,20,0,0
ATT_EMP0433_202512,EMP0433,2025-12-01,23,19,4,0
ATT_EMP0433_202601,EMP0433,2026-01-01,22,21,1,2
ATT_EMP0433_202602,EMP0433,2026-02-01,22,21,1,0
ATT_EMP0433_202603,EMP0433,2026-03-01,22,20,2,1
ATT_EMP0433_202604,EMP0433,2026-04-01,22,22,0,2
ATT_EMP0433_202605,EMP0433,2026-05-01,21,18,3,3
ATT_EMP0433_202606,EMP0433,2026-06-01,21,21,0,1
ATT_EMP0433_202607,EMP0433,2026-07-01,22,19,3,0
ATT_EMP0433_202608,EMP0433,2026-08-01,21,20,1,1
ATT_EMP0433_202609,EMP0433,2026-09-01,22,19,3,1
ATT_EMP0434_202510,EMP0434,2025-10-01,20,18,2,4
ATT_EMP0434_202511,EMP0434,2025-11-01,21,18,3,2
ATT_EMP0434_202512,EMP0434,2025-12-01,21,19,2,1
ATT_EMP0434_202601,EMP0434,2026-01-01,23,20,3,2
ATT_EMP0434_202602,EMP0434,2026-02-01,22,19,3,1
ATT_EMP0434_202603,EMP0434,2026-03-01,21,20,1,3
ATT_EMP0434_202604,EMP0434,2026-04-01,21,20,1,1
ATT_EMP0434_202605,EMP0434,2026-05-01,22,19,3,3
ATT_EMP0434_202606,EMP0434,2026-06-01,22,22,0,1
ATT_EMP0434_202607,EMP0434,2026-07-01,22,20,2,2
ATT_EMP0434_202608,EMP0434,2026-08-01,21,19,2,2
ATT_EMP0434_202609,EMP0434,2026-09-01,22,21,1,4
ATT_EMP0435_202510,EMP0435,2025-10-01,23,22,1,0
ATT_EMP0435_202511,EMP0435,2025-11-01,23,20,3,1
ATT_EMP0435_202512,EMP0435,2025-12-01,22,22,0,1
ATT_EMP0435_202601,EMP0435,2026-01-01,23,22,1,3
ATT_EMP0435_202602,EMP0435,2026-02-01,21,20,1,2
ATT_EMP0435_202603,EMP0435,2026-03-01,21,21,0,5
ATT_EMP0435_202604,EMP0435,2026-04-01,21,20,1,1
ATT_EMP0435_202605,EMP0435,2026-05-01,22,19,3,0
ATT_EMP0435_202606,EMP0435,2026-06-01,21,21,0,2
ATT_EMP0435_202607,EMP0435,2026-07-01,23,21,2,4
ATT_EMP0435_202608,EMP0435,2026-08-01,23,23,0,0
ATT_EMP0435_202609,EMP0435,2026-09-01,22,20,2,0
ATT_EMP0436_202510,EMP0436,2025-10-01,21,20,1,3
ATT_EMP0436_202511,EMP0436,2025-11-01,21,20,1,2
ATT_EMP0436_202512,EMP0436,2025-12-01,22,21,1,1
ATT_EMP0436_202601,EMP0436,2026-01-01,20,20,0,1
ATT_EMP0436_202602,EMP0436,2026-02-01,21,19,2,0
ATT_EMP0436_202603,EMP0436,2026-03-01,23,20,3,2
ATT_EMP0436_202604,EMP0436,2026-04-01,22,20,2,0
ATT_EMP0436_202605,EMP0436,2026-05-01,20,20,0,3
ATT_EMP0436_202606,EMP0436,2026-06-01,21,19,2,0
ATT_EMP0436_202607,EMP0436,2026-07-01,21,18,3,1
ATT_EMP0436_202608,EMP0436,2026-08-01,22,20,2,0
ATT_EMP0436_202609,EMP0436,2026-09-01,22,20,2,1
ATT_EMP0437_202510,EMP0437,2025-10-01,21,21,0,0
ATT_EMP0437_202511,EMP0437,2025-11-01,23,20,3,1
ATT_EMP0437_202512,EMP0437,2025-12-01,21,18,3,1
ATT_EMP0437_202601,EMP0437,2026-01-01,23,21,2,0
ATT_EMP0437_202602,EMP0437,2026-02-01,22,20,2,2
ATT_EMP0437_202603,EMP0437,2026-03-01,20,17,3,3
ATT_EMP0437_202604,EMP0437,2026-04-01,20,18,2,1
ATT_EMP0437_202605,EMP0437,2026-05-01,21,19,2,2
ATT_EMP0437_202606,EMP0437,2026-06-01,20,19,1,3
ATT_EMP0437_202607,EMP0437,2026-07-01,21,17,4,1
ATT_EMP0437_202608,EMP0437,2026-08-01,21,20,1,1
ATT_EMP0437_202609,EMP0437,2026-09-01,20,19,1,1
ATT_EMP0438_202510,EMP0438,2025-10-01,21,19,2,0
ATT_EMP0438_202511,EMP0438,2025-11-01,22,19,3,1
ATT_EMP0438_202512,EMP0438,2025-12-01,21,20,1,1
ATT_EMP0438_202601,EMP0438,2026-01-01,21,20,1,2
ATT_EMP0438_202602,EMP0438,2026-02-01,23,21,2,0
ATT_EMP0438_202603,EMP0438,2026-03-01,21,20,1,1
ATT_EMP0438_202604,EMP0438,2026-04-01,23,20,3,1
ATT_EMP0438_202605,EMP0438,2026-05-01,21,18,3,1
ATT_EMP0438_202606,EMP0438,2026-06-01,22,21,1,1
ATT_EMP0438_202607,EMP0438,2026-07-01,20,19,1,5
ATT_EMP0438_202608,EMP0438,2026-08-01,22,21,1,1
ATT_EMP0438_202609,EMP0438,2026-09-01,21,19,2,1
ATT_EMP0439_202510,EMP0439,2025-10-01,21,18,3,2
ATT_EMP0439_202511,EMP0439,2025-11-01,21,20,1,1
ATT_EMP0439_202512,EMP0439,2025-12-01,22,21,1,0
ATT_EMP0439_202601,EMP0439,2026-01-01,21,19,2,0
ATT_EMP0439_202602,EMP0439,2026-02-01,21,20,1,0
ATT_EMP0439_202603,EMP0439,2026-03-01,21,18,3,0
ATT_EMP0439_202604,EMP0439,2026-04-01,21,19,2,1
ATT_EMP0439_202605,EMP0439,2026-05-01,22,18,4,1
ATT_EMP0439_202606,EMP0439,2026-06-01,21,18,3,1
ATT_EMP0439_202607,EMP0439,2026-07-01,21,19,2,2
ATT_EMP0439_202608,EMP0439,2026-08-01,20,18,2,1
ATT_EMP0439_202609,EMP0439,2026-09-01,23,22,1,1
ATT_EMP0440_202510,EMP0440,2025-10-01,21,19,2,3
ATT_EMP0440_202511,EMP0440,2025-11-01,20,19,1,0
ATT_EMP0440_202512,EMP0440,2025-12-01,22,21,1,1
ATT_EMP0440_202601,EMP0440,2026-01-01,21,20,1,3
ATT_EMP0440_202602,EMP0440,2026-02-01,23,20,3,2
ATT_EMP0440_202603,EMP0440,2026-03-01,22,21,1,2
ATT_EMP0440_202604,EMP0440,2026-04-01,22,21,1,3
ATT_EMP0440_202605,EMP0440,2026-05-01,22,20,2,0
ATT_EMP0440_202606,EMP0440,2026-06-01,22,19,3,2
ATT_EMP0440_202607,EMP0440,2026-07-01,21,20,1,1
ATT_EMP0440_202608,EMP0440,2026-08-01,21,18,3,2
ATT_EMP0440_202609,EMP0440,2026-09-01,21,19,2,2
ATT_EMP0441_202510,EMP0441,2025-10-01,21,20,1,3
ATT_EMP0441_202511,EMP0441,2025-11-01,22,20,2,4
ATT_EMP0441_202512,EMP0441,2025-12-01,23,19,4,1
ATT_EMP0441_202601,EMP0441,2026-01-01,22,22,0,1
ATT_EMP0441_202602,EMP0441,2026-02-01,22,22,0,3
ATT_EMP0441_202603,EMP0441,2026-03-01,20,19,1,1
ATT_EMP0441_202604,EMP0441,2026-04-01,21,19,2,0
ATT_EMP0441_202605,EMP0441,2026-05-01,20,20,0,0
ATT_EMP0441_202606,EMP0441,2026-06-01,22,19,3,0
ATT_EMP0441_202607,EMP0441,2026-07-01,21,20,1,0
ATT_EMP0441_202608,EMP0441,2026-08-01,23,22,1,2
ATT_EMP0441_202609,EMP0441,2026-09-01,22,20,2,2
ATT_EMP0442_202510,EMP0442,2025-10-01,20,18,2,1
ATT_EMP0442_202511,EMP0442,2025-11-01,22,22,0,1
ATT_EMP0442_202512,EMP0442,2025-12-01,22,20,2,4
ATT_EMP0442_202601,EMP0442,2026-01-01,21,19,2,0
ATT_EMP0442_202602,EMP0442,2026-02-01,22,19,3,2
ATT_EMP0442_202603,EMP0442,2026-03-01,23,22,1,2
ATT_EMP0442_202604,EMP0442,2026-04-01,22,20,2,0
ATT_EMP0442_202605,EMP0442,2026-05-01,21,19,2,3
ATT_EMP0442_202606,EMP0442,2026-06-01,21,19,2,0
ATT_EMP0442_202607,EMP0442,2026-07-01,22,22,0,2
ATT_EMP0442_202608,EMP0442,2026-08-01,21,19,2,3
ATT_EMP0442_202609,EMP0442,2026-09-01,23,23,0,2
ATT_EMP0443_202510,EMP0443,2025-10-01,22,21,1,2
ATT_EMP0443_202511,EMP0443,2025-11-01,20,20,0,5
ATT_EMP0443_202512,EMP0443,2025-12-01,21,19,2,2
ATT_EMP0443_202601,EMP0443,2026-01-01,20,19,1,3
ATT_EMP0443_202602,EMP0443,2026-02-01,21,20,1,1
ATT_EMP0443_202603,EMP0443,2026-03-01,22,18,4,1
ATT_EMP0443_202604,EMP0443,2026-04-01,23,22,1,3
ATT_EMP0443_202605,EMP0443,2026-05-01,21,18,3,2
ATT_EMP0443_202606,EMP0443,2026-06-01,20,16,4,2
ATT_EMP0443_202607,EMP0443,2026-07-01,21,20,1,2
ATT_EMP0443_202608,EMP0443,2026-08-01,22,22,0,2
ATT_EMP0443_202609,EMP0443,2026-09-01,22,18,4,0
ATT_EMP0444_202510,EMP0444,2025-10-01,20,18,2,2
ATT_EMP0444_202511,EMP0444,2025-11-01,20,18,2,1
ATT_EMP0444_202512,EMP0444,2025-12-01,22,22,0,1
ATT_EMP0444_202601,EMP0444,2026-01-01,21,21,0,3
ATT_EMP0444_202602,EMP0444,2026-02-01,21,16,5,1
ATT_EMP0444_202603,EMP0444,2026-03-01,22,20,2,4
ATT_EMP0444_202604,EMP0444,2026-04-01,22,19,3,2
ATT_EMP0444_202605,EMP0444,2026-05-01,21,17,4,1
ATT_EMP0444_202606,EMP0444,2026-06-01,20,19,1,2
ATT_EMP0444_202607,EMP0444,2026-07-01,22,18,4,0
ATT_EMP0444_202608,EMP0444,2026-08-01,21,20,1,2
ATT_EMP0444_202609,EMP0444,2026-09-01,22,20,2,0
ATT_EMP0445_202510,EMP0445,2025-10-01,22,21,1,1
ATT_EMP0445_202511,EMP0445,2025-11-01,20,18,2,1
ATT_EMP0445_202512,EMP0445,2025-12-01,20,19,1,2
ATT_EMP0445_202601,EMP0445,2026-01-01,22,20,2,2
ATT_EMP0445_202602,EMP0445,2026-02-01,22,19,3,3
ATT_EMP0445_202603,EMP0445,2026-03-01,23,22,1,4
ATT_EMP0445_202604,EMP0445,2026-04-01,22,20,2,2
ATT_EMP0445_202605,EMP0445,2026-05-01,23,22,1,0
ATT_EMP0445_202606,EMP0445,2026-06-01,21,19,2,1
ATT_EMP0445_202607,EMP0445,2026-07-01,22,19,3,1
ATT_EMP0445_202608,EMP0445,2026-08-01,22,20,2,2
ATT_EMP0445_202609,EMP0445,2026-09-01,22,20,2,3
ATT_EMP0446_202510,EMP0446,2025-10-01,21,21,0,0
ATT_EMP0446_202511,EMP0446,2025-11-01,22,20,2,3
ATT_EMP0446_202512,EMP0446,2025-12-01,21,19,2,1
ATT_EMP0446_202601,EMP0446,2026-01-01,21,20,1,2
ATT_EMP0446_202602,EMP0446,2026-02-01,23,20,3,2
ATT_EMP0446_202603,EMP0446,2026-03-01,21,18,3,2
ATT_EMP0446_202604,EMP0446,2026-04-01,21,21,0,3
ATT_EMP0446_202605,EMP0446,2026-05-01,21,17,4,2
ATT_EMP0446_202606,EMP0446,2026-06-01,21,18,3,0
ATT_EMP0446_202607,EMP0446,2026-07-01,22,18,4,2
ATT_EMP0446_202608,EMP0446,2026-08-01,22,20,2,1
ATT_EMP0446_202609,EMP0446,2026-09-01,20,20,0,1
ATT_EMP0447_202510,EMP0447,2025-10-01,21,17,4,0
ATT_EMP0447_202511,EMP0447,2025-11-01,21,19,2,1
ATT_EMP0447_202512,EMP0447,2025-12-01,20,18,2,0
ATT_EMP0447_202601,EMP0447,2026-01-01,20,18,2,3
ATT_EMP0447_202602,EMP0447,2026-02-01,21,21,0,3
ATT_EMP0447_202603,EMP0447,2026-03-01,21,17,4,1
ATT_EMP0447_202604,EMP0447,2026-04-01,22,22,0,1
ATT_EMP0447_202605,EMP0447,2026-05-01,21,20,1,2
ATT_EMP0447_202606,EMP0447,2026-06-01,21,20,1,1
ATT_EMP0447_202607,EMP0447,2026-07-01,22,18,4,1
ATT_EMP0447_202608,EMP0447,2026-08-01,21,18,3,0
ATT_EMP0447_202609,EMP0447,2026-09-01,21,20,1,1
ATT_EMP0448_202510,EMP0448,2025-10-01,21,17,4,1
ATT_EMP0448_202511,EMP0448,2025-11-01,20,18,2,1
ATT_EMP0448_202512,EMP0448,2025-12-01,22,22,0,2
ATT_EMP0448_202601,EMP0448,2026-01-01,22,18,4,0
ATT_EMP0448_202602,EMP0448,2026-02-01,23,21,2,0
ATT_EMP0448_202603,EMP0448,2026-03-01,22,19,3,3
ATT_EMP0448_202604,EMP0448,2026-04-01,22,19,3,3
ATT_EMP0448_202605,EMP0448,2026-05-01,22,18,4,1
ATT_EMP0448_202606,EMP0448,2026-06-01,21,17,4,2
ATT_EMP0448_202607,EMP0448,2026-07-01,22,19,3,0
ATT_EMP0448_202608,EMP0448,2026-08-01,22,20,2,1
ATT_EMP0448_202609,EMP0448,2026-09-01,21,21,0,2
ATT_EMP0449_202510,EMP0449,2025-10-01,22,19,3,1
ATT_EMP0449_202511,EMP0449,2025-11-01,23,21,2,3
ATT_EMP0449_202512,EMP0449,2025-12-01,21,21,0,5
ATT_EMP0449_202601,EMP0449,2026-01-01,21,19,2,2
ATT_EMP0449_202602,EMP0449,2026-02-01,20,18,2,4
ATT_EMP0449_202603,EMP0449,2026-03-01,22,20,2,1
ATT_EMP0449_202604,EMP0449,2026-04-01,21,20,1,1
ATT_EMP0449_202605,EMP0449,2026-05-01,20,17,3,5
ATT_EMP0449_202606,EMP0449,2026-06-01,21,19,2,2
ATT_EMP0449_202607,EMP0449,2026-07-01,22,20,2,2
ATT_EMP0449_202608,EMP0449,2026-08-01,21,19,2,2
ATT_EMP0449_202609,EMP0449,2026-09-01,21,21,0,1
ATT_EMP0450_202510,EMP0450,2025-10-01,21,21,0,1
ATT_EMP0450_202511,EMP0450,2025-11-01,22,22,0,0
ATT_EMP0450_202512,EMP0450,2025-12-01,23,21,2,6
ATT_EMP0450_202601,EMP0450,2026-01-01,22,19,3,1
ATT_EMP0450_202602,EMP0450,2026-02-01,22,19,3,2
ATT_EMP0450_202603,EMP0450,2026-03-01,21,21,0,2
ATT_EMP0450_202604,EMP0450,2026-04-01,22,20,2,0
ATT_EMP0450_202605,EMP0450,2026-05-01,22,22,0,2
ATT_EMP0450_202606,EMP0450,2026-06-01,20,20,0,1
ATT_EMP0450_202607,EMP0450,2026-07-01,22,18,4,2
ATT_EMP0450_202608,EMP0450,2026-08-01,21,21,0,2
ATT_EMP0450_202609,EMP0450,2026-09-01,21,19,2,1
ATT_EMP0451_202510,EMP0451,2025-10-01,22,21,1,1
ATT_EMP0451_202511,EMP0451,2025-11-01,22,19,3,1
ATT_EMP0451_202512,EMP0451,2025-12-01,21,18,3,2
ATT_EMP0451_202601,EMP0451,2026-01-01,20,19,1,3
ATT_EMP0451_202602,EMP0451,2026-02-01,21,21,0,2
ATT_EMP0451_202603,EMP0451,2026-03-01,21,21,0,6
ATT_EMP0451_202604,EMP0451,2026-04-01,22,20,2,0
ATT_EMP0451_202605,EMP0451,2026-05-01,21,20,1,0
ATT_EMP0451_202606,EMP0451,2026-06-01,22,19,3,1
ATT_EMP0451_202607,EMP0451,2026-07-01,23,22,1,2
ATT_EMP0451_202608,EMP0451,2026-08-01,22,19,3,2
ATT_EMP0451_202609,EMP0451,2026-09-01,21,18,3,3
ATT_EMP0452_202510,EMP0452,2025-10-01,21,18,3,3
ATT_EMP0452_202511,EMP0452,2025-11-01,23,23,0,4
ATT_EMP0452_202512,EMP0452,2025-12-01,20,19,1,3
ATT_EMP0452_202601,EMP0452,2026-01-01,21,19,2,1
ATT_EMP0452_202602,EMP0452,2026-02-01,21,21,0,1
ATT_EMP0452_202603,EMP0452,2026-03-01,21,20,1,2
ATT_EMP0452_202604,EMP0452,2026-04-01,23,20,3,2
ATT_EMP0452_202605,EMP0452,2026-05-01,22,21,1,4
ATT_EMP0452_202606,EMP0452,2026-06-01,21,17,4,1
ATT_EMP0452_202607,EMP0452,2026-07-01,21,19,2,2
ATT_EMP0452_202608,EMP0452,2026-08-01,20,18,2,3
ATT_EMP0452_202609,EMP0452,2026-09-01,22,20,2,1
ATT_EMP0453_202510,EMP0453,2025-10-01,21,20,1,2
ATT_EMP0453_202511,EMP0453,2025-11-01,20,18,2,0
ATT_EMP0453_202512,EMP0453,2025-12-01,21,18,3,3
ATT_EMP0453_202601,EMP0453,2026-01-01,21,19,2,2
ATT_EMP0453_202602,EMP0453,2026-02-01,22,20,2,1
ATT_EMP0453_202603,EMP0453,2026-03-01,21,19,2,1
ATT_EMP0453_202604,EMP0453,2026-04-01,21,21,0,1
ATT_EMP0453_202605,EMP0453,2026-05-01,21,19,2,2
ATT_EMP0453_202606,EMP0453,2026-06-01,21,20,1,0
ATT_EMP0453_202607,EMP0453,2026-07-01,21,18,3,2
ATT_EMP0453_202608,EMP0453,2026-08-01,22,22,0,0
ATT_EMP0453_202609,EMP0453,2026-09-01,20,19,1,3
ATT_EMP0454_202510,EMP0454,2025-10-01,22,18,4,2
ATT_EMP0454_202511,EMP0454,2025-11-01,22,22,0,2
ATT_EMP0454_202512,EMP0454,2025-12-01,23,22,1,2
ATT_EMP0454_202601,EMP0454,2026-01-01,22,20,2,3
ATT_EMP0454_202602,EMP0454,2026-02-01,23,20,3,2
ATT_EMP0454_202603,EMP0454,2026-03-01,20,18,2,1
ATT_EMP0454_202604,EMP0454,2026-04-01,20,20,0,1
ATT_EMP0454_202605,EMP0454,2026-05-01,22,17,5,0
ATT_EMP0454_202606,EMP0454,2026-06-01,21,19,2,1
ATT_EMP0454_202607,EMP0454,2026-07-01,22,20,2,3
ATT_EMP0454_202608,EMP0454,2026-08-01,21,19,2,1
ATT_EMP0454_202609,EMP0454,2026-09-01,22,20,2,1
ATT_EMP0455_202510,EMP0455,2025-10-01,22,21,1,2
ATT_EMP0455_202511,EMP0455,2025-11-01,21,18,3,0
ATT_EMP0455_202512,EMP0455,2025-12-01,22,18,4,2
ATT_EMP0455_202601,EMP0455,2026-01-01,20,19,1,0
ATT_EMP0455_202602,EMP0455,2026-02-01,21,18,3,2
ATT_EMP0455_202603,EMP0455,2026-03-01,21,20,1,2
ATT_EMP0455_202604,EMP0455,2026-04-01,21,18,3,0
ATT_EMP0455_202605,EMP0455,2026-05-01,21,19,2,3
ATT_EMP0455_202606,EMP0455,2026-06-01,20,16,4,0
ATT_EMP0455_202607,EMP0455,2026-07-01,21,19,2,1
ATT_EMP0455_202608,EMP0455,2026-08-01,23,21,2,4
ATT_EMP0455_202609,EMP0455,2026-09-01,22,19,3,1
ATT_EMP0456_202510,EMP0456,2025-10-01,22,19,3,6
ATT_EMP0456_202511,EMP0456,2025-11-01,22,18,4,2
ATT_EMP0456_202512,EMP0456,2025-12-01,23,23,0,1
ATT_EMP0456_202601,EMP0456,2026-01-01,21,20,1,3
ATT_EMP0456_202602,EMP0456,2026-02-01,22,19,3,1
ATT_EMP0456_202603,EMP0456,2026-03-01,20,17,3,1
ATT_EMP0456_202604,EMP0456,2026-04-01,21,19,2,1
ATT_EMP0456_202605,EMP0456,2026-05-01,22,20,2,0
ATT_EMP0456_202606,EMP0456,2026-06-01,20,18,2,2
ATT_EMP0456_202607,EMP0456,2026-07-01,21,20,1,1
ATT_EMP0456_202608,EMP0456,2026-08-01,22,20,2,1
ATT_EMP0456_202609,EMP0456,2026-09-01,21,20,1,0
ATT_EMP0457_202510,EMP0457,2025-10-01,20,19,1,1
ATT_EMP0457_202511,EMP0457,2025-11-01,21,19,2,1
ATT_EMP0457_202512,EMP0457,2025-12-01,22,20,2,0
ATT_EMP0457_202601,EMP0457,2026-01-01,22,20,2,1
ATT_EMP0457_202602,EMP0457,2026-02-01,22,22,0,0
ATT_EMP0457_202603,EMP0457,2026-03-01,23,21,2,4
ATT_EMP0457_202604,EMP0457,2026-04-01,22,20,2,0
ATT_EMP0457_202605,EMP0457,2026-05-01,20,17,3,0
ATT_EMP0457_202606,EMP0457,2026-06-01,23,19,4,2
ATT_EMP0457_202607,EMP0457,2026-07-01,23,23,0,2
ATT_EMP0457_202608,EMP0457,2026-08-01,22,19,3,1
ATT_EMP0457_202609,EMP0457,2026-09-01,21,20,1,2
ATT_EMP0458_202510,EMP0458,2025-10-01,21,19,2,1
ATT_EMP0458_202511,EMP0458,2025-11-01,21,19,2,1
ATT_EMP0458_202512,EMP0458,2025-12-01,22,21,1,1
ATT_EMP0458_202601,EMP0458,2026-01-01,20,18,2,1
ATT_EMP0458_202602,EMP0458,2026-02-01,20,17,3,2
ATT_EMP0458_202603,EMP0458,2026-03-01,20,17,3,3
ATT_EMP0458_202604,EMP0458,2026-04-01,22,20,2,3
ATT_EMP0458_202605,EMP0458,2026-05-01,22,18,4,2
ATT_EMP0458_202606,EMP0458,2026-06-01,23,21,2,1
ATT_EMP0458_202607,EMP0458,2026-07-01,21,19,2,4
ATT_EMP0458_202608,EMP0458,2026-08-01,23,21,2,2
ATT_EMP0458_202609,EMP0458,2026-09-01,21,18,3,3
ATT_EMP0459_202510,EMP0459,2025-10-01,21,21,0,1
ATT_EMP0459_202511,EMP0459,2025-11-01,20,17,3,2
ATT_EMP0459_202512,EMP0459,2025-12-01,21,21,0,1
ATT_EMP0459_202601,EMP0459,2026-01-01,21,18,3,2
ATT_EMP0459_202602,EMP0459,2026-02-01,22,20,2,2
ATT_EMP0459_202603,EMP0459,2026-03-01,21,18,3,1
ATT_EMP0459_202604,EMP0459,2026-04-01,22,20,2,3
ATT_EMP0459_202605,EMP0459,2026-05-01,22,22,0,3
ATT_EMP0459_202606,EMP0459,2026-06-01,22,20,2,2
ATT_EMP0459_202607,EMP0459,2026-07-01,20,16,4,1
ATT_EMP0459_202608,EMP0459,2026-08-01,21,19,2,1
ATT_EMP0459_202609,EMP0459,2026-09-01,20,19,1,1
ATT_EMP0460_202510,EMP0460,2025-10-01,22,21,1,1
ATT_EMP0460_202511,EMP0460,2025-11-01,23,22,1,0
ATT_EMP0460_202512,EMP0460,2025-12-01,22,21,1,1
ATT_EMP0460_202601,EMP0460,2026-01-01,22,21,1,1
ATT_EMP0460_202602,EMP0460,2026-02-01,23,20,3,1
ATT_EMP0460_202603,EMP0460,2026-03-01,21,20,1,4
ATT_EMP0460_202604,EMP0460,2026-04-01,21,20,1,0
ATT_EMP0460_202605,EMP0460,2026-05-01,22,20,2,0
ATT_EMP0460_202606,EMP0460,2026-06-01,21,20,1,2
ATT_EMP0460_202607,EMP0460,2026-07-01,21,17,4,3
ATT_EMP0460_202608,EMP0460,2026-08-01,21,19,2,2
ATT_EMP0460_202609,EMP0460,2026-09-01,22,20,2,1
ATT_EMP0461_202510,EMP0461,2025-10-01,22,22,0,2
ATT_EMP0461_202511,EMP0461,2025-11-01,22,20,2,0
ATT_EMP0461_202512,EMP0461,2025-12-01,23,22,1,3
ATT_EMP0461_202601,EMP0461,2026-01-01,22,20,2,0
ATT_EMP0461_202602,EMP0461,2026-02-01,22,22,0,2
ATT_EMP0461_202603,EMP0461,2026-03-01,22,21,1,0
ATT_EMP0461_202604,EMP0461,2026-04-01,22,22,0,1
ATT_EMP0461_202605,EMP0461,2026-05-01,21,19,2,2
ATT_EMP0461_202606,EMP0461,2026-06-01,22,20,2,2
ATT_EMP0461_202607,EMP0461,2026-07-01,21,17,4,2
ATT_EMP0461_202608,EMP0461,2026-08-01,23,23,0,1
ATT_EMP0461_202609,EMP0461,2026-09-01,20,17,3,0
ATT_EMP0462_202510,EMP0462,2025-10-01,21,21,0,0
ATT_EMP0462_202511,EMP0462,2025-11-01,22,19,3,0
ATT_EMP0462_202512,EMP0462,2025-12-01,22,21,1,2
ATT_EMP0462_202601,EMP0462,2026-01-01,22,19,3,1
ATT_EMP0462_202602,EMP0462,2026-02-01,22,20,2,1
ATT_EMP0462_202603,EMP0462,2026-03-01,21,21,0,1
ATT_EMP0462_202604,EMP0462,2026-04-01,22,22,0,0
ATT_EMP0462_202605,EMP0462,2026-05-01,22,19,3,2
ATT_EMP0462_202606,EMP0462,2026-06-01,21,17,4,4
ATT_EMP0462_202607,EMP0462,2026-07-01,21,18,3,2
ATT_EMP0462_202608,EMP0462,2026-08-01,22,19,3,2
ATT_EMP0462_202609,EMP0462,2026-09-01,22,22,0,0
ATT_EMP0463_202510,EMP0463,2025-10-01,21,21,0,2
ATT_EMP0463_202511,EMP0463,2025-11-01,22,21,1,0
ATT_EMP0463_202512,EMP0463,2025-12-01,22,22,0,0
ATT_EMP0463_202601,EMP0463,2026-01-01,20,18,2,3
ATT_EMP0463_202602,EMP0463,2026-02-01,22,20,2,0
ATT_EMP0463_202603,EMP0463,2026-03-01,21,18,3,1
ATT_EMP0463_202604,EMP0463,2026-04-01,21,18,3,1
ATT_EMP0463_202605,EMP0463,2026-05-01,21,19,2,0
ATT_EMP0463_202606,EMP0463,2026-06-01,20,18,2,5
ATT_EMP0463_202607,EMP0463,2026-07-01,22,21,1,1
ATT_EMP0463_202608,EMP0463,2026-08-01,21,20,1,1
ATT_EMP0463_202609,EMP0463,2026-09-01,22,21,1,2
ATT_EMP0464_202510,EMP0464,2025-10-01,23,20,3,1
ATT_EMP0464_202511,EMP0464,2025-11-01,20,20,0,3
ATT_EMP0464_202512,EMP0464,2025-12-01,20,18,2,4
ATT_EMP0464_202601,EMP0464,2026-01-01,22,22,0,1
ATT_EMP0464_202602,EMP0464,2026-02-01,22,20,2,0
ATT_EMP0464_202603,EMP0464,2026-03-01,21,19,2,3
ATT_EMP0464_202604,EMP0464,2026-04-01,21,20,1,0
ATT_EMP0464_202605,EMP0464,2026-05-01,22,22,0,0
ATT_EMP0464_202606,EMP0464,2026-06-01,23,23,0,1
ATT_EMP0464_202607,EMP0464,2026-07-01,21,21,0,0
ATT_EMP0464_202608,EMP0464,2026-08-01,21,19,2,3
ATT_EMP0464_202609,EMP0464,2026-09-01,21,21,0,2
ATT_EMP0465_202510,EMP0465,2025-10-01,20,16,4,2
ATT_EMP0465_202511,EMP0465,2025-11-01,22,19,3,1
ATT_EMP0465_202512,EMP0465,2025-12-01,23,23,0,3
ATT_EMP0465_202601,EMP0465,2026-01-01,21,19,2,2
ATT_EMP0465_202602,EMP0465,2026-02-01,23,20,3,1
ATT_EMP0465_202603,EMP0465,2026-03-01,21,18,3,3
ATT_EMP0465_202604,EMP0465,2026-04-01,22,20,2,0
ATT_EMP0465_202605,EMP0465,2026-05-01,20,17,3,0
ATT_EMP0465_202606,EMP0465,2026-06-01,21,20,1,2
ATT_EMP0465_202607,EMP0465,2026-07-01,22,19,3,0
ATT_EMP0465_202608,EMP0465,2026-08-01,21,19,2,2
ATT_EMP0465_202609,EMP0465,2026-09-01,21,18,3,4
ATT_EMP0466_202510,EMP0466,2025-10-01,21,21,0,3
ATT_EMP0466_202511,EMP0466,2025-11-01,21,19,2,1
ATT_EMP0466_202512,EMP0466,2025-12-01,22,18,4,3
ATT_EMP0466_202601,EMP0466,2026-01-01,20,17,3,0
ATT_EMP0466_202602,EMP0466,2026-02-01,20,16,4,2
ATT_EMP0466_202603,EMP0466,2026-03-01,23,22,1,2
ATT_EMP0466_202604,EMP0466,2026-04-01,22,20,2,2
ATT_EMP0466_202605,EMP0466,2026-05-01,22,20,2,2
ATT_EMP0466_202606,EMP0466,2026-06-01,21,19,2,2
ATT_EMP0466_202607,EMP0466,2026-07-01,22,20,2,2
ATT_EMP0466_202608,EMP0466,2026-08-01,21,21,0,3
ATT_EMP0466_202609,EMP0466,2026-09-01,21,17,4,1
ATT_EMP0467_202510,EMP0467,2025-10-01,22,21,1,1
ATT_EMP0467_202511,EMP0467,2025-11-01,22,21,1,1
ATT_EMP0467_202512,EMP0467,2025-12-01,20,19,1,2
ATT_EMP0467_202601,EMP0467,2026-01-01,20,17,3,2
ATT_EMP0467_202602,EMP0467,2026-02-01,23,21,2,3
ATT_EMP0467_202603,EMP0467,2026-03-01,22,19,3,0
ATT_EMP0467_202604,EMP0467,2026-04-01,22,21,1,1
ATT_EMP0467_202605,EMP0467,2026-05-01,21,21,0,1
ATT_EMP0467_202606,EMP0467,2026-06-01,22,19,3,3
ATT_EMP0467_202607,EMP0467,2026-07-01,21,18,3,3
ATT_EMP0467_202608,EMP0467,2026-08-01,21,19,2,2
ATT_EMP0467_202609,EMP0467,2026-09-01,23,20,3,1
ATT_EMP0468_202510,EMP0468,2025-10-01,23,20,3,0
ATT_EMP0468_202511,EMP0468,2025-11-01,22,20,2,1
ATT_EMP0468_202512,EMP0468,2025-12-01,23,22,1,1
ATT_EMP0468_202601,EMP0468,2026-01-01,20,19,1,2
ATT_EMP0468_202602,EMP0468,2026-02-01,22,21,1,2
ATT_EMP0468_202603,EMP0468,2026-03-01,22,18,4,1
ATT_EMP0468_202604,EMP0468,2026-04-01,20,19,1,1
ATT_EMP0468_202605,EMP0468,2026-05-01,22,21,1,4
ATT_EMP0468_202606,EMP0468,2026-06-01,22,22,0,1
ATT_EMP0468_202607,EMP0468,2026-07-01,22,19,3,3
ATT_EMP0468_202608,EMP0468,2026-08-01,22,17,5,3
ATT_EMP0468_202609,EMP0468,2026-09-01,21,18,3,2
ATT_EMP0469_202510,EMP0469,2025-10-01,22,20,2,1
ATT_EMP0469_202511,EMP0469,2025-11-01,21,18,3,0
ATT_EMP0469_202512,EMP0469,2025-12-01,21,17,4,0
ATT_EMP0469_202601,EMP0469,2026-01-01,20,18,2,3
ATT_EMP0469_202602,EMP0469,2026-02-01,22,18,4,6
ATT_EMP0469_202603,EMP0469,2026-03-01,23,20,3,0
ATT_EMP0469_202604,EMP0469,2026-04-01,23,19,4,1
ATT_EMP0469_202605,EMP0469,2026-05-01,21,19,2,3
ATT_EMP0469_202606,EMP0469,2026-06-01,20,18,2,3
ATT_EMP0469_202607,EMP0469,2026-07-01,21,21,0,0
ATT_EMP0469_202608,EMP0469,2026-08-01,21,18,3,2
ATT_EMP0469_202609,EMP0469,2026-09-01,22,19,3,1
ATT_EMP0470_202510,EMP0470,2025-10-01,22,20,2,1
ATT_EMP0470_202511,EMP0470,2025-11-01,22,19,3,2
ATT_EMP0470_202512,EMP0470,2025-12-01,23,19,4,0
ATT_EMP0470_202601,EMP0470,2026-01-01,21,19,2,1
ATT_EMP0470_202602,EMP0470,2026-02-01,22,22,0,0
ATT_EMP0470_202603,EMP0470,2026-03-01,22,22,0,5
ATT_EMP0470_202604,EMP0470,2026-04-01,23,21,2,2
ATT_EMP0470_202605,EMP0470,2026-05-01,22,18,4,1
ATT_EMP0470_202606,EMP0470,2026-06-01,22,19,3,3
ATT_EMP0470_202607,EMP0470,2026-07-01,22,20,2,1
ATT_EMP0470_202608,EMP0470,2026-08-01,22,20,2,0
ATT_EMP0470_202609,EMP0470,2026-09-01,22,18,4,0
ATT_EMP0471_202510,EMP0471,2025-10-01,21,20,1,0
ATT_EMP0471_202511,EMP0471,2025-11-01,22,19,3,2
ATT_EMP0471_202512,EMP0471,2025-12-01,20,20,0,3
ATT_EMP0471_202601,EMP0471,2026-01-01,22,19,3,3
ATT_EMP0471_202602,EMP0471,2026-02-01,22,19,3,2
ATT_EMP0471_202603,EMP0471,2026-03-01,21,19,2,1
ATT_EMP0471_202604,EMP0471,2026-04-01,21,19,2,0
ATT_EMP0471_202605,EMP0471,2026-05-01,22,19,3,0
ATT_EMP0471_202606,EMP0471,2026-06-01,23,20,3,2
ATT_EMP0471_202607,EMP0471,2026-07-01,21,20,1,1
ATT_EMP0471_202608,EMP0471,2026-08-01,23,22,1,1
ATT_EMP0471_202609,EMP0471,2026-09-01,23,18,5,0
ATT_EMP0472_202510,EMP0472,2025-10-01,23,20,3,1
ATT_EMP0472_202511,EMP0472,2025-11-01,22,21,1,1
ATT_EMP0472_202512,EMP0472,2025-12-01,20,18,2,3
ATT_EMP0472_202601,EMP0472,2026-01-01,22,19,3,3
ATT_EMP0472_202602,EMP0472,2026-02-01,21,17,4,1
ATT_EMP0472_202603,EMP0472,2026-03-01,21,20,1,0
ATT_EMP0472_202604,EMP0472,2026-04-01,23,20,3,0
ATT_EMP0472_202605,EMP0472,2026-05-01,22,20,2,1
ATT_EMP0472_202606,EMP0472,2026-06-01,22,19,3,1
ATT_EMP0472_202607,EMP0472,2026-07-01,21,17,4,0
ATT_EMP0472_202608,EMP0472,2026-08-01,21,20,1,1
ATT_EMP0472_202609,EMP0472,2026-09-01,23,19,4,0
ATT_EMP0473_202510,EMP0473,2025-10-01,20,16,4,4
ATT_EMP0473_202511,EMP0473,2025-11-01,23,20,3,4
ATT_EMP0473_202512,EMP0473,2025-12-01,22,19,3,0
ATT_EMP0473_202601,EMP0473,2026-01-01,21,21,0,1
ATT_EMP0473_202602,EMP0473,2026-02-01,21,17,4,2
ATT_EMP0473_202603,EMP0473,2026-03-01,20,19,1,1
ATT_EMP0473_202604,EMP0473,2026-04-01,21,21,0,2
ATT_EMP0473_202605,EMP0473,2026-05-01,22,20,2,2
ATT_EMP0473_202606,EMP0473,2026-06-01,23,18,5,5
ATT_EMP0473_202607,EMP0473,2026-07-01,21,20,1,3
ATT_EMP0473_202608,EMP0473,2026-08-01,21,19,2,3
ATT_EMP0473_202609,EMP0473,2026-09-01,22,21,1,2
ATT_EMP0474_202510,EMP0474,2025-10-01,21,18,3,1
ATT_EMP0474_202511,EMP0474,2025-11-01,21,19,2,3
ATT_EMP0474_202512,EMP0474,2025-12-01,23,22,1,3
ATT_EMP0474_202601,EMP0474,2026-01-01,21,20,1,1
ATT_EMP0474_202602,EMP0474,2026-02-01,21,17,4,1
ATT_EMP0474_202603,EMP0474,2026-03-01,23,22,1,2
ATT_EMP0474_202604,EMP0474,2026-04-01,21,21,0,0
ATT_EMP0474_202605,EMP0474,2026-05-01,22,20,2,1
ATT_EMP0474_202606,EMP0474,2026-06-01,23,21,2,0
ATT_EMP0474_202607,EMP0474,2026-07-01,21,20,1,3
ATT_EMP0474_202608,EMP0474,2026-08-01,20,16,4,2
ATT_EMP0474_202609,EMP0474,2026-09-01,20,17,3,0
ATT_EMP0475_202510,EMP0475,2025-10-01,20,16,4,1
ATT_EMP0475_202511,EMP0475,2025-11-01,21,17,4,2
ATT_EMP0475_202512,EMP0475,2025-12-01,23,22,1,2
ATT_EMP0475_202601,EMP0475,2026-01-01,21,19,2,2
ATT_EMP0475_202602,EMP0475,2026-02-01,21,18,3,2
ATT_EMP0475_202603,EMP0475,2026-03-01,21,19,2,2
ATT_EMP0475_202604,EMP0475,2026-04-01,22,19,3,0
ATT_EMP0475_202605,EMP0475,2026-05-01,20,19,1,2
ATT_EMP0475_202606,EMP0475,2026-06-01,21,21,0,2
ATT_EMP0475_202607,EMP0475,2026-07-01,22,20,2,2
ATT_EMP0475_202608,EMP0475,2026-08-01,22,19,3,1
ATT_EMP0475_202609,EMP0475,2026-09-01,21,19,2,2
ATT_EMP0476_202510,EMP0476,2025-10-01,22,20,2,1
ATT_EMP0476_202511,EMP0476,2025-11-01,22,20,2,1
ATT_EMP0476_202512,EMP0476,2025-12-01,21,18,3,3
ATT_EMP0476_202601,EMP0476,2026-01-01,21,20,1,3
ATT_EMP0476_202602,EMP0476,2026-02-01,20,18,2,2
ATT_EMP0476_202603,EMP0476,2026-03-01,21,19,2,3
ATT_EMP0476_202604,EMP0476,2026-04-01,20,19,1,2
ATT_EMP0476_202605,EMP0476,2026-05-01,22,21,1,0
ATT_EMP0476_202606,EMP0476,2026-06-01,23,22,1,2
ATT_EMP0476_202607,EMP0476,2026-07-01,21,18,3,2
ATT_EMP0476_202608,EMP0476,2026-08-01,21,20,1,4
ATT_EMP0476_202609,EMP0476,2026-09-01,20,16,4,2
ATT_EMP0477_202510,EMP0477,2025-10-01,20,20,0,4
ATT_EMP0477_202511,EMP0477,2025-11-01,22,19,3,1
ATT_EMP0477_202512,EMP0477,2025-12-01,22,20,2,0
ATT_EMP0477_202601,EMP0477,2026-01-01,22,20,2,3
ATT_EMP0477_202602,EMP0477,2026-02-01,22,21,1,0
ATT_EMP0477_202603,EMP0477,2026-03-01,22,20,2,3
ATT_EMP0477_202604,EMP0477,2026-04-01,23,23,0,2
ATT_EMP0477_202605,EMP0477,2026-05-01,21,18,3,0
ATT_EMP0477_202606,EMP0477,2026-06-01,22,20,2,3
ATT_EMP0477_202607,EMP0477,2026-07-01,22,19,3,1
ATT_EMP0477_202608,EMP0477,2026-08-01,22,19,3,3
ATT_EMP0477_202609,EMP0477,2026-09-01,22,18,4,1
ATT_EMP0478_202510,EMP0478,2025-10-01,22,19,3,0
ATT_EMP0478_202511,EMP0478,2025-11-01,22,17,5,2
ATT_EMP0478_202512,EMP0478,2025-12-01,22,19,3,2
ATT_EMP0478_202601,EMP0478,2026-01-01,21,17,4,1
ATT_EMP0478_202602,EMP0478,2026-02-01,21,19,2,0
ATT_EMP0478_202603,EMP0478,2026-03-01,21,19,2,3
ATT_EMP0478_202604,EMP0478,2026-04-01,23,23,0,1
ATT_EMP0478_202605,EMP0478,2026-05-01,21,21,0,4
ATT_EMP0478_202606,EMP0478,2026-06-01,22,20,2,1
ATT_EMP0478_202607,EMP0478,2026-07-01,22,18,4,3
ATT_EMP0478_202608,EMP0478,2026-08-01,21,18,3,1
ATT_EMP0478_202609,EMP0478,2026-09-01,23,22,1,1
ATT_EMP0479_202510,EMP0479,2025-10-01,20,17,3,2
ATT_EMP0479_202511,EMP0479,2025-11-01,21,20,1,0
ATT_EMP0479_202512,EMP0479,2025-12-01,22,19,3,3
ATT_EMP0479_202601,EMP0479,2026-01-01,20,20,0,0
ATT_EMP0479_202602,EMP0479,2026-02-01,21,17,4,0
ATT_EMP0479_202603,EMP0479,2026-03-01,21,19,2,3
ATT_EMP0479_202604,EMP0479,2026-04-01,22,19,3,2
ATT_EMP0479_202605,EMP0479,2026-05-01,21,20,1,2
ATT_EMP0479_202606,EMP0479,2026-06-01,22,20,2,2
ATT_EMP0479_202607,EMP0479,2026-07-01,22,21,1,2
ATT_EMP0479_202608,EMP0479,2026-08-01,23,21,2,2
ATT_EMP0479_202609,EMP0479,2026-09-01,22,22,0,3
ATT_EMP0480_202510,EMP0480,2025-10-01,23,19,4,1
ATT_EMP0480_202511,EMP0480,2025-11-01,22,22,0,3
ATT_EMP0480_202512,EMP0480,2025-12-01,21,19,2,2
ATT_EMP0480_202601,EMP0480,2026-01-01,21,19,2,0
ATT_EMP0480_202602,EMP0480,2026-02-01,23,19,4,1
ATT_EMP0480_202603,EMP0480,2026-03-01,22,21,1,5
ATT_EMP0480_202604,EMP0480,2026-04-01,22,20,2,1
ATT_EMP0480_202605,EMP0480,2026-05-01,22,17,5,1
ATT_EMP0480_202606,EMP0480,2026-06-01,22,21,1,1
ATT_EMP0480_202607,EMP0480,2026-07-01,21,20,1,2
ATT_EMP0480_202608,EMP0480,2026-08-01,22,21,1,0
ATT_EMP0480_202609,EMP0480,2026-09-01,22,20,2,1
ATT_EMP0481_202510,EMP0481,2025-10-01,22,20,2,1
ATT_EMP0481_202511,EMP0481,2025-11-01,22,21,1,0
ATT_EMP0481_202512,EMP0481,2025-12-01,23,20,3,1
ATT_EMP0481_202601,EMP0481,2026-01-01,22,19,3,0
ATT_EMP0481_202602,EMP0481,2026-02-01,20,19,1,4
ATT_EMP0481_202603,EMP0481,2026-03-01,22,20,2,2
ATT_EMP0481_202604,EMP0481,2026-04-01,21,21,0,0
ATT_EMP0481_202605,EMP0481,2026-05-01,22,22,0,3
ATT_EMP0481_202606,EMP0481,2026-06-01,22,21,1,2
ATT_EMP0481_202607,EMP0481,2026-07-01,22,20,2,4
ATT_EMP0481_202608,EMP0481,2026-08-01,20,17,3,1
ATT_EMP0481_202609,EMP0481,2026-09-01,21,20,1,2
ATT_EMP0482_202510,EMP0482,2025-10-01,21,19,2,2
ATT_EMP0482_202511,EMP0482,2025-11-01,21,19,2,2
ATT_EMP0482_202512,EMP0482,2025-12-01,22,22,0,0
ATT_EMP0482_202601,EMP0482,2026-01-01,23,20,3,0
ATT_EMP0482_202602,EMP0482,2026-02-01,22,22,0,1
ATT_EMP0482_202603,EMP0482,2026-03-01,23,21,2,3
ATT_EMP0482_202604,EMP0482,2026-04-01,22,22,0,1
ATT_EMP0482_202605,EMP0482,2026-05-01,20,18,2,1
ATT_EMP0482_202606,EMP0482,2026-06-01,21,21,0,1
ATT_EMP0482_202607,EMP0482,2026-07-01,21,19,2,0
ATT_EMP0482_202608,EMP0482,2026-08-01,23,21,2,6
ATT_EMP0482_202609,EMP0482,2026-09-01,23,20,3,1
ATT_EMP0483_202510,EMP0483,2025-10-01,22,17,5,1
ATT_EMP0483_202511,EMP0483,2025-11-01,21,17,4,3
ATT_EMP0483_202512,EMP0483,2025-12-01,22,21,1,1
ATT_EMP0483_202601,EMP0483,2026-01-01,21,20,1,1
ATT_EMP0483_202602,EMP0483,2026-02-01,22,19,3,1
ATT_EMP0483_202603,EMP0483,2026-03-01,21,19,2,1
ATT_EMP0483_202604,EMP0483,2026-04-01,23,21,2,2
ATT_EMP0483_202605,EMP0483,2026-05-01,20,20,0,2
ATT_EMP0483_202606,EMP0483,2026-06-01,22,20,2,1
ATT_EMP0483_202607,EMP0483,2026-07-01,23,20,3,2
ATT_EMP0483_202608,EMP0483,2026-08-01,21,19,2,1
ATT_EMP0483_202609,EMP0483,2026-09-01,23,21,2,1
ATT_EMP0484_202510,EMP0484,2025-10-01,20,19,1,0
ATT_EMP0484_202511,EMP0484,2025-11-01,22,22,0,3
ATT_EMP0484_202512,EMP0484,2025-12-01,23,22,1,1
ATT_EMP0484_202601,EMP0484,2026-01-01,22,21,1,0
ATT_EMP0484_202602,EMP0484,2026-02-01,23,22,1,0
ATT_EMP0484_202603,EMP0484,2026-03-01,20,18,2,2
ATT_EMP0484_202604,EMP0484,2026-04-01,21,21,0,3
ATT_EMP0484_202605,EMP0484,2026-05-01,21,18,3,1
ATT_EMP0484_202606,EMP0484,2026-06-01,20,19,1,3
ATT_EMP0484_202607,EMP0484,2026-07-01,21,17,4,1
ATT_EMP0484_202608,EMP0484,2026-08-01,20,19,1,1
ATT_EMP0484_202609,EMP0484,2026-09-01,20,20,0,3
ATT_EMP0485_202510,EMP0485,2025-10-01,20,17,3,2
ATT_EMP0485_202511,EMP0485,2025-11-01,21,19,2,1
ATT_EMP0485_202512,EMP0485,2025-12-01,23,20,3,1
ATT_EMP0485_202601,EMP0485,2026-01-01,21,18,3,2
ATT_EMP0485_202602,EMP0485,2026-02-01,23,20,3,0
ATT_EMP0485_202603,EMP0485,2026-03-01,22,20,2,3
ATT_EMP0485_202604,EMP0485,2026-04-01,22,19,3,0
ATT_EMP0485_202605,EMP0485,2026-05-01,21,18,3,1
ATT_EMP0485_202606,EMP0485,2026-06-01,21,19,2,2
ATT_EMP0485_202607,EMP0485,2026-07-01,20,19,1,1
ATT_EMP0485_202608,EMP0485,2026-08-01,21,21,0,1
ATT_EMP0485_202609,EMP0485,2026-09-01,21,20,1,1
ATT_EMP0486_202510,EMP0486,2025-10-01,23,23,0,1
ATT_EMP0486_202511,EMP0486,2025-11-01,21,19,2,2
ATT_EMP0486_202512,EMP0486,2025-12-01,22,21,1,2
ATT_EMP0486_202601,EMP0486,2026-01-01,21,19,2,0
ATT_EMP0486_202602,EMP0486,2026-02-01,21,18,3,2
ATT_EMP0486_202603,EMP0486,2026-03-01,21,16,5,4
ATT_EMP0486_202604,EMP0486,2026-04-01,21,17,4,0
ATT_EMP0486_202605,EMP0486,2026-05-01,23,22,1,2
ATT_EMP0486_202606,EMP0486,2026-06-01,20,19,1,2
ATT_EMP0486_202607,EMP0486,2026-07-01,23,22,1,1
ATT_EMP0486_202608,EMP0486,2026-08-01,21,19,2,3
ATT_EMP0486_202609,EMP0486,2026-09-01,20,19,1,1
ATT_EMP0487_202510,EMP0487,2025-10-01,21,21,0,3
ATT_EMP0487_202511,EMP0487,2025-11-01,21,21,0,0
ATT_EMP0487_202512,EMP0487,2025-12-01,22,19,3,2
ATT_EMP0487_202601,EMP0487,2026-01-01,21,20,1,1
ATT_EMP0487_202602,EMP0487,2026-02-01,21,19,2,0
ATT_EMP0487_202603,EMP0487,2026-03-01,23,20,3,1
ATT_EMP0487_202604,EMP0487,2026-04-01,21,19,2,1
ATT_EMP0487_202605,EMP0487,2026-05-01,22,17,5,2
ATT_EMP0487_202606,EMP0487,2026-06-01,23,21,2,1
ATT_EMP0487_202607,EMP0487,2026-07-01,22,18,4,1
ATT_EMP0487_202608,EMP0487,2026-08-01,22,20,2,2
ATT_EMP0487_202609,EMP0487,2026-09-01,22,21,1,2
ATT_EMP0488_202510,EMP0488,2025-10-01,22,20,2,0
ATT_EMP0488_202511,EMP0488,2025-11-01,21,19,2,2
ATT_EMP0488_202512,EMP0488,2025-12-01,22,18,4,0
ATT_EMP0488_202601,EMP0488,2026-01-01,21,20,1,5
ATT_EMP0488_202602,EMP0488,2026-02-01,22,20,2,2
ATT_EMP0488_202603,EMP0488,2026-03-01,21,18,3,2
ATT_EMP0488_202604,EMP0488,2026-04-01,23,21,2,1
ATT_EMP0488_202605,EMP0488,2026-05-01,21,19,2,1
ATT_EMP0488_202606,EMP0488,2026-06-01,23,21,2,2
ATT_EMP0488_202607,EMP0488,2026-07-01,23,20,3,2
ATT_EMP0488_202608,EMP0488,2026-08-01,20,18,2,2
ATT_EMP0488_202609,EMP0488,2026-09-01,22,18,4,2
ATT_EMP0489_202510,EMP0489,2025-10-01,21,19,2,1
ATT_EMP0489_202511,EMP0489,2025-11-01,21,19,2,1
ATT_EMP0489_202512,EMP0489,2025-12-01,22,21,1,2
ATT_EMP0489_202601,EMP0489,2026-01-01,22,18,4,0
ATT_EMP0489_202602,EMP0489,2026-02-01,20,19,1,1
ATT_EMP0489_202603,EMP0489,2026-03-01,21,18,3,1
ATT_EMP0489_202604,EMP0489,2026-04-01,23,23,0,0
ATT_EMP0489_202605,EMP0489,2026-05-01,22,21,1,3
ATT_EMP0489_202606,EMP0489,2026-06-01,21,20,1,2
ATT_EMP0489_202607,EMP0489,2026-07-01,22,21,1,1
ATT_EMP0489_202608,EMP0489,2026-08-01,21,19,2,1
ATT_EMP0489_202609,EMP0489,2026-09-01,22,20,2,1
ATT_EMP0490_202510,EMP0490,2025-10-01,20,17,3,4
ATT_EMP0490_202511,EMP0490,2025-11-01,22,19,3,0
ATT_EMP0490_202512,EMP0490,2025-12-01,23,19,4,2
ATT_EMP0490_202601,EMP0490,2026-01-01,21,18,3,0
ATT_EMP0490_202602,EMP0490,2026-02-01,22,21,1,4
ATT_EMP0490_202603,EMP0490,2026-03-01,20,19,1,1
ATT_EMP0490_202604,EMP0490,2026-04-01,21,18,3,2
ATT_EMP0490_202605,EMP0490,2026-05-01,20,18,2,2
ATT_EMP0490_202606,EMP0490,2026-06-01,22,20,2,3
ATT_EMP0490_202607,EMP0490,2026-07-01,22,21,1,1
ATT_EMP0490_202608,EMP0490,2026-08-01,22,21,1,3
ATT_EMP0490_202609,EMP0490,2026-09-01,22,21,1,3
ATT_EMP0491_202510,EMP0491,2025-10-01,22,22,0,3
ATT_EMP0491_202511,EMP0491,2025-11-01,22,22,0,2
ATT_EMP0491_202512,EMP0491,2025-12-01,23,20,3,1
ATT_EMP0491_202601,EMP0491,2026-01-01,21,19,2,0
ATT_EMP0491_202602,EMP0491,2026-02-01,23,22,1,0
ATT_EMP0491_202603,EMP0491,2026-03-01,21,19,2,1
ATT_EMP0491_202604,EMP0491,2026-04-01,20,20,0,2
ATT_EMP0491_202605,EMP0491,2026-05-01,22,19,3,2
ATT_EMP0491_202606,EMP0491,2026-06-01,21,20,1,1
ATT_EMP0491_202607,EMP0491,2026-07-01,21,18,3,3
ATT_EMP0491_202608,EMP0491,2026-08-01,22,21,1,2
ATT_EMP0491_202609,EMP0491,2026-09-01,22,19,3,0
ATT_EMP0492_202510,EMP0492,2025-10-01,22,19,3,4
ATT_EMP0492_202511,EMP0492,2025-11-01,22,21,1,2
ATT_EMP0492_202512,EMP0492,2025-12-01,20,17,3,2
ATT_EMP0492_202601,EMP0492,2026-01-01,21,17,4,2
ATT_EMP0492_202602,EMP0492,2026-02-01,21,18,3,0
ATT_EMP0492_202603,EMP0492,2026-03-01,21,20,1,1
ATT_EMP0492_202604,EMP0492,2026-04-01,22,20,2,2
ATT_EMP0492_202605,EMP0492,2026-05-01,22,20,2,5
ATT_EMP0492_202606,EMP0492,2026-06-01,20,18,2,0
ATT_EMP0492_202607,EMP0492,2026-07-01,22,20,2,1
ATT_EMP0492_202608,EMP0492,2026-08-01,23,20,3,1
ATT_EMP0492_202609,EMP0492,2026-09-01,23,20,3,3
ATT_EMP0493_202510,EMP0493,2025-10-01,22,20,2,1
ATT_EMP0493_202511,EMP0493,2025-11-01,21,19,2,0
ATT_EMP0493_202512,EMP0493,2025-12-01,22,18,4,0
ATT_EMP0493_202601,EMP0493,2026-01-01,21,19,2,2
ATT_EMP0493_202602,EMP0493,2026-02-01,22,21,1,1
ATT_EMP0493_202603,EMP0493,2026-03-01,22,18,4,1
ATT_EMP0493_202604,EMP0493,2026-04-01,22,22,0,4
ATT_EMP0493_202605,EMP0493,2026-05-01,21,20,1,2
ATT_EMP0493_202606,EMP0493,2026-06-01,23,19,4,0
ATT_EMP0493_202607,EMP0493,2026-07-01,21,18,3,0
ATT_EMP0493_202608,EMP0493,2026-08-01,21,18,3,2
ATT_EMP0493_202609,EMP0493,2026-09-01,22,20,2,5
ATT_EMP0494_202510,EMP0494,2025-10-01,20,16,4,0
ATT_EMP0494_202511,EMP0494,2025-11-01,20,19,1,2
ATT_EMP0494_202512,EMP0494,2025-12-01,22,19,3,4
ATT_EMP0494_202601,EMP0494,2026-01-01,21,20,1,3
ATT_EMP0494_202602,EMP0494,2026-02-01,22,20,2,2
ATT_EMP0494_202603,EMP0494,2026-03-01,22,19,3,3
ATT_EMP0494_202604,EMP0494,2026-04-01,20,17,3,1
ATT_EMP0494_202605,EMP0494,2026-05-01,21,19,2,1
ATT_EMP0494_202606,EMP0494,2026-06-01,21,21,0,2
ATT_EMP0494_202607,EMP0494,2026-07-01,22,20,2,3
ATT_EMP0494_202608,EMP0494,2026-08-01,21,18,3,3
ATT_EMP0494_202609,EMP0494,2026-09-01,22,20,2,0
ATT_EMP0495_202510,EMP0495,2025-10-01,21,19,2,3
ATT_EMP0495_202511,EMP0495,2025-11-01,22,19,3,1
ATT_EMP0495_202512,EMP0495,2025-12-01,20,17,3,3
ATT_EMP0495_202601,EMP0495,2026-01-01,20,20,0,1
ATT_EMP0495_202602,EMP0495,2026-02-01,21,20,1,2
ATT_EMP0495_202603,EMP0495,2026-03-01,20,20,0,0
ATT_EMP0495_202604,EMP0495,2026-04-01,21,21,0,1
ATT_EMP0495_202605,EMP0495,2026-05-01,21,20,1,2
ATT_EMP0495_202606,EMP0495,2026-06-01,21,17,4,2
ATT_EMP0495_202607,EMP0495,2026-07-01,20,18,2,1
ATT_EMP0495_202608,EMP0495,2026-08-01,23,20,3,1
ATT_EMP0495_202609,EMP0495,2026-09-01,20,18,2,2
ATT_EMP0496_202510,EMP0496,2025-10-01,23,21,2,0
ATT_EMP0496_202511,EMP0496,2025-11-01,21,19,2,1
ATT_EMP0496_202512,EMP0496,2025-12-01,23,20,3,3
ATT_EMP0496_202601,EMP0496,2026-01-01,21,17,4,3
ATT_EMP0496_202602,EMP0496,2026-02-01,21,16,5,2
ATT_EMP0496_202603,EMP0496,2026-03-01,20,17,3,4
ATT_EMP0496_202604,EMP0496,2026-04-01,22,18,4,1
ATT_EMP0496_202605,EMP0496,2026-05-01,21,21,0,1
ATT_EMP0496_202606,EMP0496,2026-06-01,22,20,2,2
ATT_EMP0496_202607,EMP0496,2026-07-01,22,20,2,0
ATT_EMP0496_202608,EMP0496,2026-08-01,21,18,3,2
ATT_EMP0496_202609,EMP0496,2026-09-01,22,20,2,1
ATT_EMP0497_202510,EMP0497,2025-10-01,22,19,3,3
ATT_EMP0497_202511,EMP0497,2025-11-01,22,20,2,0
ATT_EMP0497_202512,EMP0497,2025-12-01,22,20,2,1
ATT_EMP0497_202601,EMP0497,2026-01-01,21,19,2,0
ATT_EMP0497_202602,EMP0497,2026-02-01,22,18,4,0
ATT_EMP0497_202603,EMP0497,2026-03-01,21,20,1,2
ATT_EMP0497_202604,EMP0497,2026-04-01,22,21,1,2
ATT_EMP0497_202605,EMP0497,2026-05-01,22,20,2,1
ATT_EMP0497_202606,EMP0497,2026-06-01,22,18,4,2
ATT_EMP0497_202607,EMP0497,2026-07-01,21,18,3,1
ATT_EMP0497_202608,EMP0497,2026-08-01,20,18,2,0
ATT_EMP0497_202609,EMP0497,2026-09-01,20,20,0,1
ATT_EMP0498_202510,EMP0498,2025-10-01,21,18,3,2
ATT_EMP0498_202511,EMP0498,2025-11-01,20,20,0,4
ATT_EMP0498_202512,EMP0498,2025-12-01,21,17,4,0
ATT_EMP0498_202601,EMP0498,2026-01-01,22,21,1,1
ATT_EMP0498_202602,EMP0498,2026-02-01,22,20,2,1
ATT_EMP0498_202603,EMP0498,2026-03-01,23,21,2,4
ATT_EMP0498_202604,EMP0498,2026-04-01,23,21,2,1
ATT_EMP0498_202605,EMP0498,2026-05-01,21,17,4,2
ATT_EMP0498_202606,EMP0498,2026-06-01,21,19,2,1
ATT_EMP0498_202607,EMP0498,2026-07-01,22,18,4,1
ATT_EMP0498_202608,EMP0498,2026-08-01,23,21,2,3
ATT_EMP0498_202609,EMP0498,2026-09-01,22,21,1,3
ATT_EMP0499_202510,EMP0499,2025-10-01,23,23,0,0
ATT_EMP0499_202511,EMP0499,2025-11-01,20,19,1,0
ATT_EMP0499_202512,EMP0499,2025-12-01,23,21,2,1
ATT_EMP0499_202601,EMP0499,2026-01-01,21,19,2,1
ATT_EMP0499_202602,EMP0499,2026-02-01,20,17,3,2
ATT_EMP0499_202603,EMP0499,2026-03-01,21,21,0,0
ATT_EMP0499_202604,EMP0499,2026-04-01,21,21,0,0
ATT_EMP0499_202605,EMP0499,2026-05-01,21,18,3,2
ATT_EMP0499_202606,EMP0499,2026-06-01,21,20,1,1
ATT_EMP0499_202607,EMP0499,2026-07-01,22,18,4,5
ATT_EMP0499_202608,EMP0499,2026-08-01,20,19,1,0
ATT_EMP0499_202609,EMP0499,2026-09-01,23,20,3,4
ATT_EMP0500_202510,EMP0500,2025-10-01,21,19,2,3
ATT_EMP0500_202511,EMP0500,2025-11-01,21,21,0,5
ATT_EMP0500_202512,EMP0500,2025-12-01,20,15,5,2
ATT_EMP0500_202601,EMP0500,2026-01-01,21,20,1,2
ATT_EMP0500_202602,EMP0500,2026-02-01,21,21,0,0
ATT_EMP0500_202603,EMP0500,2026-03-01,21,19,2,3
ATT_EMP0500_202604,EMP0500,2026-04-01,20,17,3,2
ATT_EMP0500_202605,EMP0500,2026-05-01,23,21,2,1
ATT_EMP0500_202606,EMP0500,2026-06-01,21,18,3,2
ATT_EMP0500_202607,EMP0500,2026-07-01,22,20,2,0
ATT_EMP0500_202608,EMP0500,2026-08-01,23,20,3,0
ATT_EMP0500_202609,EMP0500,2026-09-01,22,21,1,1
