feedback_id,employee_id,feedback_date,customer_rating,complaint_count,feedback_type
FDBK00001,EMP0179,2026-08-28,4,0,Digital Banking
FDBK00002,EMP0168,2026-06-28,1,0,Product Satisfaction
FDBK00003,EMP0098,2026-01-26,4,0,Complaint Resolution
FDBK00004,EMP0019,2025-11-04,5,0,Service Quality
FDBK00005,EMP0240,2025-10-09,4,0,Service Quality
FDBK00006,EMP0315,2025-12-25,3,1,Product Satisfaction
FDBK00007,EMP0314,2026-06-18,4,0,Staff Behaviour
FDBK00008,EMP0477,2026-03-27,5,0,Staff Behaviour
FDBK00009,EMP0068,2026-01-23,3,0,Complaint Resolution
FDBK00010,EMP0254,2026-03-22,3,0,Staff Behaviour
FDBK00011,EMP0021,2026-06-12,5,0,Staff Behaviour
FDBK00012,EMP0148,2026-03-23,4,1,Product Satisfaction
FDBK00013,EMP0395,2026-04-12,2,0,Staff Behaviour
FDBK00014,EMP0098,2026-06-23,4,1,Digital Banking
FDBK00015,EMP0263,2026-06-05,4,0,Digital Banking
FDBK00016,EMP0107,2026-05-02,5,0,Product Satisfaction
FDBK00017,EMP0440,2026-02-20,3,0,Staff Behaviour
FDBK00018,EMP0440,2026-08-02,5,2,Complaint Resolution
FDBK00019,EMP0328,2026-06-11,4,1,Product Satisfaction
FDBK00020,EMP0423,2025-11-01,4,1,Service Quality
FDBK00021,EMP0036,2025-12-21,3,2,Staff Behaviour
FDBK00022,EMP0498,2025-10-28,3,0,Staff Behaviour
FDBK00023,EMP0188,2026-05-18,4,2,Service Quality
FDBK00024,EMP0087,2026-05-10,4,0,Service Quality
FDBK00025,EMP0496,2026-03-13,5,0,Service Quality
FDBK00026,EMP0075,2026-07-04,4,0,Digital Banking
FDBK00027,EMP0276,2026-09-05,2,1,Complaint Resolution
FDBK00028,EMP0228,2026-05-13,2,0,Complaint Resolution
FDBK00029,EMP0395,2026-04-28,5,0,Staff Behaviour
FDBK00030,EMP0406,2026-01-24,4,0,Service Quality
FDBK00031,EMP0463,2026-02-05,4,0,Service Quality
FDBK00032,EMP0335,2025-12-08,4,1,Service Quality
FDBK00033,EMP0200,2026-08-27,5,0,Service Quality
FDBK00034,EMP0050,2026-09-19,3,1,Complaint Resolution
FDBK00035,EMP0327,2026-07-02,3,0,Staff Behaviour
FDBK00036,EMP0320,2026-04-28,5,0,Product Satisfaction
FDBK00037,EMP0071,2026-07-25,1,0,Service Quality
FDBK00038,EMP0236,2025-11-09,3,1,Service Quality
FDBK00039,EMP0012,2026-07-22,4,0,Digital Banking
FDBK00040,EMP0221,2026-06-15,4,1,Product Satisfaction
FDBK00041,EMP0420,2026-03-19,3,0,Digital Banking
FDBK00042,EMP0236,2026-07-26,4,1,Complaint Resolution
FDBK00043,EMP0109,2026-06-22,4,0,Service Quality
FDBK00044,EMP0421,2026-08-07,1,0,Staff Behaviour
FDBK00045,EMP0106,2026-04-04,1,2,Staff Behaviour
FDBK00046,EMP0040,2025-10-27,2,0,Complaint Resolution
FDBK00047,EMP0220,2026-04-28,3,0,Digital Banking
FDBK00048,EMP0160,2026-08-08,3,0,Digital Banking
FDBK00049,EMP0366,2026-02-19,4,0,Product Satisfaction
FDBK00050,EMP0403,2026-07-11,5,0,Staff Behaviour
FDBK00051,EMP0177,2026-04-15,5,0,Product Satisfaction
FDBK00052,EMP0132,2026-02-25,5,0,Digital Banking
FDBK00053,EMP0409,2026-04-11,4,1,Digital Banking
FDBK00054,EMP0413,2025-12-25,4,0,Complaint Resolution
FDBK00055,EMP0221,2025-10-02,4,0,Complaint Resolution
FDBK00056,EMP0431,2026-08-09,5,0,Complaint Resolution
FDBK00057,EMP0420,2026-02-11,5,1,Complaint Resolution
FDBK00058,EMP0069,2026-04-15,1,0,Complaint Resolution
FDBK00059,EMP0186,2026-08-14,5,0,Product Satisfaction
FDBK00060,EMP0248,2026-06-21,3,0,Product Satisfaction
FDBK00061,EMP0084,2026-06-07,2,1,Complaint Resolution
FDBK00062,EMP0465,2026-08-18,4,0,Product Satisfaction
FDBK00063,EMP0328,2026-08-23,3,0,Staff Behaviour
FDBK00064,EMP0492,2025-10-27,3,0,Service Quality
FDBK00065,EMP0426,2026-07-16,4,0,Service Quality
FDBK00066,EMP0117,2026-06-08,5,0,Product Satisfaction
FDBK00067,EMP0381,2025-11-01,3,0,Product Satisfaction
FDBK00068,EMP0430,2025-12-21,5,1,Complaint Resolution
FDBK00069,EMP0276,2025-11-28,4,1,Product Satisfaction
FDBK00070,EMP0098,2026-04-26,4,0,Staff Behaviour
FDBK00071,EMP0112,2026-09-12,3,1,Digital Banking
FDBK00072,EMP0373,2026-01-26,4,0,Staff Behaviour
FDBK00073,EMP0263,2026-02-03,5,0,Digital Banking
FDBK00074,EMP0143,2025-10-28,5,1,Digital Banking
FDBK00075,EMP0079,2026-02-24,2,0,Staff Behaviour
FDBK00076,EMP0429,2026-07-14,2,0,Product Satisfaction
FDBK00077,EMP0299,2026-06-09,5,0,Service Quality
FDBK00078,EMP0017,2026-09-25,3,0,Service Quality
FDBK00079,EMP0063,2026-01-27,2,1,Staff Behaviour
FDBK00080,EMP0181,2026-07-16,3,0,Complaint Resolution
FDBK00081,EMP0301,2026-08-11,3,0,Service Quality
FDBK00082,EMP0325,2025-10-02,5,3,Digital Banking
FDBK00083,EMP0481,2026-04-03,4,0,Digital Banking
FDBK00084,EMP0182,2026-07-03,4,1,Complaint Resolution
FDBK00085,EMP0478,2025-11-07,4,0,Service Quality
FDBK00086,EMP0127,2025-10-23,4,1,Product Satisfaction
FDBK00087,EMP0192,2026-09-24,3,1,Digital Banking
FDBK00088,EMP0486,2025-12-06,5,3,Product Satisfaction
FDBK00089,EMP0360,2026-03-01,4,0,Digital Banking
FDBK00090,EMP0387,2025-12-13,4,1,Service Quality
FDBK00091,EMP0093,2026-03-13,5,0,Complaint Resolution
FDBK00092,EMP0055,2025-10-26,2,0,Service Quality
FDBK00093,EMP0415,2026-04-20,2,0,Digital Banking
FDBK00094,EMP0374,2025-11-14,4,0,Digital Banking
FDBK00095,EMP0099,2026-03-12,4,0,Service Quality
FDBK00096,EMP0092,2025-12-27,4,0,Complaint Resolution
FDBK00097,EMP0194,2026-04-11,4,0,Complaint Resolution
FDBK00098,EMP0169,2025-12-26,5,1,Product Satisfaction
FDBK00099,EMP0453,2026-03-20,2,1,Product Satisfaction
FDBK00100,EMP0416,2026-06-26,2,0,Staff Behaviour
FDBK00101,EMP0359,2026-09-08,4,0,Staff Behaviour
FDBK00102,EMP0136,2026-08-18,2,0,Product Satisfaction
FDBK00103,EMP0012,2026-02-28,4,0,Service Quality
FDBK00104,EMP0035,2025-10-04,5,0,Product Satisfaction
FDBK00105,EMP0111,2026-06-14,2,0,Service Quality
FDBK00106,EMP0460,2026-05-21,5,0,Service Quality
FDBK00107,EMP0366,2026-08-09,4,0,Service Quality
FDBK00108,EMP0428,2026-06-14,4,0,Product Satisfaction
FDBK00109,EMP0047,2026-02-23,3,1,Product Satisfaction
FDBK00110,EMP0447,2025-11-22,4,0,Service Quality
FDBK00111,EMP0150,2026-06-12,2,1,Service Quality
FDBK00112,EMP0009,2026-04-01,4,3,Digital Banking
FDBK00113,EMP0371,2026-02-09,3,1,Product Satisfaction
FDBK00114,EMP0100,2026-04-25,5,0,Staff Behaviour
FDBK00115,EMP0119,2025-11-04,5,0,Product Satisfaction
FDBK00116,EMP0152,2026-02-08,5,0,Service Quality
FDBK00117,EMP0197,2026-05-10,3,1,Product Satisfaction
FDBK00118,EMP0267,2025-10-02,4,1,Digital Banking
FDBK00119,EMP0304,2026-06-24,4,0,Product Satisfaction
FDBK00120,EMP0309,2026-08-28,3,0,Product Satisfaction
FDBK00121,EMP0112,2026-06-26,3,0,Service Quality
FDBK00122,EMP0372,2026-01-21,4,0,Complaint Resolution
FDBK00123,EMP0454,2026-08-26,4,0,Service Quality
FDBK00124,EMP0133,2026-01-05,2,1,Product Satisfaction
FDBK00125,EMP0029,2026-02-13,4,0,Digital Banking
FDBK00126,EMP0188,2026-05-13,4,0,Digital Banking
FDBK00127,EMP0492,2026-03-22,3,0,Service Quality
FDBK00128,EMP0085,2026-08-23,2,0,Digital Banking
FDBK00129,EMP0094,2026-06-20,4,0,Digital Banking
FDBK00130,EMP0345,2025-12-19,4,1,Complaint Resolution
FDBK00131,EMP0369,2026-04-03,5,0,Staff Behaviour
FDBK00132,EMP0428,2025-11-12,4,0,Product Satisfaction
FDBK00133,EMP0454,2025-11-21,4,0,Complaint Resolution
FDBK00134,EMP0023,2025-11-12,4,0,Complaint Resolution
FDBK00135,EMP0113,2026-01-22,4,1,Product Satisfaction
FDBK00136,EMP0298,2026-08-21,3,0,Product Satisfaction
FDBK00137,EMP0491,2026-03-24,2,2,Staff Behaviour
FDBK00138,EMP0120,2026-09-26,4,0,Staff Behaviour
FDBK00139,EMP0201,2026-03-24,3,0,Product Satisfaction
FDBK00140,EMP0273,2026-05-05,5,0,Complaint Resolution
FDBK00141,EMP0485,2025-12-21,5,0,Complaint Resolution
FDBK00142,EMP0346,2026-01-14,4,0,Digital Banking
FDBK00143,EMP0229,2026-08-06,5,0,Service Quality
FDBK00144,EMP0317,2026-03-02,5,3,Complaint Resolution
FDBK00145,EMP0486,2025-11-26,5,0,Complaint Resolution
FDBK00146,EMP0144,2026-09-13,4,0,Complaint Resolution
FDBK00147,EMP0486,2025-12-13,3,1,Service Quality
FDBK00148,EMP0028,2025-10-16,4,0,Complaint Resolution
FDBK00149,EMP0043,2026-05-27,2,0,Digital Banking
FDBK00150,EMP0173,2026-06-07,5,1,Digital Banking
FDBK00151,EMP0496,2025-11-24,3,1,Digital Banking
FDBK00152,EMP0492,2025-10-10,4,0,Complaint Resolution
FDBK00153,EMP0161,2026-01-13,4,0,Complaint Resolution
FDBK00154,EMP0165,2026-09-12,1,1,Complaint Resolution
FDBK00155,EMP0094,2025-10-21,3,3,Complaint Resolution
FDBK00156,EMP0347,2025-12-17,4,0,Digital Banking
FDBK00157,EMP0468,2026-04-06,3,0,Complaint Resolution
FDBK00158,EMP0262,2026-02-19,4,1,Staff Behaviour
FDBK00159,EMP0311,2026-03-05,3,1,Digital Banking
FDBK00160,EMP0138,2026-07-26,3,0,Complaint Resolution
FDBK00161,EMP0081,2025-10-20,2,0,Service Quality
FDBK00162,EMP0203,2025-10-22,4,1,Staff Behaviour
FDBK00163,EMP0027,2025-11-22,5,0,Product Satisfaction
FDBK00164,EMP0464,2026-02-17,5,0,Digital Banking
FDBK00165,EMP0021,2026-05-08,5,0,Complaint Resolution
FDBK00166,EMP0451,2026-05-21,3,1,Digital Banking
FDBK00167,EMP0136,2026-07-02,4,0,Staff Behaviour
FDBK00168,EMP0489,2026-02-18,4,0,Service Quality
FDBK00169,EMP0066,2026-03-05,3,0,Service Quality
FDBK00170,EMP0140,2025-10-02,5,0,Product Satisfaction
FDBK00171,EMP0284,2025-12-24,4,0,Product Satisfaction
FDBK00172,EMP0185,2026-03-24,3,0,Complaint Resolution
FDBK00173,EMP0102,2026-06-01,3,0,Service Quality
FDBK00174,EMP0191,2026-05-27,4,0,Service Quality
FDBK00175,EMP0300,2026-08-16,2,0,Digital Banking
FDBK00176,EMP0110,2025-12-03,3,2,Complaint Resolution
FDBK00177,EMP0391,2026-02-25,3,1,Service Quality
FDBK00178,EMP0440,2026-07-26,3,0,Service Quality
FDBK00179,EMP0240,2026-08-27,4,0,Complaint Resolution
FDBK00180,EMP0125,2026-08-25,4,0,Staff Behaviour
FDBK00181,EMP0179,2026-08-25,3,0,Staff Behaviour
FDBK00182,EMP0317,2026-05-01,1,1,Digital Banking
FDBK00183,EMP0020,2025-10-13,2,0,Digital Banking
FDBK00184,EMP0470,2026-03-06,5,0,Service Quality
FDBK00185,EMP0296,2026-03-11,5,1,Service Quality
FDBK00186,EMP0052,2026-04-13,3,1,Staff Behaviour
FDBK00187,EMP0068,2025-10-23,4,0,Complaint Resolution
FDBK00188,EMP0253,2026-08-20,4,0,Product Satisfaction
FDBK00189,EMP0250,2026-01-15,4,0,Service Quality
FDBK00190,EMP0169,2026-04-07,5,0,Complaint Resolution
FDBK00191,EMP0458,2026-07-11,5,0,Staff Behaviour
FDBK00192,EMP0143,2026-08-05,4,2,Digital Banking
FDBK00193,EMP0279,2026-06-04,3,0,Digital Banking
FDBK00194,EMP0131,2026-07-05,2,0,Service Quality
FDBK00195,EMP0030,2026-09-04,3,0,Digital Banking
FDBK00196,EMP0084,2026-09-25,4,1,Service Quality
FDBK00197,EMP0195,2026-08-15,2,0,Staff Behaviour
FDBK00198,EMP0096,2026-05-11,5,0,Complaint Resolution
FDBK00199,EMP0234,2025-12-27,2,1,Product Satisfaction
FDBK00200,EMP0213,2026-06-02,4,0,Digital Banking
FDBK00201,EMP0164,2025-12-23,3,0,Digital Banking
FDBK00202,EMP0109,2025-11-27,5,1,Staff Behaviour
FDBK00203,EMP0365,2026-07-24,5,0,Service Quality
FDBK00204,EMP0174,2025-10-27,4,1,Product Satisfaction
FDBK00205,EMP0167,2026-08-10,5,1,Service Quality
FDBK00206,EMP0408,2025-12-23,5,0,Digital Banking
FDBK00207,EMP0267,2026-06-21,3,1,Digital Banking
FDBK00208,EMP0331,2026-02-11,5,0,Service Quality
FDBK00209,EMP0392,2026-03-01,4,0,Service Quality
FDBK00210,EMP0324,2025-12-22,5,0,Staff Behaviour
FDBK00211,EMP0051,2025-11-09,2,0,Staff Behaviour
FDBK00212,EMP0073,2026-01-07,2,0,Digital Banking
FDBK00213,EMP0045,2026-07-14,3,0,Digital Banking
FDBK00214,EMP0256,2026-04-13,4,1,Service Quality
FDBK00215,EMP0403,2026-06-10,4,0,Staff Behaviour
FDBK00216,EMP0401,2026-07-25,4,0,Complaint Resolution
FDBK00217,EMP0343,2025-12-16,3,0,Complaint Resolution
FDBK00218,EMP0182,2026-01-04,4,0,Complaint Resolution
FDBK00219,EMP0023,2026-06-22,1,0,Staff Behaviour
FDBK00220,EMP0070,2026-06-14,4,0,Product Satisfaction
FDBK00221,EMP0341,2026-01-08,5,0,Service Quality
FDBK00222,EMP0452,2026-07-02,3,0,Product Satisfaction
FDBK00223,EMP0429,2026-06-19,4,1,Complaint Resolution
FDBK00224,EMP0218,2026-01-28,5,1,Digital Banking
FDBK00225,EMP0481,2026-09-11,4,0,Digital Banking
FDBK00226,EMP0226,2026-08-04,4,2,Staff Behaviour
FDBK00227,EMP0022,2026-04-28,4,1,Digital Banking
FDBK00228,EMP0200,2026-09-20,4,0,Digital Banking
FDBK00229,EMP0237,2026-09-27,3,0,Product Satisfaction
FDBK00230,EMP0271,2026-09-12,4,0,Product Satisfaction
FDBK00231,EMP0436,2026-01-16,4,1,Digital Banking
FDBK00232,EMP0177,2026-07-15,5,0,Digital Banking
FDBK00233,EMP0138,2026-04-11,4,0,Service Quality
FDBK00234,EMP0405,2026-05-19,2,1,Complaint Resolution
FDBK00235,EMP0018,2026-03-13,4,0,Service Quality
FDBK00236,EMP0264,2025-12-13,4,2,Staff Behaviour
FDBK00237,EMP0319,2025-11-04,4,0,Product Satisfaction
FDBK00238,EMP0301,2026-04-03,5,1,Service Quality
FDBK00239,EMP0476,2025-10-26,5,0,Staff Behaviour
FDBK00240,EMP0370,2026-04-06,5,0,Service Quality
FDBK00241,EMP0323,2025-10-04,5,0,Product Satisfaction
FDBK00242,EMP0446,2026-05-05,3,0,Complaint Resolution
FDBK00243,EMP0083,2026-02-04,1,0,Digital Banking
FDBK00244,EMP0492,2026-09-11,3,1,Digital Banking
FDBK00245,EMP0098,2026-05-02,4,0,Service Quality
FDBK00246,EMP0423,2026-07-28,3,0,Digital Banking
FDBK00247,EMP0416,2025-10-02,5,1,Digital Banking
FDBK00248,EMP0340,2026-08-03,3,0,Service Quality
FDBK00249,EMP0326,2026-08-03,5,0,Product Satisfaction
FDBK00250,EMP0215,2026-07-21,5,0,Product Satisfaction
FDBK00251,EMP0453,2026-04-27,5,0,Service Quality
FDBK00252,EMP0015,2025-11-25,2,1,Digital Banking
FDBK00253,EMP0421,2026-02-17,4,0,Product Satisfaction
FDBK00254,EMP0187,2026-03-15,4,0,Staff Behaviour
FDBK00255,EMP0209,2026-04-11,2,0,Staff Behaviour
FDBK00256,EMP0130,2026-06-23,5,1,Digital Banking
FDBK00257,EMP0398,2026-09-08,4,0,Digital Banking
FDBK00258,EMP0326,2025-10-05,5,0,Service Quality
FDBK00259,EMP0140,2026-03-20,5,1,Product Satisfaction
FDBK00260,EMP0107,2026-07-27,4,0,Digital Banking
FDBK00261,EMP0315,2026-07-20,5,0,Staff Behaviour
FDBK00262,EMP0458,2026-05-14,2,0,Digital Banking
FDBK00263,EMP0051,2026-05-09,4,0,Staff Behaviour
FDBK00264,EMP0432,2026-03-12,3,0,Digital Banking
FDBK00265,EMP0272,2026-09-28,4,0,Product Satisfaction
FDBK00266,EMP0018,2025-12-13,4,2,Staff Behaviour
FDBK00267,EMP0280,2026-02-09,5,1,Product Satisfaction
FDBK00268,EMP0008,2025-11-27,4,1,Product Satisfaction
FDBK00269,EMP0425,2025-11-09,1,0,Complaint Resolution
FDBK00270,EMP0027,2026-05-07,2,0,Product Satisfaction
FDBK00271,EMP0111,2026-05-21,4,0,Complaint Resolution
FDBK00272,EMP0115,2026-02-26,4,1,Product Satisfaction
FDBK00273,EMP0016,2025-12-05,4,0,Service Quality
FDBK00274,EMP0419,2026-06-14,4,0,Product Satisfaction
FDBK00275,EMP0202,2026-09-05,5,1,Service Quality
FDBK00276,EMP0063,2026-03-13,3,0,Staff Behaviour
FDBK00277,EMP0273,2026-07-17,5,1,Complaint Resolution
FDBK00278,EMP0348,2025-12-03,4,0,Complaint Resolution
FDBK00279,EMP0363,2026-06-27,4,1,Digital Banking
FDBK00280,EMP0183,2026-09-24,4,2,Staff Behaviour
FDBK00281,EMP0351,2026-07-25,5,1,Complaint Resolution
FDBK00282,EMP0294,2026-01-17,5,0,Digital Banking
FDBK00283,EMP0127,2026-01-25,2,0,Digital Banking
FDBK00284,EMP0402,2026-07-11,4,0,Product Satisfaction
FDBK00285,EMP0494,2026-06-03,3,1,Product Satisfaction
FDBK00286,EMP0216,2026-08-11,5,0,Digital Banking
FDBK00287,EMP0364,2025-11-15,4,2,Digital Banking
FDBK00288,EMP0204,2026-02-16,1,0,Service Quality
FDBK00289,EMP0267,2025-12-17,4,0,Product Satisfaction
FDBK00290,EMP0027,2026-09-05,3,1,Digital Banking
FDBK00291,EMP0210,2026-02-03,3,1,Product Satisfaction
FDBK00292,EMP0375,2026-05-07,2,1,Service Quality
FDBK00293,EMP0291,2026-06-16,4,0,Service Quality
FDBK00294,EMP0178,2026-07-08,4,0,Staff Behaviour
FDBK00295,EMP0449,2026-02-26,1,0,Digital Banking
FDBK00296,EMP0368,2025-11-14,4,1,Staff Behaviour
FDBK00297,EMP0329,2026-07-05,5,0,Digital Banking
FDBK00298,EMP0430,2026-09-19,4,0,Complaint Resolution
FDBK00299,EMP0489,2026-01-12,3,0,Staff Behaviour
FDBK00300,EMP0055,2026-03-23,4,0,Product Satisfaction
FDBK00301,EMP0035,2026-03-11,4,2,Digital Banking
FDBK00302,EMP0182,2026-08-17,5,2,Digital Banking
FDBK00303,EMP0448,2025-12-24,4,1,Product Satisfaction
FDBK00304,EMP0046,2026-05-19,5,0,Digital Banking
FDBK00305,EMP0173,2026-08-01,4,1,Complaint Resolution
FDBK00306,EMP0476,2026-05-05,4,0,Staff Behaviour
FDBK00307,EMP0240,2026-02-21,3,1,Service Quality
FDBK00308,EMP0459,2026-04-12,4,0,Product Satisfaction
FDBK00309,EMP0326,2025-11-08,3,0,Complaint Resolution
FDBK00310,EMP0222,2025-11-16,4,0,Digital Banking
FDBK00311,EMP0419,2026-07-04,4,0,Service Quality
FDBK00312,EMP0403,2026-07-28,3,0,Staff Behaviour
FDBK00313,EMP0490,2025-12-21,4,0,Digital Banking
FDBK00314,EMP0262,2026-01-01,3,1,Product Satisfaction
FDBK00315,EMP0219,2026-04-01,4,0,Staff Behaviour
FDBK00316,EMP0050,2026-02-03,5,1,Digital Banking
FDBK00317,EMP0158,2026-03-10,5,0,Digital Banking
FDBK00318,EMP0492,2026-01-11,4,1,Service Quality
FDBK00319,EMP0207,2026-02-03,5,1,Complaint Resolution
FDBK00320,EMP0228,2026-08-22,3,1,Product Satisfaction
FDBK00321,EMP0137,2025-10-28,3,1,Digital Banking
FDBK00322,EMP0170,2025-11-11,1,0,Service Quality
FDBK00323,EMP0232,2026-07-10,2,0,Product Satisfaction
FDBK00324,EMP0073,2025-11-16,4,0,Staff Behaviour
FDBK00325,EMP0192,2026-07-18,4,2,Service Quality
FDBK00326,EMP0454,2026-03-05,5,0,Staff Behaviour
FDBK00327,EMP0332,2026-05-27,2,3,Complaint Resolution
FDBK00328,EMP0152,2026-08-10,2,1,Product Satisfaction
FDBK00329,EMP0024,2026-08-27,4,0,Service Quality
FDBK00330,EMP0354,2026-09-11,5,0,Product Satisfaction
FDBK00331,EMP0259,2025-12-22,4,0,Service Quality
FDBK00332,EMP0161,2026-02-20,3,0,Staff Behaviour
FDBK00333,EMP0304,2026-08-01,4,0,Digital Banking
FDBK00334,EMP0170,2026-03-11,5,1,Product Satisfaction
FDBK00335,EMP0369,2026-06-20,4,0,Staff Behaviour
FDBK00336,EMP0120,2025-11-25,2,0,Product Satisfaction
FDBK00337,EMP0102,2026-02-02,1,0,Service Quality
FDBK00338,EMP0486,2025-10-26,2,0,Complaint Resolution
FDBK00339,EMP0060,2025-12-24,5,0,Complaint Resolution
FDBK00340,EMP0262,2025-12-01,1,0,Complaint Resolution
FDBK00341,EMP0172,2026-08-10,5,0,Digital Banking
FDBK00342,EMP0200,2025-10-16,5,0,Service Quality
FDBK00343,EMP0326,2026-06-21,5,0,Staff Behaviour
FDBK00344,EMP0274,2026-04-15,5,1,Staff Behaviour
FDBK00345,EMP0146,2026-01-08,2,1,Digital Banking
FDBK00346,EMP0044,2026-03-09,4,0,Complaint Resolution
FDBK00347,EMP0076,2026-04-04,4,0,Digital Banking
FDBK00348,EMP0295,2026-09-17,4,0,Service Quality
FDBK00349,EMP0436,2025-12-13,4,1,Digital Banking
FDBK00350,EMP0240,2025-11-25,4,0,Service Quality
FDBK00351,EMP0450,2026-08-07,1,0,Complaint Resolution
FDBK00352,EMP0463,2026-07-09,5,1,Complaint Resolution
FDBK00353,EMP0430,2026-08-02,4,0,Service Quality
FDBK00354,EMP0448,2026-06-15,2,0,Digital Banking
FDBK00355,EMP0162,2026-05-05,1,1,Staff Behaviour
FDBK00356,EMP0485,2026-03-24,5,1,Service Quality
FDBK00357,EMP0158,2026-08-08,5,0,Service Quality
FDBK00358,EMP0041,2026-07-09,5,0,Digital Banking
FDBK00359,EMP0434,2026-03-28,5,1,Product Satisfaction
FDBK00360,EMP0010,2026-06-28,4,0,Product Satisfaction
FDBK00361,EMP0222,2026-01-22,4,1,Digital Banking
FDBK00362,EMP0047,2026-01-19,2,0,Complaint Resolution
FDBK00363,EMP0490,2026-08-15,2,0,Service Quality
FDBK00364,EMP0280,2026-03-04,4,1,Digital Banking
FDBK00365,EMP0485,2025-12-25,1,0,Product Satisfaction
FDBK00366,EMP0487,2026-05-12,3,0,Product Satisfaction
FDBK00367,EMP0396,2025-10-26,4,0,Product Satisfaction
FDBK00368,EMP0033,2026-04-17,4,0,Staff Behaviour
FDBK00369,EMP0154,2026-01-14,2,0,Staff Behaviour
FDBK00370,EMP0348,2026-03-04,5,0,Complaint Resolution
FDBK00371,EMP0180,2026-07-15,5,0,Digital Banking
FDBK00372,EMP0337,2025-12-03,3,0,Product Satisfaction
FDBK00373,EMP0485,2026-03-28,4,0,Staff Behaviour
FDBK00374,EMP0347,2026-04-24,3,0,Service Quality
FDBK00375,EMP0081,2026-05-14,4,0,Staff Behaviour
FDBK00376,EMP0262,2026-04-05,5,0,Staff Behaviour
FDBK00377,EMP0107,2026-04-06,4,2,Digital Banking
FDBK00378,EMP0452,2025-12-22,4,0,Digital Banking
FDBK00379,EMP0068,2026-04-01,5,0,Service Quality
FDBK00380,EMP0362,2025-10-20,2,1,Service Quality
FDBK00381,EMP0001,2026-07-10,4,0,Digital Banking
FDBK00382,EMP0110,2026-01-20,5,1,Staff Behaviour
FDBK00383,EMP0023,2026-09-10,5,0,Digital Banking
FDBK00384,EMP0261,2026-06-08,4,0,Digital Banking
FDBK00385,EMP0284,2026-01-13,4,0,Staff Behaviour
FDBK00386,EMP0118,2025-12-19,4,0,Staff Behaviour
FDBK00387,EMP0362,2025-10-28,4,0,Digital Banking
FDBK00388,EMP0320,2025-12-28,4,0,Service Quality
FDBK00389,EMP0165,2026-07-14,3,1,Complaint Resolution
FDBK00390,EMP0467,2026-01-24,1,0,Complaint Resolution
FDBK00391,EMP0404,2025-12-23,5,1,Product Satisfaction
FDBK00392,EMP0062,2026-07-05,4,1,Service Quality
FDBK00393,EMP0265,2025-10-06,2,0,Staff Behaviour
FDBK00394,EMP0082,2026-08-22,4,0,Service Quality
FDBK00395,EMP0055,2025-10-06,4,0,Staff Behaviour
FDBK00396,EMP0466,2026-09-19,4,0,Staff Behaviour
FDBK00397,EMP0369,2026-07-04,5,0,Digital Banking
FDBK00398,EMP0042,2025-11-25,3,0,Complaint Resolution
FDBK00399,EMP0237,2026-06-16,5,0,Digital Banking
FDBK00400,EMP0010,2025-11-04,4,1,Complaint Resolution
FDBK00401,EMP0412,2026-04-10,5,0,Staff Behaviour
FDBK00402,EMP0012,2026-07-28,4,1,Product Satisfaction
FDBK00403,EMP0150,2026-02-07,3,0,Digital Banking
FDBK00404,EMP0444,2025-12-24,4,0,Digital Banking
FDBK00405,EMP0037,2026-08-22,4,1,Staff Behaviour
FDBK00406,EMP0405,2026-05-09,3,0,Digital Banking
FDBK00407,EMP0027,2025-12-06,2,0,Digital Banking
FDBK00408,EMP0287,2026-08-10,5,0,Product Satisfaction
FDBK00409,EMP0412,2026-02-28,4,1,Product Satisfaction
FDBK00410,EMP0177,2026-09-08,4,0,Product Satisfaction
FDBK00411,EMP0257,2026-09-17,3,0,Service Quality
FDBK00412,EMP0072,2026-01-28,3,0,Product Satisfaction
FDBK00413,EMP0074,2025-10-21,4,0,Staff Behaviour
FDBK00414,EMP0001,2026-01-28,5,0,Product Satisfaction
FDBK00415,EMP0314,2026-05-09,4,0,Digital Banking
FDBK00416,EMP0078,2026-05-18,3,0,Digital Banking
FDBK00417,EMP0140,2026-02-08,5,0,Service Quality
FDBK00418,EMP0098,2026-06-06,4,0,Staff Behaviour
FDBK00419,EMP0119,2026-09-06,4,2,Product Satisfaction
FDBK00420,EMP0143,2025-10-12,4,0,Digital Banking
FDBK00421,EMP0345,2026-09-24,4,0,Staff Behaviour
FDBK00422,EMP0229,2026-09-23,4,1,Service Quality
FDBK00423,EMP0122,2025-12-17,4,0,Complaint Resolution
FDBK00424,EMP0392,2025-11-28,5,0,Digital Banking
FDBK00425,EMP0276,2025-10-22,5,1,Product Satisfaction
FDBK00426,EMP0232,2026-09-09,5,0,Product Satisfaction
FDBK00427,EMP0485,2026-04-24,3,1,Digital Banking
FDBK00428,EMP0310,2026-01-08,5,0,Complaint Resolution
FDBK00429,EMP0372,2026-03-10,4,0,Complaint Resolution
FDBK00430,EMP0457,2025-10-27,4,0,Product Satisfaction
FDBK00431,EMP0056,2026-07-03,5,0,Staff Behaviour
FDBK00432,EMP0158,2026-01-27,5,2,Digital Banking
FDBK00433,EMP0455,2025-11-09,5,1,Staff Behaviour
FDBK00434,EMP0213,2025-10-06,4,1,Product Satisfaction
FDBK00435,EMP0198,2026-07-01,5,1,Product Satisfaction
FDBK00436,EMP0114,2025-10-02,5,1,Digital Banking
FDBK00437,EMP0030,2026-01-26,4,0,Product Satisfaction
FDBK00438,EMP0068,2025-11-03,2,1,Service Quality
FDBK00439,EMP0321,2026-09-19,4,2,Staff Behaviour
FDBK00440,EMP0307,2026-04-10,4,0,Service Quality
FDBK00441,EMP0227,2026-06-17,4,0,Complaint Resolution
FDBK00442,EMP0379,2026-01-19,4,1,Digital Banking
FDBK00443,EMP0375,2026-07-11,3,0,Staff Behaviour
FDBK00444,EMP0308,2025-12-28,3,0,Service Quality
FDBK00445,EMP0061,2026-04-22,2,1,Service Quality
FDBK00446,EMP0289,2026-03-28,5,1,Service Quality
FDBK00447,EMP0212,2025-10-11,3,0,Complaint Resolution
FDBK00448,EMP0191,2026-03-12,5,0,Product Satisfaction
FDBK00449,EMP0102,2026-04-02,4,1,Staff Behaviour
FDBK00450,EMP0362,2026-08-05,4,0,Service Quality
FDBK00451,EMP0111,2026-06-01,4,0,Service Quality
FDBK00452,EMP0253,2026-03-27,2,1,Staff Behaviour
FDBK00453,EMP0479,2026-08-06,5,0,Product Satisfaction
FDBK00454,EMP0434,2026-06-19,4,0,Complaint Resolution
FDBK00455,EMP0014,2026-04-22,2,0,Staff Behaviour
FDBK00456,EMP0398,2026-01-03,4,0,Staff Behaviour
FDBK00457,EMP0334,2025-11-20,5,0,Complaint Resolution
FDBK00458,EMP0342,2025-11-20,5,1,Service Quality
FDBK00459,EMP0254,2026-01-18,4,0,Staff Behaviour
FDBK00460,EMP0091,2026-06-15,4,0,Product Satisfaction
FDBK00461,EMP0156,2026-07-26,4,1,Product Satisfaction
FDBK00462,EMP0080,2025-10-18,4,2,Complaint Resolution
FDBK00463,EMP0027,2026-03-21,4,1,Complaint Resolution
FDBK00464,EMP0359,2026-01-20,4,0,Complaint Resolution
FDBK00465,EMP0190,2026-02-09,5,0,Complaint Resolution
FDBK00466,EMP0094,2026-09-15,3,0,Staff Behaviour
FDBK00467,EMP0124,2025-11-09,5,2,Digital Banking
FDBK00468,EMP0437,2026-04-25,3,0,Service Quality
FDBK00469,EMP0116,2026-02-05,4,0,Staff Behaviour
FDBK00470,EMP0252,2026-05-14,1,1,Complaint Resolution
FDBK00471,EMP0105,2026-03-08,5,1,Service Quality
FDBK00472,EMP0458,2026-03-13,4,1,Digital Banking
FDBK00473,EMP0227,2026-07-27,3,1,Staff Behaviour
FDBK00474,EMP0212,2026-08-15,5,0,Service Quality
FDBK00475,EMP0419,2026-04-27,3,0,Complaint Resolution
FDBK00476,EMP0365,2026-04-12,4,0,Product Satisfaction
FDBK00477,EMP0041,2026-09-18,4,1,Product Satisfaction
FDBK00478,EMP0187,2026-06-08,3,0,Complaint Resolution
FDBK00479,EMP0117,2025-11-22,3,1,Digital Banking
FDBK00480,EMP0103,2026-02-10,5,0,Product Satisfaction
FDBK00481,EMP0457,2026-05-10,5,0,Staff Behaviour
FDBK00482,EMP0418,2026-05-06,4,0,Staff Behaviour
FDBK00483,EMP0125,2025-10-19,3,1,Staff Behaviour
FDBK00484,EMP0170,2025-12-17,3,0,Complaint Resolution
FDBK00485,EMP0102,2026-09-08,3,0,Product Satisfaction
FDBK00486,EMP0003,2025-11-12,4,0,Digital Banking
FDBK00487,EMP0195,2026-08-18,3,0,Staff Behaviour
FDBK00488,EMP0460,2026-01-07,5,0,Complaint Resolution
FDBK00489,EMP0036,2026-06-07,5,0,Service Quality
FDBK00490,EMP0034,2026-05-23,4,0,Complaint Resolution
FDBK00491,EMP0172,2025-10-24,4,0,Service Quality
FDBK00492,EMP0275,2025-12-14,3,0,Service Quality
FDBK00493,EMP0178,2026-04-11,4,1,Service Quality
FDBK00494,EMP0012,2026-07-23,5,1,Digital Banking
FDBK00495,EMP0326,2026-01-17,4,0,Digital Banking
FDBK00496,EMP0489,2026-04-01,4,0,Staff Behaviour
FDBK00497,EMP0409,2026-06-09,3,0,Staff Behaviour
FDBK00498,EMP0223,2026-07-14,1,1,Complaint Resolution
FDBK00499,EMP0385,2026-09-08,5,1,Digital Banking
FDBK00500,EMP0412,2026-05-26,4,2,Staff Behaviour
FDBK00501,EMP0275,2026-02-18,5,0,Complaint Resolution
FDBK00502,EMP0461,2026-01-20,1,1,Service Quality
FDBK00503,EMP0451,2026-03-07,4,0,Service Quality
FDBK00504,EMP0205,2025-10-14,5,0,Complaint Resolution
FDBK00505,EMP0361,2026-09-06,5,0,Product Satisfaction
FDBK00506,EMP0063,2026-09-07,4,3,Service Quality
FDBK00507,EMP0425,2026-06-07,4,0,Complaint Resolution
FDBK00508,EMP0226,2026-01-02,4,0,Service Quality
FDBK00509,EMP0456,2026-08-24,4,0,Digital Banking
FDBK00510,EMP0251,2025-12-07,4,1,Complaint Resolution
FDBK00511,EMP0447,2026-04-22,5,0,Complaint Resolution
FDBK00512,EMP0169,2026-08-20,5,0,Complaint Resolution
FDBK00513,EMP0130,2026-09-25,4,0,Service Quality
FDBK00514,EMP0428,2026-08-27,4,0,Complaint Resolution
FDBK00515,EMP0363,2026-04-28,4,0,Complaint Resolution
FDBK00516,EMP0487,2026-08-13,3,0,Service Quality
FDBK00517,EMP0402,2026-04-28,3,0,Digital Banking
FDBK00518,EMP0427,2026-05-07,2,0,Staff Behaviour
FDBK00519,EMP0299,2026-06-20,4,0,Staff Behaviour
FDBK00520,EMP0085,2026-07-03,4,1,Service Quality
FDBK00521,EMP0085,2026-06-14,5,0,Digital Banking
FDBK00522,EMP0244,2026-02-05,5,0,Staff Behaviour
FDBK00523,EMP0495,2026-01-21,4,0,Complaint Resolution
FDBK00524,EMP0407,2026-01-24,5,0,Product Satisfaction
FDBK00525,EMP0452,2026-05-24,2,1,Staff Behaviour
FDBK00526,EMP0490,2026-01-03,4,0,Staff Behaviour
FDBK00527,EMP0008,2026-05-15,2,0,Digital Banking
FDBK00528,EMP0139,2026-07-28,2,0,Digital Banking
FDBK00529,EMP0462,2026-01-02,4,0,Service Quality
FDBK00530,EMP0283,2025-12-17,3,1,Digital Banking
FDBK00531,EMP0486,2026-04-22,5,1,Digital Banking
FDBK00532,EMP0079,2026-05-22,5,0,Product Satisfaction
FDBK00533,EMP0384,2026-07-13,4,0,Staff Behaviour
FDBK00534,EMP0373,2025-11-25,4,0,Staff Behaviour
FDBK00535,EMP0008,2026-06-18,5,0,Staff Behaviour
FDBK00536,EMP0129,2026-03-18,5,0,Service Quality
FDBK00537,EMP0320,2026-05-28,3,1,Digital Banking
FDBK00538,EMP0113,2026-06-18,5,1,Digital Banking
FDBK00539,EMP0080,2026-04-17,4,0,Staff Behaviour
FDBK00540,EMP0270,2026-04-24,4,0,Complaint Resolution
FDBK00541,EMP0342,2026-07-11,3,0,Service Quality
FDBK00542,EMP0014,2026-07-21,4,3,Digital Banking
FDBK00543,EMP0405,2026-06-21,5,1,Complaint Resolution
FDBK00544,EMP0075,2026-05-20,4,1,Product Satisfaction
FDBK00545,EMP0411,2026-01-03,4,1,Digital Banking
FDBK00546,EMP0478,2026-03-27,4,0,Complaint Resolution
FDBK00547,EMP0003,2026-02-05,5,0,Digital Banking
FDBK00548,EMP0497,2026-04-07,2,0,Digital Banking
FDBK00549,EMP0273,2026-04-20,2,0,Digital Banking
FDBK00550,EMP0435,2026-03-24,3,0,Digital Banking
FDBK00551,EMP0018,2026-05-07,4,0,Digital Banking
FDBK00552,EMP0362,2025-11-08,1,1,Service Quality
FDBK00553,EMP0053,2026-04-27,2,0,Product Satisfaction
FDBK00554,EMP0041,2026-04-24,4,1,Complaint Resolution
FDBK00555,EMP0447,2026-08-04,4,0,Service Quality
FDBK00556,EMP0360,2026-03-17,5,0,Service Quality
FDBK00557,EMP0285,2026-07-08,5,0,Product Satisfaction
FDBK00558,EMP0179,2026-01-24,3,0,Product Satisfaction
FDBK00559,EMP0445,2025-11-27,3,1,Complaint Resolution
FDBK00560,EMP0296,2025-11-11,4,1,Product Satisfaction
FDBK00561,EMP0302,2025-12-19,3,0,Product Satisfaction
FDBK00562,EMP0496,2026-02-08,4,0,Staff Behaviour
FDBK00563,EMP0149,2026-01-15,4,0,Complaint Resolution
FDBK00564,EMP0255,2025-12-08,5,0,Complaint Resolution
FDBK00565,EMP0370,2026-01-25,5,1,Digital Banking
FDBK00566,EMP0386,2025-12-23,5,1,Staff Behaviour
FDBK00567,EMP0036,2026-05-16,3,2,Digital Banking
FDBK00568,EMP0113,2026-03-03,3,0,Digital Banking
FDBK00569,EMP0376,2025-11-06,5,0,Staff Behaviour
FDBK00570,EMP0159,2026-06-23,3,0,Complaint Resolution
FDBK00571,EMP0188,2026-08-15,5,0,Product Satisfaction
FDBK00572,EMP0334,2026-06-24,3,0,Complaint Resolution
FDBK00573,EMP0051,2026-02-08,5,0,Service Quality
FDBK00574,EMP0404,2026-02-04,4,0,Digital Banking
FDBK00575,EMP0455,2025-12-24,4,1,Staff Behaviour
FDBK00576,EMP0452,2025-11-16,3,1,Product Satisfaction
FDBK00577,EMP0235,2026-08-09,5,1,Product Satisfaction
FDBK00578,EMP0324,2026-09-07,4,0,Product Satisfaction
FDBK00579,EMP0370,2026-03-17,3,0,Digital Banking
FDBK00580,EMP0154,2025-12-27,3,1,Product Satisfaction
FDBK00581,EMP0174,2025-11-24,4,0,Staff Behaviour
FDBK00582,EMP0311,2025-10-17,3,0,Product Satisfaction
FDBK00583,EMP0392,2026-04-20,3,1,Service Quality
FDBK00584,EMP0476,2025-11-26,1,1,Digital Banking
FDBK00585,EMP0282,2025-12-15,3,0,Product Satisfaction
FDBK00586,EMP0394,2026-01-28,1,0,Service Quality
FDBK00587,EMP0024,2026-07-11,5,0,Complaint Resolution
FDBK00588,EMP0438,2025-12-25,4,0,Complaint Resolution
FDBK00589,EMP0259,2026-01-11,4,0,Service Quality
FDBK00590,EMP0020,2026-06-18,4,1,Complaint Resolution
FDBK00591,EMP0478,2026-08-10,5,2,Digital Banking
FDBK00592,EMP0378,2026-08-06,5,0,Product Satisfaction
FDBK00593,EMP0229,2026-08-11,4,1,Product Satisfaction
FDBK00594,EMP0106,2025-11-18,4,0,Complaint Resolution
FDBK00595,EMP0189,2025-11-23,3,0,Staff Behaviour
FDBK00596,EMP0287,2026-03-04,4,0,Product Satisfaction
FDBK00597,EMP0383,2025-12-15,3,0,Digital Banking
FDBK00598,EMP0086,2025-10-21,4,0,Staff Behaviour
FDBK00599,EMP0404,2026-07-15,2,0,Service Quality
FDBK00600,EMP0372,2026-03-05,4,0,Complaint Resolution
FDBK00601,EMP0345,2025-11-01,3,1,Product Satisfaction
FDBK00602,EMP0036,2026-03-16,3,1,Complaint Resolution
FDBK00603,EMP0120,2025-12-01,4,1,Complaint Resolution
FDBK00604,EMP0250,2026-07-01,4,0,Complaint Resolution
FDBK00605,EMP0305,2026-01-26,3,0,Complaint Resolution
FDBK00606,EMP0477,2026-04-24,2,0,Staff Behaviour
FDBK00607,EMP0158,2026-03-22,4,2,Staff Behaviour
FDBK00608,EMP0178,2025-10-22,3,0,Staff Behaviour
FDBK00609,EMP0209,2026-03-26,3,0,Product Satisfaction
FDBK00610,EMP0138,2026-04-05,3,0,Complaint Resolution
FDBK00611,EMP0394,2026-07-12,4,0,Complaint Resolution
FDBK00612,EMP0276,2026-07-25,2,0,Service Quality
FDBK00613,EMP0132,2025-10-05,4,0,Digital Banking
FDBK00614,EMP0127,2026-07-07,4,0,Complaint Resolution
FDBK00615,EMP0053,2025-12-19,4,0,Service Quality
FDBK00616,EMP0239,2026-09-01,3,0,Complaint Resolution
FDBK00617,EMP0062,2025-11-20,3,1,Complaint Resolution
FDBK00618,EMP0074,2026-09-19,2,0,Complaint Resolution
FDBK00619,EMP0436,2026-09-17,5,0,Service Quality
FDBK00620,EMP0344,2026-04-28,4,0,Product Satisfaction
FDBK00621,EMP0010,2026-09-13,2,1,Service Quality
FDBK00622,EMP0268,2026-03-26,3,0,Product Satisfaction
FDBK00623,EMP0201,2026-09-27,3,1,Staff Behaviour
FDBK00624,EMP0149,2026-07-26,3,0,Product Satisfaction
FDBK00625,EMP0411,2026-05-18,5,0,Digital Banking
FDBK00626,EMP0181,2025-10-08,4,1,Digital Banking
FDBK00627,EMP0324,2025-11-11,2,0,Staff Behaviour
FDBK00628,EMP0478,2025-12-13,5,0,Service Quality
FDBK00629,EMP0458,2025-12-05,3,0,Service Quality
FDBK00630,EMP0069,2025-10-13,4,2,Service Quality
FDBK00631,EMP0429,2026-08-24,1,0,Digital Banking
FDBK00632,EMP0389,2026-03-13,5,0,Product Satisfaction
FDBK00633,EMP0096,2025-12-20,4,0,Service Quality
FDBK00634,EMP0094,2026-01-08,4,0,Staff Behaviour
FDBK00635,EMP0353,2026-01-02,4,1,Staff Behaviour
FDBK00636,EMP0200,2026-06-20,4,0,Complaint Resolution
FDBK00637,EMP0449,2026-03-11,5,1,Staff Behaviour
FDBK00638,EMP0207,2026-09-10,5,0,Complaint Resolution
FDBK00639,EMP0469,2026-08-26,3,0,Digital Banking
FDBK00640,EMP0312,2026-04-27,4,0,Digital Banking
FDBK00641,EMP0169,2026-05-17,2,1,Service Quality
FDBK00642,EMP0189,2025-12-23,5,2,Complaint Resolution
FDBK00643,EMP0293,2025-12-25,5,2,Complaint Resolution
FDBK00644,EMP0461,2025-10-01,4,1,Product Satisfaction
FDBK00645,EMP0359,2026-04-13,5,1,Product Satisfaction
FDBK00646,EMP0137,2026-01-25,4,0,Service Quality
FDBK00647,EMP0329,2025-12-28,4,0,Product Satisfaction
FDBK00648,EMP0038,2026-09-10,4,1,Product Satisfaction
FDBK00649,EMP0263,2026-08-08,5,0,Complaint Resolution
FDBK00650,EMP0148,2026-03-04,4,1,Staff Behaviour
FDBK00651,EMP0471,2025-10-04,3,0,Digital Banking
FDBK00652,EMP0178,2026-07-09,4,0,Complaint Resolution
FDBK00653,EMP0468,2026-04-04,3,3,Product Satisfaction
FDBK00654,EMP0108,2026-08-22,5,0,Digital Banking
FDBK00655,EMP0148,2026-06-18,5,0,Complaint Resolution
FDBK00656,EMP0378,2026-05-04,5,0,Digital Banking
FDBK00657,EMP0080,2025-11-05,5,0,Service Quality
FDBK00658,EMP0217,2026-09-17,4,0,Service Quality
FDBK00659,EMP0465,2026-01-11,3,1,Complaint Resolution
FDBK00660,EMP0123,2025-10-15,4,1,Product Satisfaction
FDBK00661,EMP0063,2026-06-14,5,0,Complaint Resolution
FDBK00662,EMP0039,2026-03-23,4,0,Staff Behaviour
FDBK00663,EMP0282,2026-04-23,4,0,Complaint Resolution
FDBK00664,EMP0045,2026-06-18,4,2,Staff Behaviour
FDBK00665,EMP0311,2026-02-06,4,3,Complaint Resolution
FDBK00666,EMP0404,2026-02-27,5,0,Staff Behaviour
FDBK00667,EMP0006,2026-04-24,4,0,Product Satisfaction
FDBK00668,EMP0186,2026-07-20,4,0,Service Quality
FDBK00669,EMP0006,2026-02-02,4,1,Complaint Resolution
FDBK00670,EMP0300,2025-10-27,5,0,Service Quality
FDBK00671,EMP0360,2026-05-21,4,0,Product Satisfaction
FDBK00672,EMP0030,2025-11-15,3,1,Staff Behaviour
FDBK00673,EMP0376,2026-02-23,4,0,Staff Behaviour
FDBK00674,EMP0337,2025-12-16,4,3,Complaint Resolution
FDBK00675,EMP0342,2026-01-01,5,0,Service Quality
FDBK00676,EMP0248,2026-06-12,5,0,Staff Behaviour
FDBK00677,EMP0464,2025-10-19,4,0,Product Satisfaction
FDBK00678,EMP0289,2026-08-26,4,0,Service Quality
FDBK00679,EMP0101,2026-02-09,3,0,Digital Banking
FDBK00680,EMP0450,2026-03-22,3,0,Service Quality
FDBK00681,EMP0144,2026-03-15,5,1,Complaint Resolution
FDBK00682,EMP0103,2026-02-19,3,0,Product Satisfaction
FDBK00683,EMP0037,2026-02-03,3,0,Complaint Resolution
FDBK00684,EMP0293,2026-09-27,5,2,Service Quality
FDBK00685,EMP0301,2026-09-19,4,1,Staff Behaviour
FDBK00686,EMP0338,2025-12-28,3,0,Digital Banking
FDBK00687,EMP0066,2025-10-19,2,0,Complaint Resolution
FDBK00688,EMP0250,2026-03-04,2,0,Service Quality
FDBK00689,EMP0247,2026-02-25,1,1,Complaint Resolution
FDBK00690,EMP0288,2025-12-20,4,3,Digital Banking
FDBK00691,EMP0145,2025-12-15,5,0,Staff Behaviour
FDBK00692,EMP0225,2026-01-25,5,1,Service Quality
FDBK00693,EMP0022,2026-08-03,2,2,Digital Banking
FDBK00694,EMP0365,2026-06-06,4,0,Service Quality
FDBK00695,EMP0078,2026-09-08,4,0,Service Quality
FDBK00696,EMP0458,2026-08-06,5,1,Complaint Resolution
FDBK00697,EMP0461,2026-06-25,5,0,Digital Banking
FDBK00698,EMP0334,2026-09-09,4,1,Product Satisfaction
FDBK00699,EMP0196,2026-02-17,3,0,Product Satisfaction
FDBK00700,EMP0491,2026-05-13,4,1,Service Quality
FDBK00701,EMP0306,2025-10-21,4,0,Complaint Resolution
FDBK00702,EMP0164,2026-05-18,1,1,Digital Banking
FDBK00703,EMP0336,2026-08-11,4,0,Complaint Resolution
FDBK00704,EMP0474,2026-09-25,4,0,Digital Banking
FDBK00705,EMP0139,2026-07-02,5,0,Service Quality
FDBK00706,EMP0117,2026-01-13,4,0,Staff Behaviour
FDBK00707,EMP0127,2026-03-18,2,0,Staff Behaviour
FDBK00708,EMP0332,2026-04-01,5,0,Complaint Resolution
FDBK00709,EMP0021,2026-09-11,5,0,Service Quality
FDBK00710,EMP0077,2025-11-21,4,0,Complaint Resolution
FDBK00711,EMP0224,2026-04-10,5,1,Product Satisfaction
FDBK00712,EMP0072,2026-01-08,5,0,Service Quality
FDBK00713,EMP0270,2026-02-04,5,0,Service Quality
FDBK00714,EMP0190,2025-12-27,4,2,Staff Behaviour
FDBK00715,EMP0039,2026-03-11,4,0,Digital Banking
FDBK00716,EMP0090,2026-01-13,3,1,Service Quality
FDBK00717,EMP0297,2025-12-07,5,0,Complaint Resolution
FDBK00718,EMP0347,2026-04-15,4,0,Digital Banking
FDBK00719,EMP0185,2026-04-11,4,1,Product Satisfaction
FDBK00720,EMP0143,2026-02-15,5,0,Product Satisfaction
FDBK00721,EMP0042,2026-05-10,5,2,Product Satisfaction
FDBK00722,EMP0100,2026-03-24,4,0,Product Satisfaction
FDBK00723,EMP0473,2026-06-28,5,1,Staff Behaviour
FDBK00724,EMP0145,2026-03-20,2,0,Digital Banking
FDBK00725,EMP0190,2026-04-18,4,0,Complaint Resolution
FDBK00726,EMP0123,2026-04-08,5,0,Complaint Resolution
FDBK00727,EMP0285,2026-07-19,3,0,Complaint Resolution
FDBK00728,EMP0378,2025-10-05,2,0,Digital Banking
FDBK00729,EMP0090,2026-06-03,3,0,Product Satisfaction
FDBK00730,EMP0340,2026-09-18,4,0,Complaint Resolution
FDBK00731,EMP0016,2025-11-24,4,1,Product Satisfaction
FDBK00732,EMP0199,2026-08-15,5,0,Digital Banking
FDBK00733,EMP0191,2026-06-02,4,0,Complaint Resolution
FDBK00734,EMP0388,2025-12-09,5,0,Digital Banking
FDBK00735,EMP0043,2025-11-08,2,0,Complaint Resolution
FDBK00736,EMP0019,2025-10-02,3,0,Product Satisfaction
FDBK00737,EMP0102,2026-06-26,3,1,Digital Banking
FDBK00738,EMP0252,2026-02-11,4,0,Service Quality
FDBK00739,EMP0215,2026-04-23,4,0,Digital Banking
FDBK00740,EMP0122,2026-01-05,4,0,Product Satisfaction
FDBK00741,EMP0184,2025-12-04,1,0,Complaint Resolution
FDBK00742,EMP0210,2025-10-25,2,0,Service Quality
FDBK00743,EMP0390,2026-04-08,4,0,Product Satisfaction
FDBK00744,EMP0417,2026-08-27,4,0,Complaint Resolution
FDBK00745,EMP0110,2025-10-07,4,0,Product Satisfaction
FDBK00746,EMP0346,2026-09-27,5,2,Complaint Resolution
FDBK00747,EMP0250,2026-03-20,5,1,Service Quality
FDBK00748,EMP0427,2026-07-05,5,3,Staff Behaviour
FDBK00749,EMP0188,2025-10-25,5,1,Product Satisfaction
FDBK00750,EMP0279,2026-09-17,3,2,Digital Banking
FDBK00751,EMP0491,2026-04-16,5,0,Service Quality
FDBK00752,EMP0051,2025-11-16,2,1,Staff Behaviour
FDBK00753,EMP0500,2026-09-27,3,0,Complaint Resolution
FDBK00754,EMP0061,2025-10-01,5,0,Staff Behaviour
FDBK00755,EMP0135,2026-04-28,2,0,Complaint Resolution
FDBK00756,EMP0195,2026-01-28,3,1,Service Quality
FDBK00757,EMP0356,2026-06-12,5,1,Complaint Resolution
FDBK00758,EMP0398,2025-11-18,3,1,Complaint Resolution
FDBK00759,EMP0025,2026-08-06,4,1,Service Quality
FDBK00760,EMP0357,2026-03-17,5,0,Complaint Resolution
FDBK00761,EMP0107,2026-04-28,4,3,Staff Behaviour
FDBK00762,EMP0173,2026-08-05,1,1,Digital Banking
FDBK00763,EMP0025,2026-06-15,2,0,Digital Banking
FDBK00764,EMP0167,2026-09-06,3,0,Staff Behaviour
FDBK00765,EMP0227,2026-08-08,4,0,Complaint Resolution
FDBK00766,EMP0456,2026-04-24,5,0,Product Satisfaction
FDBK00767,EMP0432,2026-04-07,3,0,Digital Banking
FDBK00768,EMP0049,2026-09-23,4,1,Staff Behaviour
FDBK00769,EMP0190,2026-03-22,3,0,Complaint Resolution
FDBK00770,EMP0067,2026-08-24,5,0,Complaint Resolution
FDBK00771,EMP0102,2026-09-16,4,1,Staff Behaviour
FDBK00772,EMP0471,2025-10-07,5,0,Digital Banking
FDBK00773,EMP0374,2025-11-14,2,0,Complaint Resolution
FDBK00774,EMP0437,2026-02-10,4,1,Complaint Resolution
FDBK00775,EMP0405,2026-01-09,3,0,Service Quality
FDBK00776,EMP0094,2026-01-18,3,0,Product Satisfaction
FDBK00777,EMP0049,2026-09-09,4,0,Product Satisfaction
FDBK00778,EMP0178,2026-02-19,2,0,Digital Banking
FDBK00779,EMP0057,2026-07-13,4,0,Digital Banking
FDBK00780,EMP0302,2026-03-11,4,0,Digital Banking
FDBK00781,EMP0458,2026-04-06,5,1,Service Quality
FDBK00782,EMP0096,2026-01-23,3,1,Digital Banking
FDBK00783,EMP0390,2026-01-21,4,2,Digital Banking
FDBK00784,EMP0316,2026-03-28,5,0,Staff Behaviour
FDBK00785,EMP0497,2026-06-26,3,0,Product Satisfaction
FDBK00786,EMP0185,2025-12-16,4,0,Digital Banking
FDBK00787,EMP0245,2026-06-02,3,0,Product Satisfaction
FDBK00788,EMP0080,2026-01-13,4,0,Digital Banking
FDBK00789,EMP0020,2025-11-23,4,0,Staff Behaviour
FDBK00790,EMP0442,2026-03-18,5,0,Staff Behaviour
FDBK00791,EMP0154,2026-09-12,4,0,Service Quality
FDBK00792,EMP0008,2026-01-28,5,0,Product Satisfaction
FDBK00793,EMP0376,2026-09-27,4,0,Digital Banking
FDBK00794,EMP0422,2026-05-23,2,0,Product Satisfaction
FDBK00795,EMP0253,2026-04-16,4,0,Complaint Resolution
FDBK00796,EMP0099,2025-11-22,5,0,Digital Banking
FDBK00797,EMP0211,2026-01-05,3,0,Staff Behaviour
FDBK00798,EMP0116,2025-10-02,4,0,Staff Behaviour
FDBK00799,EMP0482,2025-10-25,2,0,Complaint Resolution
FDBK00800,EMP0345,2026-06-21,5,0,Digital Banking
FDBK00801,EMP0322,2025-12-20,4,1,Product Satisfaction
FDBK00802,EMP0406,2026-06-27,3,0,Product Satisfaction
FDBK00803,EMP0111,2026-03-17,3,0,Staff Behaviour
FDBK00804,EMP0166,2025-12-28,4,0,Staff Behaviour
FDBK00805,EMP0207,2026-02-06,4,0,Product Satisfaction
FDBK00806,EMP0397,2026-01-23,5,3,Staff Behaviour
FDBK00807,EMP0481,2025-12-01,5,0,Staff Behaviour
FDBK00808,EMP0017,2026-04-28,5,1,Product Satisfaction
FDBK00809,EMP0169,2026-09-25,5,1,Service Quality
FDBK00810,EMP0157,2025-11-12,4,1,Service Quality
FDBK00811,EMP0070,2026-09-21,2,3,Complaint Resolution
FDBK00812,EMP0314,2026-06-21,4,2,Staff Behaviour
FDBK00813,EMP0374,2026-09-24,3,0,Staff Behaviour
FDBK00814,EMP0427,2026-04-10,2,0,Digital Banking
FDBK00815,EMP0285,2025-11-22,2,0,Staff Behaviour
FDBK00816,EMP0307,2025-12-28,2,0,Service Quality
FDBK00817,EMP0195,2026-03-18,2,1,Digital Banking
FDBK00818,EMP0245,2026-09-03,5,0,Digital Banking
FDBK00819,EMP0090,2026-03-15,3,0,Digital Banking
FDBK00820,EMP0422,2026-07-18,1,0,Staff Behaviour
FDBK00821,EMP0346,2026-06-01,3,1,Complaint Resolution
FDBK00822,EMP0432,2026-04-14,4,0,Digital Banking
FDBK00823,EMP0356,2025-10-23,3,0,Product Satisfaction
FDBK00824,EMP0080,2025-11-23,4,1,Product Satisfaction
FDBK00825,EMP0427,2026-05-07,4,1,Product Satisfaction
FDBK00826,EMP0023,2026-05-13,3,0,Product Satisfaction
FDBK00827,EMP0172,2026-06-26,5,1,Product Satisfaction
FDBK00828,EMP0228,2026-02-15,1,1,Product Satisfaction
FDBK00829,EMP0152,2026-07-08,5,2,Product Satisfaction
FDBK00830,EMP0235,2025-11-20,4,0,Product Satisfaction
FDBK00831,EMP0409,2026-06-16,3,1,Complaint Resolution
FDBK00832,EMP0351,2026-09-19,4,1,Service Quality
FDBK00833,EMP0273,2026-02-19,5,3,Digital Banking
FDBK00834,EMP0483,2026-04-17,4,0,Staff Behaviour
FDBK00835,EMP0082,2026-02-03,4,1,Complaint Resolution
FDBK00836,EMP0072,2026-09-11,4,0,Complaint Resolution
FDBK00837,EMP0182,2026-08-21,4,0,Staff Behaviour
FDBK00838,EMP0108,2026-07-21,4,1,Complaint Resolution
FDBK00839,EMP0305,2025-12-25,1,1,Service Quality
FDBK00840,EMP0052,2025-12-18,1,0,Digital Banking
FDBK00841,EMP0306,2026-09-04,5,0,Product Satisfaction
FDBK00842,EMP0275,2026-03-20,5,0,Complaint Resolution
FDBK00843,EMP0343,2026-06-03,2,0,Complaint Resolution
FDBK00844,EMP0164,2026-07-11,4,1,Complaint Resolution
FDBK00845,EMP0471,2025-12-01,4,0,Digital Banking
FDBK00846,EMP0235,2026-02-24,4,1,Product Satisfaction
FDBK00847,EMP0413,2025-12-15,3,1,Digital Banking
FDBK00848,EMP0250,2025-10-09,5,1,Product Satisfaction
FDBK00849,EMP0080,2026-05-09,3,0,Product Satisfaction
FDBK00850,EMP0473,2026-05-18,4,0,Service Quality
FDBK00851,EMP0120,2025-12-14,5,0,Service Quality
FDBK00852,EMP0233,2026-09-06,4,0,Staff Behaviour
FDBK00853,EMP0360,2026-06-04,5,1,Product Satisfaction
FDBK00854,EMP0077,2025-11-18,4,0,Staff Behaviour
FDBK00855,EMP0164,2025-12-14,4,0,Staff Behaviour
FDBK00856,EMP0395,2025-11-28,4,1,Digital Banking
FDBK00857,EMP0334,2026-05-26,3,0,Product Satisfaction
FDBK00858,EMP0473,2026-08-03,4,1,Complaint Resolution
FDBK00859,EMP0432,2025-10-10,4,1,Complaint Resolution
FDBK00860,EMP0018,2025-12-17,3,0,Service Quality
FDBK00861,EMP0044,2026-09-15,3,1,Product Satisfaction
FDBK00862,EMP0066,2026-02-18,4,0,Complaint Resolution
FDBK00863,EMP0172,2026-06-16,5,0,Product Satisfaction
FDBK00864,EMP0158,2026-04-24,4,0,Service Quality
FDBK00865,EMP0249,2025-11-11,5,0,Digital Banking
FDBK00866,EMP0297,2026-02-20,3,1,Service Quality
FDBK00867,EMP0480,2025-10-23,4,0,Service Quality
FDBK00868,EMP0212,2026-04-18,4,3,Complaint Resolution
FDBK00869,EMP0295,2026-07-26,4,0,Digital Banking
FDBK00870,EMP0196,2026-02-05,4,0,Service Quality
FDBK00871,EMP0394,2026-08-14,5,0,Service Quality
FDBK00872,EMP0393,2026-08-16,4,0,Digital Banking
FDBK00873,EMP0139,2026-09-14,3,1,Product Satisfaction
FDBK00874,EMP0270,2026-06-17,4,1,Complaint Resolution
FDBK00875,EMP0281,2026-03-08,5,0,Staff Behaviour
FDBK00876,EMP0458,2026-06-02,4,0,Complaint Resolution
FDBK00877,EMP0051,2026-09-07,4,0,Digital Banking
FDBK00878,EMP0252,2025-12-25,3,2,Complaint Resolution
FDBK00879,EMP0347,2026-03-28,4,1,Complaint Resolution
FDBK00880,EMP0024,2026-03-10,4,0,Digital Banking
FDBK00881,EMP0399,2026-09-11,4,0,Complaint Resolution
FDBK00882,EMP0472,2026-06-27,4,0,Digital Banking
FDBK00883,EMP0465,2025-10-10,3,2,Product Satisfaction
FDBK00884,EMP0378,2026-08-17,3,0,Digital Banking
FDBK00885,EMP0197,2026-07-02,4,0,Product Satisfaction
FDBK00886,EMP0272,2026-02-23,5,1,Staff Behaviour
FDBK00887,EMP0252,2026-05-01,3,0,Digital Banking
FDBK00888,EMP0021,2026-04-20,5,0,Staff Behaviour
FDBK00889,EMP0266,2025-11-16,4,0,Digital Banking
FDBK00890,EMP0427,2026-09-21,4,0,Service Quality
FDBK00891,EMP0298,2026-04-20,4,0,Product Satisfaction
FDBK00892,EMP0183,2025-11-14,1,0,Digital Banking
FDBK00893,EMP0314,2025-10-05,2,0,Complaint Resolution
FDBK00894,EMP0167,2026-03-05,4,0,Digital Banking
FDBK00895,EMP0235,2026-08-23,4,0,Digital Banking
FDBK00896,EMP0040,2026-05-02,3,1,Complaint Resolution
FDBK00897,EMP0340,2026-08-02,4,0,Staff Behaviour
FDBK00898,EMP0402,2026-01-24,2,0,Product Satisfaction
FDBK00899,EMP0103,2026-07-22,4,0,Product Satisfaction
FDBK00900,EMP0433,2026-03-12,3,0,Product Satisfaction
FDBK00901,EMP0249,2026-09-10,3,1,Complaint Resolution
FDBK00902,EMP0394,2026-03-05,4,0,Staff Behaviour
FDBK00903,EMP0120,2025-10-07,4,2,Complaint Resolution
FDBK00904,EMP0058,2025-10-01,2,0,Complaint Resolution
FDBK00905,EMP0246,2026-05-26,4,0,Digital Banking
FDBK00906,EMP0065,2026-09-02,2,0,Digital Banking
FDBK00907,EMP0147,2026-09-14,4,0,Staff Behaviour
FDBK00908,EMP0043,2026-06-02,4,0,Service Quality
FDBK00909,EMP0131,2026-08-13,5,0,Service Quality
FDBK00910,EMP0123,2025-12-08,5,1,Service Quality
FDBK00911,EMP0223,2026-07-21,5,0,Product Satisfaction
FDBK00912,EMP0008,2026-06-11,4,0,Staff Behaviour
FDBK00913,EMP0020,2026-01-16,5,3,Complaint Resolution
FDBK00914,EMP0222,2026-07-16,5,0,Product Satisfaction
FDBK00915,EMP0400,2025-10-27,4,0,Service Quality
FDBK00916,EMP0057,2026-02-19,3,0,Service Quality
FDBK00917,EMP0463,2026-01-21,5,0,Complaint Resolution
FDBK00918,EMP0122,2026-09-06,3,0,Staff Behaviour
FDBK00919,EMP0482,2026-09-25,5,1,Product Satisfaction
FDBK00920,EMP0040,2026-02-20,5,1,Complaint Resolution
FDBK00921,EMP0101,2026-01-25,4,0,Staff Behaviour
FDBK00922,EMP0440,2026-01-11,3,0,Product Satisfaction
FDBK00923,EMP0393,2026-07-06,5,2,Digital Banking
FDBK00924,EMP0425,2026-05-25,3,0,Staff Behaviour
FDBK00925,EMP0315,2026-01-14,4,0,Complaint Resolution
FDBK00926,EMP0303,2026-07-14,4,0,Product Satisfaction
FDBK00927,EMP0076,2026-02-18,5,0,Complaint Resolution
FDBK00928,EMP0158,2025-10-20,5,0,Product Satisfaction
FDBK00929,EMP0453,2026-06-10,4,0,Complaint Resolution
FDBK00930,EMP0046,2026-02-04,5,1,Digital Banking
FDBK00931,EMP0125,2025-10-14,4,1,Service Quality
FDBK00932,EMP0265,2025-11-11,4,1,Complaint Resolution
FDBK00933,EMP0230,2026-06-07,3,1,Digital Banking
FDBK00934,EMP0271,2026-05-24,2,0,Service Quality
FDBK00935,EMP0046,2026-01-07,5,1,Staff Behaviour
FDBK00936,EMP0104,2025-10-12,5,3,Staff Behaviour
FDBK00937,EMP0265,2026-03-05,3,0,Service Quality
FDBK00938,EMP0014,2026-04-17,2,0,Product Satisfaction
FDBK00939,EMP0138,2026-04-25,2,0,Staff Behaviour
FDBK00940,EMP0325,2026-06-03,5,0,Product Satisfaction
FDBK00941,EMP0363,2026-06-18,5,0,Staff Behaviour
FDBK00942,EMP0343,2026-09-02,4,1,Staff Behaviour
FDBK00943,EMP0303,2026-02-21,4,1,Service Quality
FDBK00944,EMP0026,2026-04-25,3,0,Complaint Resolution
FDBK00945,EMP0453,2025-12-04,3,0,Digital Banking
FDBK00946,EMP0495,2026-04-13,5,0,Staff Behaviour
FDBK00947,EMP0284,2026-05-12,3,0,Service Quality
FDBK00948,EMP0406,2026-06-08,5,0,Product Satisfaction
FDBK00949,EMP0291,2025-12-21,5,1,Product Satisfaction
FDBK00950,EMP0354,2026-05-20,3,1,Complaint Resolution
FDBK00951,EMP0180,2026-03-15,4,1,Product Satisfaction
FDBK00952,EMP0368,2025-10-27,4,1,Product Satisfaction
FDBK00953,EMP0280,2026-08-01,4,1,Staff Behaviour
FDBK00954,EMP0362,2026-01-11,5,0,Staff Behaviour
FDBK00955,EMP0497,2026-05-01,5,0,Digital Banking
FDBK00956,EMP0264,2026-09-26,5,0,Staff Behaviour
FDBK00957,EMP0007,2026-01-06,2,0,Product Satisfaction
FDBK00958,EMP0420,2026-06-07,4,0,Service Quality
FDBK00959,EMP0464,2026-04-18,2,0,Digital Banking
FDBK00960,EMP0134,2026-08-21,4,1,Product Satisfaction
FDBK00961,EMP0369,2025-11-14,4,0,Complaint Resolution
FDBK00962,EMP0447,2026-01-09,1,0,Complaint Resolution
FDBK00963,EMP0135,2026-03-13,4,0,Staff Behaviour
FDBK00964,EMP0284,2026-06-22,4,0,Product Satisfaction
FDBK00965,EMP0494,2026-03-03,2,1,Complaint Resolution
FDBK00966,EMP0481,2026-01-26,5,0,Complaint Resolution
FDBK00967,EMP0259,2025-10-24,5,0,Service Quality
FDBK00968,EMP0107,2026-04-20,4,0,Staff Behaviour
FDBK00969,EMP0187,2026-07-09,5,1,Staff Behaviour
FDBK00970,EMP0199,2026-03-25,4,0,Complaint Resolution
FDBK00971,EMP0017,2026-07-23,5,0,Service Quality
FDBK00972,EMP0184,2026-08-20,4,3,Product Satisfaction
FDBK00973,EMP0364,2026-02-02,4,1,Product Satisfaction
FDBK00974,EMP0459,2026-07-28,2,0,Product Satisfaction
FDBK00975,EMP0008,2026-03-26,4,1,Digital Banking
FDBK00976,EMP0115,2026-07-01,4,0,Digital Banking
FDBK00977,EMP0385,2025-10-19,4,1,Complaint Resolution
FDBK00978,EMP0444,2026-02-23,4,3,Service Quality
FDBK00979,EMP0132,2025-10-27,4,0,Service Quality
FDBK00980,EMP0337,2026-04-24,3,1,Service Quality
FDBK00981,EMP0118,2026-08-15,2,0,Service Quality
FDBK00982,EMP0103,2026-03-25,4,0,Service Quality
FDBK00983,EMP0139,2025-10-28,3,2,Digital Banking
FDBK00984,EMP0085,2026-07-24,5,0,Complaint Resolution
FDBK00985,EMP0135,2026-07-12,5,0,Service Quality
FDBK00986,EMP0337,2026-09-08,4,0,Staff Behaviour
FDBK00987,EMP0465,2026-04-01,5,0,Product Satisfaction
FDBK00988,EMP0252,2026-09-14,3,0,Service Quality
FDBK00989,EMP0479,2025-11-09,5,0,Service Quality
FDBK00990,EMP0187,2026-07-06,4,0,Digital Banking
FDBK00991,EMP0168,2026-03-01,1,0,Digital Banking
FDBK00992,EMP0150,2025-12-24,4,1,Digital Banking
FDBK00993,EMP0442,2025-12-08,4,0,Staff Behaviour
FDBK00994,EMP0394,2025-10-08,2,1,Service Quality
FDBK00995,EMP0189,2025-10-24,3,0,Digital Banking
FDBK00996,EMP0044,2026-05-07,5,0,Digital Banking
FDBK00997,EMP0315,2026-07-17,4,3,Complaint Resolution
FDBK00998,EMP0085,2026-04-06,2,0,Service Quality
FDBK00999,EMP0002,2026-02-07,4,0,Digital Banking
FDBK01000,EMP0095,2026-09-26,4,0,Service Quality
FDBK01001,EMP0158,2026-03-20,5,0,Service Quality
FDBK01002,EMP0065,2026-09-07,4,1,Complaint Resolution
FDBK01003,EMP0375,2026-01-28,4,1,Service Quality
FDBK01004,EMP0432,2026-09-09,4,0,Complaint Resolution
FDBK01005,EMP0495,2025-10-26,5,0,Staff Behaviour
FDBK01006,EMP0475,2026-08-19,3,0,Service Quality
FDBK01007,EMP0173,2026-07-14,4,0,Digital Banking
FDBK01008,EMP0212,2026-05-26,4,1,Service Quality
FDBK01009,EMP0464,2025-10-18,4,0,Service Quality
FDBK01010,EMP0108,2025-12-12,5,1,Digital Banking
FDBK01011,EMP0017,2026-02-26,4,0,Complaint Resolution
FDBK01012,EMP0187,2026-08-13,4,2,Product Satisfaction
FDBK01013,EMP0384,2026-01-10,5,2,Complaint Resolution
FDBK01014,EMP0289,2026-09-09,3,0,Product Satisfaction
FDBK01015,EMP0264,2026-02-02,5,0,Service Quality
FDBK01016,EMP0464,2026-04-12,5,1,Complaint Resolution
FDBK01017,EMP0387,2026-06-07,5,0,Service Quality
FDBK01018,EMP0340,2026-03-22,4,3,Product Satisfaction
FDBK01019,EMP0485,2026-09-03,3,0,Complaint Resolution
FDBK01020,EMP0180,2026-01-03,4,0,Product Satisfaction
FDBK01021,EMP0169,2026-07-13,4,1,Staff Behaviour
FDBK01022,EMP0352,2025-11-04,4,0,Product Satisfaction
FDBK01023,EMP0395,2026-06-18,5,0,Service Quality
FDBK01024,EMP0218,2026-03-01,4,1,Staff Behaviour
FDBK01025,EMP0333,2026-02-20,5,0,Product Satisfaction
FDBK01026,EMP0043,2025-11-12,5,0,Service Quality
FDBK01027,EMP0366,2025-12-23,1,0,Digital Banking
FDBK01028,EMP0379,2025-12-21,5,3,Product Satisfaction
FDBK01029,EMP0123,2026-06-14,4,0,Staff Behaviour
FDBK01030,EMP0385,2026-01-03,4,0,Complaint Resolution
FDBK01031,EMP0311,2025-11-04,4,1,Complaint Resolution
FDBK01032,EMP0277,2026-04-21,5,0,Service Quality
FDBK01033,EMP0082,2026-09-11,5,0,Product Satisfaction
FDBK01034,EMP0380,2026-01-15,3,0,Digital Banking
FDBK01035,EMP0241,2025-10-26,3,0,Digital Banking
FDBK01036,EMP0181,2026-06-23,4,0,Staff Behaviour
FDBK01037,EMP0384,2025-12-10,4,0,Product Satisfaction
FDBK01038,EMP0377,2026-03-26,5,0,Service Quality
FDBK01039,EMP0242,2026-03-14,4,0,Service Quality
FDBK01040,EMP0073,2026-03-22,3,0,Service Quality
FDBK01041,EMP0349,2025-10-23,3,1,Digital Banking
FDBK01042,EMP0294,2026-01-05,4,1,Product Satisfaction
FDBK01043,EMP0209,2025-11-24,3,2,Product Satisfaction
FDBK01044,EMP0122,2025-12-06,5,1,Digital Banking
FDBK01045,EMP0202,2026-07-03,3,0,Service Quality
FDBK01046,EMP0159,2026-02-27,4,1,Staff Behaviour
FDBK01047,EMP0343,2026-01-04,5,0,Service Quality
FDBK01048,EMP0180,2025-10-14,2,0,Product Satisfaction
FDBK01049,EMP0123,2026-03-27,5,1,Digital Banking
FDBK01050,EMP0419,2026-09-26,4,0,Product Satisfaction
FDBK01051,EMP0150,2026-09-25,4,0,Staff Behaviour
FDBK01052,EMP0173,2026-02-18,2,0,Complaint Resolution
FDBK01053,EMP0425,2026-07-21,4,0,Staff Behaviour
FDBK01054,EMP0395,2025-10-19,5,1,Staff Behaviour
FDBK01055,EMP0158,2026-08-11,5,0,Product Satisfaction
FDBK01056,EMP0443,2025-10-28,5,0,Service Quality
FDBK01057,EMP0042,2026-06-14,2,1,Complaint Resolution
FDBK01058,EMP0222,2025-10-20,4,0,Digital Banking
FDBK01059,EMP0309,2025-11-10,5,0,Complaint Resolution
FDBK01060,EMP0298,2026-09-01,3,3,Staff Behaviour
FDBK01061,EMP0121,2026-06-03,3,0,Product Satisfaction
FDBK01062,EMP0351,2025-11-22,5,0,Service Quality
FDBK01063,EMP0246,2026-06-28,5,0,Staff Behaviour
FDBK01064,EMP0266,2026-05-27,4,1,Staff Behaviour
FDBK01065,EMP0078,2026-07-06,5,0,Complaint Resolution
FDBK01066,EMP0310,2025-11-22,4,0,Complaint Resolution
FDBK01067,EMP0042,2026-04-19,5,0,Staff Behaviour
FDBK01068,EMP0046,2026-06-25,5,0,Service Quality
FDBK01069,EMP0495,2025-12-04,1,0,Service Quality
FDBK01070,EMP0338,2026-03-02,4,0,Staff Behaviour
FDBK01071,EMP0480,2026-02-05,4,0,Digital Banking
FDBK01072,EMP0344,2026-09-01,5,0,Service Quality
FDBK01073,EMP0367,2025-12-23,5,0,Service Quality
FDBK01074,EMP0460,2026-09-19,2,0,Service Quality
FDBK01075,EMP0374,2026-03-22,4,0,Digital Banking
FDBK01076,EMP0164,2026-03-09,5,0,Digital Banking
FDBK01077,EMP0208,2025-12-06,3,0,Complaint Resolution
FDBK01078,EMP0406,2026-04-01,4,0,Product Satisfaction
FDBK01079,EMP0110,2025-12-02,4,1,Product Satisfaction
FDBK01080,EMP0036,2026-04-25,4,0,Product Satisfaction
FDBK01081,EMP0278,2025-12-18,3,0,Staff Behaviour
FDBK01082,EMP0493,2026-04-14,4,1,Service Quality
FDBK01083,EMP0163,2025-12-24,4,1,Product Satisfaction
FDBK01084,EMP0232,2025-12-07,3,1,Service Quality
FDBK01085,EMP0061,2025-10-11,5,1,Complaint Resolution
FDBK01086,EMP0379,2025-12-25,3,0,Product Satisfaction
FDBK01087,EMP0097,2026-05-12,4,0,Staff Behaviour
FDBK01088,EMP0067,2026-08-11,1,0,Staff Behaviour
FDBK01089,EMP0030,2026-02-13,5,0,Digital Banking
FDBK01090,EMP0056,2026-03-04,5,0,Staff Behaviour
FDBK01091,EMP0264,2026-07-13,5,0,Digital Banking
FDBK01092,EMP0147,2026-01-15,3,1,Product Satisfaction
FDBK01093,EMP0027,2025-10-02,5,0,Product Satisfaction
FDBK01094,EMP0230,2026-06-12,3,1,Complaint Resolution
FDBK01095,EMP0345,2025-10-26,4,1,Complaint Resolution
FDBK01096,EMP0005,2026-02-14,4,1,Digital Banking
FDBK01097,EMP0131,2026-02-15,4,0,Service Quality
FDBK01098,EMP0290,2025-10-09,4,0,Complaint Resolution
FDBK01099,EMP0232,2026-05-05,4,0,Complaint Resolution
FDBK01100,EMP0107,2026-03-02,1,0,Complaint Resolution
FDBK01101,EMP0498,2025-10-23,4,0,Digital Banking
FDBK01102,EMP0172,2025-11-09,5,1,Digital Banking
FDBK01103,EMP0233,2026-05-24,4,0,Complaint Resolution
FDBK01104,EMP0455,2026-03-17,4,1,Staff Behaviour
FDBK01105,EMP0323,2026-05-25,3,0,Digital Banking
FDBK01106,EMP0334,2026-08-13,5,0,Digital Banking
FDBK01107,EMP0272,2025-10-02,3,0,Complaint Resolution
FDBK01108,EMP0004,2025-10-25,5,0,Service Quality
FDBK01109,EMP0014,2026-07-23,4,0,Complaint Resolution
FDBK01110,EMP0459,2026-06-11,4,0,Complaint Resolution
FDBK01111,EMP0067,2026-04-18,4,0,Digital Banking
FDBK01112,EMP0083,2025-12-11,5,0,Product Satisfaction
FDBK01113,EMP0404,2026-04-09,5,0,Staff Behaviour
FDBK01114,EMP0307,2026-03-17,4,0,Complaint Resolution
FDBK01115,EMP0016,2026-01-03,2,0,Complaint Resolution
FDBK01116,EMP0461,2026-05-04,4,0,Staff Behaviour
FDBK01117,EMP0053,2026-01-10,4,0,Complaint Resolution
FDBK01118,EMP0302,2025-12-16,5,1,Service Quality
FDBK01119,EMP0112,2026-01-22,3,0,Staff Behaviour
FDBK01120,EMP0321,2025-10-18,3,0,Complaint Resolution
FDBK01121,EMP0154,2026-05-01,5,0,Complaint Resolution
FDBK01122,EMP0348,2026-07-09,4,0,Product Satisfaction
FDBK01123,EMP0435,2026-06-08,4,0,Digital Banking
FDBK01124,EMP0020,2026-02-17,1,0,Product Satisfaction
FDBK01125,EMP0450,2026-09-21,3,0,Product Satisfaction
FDBK01126,EMP0309,2025-11-18,1,1,Service Quality
FDBK01127,EMP0012,2026-05-22,4,3,Digital Banking
FDBK01128,EMP0120,2026-09-03,4,0,Staff Behaviour
FDBK01129,EMP0342,2025-11-05,4,0,Product Satisfaction
FDBK01130,EMP0009,2026-04-09,5,0,Product Satisfaction
FDBK01131,EMP0242,2026-04-15,1,0,Digital Banking
FDBK01132,EMP0064,2026-01-18,2,0,Service Quality
FDBK01133,EMP0056,2026-06-27,5,0,Product Satisfaction
FDBK01134,EMP0236,2025-10-04,5,1,Staff Behaviour
FDBK01135,EMP0158,2025-10-08,4,0,Product Satisfaction
FDBK01136,EMP0491,2026-01-12,4,0,Product Satisfaction
FDBK01137,EMP0494,2025-10-09,4,0,Service Quality
FDBK01138,EMP0242,2026-03-07,1,0,Staff Behaviour
FDBK01139,EMP0396,2025-10-15,5,0,Digital Banking
FDBK01140,EMP0141,2026-08-28,4,2,Complaint Resolution
FDBK01141,EMP0260,2026-09-01,4,1,Product Satisfaction
FDBK01142,EMP0167,2026-07-07,4,0,Complaint Resolution
FDBK01143,EMP0152,2026-01-03,4,0,Service Quality
FDBK01144,EMP0340,2026-01-25,4,0,Product Satisfaction
FDBK01145,EMP0188,2026-06-16,4,0,Service Quality
FDBK01146,EMP0160,2026-08-13,5,0,Service Quality
FDBK01147,EMP0405,2026-01-03,3,0,Product Satisfaction
FDBK01148,EMP0391,2026-09-18,5,1,Staff Behaviour
FDBK01149,EMP0188,2026-07-04,5,0,Complaint Resolution
FDBK01150,EMP0305,2026-03-22,2,0,Complaint Resolution
FDBK01151,EMP0040,2026-01-09,4,0,Service Quality
FDBK01152,EMP0317,2026-03-18,5,0,Complaint Resolution
FDBK01153,EMP0272,2026-04-10,5,0,Product Satisfaction
FDBK01154,EMP0401,2026-02-20,5,0,Complaint Resolution
FDBK01155,EMP0406,2026-06-12,1,2,Complaint Resolution
FDBK01156,EMP0281,2025-11-01,5,0,Digital Banking
FDBK01157,EMP0440,2026-01-13,4,0,Digital Banking
FDBK01158,EMP0088,2026-01-20,4,0,Digital Banking
FDBK01159,EMP0107,2025-10-26,5,0,Service Quality
FDBK01160,EMP0031,2026-03-18,4,1,Staff Behaviour
FDBK01161,EMP0046,2026-02-24,4,0,Staff Behaviour
FDBK01162,EMP0042,2026-05-09,5,0,Digital Banking
FDBK01163,EMP0065,2025-11-23,5,0,Complaint Resolution
FDBK01164,EMP0304,2026-01-09,4,0,Complaint Resolution
FDBK01165,EMP0164,2025-12-17,3,0,Service Quality
FDBK01166,EMP0376,2026-07-14,4,0,Complaint Resolution
FDBK01167,EMP0388,2026-01-24,3,1,Staff Behaviour
FDBK01168,EMP0215,2026-09-13,4,0,Product Satisfaction
FDBK01169,EMP0309,2026-09-05,3,0,Product Satisfaction
FDBK01170,EMP0142,2026-01-18,5,0,Complaint Resolution
FDBK01171,EMP0339,2026-07-04,4,0,Service Quality
FDBK01172,EMP0300,2026-08-12,4,0,Complaint Resolution
FDBK01173,EMP0042,2026-07-02,5,0,Staff Behaviour
FDBK01174,EMP0095,2026-09-25,3,0,Service Quality
FDBK01175,EMP0426,2025-12-17,4,2,Staff Behaviour
FDBK01176,EMP0053,2025-10-16,4,0,Service Quality
FDBK01177,EMP0214,2026-04-18,4,0,Service Quality
FDBK01178,EMP0463,2026-08-23,3,0,Product Satisfaction
FDBK01179,EMP0222,2026-08-06,2,0,Staff Behaviour
FDBK01180,EMP0115,2026-06-09,4,1,Product Satisfaction
FDBK01181,EMP0070,2026-04-25,4,1,Complaint Resolution
FDBK01182,EMP0155,2026-05-25,5,0,Staff Behaviour
FDBK01183,EMP0021,2025-11-27,3,0,Service Quality
FDBK01184,EMP0461,2026-08-17,5,1,Complaint Resolution
FDBK01185,EMP0282,2026-01-19,4,0,Complaint Resolution
FDBK01186,EMP0156,2026-05-17,1,0,Digital Banking
FDBK01187,EMP0073,2026-05-24,4,0,Digital Banking
FDBK01188,EMP0147,2025-12-07,4,0,Digital Banking
FDBK01189,EMP0273,2026-02-03,3,0,Service Quality
FDBK01190,EMP0332,2026-06-18,5,0,Service Quality
FDBK01191,EMP0402,2026-01-18,2,1,Service Quality
FDBK01192,EMP0259,2026-01-28,4,0,Product Satisfaction
FDBK01193,EMP0155,2025-11-02,5,0,Staff Behaviour
FDBK01194,EMP0221,2026-08-06,4,0,Staff Behaviour
FDBK01195,EMP0121,2026-05-03,5,0,Complaint Resolution
FDBK01196,EMP0498,2026-01-19,4,0,Service Quality
FDBK01197,EMP0118,2026-04-20,5,0,Staff Behaviour
FDBK01198,EMP0355,2026-08-02,4,1,Digital Banking
FDBK01199,EMP0157,2026-01-04,4,3,Service Quality
FDBK01200,EMP0327,2026-01-17,3,0,Digital Banking
FDBK01201,EMP0279,2026-07-02,3,0,Complaint Resolution
FDBK01202,EMP0494,2026-07-28,3,2,Product Satisfaction
FDBK01203,EMP0307,2026-01-24,4,0,Product Satisfaction
FDBK01204,EMP0135,2025-12-15,3,0,Service Quality
FDBK01205,EMP0229,2026-01-05,5,1,Service Quality
FDBK01206,EMP0091,2026-02-20,3,1,Product Satisfaction
FDBK01207,EMP0211,2026-03-17,5,0,Complaint Resolution
FDBK01208,EMP0408,2025-12-25,4,0,Complaint Resolution
FDBK01209,EMP0278,2026-04-08,4,1,Digital Banking
FDBK01210,EMP0323,2026-05-04,4,1,Complaint Resolution
FDBK01211,EMP0484,2026-02-14,3,0,Complaint Resolution
FDBK01212,EMP0392,2026-02-01,4,0,Service Quality
FDBK01213,EMP0443,2026-06-04,2,1,Product Satisfaction
FDBK01214,EMP0471,2026-02-24,5,1,Digital Banking
FDBK01215,EMP0020,2026-01-25,4,1,Digital Banking
FDBK01216,EMP0250,2026-02-04,5,0,Product Satisfaction
FDBK01217,EMP0457,2026-02-05,4,0,Service Quality
FDBK01218,EMP0241,2026-05-05,5,0,Digital Banking
FDBK01219,EMP0093,2026-04-08,3,0,Service Quality
FDBK01220,EMP0182,2025-11-18,5,0,Service Quality
FDBK01221,EMP0209,2026-02-08,4,1,Staff Behaviour
FDBK01222,EMP0220,2026-03-04,5,0,Service Quality
FDBK01223,EMP0412,2026-09-24,4,1,Digital Banking
FDBK01224,EMP0281,2026-05-07,5,0,Complaint Resolution
FDBK01225,EMP0210,2025-10-19,5,0,Service Quality
FDBK01226,EMP0495,2026-05-15,4,0,Complaint Resolution
FDBK01227,EMP0035,2025-11-10,2,0,Service Quality
FDBK01228,EMP0425,2026-04-22,3,1,Complaint Resolution
FDBK01229,EMP0401,2026-03-17,4,0,Product Satisfaction
FDBK01230,EMP0175,2025-11-28,4,0,Staff Behaviour
FDBK01231,EMP0281,2025-12-28,4,2,Staff Behaviour
FDBK01232,EMP0072,2025-12-08,5,0,Digital Banking
FDBK01233,EMP0280,2026-05-05,5,0,Digital Banking
FDBK01234,EMP0405,2026-03-06,4,0,Digital Banking
FDBK01235,EMP0437,2026-08-19,3,2,Service Quality
FDBK01236,EMP0321,2026-08-28,4,0,Complaint Resolution
FDBK01237,EMP0013,2026-08-25,3,0,Service Quality
FDBK01238,EMP0222,2026-06-07,5,0,Staff Behaviour
FDBK01239,EMP0487,2026-02-16,5,2,Service Quality
FDBK01240,EMP0149,2026-04-28,2,0,Digital Banking
FDBK01241,EMP0071,2026-05-11,4,0,Digital Banking
FDBK01242,EMP0314,2026-03-07,5,1,Digital Banking
FDBK01243,EMP0416,2026-02-06,4,0,Complaint Resolution
FDBK01244,EMP0099,2025-10-12,4,1,Service Quality
FDBK01245,EMP0170,2026-01-12,3,0,Complaint Resolution
FDBK01246,EMP0328,2026-05-02,4,1,Service Quality
FDBK01247,EMP0255,2026-01-19,2,0,Staff Behaviour
FDBK01248,EMP0229,2026-01-11,4,0,Complaint Resolution
FDBK01249,EMP0260,2026-02-21,3,1,Complaint Resolution
FDBK01250,EMP0492,2025-11-23,3,0,Service Quality
FDBK01251,EMP0367,2026-05-09,4,3,Product Satisfaction
FDBK01252,EMP0393,2026-04-20,4,1,Service Quality
FDBK01253,EMP0484,2026-06-12,4,0,Product Satisfaction
FDBK01254,EMP0142,2025-12-24,5,0,Complaint Resolution
FDBK01255,EMP0048,2026-03-26,4,0,Service Quality
FDBK01256,EMP0154,2026-09-24,2,1,Digital Banking
FDBK01257,EMP0266,2026-07-03,5,0,Product Satisfaction
FDBK01258,EMP0449,2026-02-17,4,0,Product Satisfaction
FDBK01259,EMP0036,2025-10-18,5,2,Digital Banking
FDBK01260,EMP0016,2026-01-13,3,0,Staff Behaviour
FDBK01261,EMP0488,2026-06-20,3,0,Service Quality
FDBK01262,EMP0487,2025-11-14,4,0,Digital Banking
FDBK01263,EMP0171,2026-03-15,4,3,Product Satisfaction
FDBK01264,EMP0339,2025-12-01,1,0,Complaint Resolution
FDBK01265,EMP0416,2025-11-04,3,0,Digital Banking
FDBK01266,EMP0398,2026-02-11,5,0,Product Satisfaction
FDBK01267,EMP0177,2026-07-23,5,1,Service Quality
FDBK01268,EMP0285,2025-12-03,3,0,Service Quality
FDBK01269,EMP0134,2026-07-28,4,0,Service Quality
FDBK01270,EMP0455,2026-03-20,5,0,Staff Behaviour
FDBK01271,EMP0072,2026-06-26,1,1,Digital Banking
FDBK01272,EMP0026,2026-06-10,5,0,Staff Behaviour
FDBK01273,EMP0109,2026-02-06,3,1,Staff Behaviour
FDBK01274,EMP0024,2026-06-13,3,0,Staff Behaviour
FDBK01275,EMP0422,2026-02-24,2,0,Complaint Resolution
FDBK01276,EMP0134,2026-04-02,3,0,Product Satisfaction
FDBK01277,EMP0311,2026-08-25,4,0,Digital Banking
FDBK01278,EMP0136,2025-12-26,3,1,Digital Banking
FDBK01279,EMP0144,2026-01-10,5,0,Staff Behaviour
FDBK01280,EMP0125,2026-06-25,3,2,Service Quality
FDBK01281,EMP0203,2026-08-06,4,0,Digital Banking
FDBK01282,EMP0240,2025-11-02,3,0,Complaint Resolution
FDBK01283,EMP0121,2026-02-28,4,0,Digital Banking
FDBK01284,EMP0325,2026-08-27,5,1,Complaint Resolution
FDBK01285,EMP0180,2026-06-23,2,0,Product Satisfaction
FDBK01286,EMP0437,2025-10-20,4,0,Digital Banking
FDBK01287,EMP0446,2026-08-12,4,0,Digital Banking
FDBK01288,EMP0183,2026-09-27,3,1,Digital Banking
FDBK01289,EMP0266,2025-11-03,4,0,Staff Behaviour
FDBK01290,EMP0346,2026-01-19,4,0,Digital Banking
FDBK01291,EMP0185,2026-02-21,3,1,Service Quality
FDBK01292,EMP0486,2025-11-21,5,0,Service Quality
FDBK01293,EMP0134,2026-08-27,3,1,Staff Behaviour
FDBK01294,EMP0406,2026-02-15,4,0,Product Satisfaction
FDBK01295,EMP0431,2026-02-09,5,2,Complaint Resolution
FDBK01296,EMP0249,2026-08-13,4,0,Product Satisfaction
FDBK01297,EMP0379,2025-12-27,4,0,Staff Behaviour
FDBK01298,EMP0136,2026-03-17,4,0,Staff Behaviour
FDBK01299,EMP0481,2026-05-01,4,3,Product Satisfaction
FDBK01300,EMP0367,2025-11-15,4,0,Complaint Resolution
FDBK01301,EMP0320,2026-04-15,4,0,Digital Banking
FDBK01302,EMP0364,2025-11-27,3,0,Staff Behaviour
FDBK01303,EMP0095,2026-07-24,3,0,Staff Behaviour
FDBK01304,EMP0369,2026-06-21,5,0,Complaint Resolution
FDBK01305,EMP0022,2026-05-18,4,1,Complaint Resolution
FDBK01306,EMP0022,2026-06-09,4,1,Service Quality
FDBK01307,EMP0102,2026-08-10,4,0,Service Quality
FDBK01308,EMP0169,2025-12-23,3,1,Product Satisfaction
FDBK01309,EMP0453,2025-10-09,5,0,Complaint Resolution
FDBK01310,EMP0088,2026-02-12,5,0,Service Quality
FDBK01311,EMP0276,2026-04-15,3,1,Digital Banking
FDBK01312,EMP0054,2026-05-10,4,0,Complaint Resolution
FDBK01313,EMP0424,2026-01-27,4,0,Service Quality
FDBK01314,EMP0446,2025-11-01,5,0,Staff Behaviour
FDBK01315,EMP0159,2025-12-11,2,1,Service Quality
FDBK01316,EMP0158,2026-04-07,4,0,Product Satisfaction
FDBK01317,EMP0452,2026-05-02,4,0,Digital Banking
FDBK01318,EMP0081,2026-05-26,2,1,Complaint Resolution
FDBK01319,EMP0373,2026-08-06,5,0,Complaint Resolution
FDBK01320,EMP0070,2025-11-01,4,0,Product Satisfaction
FDBK01321,EMP0084,2026-03-06,5,0,Service Quality
FDBK01322,EMP0385,2026-08-08,4,0,Staff Behaviour
FDBK01323,EMP0234,2026-07-09,4,0,Complaint Resolution
FDBK01324,EMP0088,2025-12-13,5,2,Product Satisfaction
FDBK01325,EMP0492,2026-04-13,3,2,Staff Behaviour
FDBK01326,EMP0399,2026-06-12,2,0,Product Satisfaction
FDBK01327,EMP0071,2025-11-24,1,0,Digital Banking
FDBK01328,EMP0463,2025-12-19,4,0,Staff Behaviour
FDBK01329,EMP0162,2026-02-19,4,1,Digital Banking
FDBK01330,EMP0451,2026-05-07,2,0,Complaint Resolution
FDBK01331,EMP0161,2026-09-07,5,1,Complaint Resolution
FDBK01332,EMP0260,2025-12-17,3,0,Product Satisfaction
FDBK01333,EMP0432,2025-10-02,5,3,Service Quality
FDBK01334,EMP0128,2026-01-08,4,0,Product Satisfaction
FDBK01335,EMP0244,2026-05-22,5,0,Staff Behaviour
FDBK01336,EMP0410,2026-03-26,3,2,Staff Behaviour
FDBK01337,EMP0358,2026-09-01,5,1,Digital Banking
FDBK01338,EMP0182,2026-06-06,4,0,Complaint Resolution
FDBK01339,EMP0446,2026-09-27,4,0,Service Quality
FDBK01340,EMP0404,2026-08-09,3,0,Staff Behaviour
FDBK01341,EMP0345,2025-11-02,5,0,Service Quality
FDBK01342,EMP0487,2025-12-13,4,0,Complaint Resolution
FDBK01343,EMP0062,2026-03-24,3,3,Complaint Resolution
FDBK01344,EMP0178,2026-05-24,4,0,Service Quality
FDBK01345,EMP0020,2026-02-12,4,0,Staff Behaviour
FDBK01346,EMP0403,2026-02-02,5,0,Digital Banking
FDBK01347,EMP0256,2025-10-14,3,0,Digital Banking
FDBK01348,EMP0349,2026-05-18,3,0,Staff Behaviour
FDBK01349,EMP0070,2025-10-19,5,0,Digital Banking
FDBK01350,EMP0086,2026-06-11,5,1,Complaint Resolution
FDBK01351,EMP0169,2026-08-17,2,0,Service Quality
FDBK01352,EMP0196,2026-07-13,5,0,Digital Banking
FDBK01353,EMP0067,2026-06-10,4,0,Product Satisfaction
FDBK01354,EMP0382,2026-05-03,5,0,Complaint Resolution
FDBK01355,EMP0033,2026-02-12,1,0,Staff Behaviour
FDBK01356,EMP0261,2026-05-24,5,1,Complaint Resolution
FDBK01357,EMP0457,2026-08-18,3,0,Product Satisfaction
FDBK01358,EMP0486,2026-05-13,5,0,Staff Behaviour
FDBK01359,EMP0087,2026-05-15,3,0,Service Quality
FDBK01360,EMP0423,2025-10-21,2,0,Product Satisfaction
FDBK01361,EMP0211,2025-11-13,4,0,Service Quality
FDBK01362,EMP0355,2026-07-10,4,0,Product Satisfaction
FDBK01363,EMP0276,2026-09-27,5,0,Product Satisfaction
FDBK01364,EMP0448,2026-02-15,5,0,Product Satisfaction
FDBK01365,EMP0226,2025-10-28,4,0,Complaint Resolution
FDBK01366,EMP0054,2026-09-15,4,0,Digital Banking
FDBK01367,EMP0471,2026-02-25,4,0,Product Satisfaction
FDBK01368,EMP0255,2025-10-21,5,1,Service Quality
FDBK01369,EMP0035,2026-04-16,4,0,Product Satisfaction
FDBK01370,EMP0317,2026-07-25,5,3,Complaint Resolution
FDBK01371,EMP0190,2025-11-08,4,0,Digital Banking
FDBK01372,EMP0131,2025-10-07,5,1,Product Satisfaction
FDBK01373,EMP0174,2026-05-25,5,0,Digital Banking
FDBK01374,EMP0153,2026-09-11,3,0,Service Quality
FDBK01375,EMP0357,2026-04-12,4,0,Service Quality
FDBK01376,EMP0242,2025-11-10,5,1,Digital Banking
FDBK01377,EMP0289,2026-03-21,4,0,Service Quality
FDBK01378,EMP0003,2026-07-13,4,1,Service Quality
FDBK01379,EMP0291,2025-12-18,5,0,Staff Behaviour
FDBK01380,EMP0473,2026-07-10,3,2,Complaint Resolution
FDBK01381,EMP0245,2026-07-24,5,2,Digital Banking
FDBK01382,EMP0072,2026-05-04,4,0,Service Quality
FDBK01383,EMP0271,2026-01-06,3,1,Complaint Resolution
FDBK01384,EMP0494,2026-08-17,5,2,Staff Behaviour
FDBK01385,EMP0072,2025-12-20,3,0,Service Quality
FDBK01386,EMP0025,2026-04-10,4,0,Service Quality
FDBK01387,EMP0381,2026-08-15,5,0,Service Quality
FDBK01388,EMP0030,2026-09-09,4,2,Product Satisfaction
FDBK01389,EMP0332,2026-07-25,5,0,Staff Behaviour
FDBK01390,EMP0156,2026-03-01,3,2,Product Satisfaction
FDBK01391,EMP0266,2026-06-20,5,0,Digital Banking
FDBK01392,EMP0359,2026-08-17,3,0,Digital Banking
FDBK01393,EMP0237,2026-02-17,4,0,Complaint Resolution
FDBK01394,EMP0196,2026-05-06,3,0,Service Quality
FDBK01395,EMP0321,2026-02-07,3,1,Product Satisfaction
FDBK01396,EMP0400,2026-08-13,5,1,Service Quality
FDBK01397,EMP0397,2026-08-12,3,0,Complaint Resolution
FDBK01398,EMP0271,2026-09-15,5,0,Staff Behaviour
FDBK01399,EMP0221,2026-08-02,4,0,Product Satisfaction
FDBK01400,EMP0231,2026-01-15,3,0,Digital Banking
FDBK01401,EMP0278,2026-04-23,3,0,Complaint Resolution
FDBK01402,EMP0117,2026-05-05,3,1,Complaint Resolution
FDBK01403,EMP0459,2025-12-24,4,0,Product Satisfaction
FDBK01404,EMP0093,2026-07-05,3,2,Complaint Resolution
FDBK01405,EMP0206,2026-09-23,4,2,Digital Banking
FDBK01406,EMP0413,2026-06-19,4,0,Product Satisfaction
FDBK01407,EMP0462,2026-04-04,2,0,Service Quality
FDBK01408,EMP0391,2025-12-08,5,1,Product Satisfaction
FDBK01409,EMP0438,2025-12-06,5,0,Product Satisfaction
FDBK01410,EMP0012,2026-03-07,5,0,Service Quality
FDBK01411,EMP0481,2026-03-14,5,1,Staff Behaviour
FDBK01412,EMP0037,2025-11-02,4,0,Digital Banking
FDBK01413,EMP0248,2026-08-07,4,0,Staff Behaviour
FDBK01414,EMP0322,2026-02-03,4,0,Staff Behaviour
FDBK01415,EMP0332,2026-02-21,2,0,Complaint Resolution
FDBK01416,EMP0142,2026-04-10,5,0,Staff Behaviour
FDBK01417,EMP0195,2025-12-16,3,0,Product Satisfaction
FDBK01418,EMP0478,2025-12-28,4,0,Complaint Resolution
FDBK01419,EMP0448,2026-06-07,5,0,Complaint Resolution
FDBK01420,EMP0215,2026-03-20,4,0,Product Satisfaction
FDBK01421,EMP0335,2026-09-02,4,0,Complaint Resolution
FDBK01422,EMP0421,2025-12-14,4,1,Service Quality
FDBK01423,EMP0058,2025-10-22,4,0,Staff Behaviour
FDBK01424,EMP0058,2026-05-14,2,0,Digital Banking
FDBK01425,EMP0120,2026-09-22,4,0,Service Quality
FDBK01426,EMP0119,2026-01-13,2,0,Product Satisfaction
FDBK01427,EMP0450,2026-06-15,1,0,Staff Behaviour
FDBK01428,EMP0051,2026-08-21,4,1,Complaint Resolution
FDBK01429,EMP0252,2026-01-13,4,0,Service Quality
FDBK01430,EMP0439,2026-07-09,4,0,Service Quality
FDBK01431,EMP0237,2026-03-19,3,1,Product Satisfaction
FDBK01432,EMP0043,2026-07-09,4,2,Service Quality
FDBK01433,EMP0258,2026-03-09,4,0,Staff Behaviour
FDBK01434,EMP0370,2026-04-08,4,3,Digital Banking
FDBK01435,EMP0388,2026-05-04,2,0,Service Quality
FDBK01436,EMP0185,2026-08-20,4,0,Complaint Resolution
FDBK01437,EMP0041,2026-06-01,2,1,Complaint Resolution
FDBK01438,EMP0098,2026-03-02,4,1,Digital Banking
FDBK01439,EMP0215,2026-04-10,5,0,Digital Banking
FDBK01440,EMP0327,2026-02-13,4,1,Complaint Resolution
FDBK01441,EMP0064,2026-03-21,4,0,Product Satisfaction
FDBK01442,EMP0296,2026-01-28,2,1,Product Satisfaction
FDBK01443,EMP0190,2026-07-09,5,0,Staff Behaviour
FDBK01444,EMP0369,2025-11-11,3,0,Staff Behaviour
FDBK01445,EMP0111,2026-08-03,5,0,Digital Banking
FDBK01446,EMP0051,2026-08-02,3,0,Service Quality
FDBK01447,EMP0380,2026-05-05,5,0,Digital Banking
FDBK01448,EMP0016,2026-02-22,4,1,Digital Banking
FDBK01449,EMP0407,2025-12-25,4,0,Digital Banking
FDBK01450,EMP0253,2026-06-03,4,1,Complaint Resolution
FDBK01451,EMP0438,2026-01-03,5,0,Product Satisfaction
FDBK01452,EMP0024,2025-10-10,4,0,Complaint Resolution
FDBK01453,EMP0370,2026-06-02,5,1,Staff Behaviour
FDBK01454,EMP0224,2025-11-23,4,1,Digital Banking
FDBK01455,EMP0290,2026-09-06,5,0,Staff Behaviour
FDBK01456,EMP0327,2026-02-22,5,0,Complaint Resolution
FDBK01457,EMP0413,2026-04-11,4,0,Digital Banking
FDBK01458,EMP0345,2026-04-02,3,0,Product Satisfaction
FDBK01459,EMP0471,2026-09-24,5,0,Digital Banking
FDBK01460,EMP0426,2026-01-03,4,0,Service Quality
FDBK01461,EMP0194,2026-09-05,4,0,Complaint Resolution
FDBK01462,EMP0492,2026-04-24,5,0,Service Quality
FDBK01463,EMP0109,2026-01-17,5,1,Digital Banking
FDBK01464,EMP0061,2025-11-16,5,1,Digital Banking
FDBK01465,EMP0413,2025-12-14,3,0,Product Satisfaction
FDBK01466,EMP0330,2026-05-18,4,0,Service Quality
FDBK01467,EMP0400,2025-10-10,2,0,Staff Behaviour
FDBK01468,EMP0381,2026-07-14,5,0,Complaint Resolution
FDBK01469,EMP0415,2025-10-06,5,1,Staff Behaviour
FDBK01470,EMP0173,2026-01-25,4,0,Complaint Resolution
FDBK01471,EMP0104,2026-06-21,4,1,Complaint Resolution
FDBK01472,EMP0074,2026-06-23,3,0,Staff Behaviour
FDBK01473,EMP0497,2026-03-01,5,1,Digital Banking
FDBK01474,EMP0247,2025-10-15,4,1,Staff Behaviour
FDBK01475,EMP0075,2026-04-08,5,0,Staff Behaviour
FDBK01476,EMP0022,2026-07-14,1,0,Product Satisfaction
FDBK01477,EMP0234,2025-11-15,3,0,Service Quality
FDBK01478,EMP0274,2026-02-20,2,0,Product Satisfaction
FDBK01479,EMP0186,2026-03-09,3,3,Staff Behaviour
FDBK01480,EMP0105,2026-09-16,4,1,Digital Banking
FDBK01481,EMP0190,2026-08-19,4,0,Service Quality
FDBK01482,EMP0441,2026-02-02,4,0,Complaint Resolution
FDBK01483,EMP0246,2026-05-25,2,0,Service Quality
FDBK01484,EMP0413,2026-08-23,3,0,Service Quality
FDBK01485,EMP0107,2026-02-16,5,0,Complaint Resolution
FDBK01486,EMP0184,2025-11-09,4,0,Service Quality
FDBK01487,EMP0465,2026-05-26,4,0,Digital Banking
FDBK01488,EMP0467,2026-03-17,5,0,Digital Banking
FDBK01489,EMP0344,2026-06-15,1,0,Complaint Resolution
FDBK01490,EMP0254,2026-02-23,1,0,Product Satisfaction
FDBK01491,EMP0213,2025-11-21,4,0,Product Satisfaction
FDBK01492,EMP0207,2026-08-11,4,1,Service Quality
FDBK01493,EMP0483,2026-07-27,5,0,Staff Behaviour
FDBK01494,EMP0257,2025-10-07,3,1,Service Quality
FDBK01495,EMP0324,2025-12-11,3,1,Service Quality
FDBK01496,EMP0271,2026-06-01,2,1,Service Quality
FDBK01497,EMP0134,2026-09-12,5,0,Service Quality
FDBK01498,EMP0141,2026-03-01,4,0,Staff Behaviour
FDBK01499,EMP0016,2026-07-28,5,0,Staff Behaviour
FDBK01500,EMP0268,2025-12-19,4,0,Service Quality
FDBK01501,EMP0495,2026-09-01,5,0,Staff Behaviour
FDBK01502,EMP0186,2026-05-21,3,1,Staff Behaviour
FDBK01503,EMP0100,2025-11-12,4,1,Staff Behaviour
FDBK01504,EMP0437,2025-11-12,4,0,Complaint Resolution
FDBK01505,EMP0089,2026-02-05,3,0,Staff Behaviour
FDBK01506,EMP0114,2026-02-27,3,0,Complaint Resolution
FDBK01507,EMP0060,2026-03-19,4,0,Staff Behaviour
FDBK01508,EMP0227,2026-06-01,3,0,Complaint Resolution
FDBK01509,EMP0197,2026-01-02,4,1,Product Satisfaction
FDBK01510,EMP0476,2026-04-14,5,2,Digital Banking
FDBK01511,EMP0230,2026-06-18,4,1,Service Quality
FDBK01512,EMP0292,2026-04-01,4,0,Complaint Resolution
FDBK01513,EMP0173,2026-06-15,4,0,Complaint Resolution
FDBK01514,EMP0400,2026-06-27,4,0,Service Quality
FDBK01515,EMP0054,2026-07-03,2,1,Service Quality
FDBK01516,EMP0012,2026-09-02,5,0,Complaint Resolution
FDBK01517,EMP0193,2026-03-25,4,0,Product Satisfaction
FDBK01518,EMP0424,2026-08-02,5,0,Product Satisfaction
FDBK01519,EMP0012,2026-02-28,2,0,Product Satisfaction
FDBK01520,EMP0405,2026-08-16,2,0,Service Quality
FDBK01521,EMP0400,2026-02-11,5,0,Digital Banking
FDBK01522,EMP0098,2025-10-20,5,1,Complaint Resolution
FDBK01523,EMP0100,2025-12-24,4,0,Complaint Resolution
FDBK01524,EMP0247,2025-11-04,2,1,Service Quality
FDBK01525,EMP0495,2026-05-20,3,0,Service Quality
FDBK01526,EMP0320,2026-02-21,3,1,Digital Banking
FDBK01527,EMP0195,2026-09-15,4,0,Product Satisfaction
FDBK01528,EMP0068,2026-06-11,2,2,Staff Behaviour
FDBK01529,EMP0046,2026-06-12,3,0,Service Quality
FDBK01530,EMP0259,2026-04-22,4,0,Staff Behaviour
FDBK01531,EMP0085,2025-10-09,5,1,Complaint Resolution
FDBK01532,EMP0074,2025-11-01,4,0,Staff Behaviour
FDBK01533,EMP0234,2026-06-18,5,0,Service Quality
FDBK01534,EMP0472,2025-10-09,3,0,Complaint Resolution
FDBK01535,EMP0061,2026-03-12,5,0,Product Satisfaction
FDBK01536,EMP0246,2026-05-04,4,0,Service Quality
FDBK01537,EMP0213,2026-03-14,4,0,Digital Banking
FDBK01538,EMP0307,2026-09-27,2,0,Complaint Resolution
FDBK01539,EMP0008,2026-09-24,3,0,Digital Banking
FDBK01540,EMP0262,2026-07-21,2,0,Complaint Resolution
FDBK01541,EMP0460,2026-02-08,1,0,Digital Banking
FDBK01542,EMP0195,2026-02-27,4,0,Product Satisfaction
FDBK01543,EMP0056,2026-04-07,4,0,Product Satisfaction
FDBK01544,EMP0236,2026-09-20,4,0,Complaint Resolution
FDBK01545,EMP0116,2026-07-07,3,0,Staff Behaviour
FDBK01546,EMP0443,2026-06-20,4,1,Digital Banking
FDBK01547,EMP0354,2026-09-02,5,0,Product Satisfaction
FDBK01548,EMP0030,2026-08-06,3,0,Product Satisfaction
FDBK01549,EMP0493,2025-11-06,5,0,Staff Behaviour
FDBK01550,EMP0294,2025-10-19,5,0,Complaint Resolution
FDBK01551,EMP0356,2026-05-21,5,0,Staff Behaviour
FDBK01552,EMP0314,2025-10-03,4,2,Digital Banking
FDBK01553,EMP0353,2025-10-07,4,1,Service Quality
FDBK01554,EMP0153,2026-01-20,5,0,Service Quality
FDBK01555,EMP0400,2026-04-14,4,0,Digital Banking
FDBK01556,EMP0317,2026-05-06,4,0,Product Satisfaction
FDBK01557,EMP0486,2026-05-03,5,0,Staff Behaviour
FDBK01558,EMP0294,2026-02-03,5,0,Product Satisfaction
FDBK01559,EMP0068,2026-06-06,4,0,Complaint Resolution
FDBK01560,EMP0139,2025-12-04,3,0,Service Quality
FDBK01561,EMP0196,2026-08-05,3,0,Complaint Resolution
FDBK01562,EMP0147,2026-02-08,5,0,Service Quality
FDBK01563,EMP0043,2026-09-18,5,3,Digital Banking
FDBK01564,EMP0216,2026-06-20,1,2,Staff Behaviour
FDBK01565,EMP0326,2026-04-23,5,1,Product Satisfaction
FDBK01566,EMP0429,2026-03-22,4,0,Complaint Resolution
FDBK01567,EMP0489,2026-03-22,5,1,Product Satisfaction
FDBK01568,EMP0386,2026-07-21,4,0,Service Quality
FDBK01569,EMP0431,2025-10-02,2,0,Complaint Resolution
FDBK01570,EMP0167,2026-09-16,5,0,Product Satisfaction
FDBK01571,EMP0291,2026-04-07,5,0,Staff Behaviour
FDBK01572,EMP0181,2025-10-26,5,0,Digital Banking
FDBK01573,EMP0096,2026-02-27,5,1,Service Quality
FDBK01574,EMP0094,2026-03-05,5,0,Digital Banking
FDBK01575,EMP0498,2026-03-21,5,1,Complaint Resolution
FDBK01576,EMP0239,2025-10-03,1,0,Digital Banking
FDBK01577,EMP0352,2026-04-18,4,2,Complaint Resolution
FDBK01578,EMP0205,2025-11-20,3,1,Product Satisfaction
FDBK01579,EMP0041,2026-04-09,4,1,Product Satisfaction
FDBK01580,EMP0012,2026-02-16,4,1,Staff Behaviour
FDBK01581,EMP0036,2026-06-07,4,1,Complaint Resolution
FDBK01582,EMP0102,2025-12-14,5,0,Digital Banking
FDBK01583,EMP0439,2026-09-08,5,0,Complaint Resolution
FDBK01584,EMP0491,2025-12-02,2,0,Complaint Resolution
FDBK01585,EMP0212,2026-08-02,3,1,Digital Banking
FDBK01586,EMP0217,2026-02-01,5,0,Staff Behaviour
FDBK01587,EMP0481,2025-12-09,2,0,Complaint Resolution
FDBK01588,EMP0149,2026-06-13,4,1,Product Satisfaction
FDBK01589,EMP0283,2026-04-14,3,1,Service Quality
FDBK01590,EMP0045,2026-08-16,4,0,Service Quality
FDBK01591,EMP0128,2025-10-28,2,0,Service Quality
FDBK01592,EMP0075,2026-06-08,2,0,Complaint Resolution
FDBK01593,EMP0396,2025-12-14,5,1,Complaint Resolution
FDBK01594,EMP0428,2026-07-04,4,0,Product Satisfaction
FDBK01595,EMP0269,2026-09-08,2,0,Staff Behaviour
FDBK01596,EMP0101,2025-12-28,4,1,Service Quality
FDBK01597,EMP0449,2026-02-05,3,0,Service Quality
FDBK01598,EMP0317,2026-05-23,4,1,Complaint Resolution
FDBK01599,EMP0193,2026-08-19,4,0,Digital Banking
FDBK01600,EMP0351,2026-08-19,5,0,Digital Banking
FDBK01601,EMP0276,2026-06-20,5,1,Product Satisfaction
FDBK01602,EMP0440,2026-01-21,3,0,Complaint Resolution
FDBK01603,EMP0247,2026-01-18,5,0,Staff Behaviour
FDBK01604,EMP0164,2025-12-16,1,0,Staff Behaviour
FDBK01605,EMP0248,2026-08-06,3,0,Service Quality
FDBK01606,EMP0212,2026-08-28,5,0,Staff Behaviour
FDBK01607,EMP0245,2026-08-06,3,0,Digital Banking
FDBK01608,EMP0168,2026-05-11,4,2,Service Quality
FDBK01609,EMP0135,2026-05-05,3,0,Service Quality
FDBK01610,EMP0198,2026-09-15,4,0,Digital Banking
FDBK01611,EMP0341,2026-06-15,4,0,Service Quality
FDBK01612,EMP0085,2025-11-02,3,1,Service Quality
FDBK01613,EMP0242,2026-09-22,5,0,Service Quality
FDBK01614,EMP0364,2025-10-16,1,0,Service Quality
FDBK01615,EMP0317,2026-05-05,5,1,Product Satisfaction
FDBK01616,EMP0182,2025-10-22,5,0,Complaint Resolution
FDBK01617,EMP0469,2026-02-06,4,0,Digital Banking
FDBK01618,EMP0297,2026-01-20,4,0,Staff Behaviour
FDBK01619,EMP0051,2026-08-14,3,0,Digital Banking
FDBK01620,EMP0284,2025-10-14,4,1,Staff Behaviour
FDBK01621,EMP0423,2026-07-06,4,1,Service Quality
FDBK01622,EMP0149,2026-06-07,4,0,Service Quality
FDBK01623,EMP0049,2026-04-12,4,1,Service Quality
FDBK01624,EMP0162,2026-07-10,4,0,Digital Banking
FDBK01625,EMP0126,2025-10-22,2,0,Complaint Resolution
FDBK01626,EMP0386,2026-04-17,5,0,Service Quality
FDBK01627,EMP0456,2026-06-08,5,0,Digital Banking
FDBK01628,EMP0136,2026-02-06,5,0,Complaint Resolution
FDBK01629,EMP0297,2026-08-03,2,0,Service Quality
FDBK01630,EMP0017,2026-08-18,2,0,Service Quality
FDBK01631,EMP0150,2026-07-14,2,2,Product Satisfaction
FDBK01632,EMP0251,2026-08-27,2,0,Product Satisfaction
FDBK01633,EMP0064,2025-11-06,3,0,Service Quality
FDBK01634,EMP0109,2026-08-23,3,0,Digital Banking
FDBK01635,EMP0344,2026-08-04,5,1,Complaint Resolution
FDBK01636,EMP0413,2026-06-23,4,0,Service Quality
FDBK01637,EMP0092,2026-01-10,4,2,Service Quality
FDBK01638,EMP0022,2026-06-09,5,1,Complaint Resolution
FDBK01639,EMP0187,2026-09-17,4,0,Product Satisfaction
FDBK01640,EMP0217,2026-07-16,3,2,Staff Behaviour
FDBK01641,EMP0354,2025-11-28,4,0,Digital Banking
FDBK01642,EMP0293,2026-06-28,4,0,Service Quality
FDBK01643,EMP0499,2026-08-21,3,1,Staff Behaviour
FDBK01644,EMP0395,2026-08-15,5,0,Service Quality
FDBK01645,EMP0342,2025-12-07,5,0,Staff Behaviour
FDBK01646,EMP0431,2025-10-01,4,0,Service Quality
FDBK01647,EMP0410,2026-03-12,4,0,Digital Banking
FDBK01648,EMP0173,2026-02-08,3,0,Complaint Resolution
FDBK01649,EMP0066,2025-11-11,3,0,Complaint Resolution
FDBK01650,EMP0246,2026-09-08,4,3,Complaint Resolution
FDBK01651,EMP0321,2026-08-11,4,0,Digital Banking
FDBK01652,EMP0020,2025-12-20,4,0,Digital Banking
FDBK01653,EMP0425,2026-02-17,4,0,Complaint Resolution
FDBK01654,EMP0324,2026-04-26,2,0,Product Satisfaction
FDBK01655,EMP0331,2026-04-19,4,0,Digital Banking
FDBK01656,EMP0094,2026-04-13,3,0,Product Satisfaction
FDBK01657,EMP0410,2025-11-25,4,0,Digital Banking
FDBK01658,EMP0022,2026-07-17,1,0,Service Quality
FDBK01659,EMP0195,2026-01-01,3,0,Complaint Resolution
FDBK01660,EMP0428,2025-12-21,3,0,Service Quality
FDBK01661,EMP0210,2026-03-26,4,0,Digital Banking
FDBK01662,EMP0488,2026-02-15,4,0,Digital Banking
FDBK01663,EMP0422,2026-04-05,3,1,Product Satisfaction
FDBK01664,EMP0048,2026-08-12,1,0,Complaint Resolution
FDBK01665,EMP0397,2025-11-18,5,0,Staff Behaviour
FDBK01666,EMP0499,2025-11-16,4,0,Product Satisfaction
FDBK01667,EMP0246,2026-08-11,5,0,Digital Banking
FDBK01668,EMP0108,2026-05-18,4,0,Product Satisfaction
FDBK01669,EMP0074,2025-10-03,5,1,Staff Behaviour
FDBK01670,EMP0015,2026-06-23,3,0,Service Quality
FDBK01671,EMP0084,2026-02-09,4,0,Complaint Resolution
FDBK01672,EMP0361,2026-09-12,5,0,Product Satisfaction
FDBK01673,EMP0090,2026-09-14,4,0,Staff Behaviour
FDBK01674,EMP0080,2025-10-22,5,0,Product Satisfaction
FDBK01675,EMP0399,2025-12-12,2,0,Digital Banking
FDBK01676,EMP0261,2026-03-23,3,0,Service Quality
FDBK01677,EMP0233,2026-01-02,4,0,Product Satisfaction
FDBK01678,EMP0130,2025-11-01,4,0,Staff Behaviour
FDBK01679,EMP0101,2026-01-07,4,0,Service Quality
FDBK01680,EMP0046,2026-05-27,4,0,Service Quality
FDBK01681,EMP0477,2026-06-03,5,1,Staff Behaviour
FDBK01682,EMP0155,2025-10-21,3,0,Staff Behaviour
FDBK01683,EMP0479,2026-05-02,4,0,Product Satisfaction
FDBK01684,EMP0161,2026-09-27,4,1,Digital Banking
FDBK01685,EMP0296,2026-06-07,4,0,Digital Banking
FDBK01686,EMP0039,2026-06-28,5,0,Service Quality
FDBK01687,EMP0185,2026-03-15,4,0,Digital Banking
FDBK01688,EMP0115,2025-11-28,5,0,Digital Banking
FDBK01689,EMP0419,2026-03-10,3,1,Complaint Resolution
FDBK01690,EMP0261,2026-05-14,5,0,Service Quality
FDBK01691,EMP0285,2025-11-17,4,1,Product Satisfaction
FDBK01692,EMP0264,2026-09-04,3,0,Service Quality
FDBK01693,EMP0328,2026-07-20,5,1,Digital Banking
FDBK01694,EMP0459,2026-09-16,5,1,Complaint Resolution
FDBK01695,EMP0364,2026-01-15,4,0,Digital Banking
FDBK01696,EMP0360,2026-05-21,4,0,Staff Behaviour
FDBK01697,EMP0481,2025-12-23,3,0,Complaint Resolution
FDBK01698,EMP0114,2025-12-10,5,0,Staff Behaviour
FDBK01699,EMP0065,2026-09-24,2,0,Digital Banking
FDBK01700,EMP0270,2025-12-08,5,0,Digital Banking
FDBK01701,EMP0095,2026-05-22,4,0,Staff Behaviour
FDBK01702,EMP0176,2025-12-25,5,0,Service Quality
FDBK01703,EMP0328,2025-12-24,5,0,Product Satisfaction
FDBK01704,EMP0142,2026-06-28,4,0,Staff Behaviour
FDBK01705,EMP0018,2025-11-22,4,0,Staff Behaviour
FDBK01706,EMP0221,2026-01-05,4,0,Service Quality
FDBK01707,EMP0481,2025-10-05,4,0,Product Satisfaction
FDBK01708,EMP0191,2026-06-17,4,0,Staff Behaviour
FDBK01709,EMP0250,2026-07-10,2,0,Digital Banking
FDBK01710,EMP0327,2026-03-17,5,1,Digital Banking
FDBK01711,EMP0229,2026-06-09,5,1,Staff Behaviour
FDBK01712,EMP0128,2026-03-02,4,0,Service Quality
FDBK01713,EMP0257,2026-04-17,5,1,Staff Behaviour
FDBK01714,EMP0098,2026-02-19,3,0,Complaint Resolution
FDBK01715,EMP0498,2026-04-16,5,0,Complaint Resolution
FDBK01716,EMP0490,2025-12-09,4,0,Complaint Resolution
FDBK01717,EMP0111,2026-01-24,2,0,Product Satisfaction
FDBK01718,EMP0069,2026-01-17,2,0,Product Satisfaction
FDBK01719,EMP0114,2026-09-28,4,1,Product Satisfaction
FDBK01720,EMP0086,2025-12-28,5,0,Product Satisfaction
FDBK01721,EMP0291,2025-11-21,5,0,Staff Behaviour
FDBK01722,EMP0173,2026-09-25,4,2,Digital Banking
FDBK01723,EMP0163,2026-09-24,4,0,Digital Banking
FDBK01724,EMP0338,2026-06-09,5,0,Staff Behaviour
FDBK01725,EMP0120,2026-08-17,5,1,Digital Banking
FDBK01726,EMP0259,2026-04-15,5,0,Staff Behaviour
FDBK01727,EMP0368,2026-08-07,4,0,Service Quality
FDBK01728,EMP0467,2025-11-02,4,0,Staff Behaviour
FDBK01729,EMP0098,2025-12-05,2,1,Complaint Resolution
FDBK01730,EMP0295,2026-02-15,5,0,Product Satisfaction
FDBK01731,EMP0346,2026-01-02,4,2,Staff Behaviour
FDBK01732,EMP0247,2026-08-02,3,3,Complaint Resolution
FDBK01733,EMP0278,2026-05-20,4,0,Product Satisfaction
FDBK01734,EMP0127,2026-01-23,5,1,Staff Behaviour
FDBK01735,EMP0062,2026-07-21,3,0,Staff Behaviour
FDBK01736,EMP0396,2026-09-20,4,0,Staff Behaviour
FDBK01737,EMP0168,2026-02-07,4,0,Product Satisfaction
FDBK01738,EMP0210,2026-08-27,5,0,Digital Banking
FDBK01739,EMP0225,2025-11-22,2,1,Digital Banking
FDBK01740,EMP0374,2026-06-14,5,0,Service Quality
FDBK01741,EMP0221,2026-08-18,5,0,Complaint Resolution
FDBK01742,EMP0264,2025-11-17,2,2,Staff Behaviour
FDBK01743,EMP0058,2026-02-19,4,1,Digital Banking
FDBK01744,EMP0223,2026-05-04,5,0,Digital Banking
FDBK01745,EMP0129,2026-07-27,5,0,Product Satisfaction
FDBK01746,EMP0369,2026-02-11,5,0,Product Satisfaction
FDBK01747,EMP0237,2026-08-11,3,0,Digital Banking
FDBK01748,EMP0032,2026-09-02,4,0,Complaint Resolution
FDBK01749,EMP0153,2025-10-18,3,1,Digital Banking
FDBK01750,EMP0389,2026-05-10,4,1,Digital Banking
FDBK01751,EMP0414,2026-04-25,4,0,Service Quality
FDBK01752,EMP0328,2025-12-04,3,1,Product Satisfaction
FDBK01753,EMP0207,2025-12-26,4,0,Staff Behaviour
FDBK01754,EMP0333,2026-09-01,3,0,Complaint Resolution
FDBK01755,EMP0389,2026-02-19,3,1,Service Quality
FDBK01756,EMP0351,2026-02-03,3,0,Complaint Resolution
FDBK01757,EMP0042,2026-06-16,3,0,Service Quality
FDBK01758,EMP0206,2026-04-04,5,0,Digital Banking
FDBK01759,EMP0066,2026-03-06,1,2,Complaint Resolution
FDBK01760,EMP0303,2026-09-12,4,0,Product Satisfaction
FDBK01761,EMP0075,2026-06-19,5,1,Product Satisfaction
FDBK01762,EMP0271,2026-07-16,5,1,Staff Behaviour
FDBK01763,EMP0071,2026-06-23,3,1,Digital Banking
FDBK01764,EMP0425,2026-05-04,4,0,Digital Banking
FDBK01765,EMP0089,2026-04-15,4,0,Complaint Resolution
FDBK01766,EMP0395,2025-10-13,5,0,Digital Banking
FDBK01767,EMP0334,2026-08-23,5,0,Complaint Resolution
FDBK01768,EMP0200,2026-02-28,3,0,Digital Banking
FDBK01769,EMP0039,2026-06-15,4,0,Digital Banking
FDBK01770,EMP0321,2026-07-20,5,0,Staff Behaviour
FDBK01771,EMP0045,2026-01-23,4,1,Staff Behaviour
FDBK01772,EMP0338,2026-04-10,4,1,Digital Banking
FDBK01773,EMP0449,2026-03-28,4,1,Product Satisfaction
FDBK01774,EMP0499,2026-07-08,5,0,Digital Banking
FDBK01775,EMP0241,2026-02-05,4,1,Complaint Resolution
FDBK01776,EMP0168,2026-04-27,5,0,Service Quality
FDBK01777,EMP0026,2026-03-12,5,1,Staff Behaviour
FDBK01778,EMP0218,2026-02-06,4,0,Complaint Resolution
FDBK01779,EMP0492,2026-06-19,5,1,Service Quality
FDBK01780,EMP0011,2026-01-26,4,1,Product Satisfaction
FDBK01781,EMP0109,2026-01-14,3,0,Complaint Resolution
FDBK01782,EMP0385,2026-01-25,4,1,Digital Banking
FDBK01783,EMP0423,2025-11-23,3,0,Digital Banking
FDBK01784,EMP0022,2025-11-10,5,1,Staff Behaviour
FDBK01785,EMP0466,2025-12-04,4,0,Complaint Resolution
FDBK01786,EMP0097,2026-04-03,4,1,Staff Behaviour
FDBK01787,EMP0295,2025-11-25,4,0,Service Quality
FDBK01788,EMP0194,2026-06-01,2,0,Staff Behaviour
FDBK01789,EMP0297,2026-04-02,3,0,Digital Banking
FDBK01790,EMP0200,2026-07-11,4,1,Service Quality
FDBK01791,EMP0407,2025-11-01,4,1,Staff Behaviour
FDBK01792,EMP0477,2025-11-06,4,1,Complaint Resolution
FDBK01793,EMP0189,2026-03-20,3,0,Service Quality
FDBK01794,EMP0236,2026-01-08,4,0,Complaint Resolution
FDBK01795,EMP0135,2026-06-03,1,1,Staff Behaviour
FDBK01796,EMP0262,2026-03-18,4,0,Product Satisfaction
FDBK01797,EMP0265,2026-05-23,2,1,Service Quality
FDBK01798,EMP0109,2026-06-26,4,1,Service Quality
FDBK01799,EMP0124,2026-01-15,3,1,Digital Banking
FDBK01800,EMP0193,2026-03-01,3,0,Product Satisfaction
FDBK01801,EMP0431,2026-09-23,5,0,Product Satisfaction
FDBK01802,EMP0422,2026-03-01,5,0,Service Quality
FDBK01803,EMP0485,2026-01-01,4,0,Complaint Resolution
FDBK01804,EMP0177,2025-10-16,5,0,Staff Behaviour
FDBK01805,EMP0277,2026-08-22,5,0,Staff Behaviour
FDBK01806,EMP0143,2026-02-12,4,0,Service Quality
FDBK01807,EMP0011,2026-06-26,3,0,Product Satisfaction
FDBK01808,EMP0423,2026-09-06,4,1,Staff Behaviour
FDBK01809,EMP0459,2025-11-01,5,1,Digital Banking
FDBK01810,EMP0448,2026-01-14,2,0,Digital Banking
FDBK01811,EMP0280,2026-07-21,3,0,Digital Banking
FDBK01812,EMP0297,2026-07-11,4,1,Service Quality
FDBK01813,EMP0177,2026-09-06,5,1,Product Satisfaction
FDBK01814,EMP0214,2026-06-19,4,0,Product Satisfaction
FDBK01815,EMP0285,2026-06-13,4,0,Digital Banking
FDBK01816,EMP0214,2026-08-13,4,0,Digital Banking
FDBK01817,EMP0368,2026-01-21,2,3,Digital Banking
FDBK01818,EMP0131,2026-03-28,4,0,Staff Behaviour
FDBK01819,EMP0107,2025-10-18,2,0,Staff Behaviour
FDBK01820,EMP0237,2026-02-05,5,0,Complaint Resolution
FDBK01821,EMP0427,2026-06-17,4,1,Product Satisfaction
FDBK01822,EMP0081,2026-06-05,4,1,Product Satisfaction
FDBK01823,EMP0238,2026-03-03,5,1,Staff Behaviour
FDBK01824,EMP0303,2026-02-14,2,1,Staff Behaviour
FDBK01825,EMP0017,2026-04-07,5,0,Product Satisfaction
FDBK01826,EMP0306,2026-07-27,5,0,Digital Banking
FDBK01827,EMP0383,2026-05-18,5,0,Staff Behaviour
FDBK01828,EMP0086,2026-01-22,4,0,Product Satisfaction
FDBK01829,EMP0270,2026-09-20,4,0,Service Quality
FDBK01830,EMP0353,2026-05-09,4,0,Digital Banking
FDBK01831,EMP0437,2026-04-20,3,1,Service Quality
FDBK01832,EMP0445,2026-08-28,4,3,Staff Behaviour
FDBK01833,EMP0157,2026-05-11,4,0,Staff Behaviour
FDBK01834,EMP0480,2025-11-15,3,2,Product Satisfaction
FDBK01835,EMP0202,2026-06-18,4,1,Digital Banking
FDBK01836,EMP0081,2026-04-07,5,0,Complaint Resolution
FDBK01837,EMP0178,2026-05-17,5,0,Service Quality
FDBK01838,EMP0276,2026-08-13,4,0,Digital Banking
FDBK01839,EMP0124,2026-05-27,4,0,Staff Behaviour
FDBK01840,EMP0278,2025-12-28,1,0,Product Satisfaction
FDBK01841,EMP0377,2025-11-18,3,0,Product Satisfaction
FDBK01842,EMP0195,2026-01-07,4,0,Complaint Resolution
FDBK01843,EMP0067,2026-03-26,4,2,Staff Behaviour
FDBK01844,EMP0196,2026-01-14,5,0,Complaint Resolution
FDBK01845,EMP0089,2026-05-01,5,1,Service Quality
FDBK01846,EMP0105,2025-10-09,5,0,Staff Behaviour
FDBK01847,EMP0357,2026-01-28,2,1,Staff Behaviour
FDBK01848,EMP0118,2025-11-12,5,0,Service Quality
FDBK01849,EMP0232,2025-10-17,5,1,Digital Banking
FDBK01850,EMP0315,2025-12-18,5,0,Service Quality
FDBK01851,EMP0006,2026-02-15,4,3,Digital Banking
FDBK01852,EMP0486,2025-11-13,4,0,Complaint Resolution
FDBK01853,EMP0033,2026-05-07,3,3,Staff Behaviour
FDBK01854,EMP0063,2026-04-04,5,0,Service Quality
FDBK01855,EMP0203,2026-06-10,5,1,Product Satisfaction
FDBK01856,EMP0369,2026-09-23,5,1,Service Quality
FDBK01857,EMP0429,2026-05-04,4,0,Digital Banking
FDBK01858,EMP0049,2025-10-26,3,0,Complaint Resolution
FDBK01859,EMP0135,2026-07-01,4,0,Staff Behaviour
FDBK01860,EMP0057,2025-10-02,4,1,Complaint Resolution
FDBK01861,EMP0016,2025-12-08,4,0,Staff Behaviour
FDBK01862,EMP0140,2026-03-14,3,2,Digital Banking
FDBK01863,EMP0309,2025-11-05,5,1,Staff Behaviour
FDBK01864,EMP0396,2025-11-15,4,0,Digital Banking
FDBK01865,EMP0298,2026-08-23,3,0,Staff Behaviour
FDBK01866,EMP0017,2026-08-27,5,0,Product Satisfaction
FDBK01867,EMP0120,2026-05-27,3,0,Complaint Resolution
FDBK01868,EMP0497,2026-05-05,5,0,Staff Behaviour
FDBK01869,EMP0267,2026-09-24,5,0,Complaint Resolution
FDBK01870,EMP0457,2026-06-10,2,1,Product Satisfaction
FDBK01871,EMP0127,2026-07-20,5,1,Complaint Resolution
FDBK01872,EMP0139,2025-10-16,3,0,Staff Behaviour
FDBK01873,EMP0471,2025-11-11,4,0,Service Quality
FDBK01874,EMP0238,2026-05-03,4,1,Service Quality
FDBK01875,EMP0026,2026-07-08,5,1,Product Satisfaction
FDBK01876,EMP0150,2026-06-27,5,1,Staff Behaviour
FDBK01877,EMP0111,2026-03-04,4,0,Digital Banking
FDBK01878,EMP0341,2026-03-14,2,0,Complaint Resolution
FDBK01879,EMP0396,2026-05-05,4,1,Digital Banking
FDBK01880,EMP0180,2026-01-14,3,0,Digital Banking
FDBK01881,EMP0491,2025-10-07,5,1,Product Satisfaction
FDBK01882,EMP0398,2025-12-21,1,0,Product Satisfaction
FDBK01883,EMP0248,2026-09-01,2,0,Digital Banking
FDBK01884,EMP0003,2025-11-21,5,0,Product Satisfaction
FDBK01885,EMP0088,2026-03-15,2,0,Complaint Resolution
FDBK01886,EMP0290,2026-09-26,4,0,Product Satisfaction
FDBK01887,EMP0419,2026-05-13,5,1,Complaint Resolution
FDBK01888,EMP0387,2025-12-27,4,0,Staff Behaviour
FDBK01889,EMP0254,2026-02-08,4,1,Service Quality
FDBK01890,EMP0454,2026-01-04,5,0,Product Satisfaction
FDBK01891,EMP0166,2025-10-11,5,0,Complaint Resolution
FDBK01892,EMP0400,2026-09-20,4,0,Staff Behaviour
FDBK01893,EMP0042,2026-05-02,4,0,Digital Banking
FDBK01894,EMP0315,2026-09-24,4,0,Service Quality
FDBK01895,EMP0442,2025-11-25,3,2,Complaint Resolution
FDBK01896,EMP0333,2026-02-17,4,0,Staff Behaviour
FDBK01897,EMP0442,2026-04-14,4,0,Staff Behaviour
FDBK01898,EMP0012,2026-07-28,5,0,Complaint Resolution
FDBK01899,EMP0468,2026-06-10,4,1,Product Satisfaction
FDBK01900,EMP0359,2026-09-12,5,0,Product Satisfaction
FDBK01901,EMP0178,2026-04-24,5,0,Digital Banking
FDBK01902,EMP0421,2025-10-26,1,2,Complaint Resolution
FDBK01903,EMP0321,2026-06-14,2,0,Staff Behaviour
FDBK01904,EMP0286,2025-11-17,4,0,Complaint Resolution
FDBK01905,EMP0088,2026-02-27,5,1,Staff Behaviour
FDBK01906,EMP0058,2025-11-06,3,0,Digital Banking
FDBK01907,EMP0220,2026-06-13,4,0,Service Quality
FDBK01908,EMP0023,2025-10-22,3,0,Digital Banking
FDBK01909,EMP0483,2026-07-20,4,1,Digital Banking
FDBK01910,EMP0041,2026-03-10,4,0,Digital Banking
FDBK01911,EMP0190,2026-01-20,4,0,Product Satisfaction
FDBK01912,EMP0442,2026-04-24,3,0,Complaint Resolution
FDBK01913,EMP0025,2026-02-05,4,0,Staff Behaviour
FDBK01914,EMP0140,2025-10-25,2,0,Digital Banking
FDBK01915,EMP0153,2025-11-14,4,0,Digital Banking
FDBK01916,EMP0413,2026-05-19,5,0,Staff Behaviour
FDBK01917,EMP0437,2026-02-07,2,1,Complaint Resolution
FDBK01918,EMP0410,2026-04-21,3,1,Digital Banking
FDBK01919,EMP0363,2026-06-24,5,0,Complaint Resolution
FDBK01920,EMP0108,2026-05-17,5,0,Service Quality
FDBK01921,EMP0017,2026-07-16,4,0,Complaint Resolution
FDBK01922,EMP0371,2025-12-05,5,0,Digital Banking
FDBK01923,EMP0156,2026-06-15,3,0,Complaint Resolution
FDBK01924,EMP0292,2025-11-25,4,1,Product Satisfaction
FDBK01925,EMP0031,2025-11-20,4,0,Product Satisfaction
FDBK01926,EMP0025,2026-02-03,4,0,Digital Banking
FDBK01927,EMP0023,2026-07-27,4,1,Complaint Resolution
FDBK01928,EMP0495,2025-11-21,4,0,Product Satisfaction
FDBK01929,EMP0131,2026-07-14,4,0,Product Satisfaction
FDBK01930,EMP0212,2026-02-26,2,0,Digital Banking
FDBK01931,EMP0370,2025-10-15,4,0,Service Quality
FDBK01932,EMP0462,2026-03-14,5,0,Staff Behaviour
FDBK01933,EMP0417,2026-02-10,4,0,Product Satisfaction
FDBK01934,EMP0187,2026-08-26,4,0,Product Satisfaction
FDBK01935,EMP0405,2026-02-08,5,0,Staff Behaviour
FDBK01936,EMP0295,2026-08-05,4,2,Complaint Resolution
FDBK01937,EMP0367,2025-11-10,5,0,Product Satisfaction
FDBK01938,EMP0328,2026-05-10,4,0,Complaint Resolution
FDBK01939,EMP0002,2026-04-28,5,0,Digital Banking
FDBK01940,EMP0039,2026-07-08,1,1,Product Satisfaction
FDBK01941,EMP0434,2026-04-13,3,0,Staff Behaviour
FDBK01942,EMP0096,2026-01-13,4,0,Staff Behaviour
FDBK01943,EMP0049,2026-08-12,2,0,Complaint Resolution
FDBK01944,EMP0348,2026-05-04,4,0,Complaint Resolution
FDBK01945,EMP0221,2026-09-17,4,0,Digital Banking
FDBK01946,EMP0071,2026-05-18,4,1,Complaint Resolution
FDBK01947,EMP0031,2025-10-06,4,0,Staff Behaviour
FDBK01948,EMP0236,2026-07-08,3,1,Complaint Resolution
FDBK01949,EMP0404,2026-04-23,2,1,Digital Banking
FDBK01950,EMP0342,2026-04-10,4,0,Digital Banking
FDBK01951,EMP0165,2025-12-01,4,0,Staff Behaviour
FDBK01952,EMP0080,2026-09-20,4,0,Digital Banking
FDBK01953,EMP0100,2026-05-07,4,0,Complaint Resolution
FDBK01954,EMP0141,2026-06-22,5,1,Complaint Resolution
FDBK01955,EMP0352,2026-01-25,3,0,Complaint Resolution
FDBK01956,EMP0029,2026-06-04,4,0,Product Satisfaction
FDBK01957,EMP0145,2026-02-20,4,0,Complaint Resolution
FDBK01958,EMP0476,2026-03-02,5,0,Complaint Resolution
FDBK01959,EMP0102,2026-08-07,1,1,Complaint Resolution
FDBK01960,EMP0215,2026-01-03,4,1,Staff Behaviour
FDBK01961,EMP0407,2026-02-14,5,0,Staff Behaviour
FDBK01962,EMP0011,2026-02-08,5,0,Complaint Resolution
FDBK01963,EMP0481,2026-04-08,4,0,Service Quality
FDBK01964,EMP0229,2025-10-10,2,1,Service Quality
FDBK01965,EMP0265,2026-07-16,5,0,Digital Banking
FDBK01966,EMP0274,2026-08-25,4,1,Staff Behaviour
FDBK01967,EMP0426,2026-06-13,2,1,Product Satisfaction
FDBK01968,EMP0341,2026-08-17,1,0,Service Quality
FDBK01969,EMP0175,2026-07-04,1,2,Digital Banking
FDBK01970,EMP0041,2025-10-12,5,1,Product Satisfaction
FDBK01971,EMP0158,2026-01-28,5,1,Product Satisfaction
FDBK01972,EMP0095,2025-11-10,3,0,Digital Banking
FDBK01973,EMP0171,2026-02-27,5,0,Digital Banking
FDBK01974,EMP0328,2026-06-27,5,0,Service Quality
FDBK01975,EMP0265,2026-08-03,2,0,Product Satisfaction
FDBK01976,EMP0121,2025-12-25,4,0,Staff Behaviour
FDBK01977,EMP0098,2025-10-23,3,0,Staff Behaviour
FDBK01978,EMP0359,2026-07-17,5,1,Staff Behaviour
FDBK01979,EMP0166,2025-10-14,3,0,Service Quality
FDBK01980,EMP0468,2026-01-11,4,0,Complaint Resolution
FDBK01981,EMP0057,2026-01-21,2,0,Service Quality
FDBK01982,EMP0390,2026-02-10,5,1,Complaint Resolution
FDBK01983,EMP0290,2026-06-09,4,2,Product Satisfaction
FDBK01984,EMP0140,2026-04-01,2,1,Staff Behaviour
FDBK01985,EMP0119,2026-01-11,5,0,Service Quality
FDBK01986,EMP0155,2025-10-08,2,1,Staff Behaviour
FDBK01987,EMP0044,2026-03-06,2,1,Product Satisfaction
FDBK01988,EMP0185,2026-06-24,5,1,Digital Banking
FDBK01989,EMP0041,2026-09-10,5,0,Service Quality
FDBK01990,EMP0078,2025-10-26,5,0,Complaint Resolution
FDBK01991,EMP0222,2026-09-12,3,1,Staff Behaviour
FDBK01992,EMP0007,2026-09-02,4,0,Staff Behaviour
FDBK01993,EMP0152,2026-08-20,4,0,Complaint Resolution
FDBK01994,EMP0210,2026-02-19,5,0,Staff Behaviour
FDBK01995,EMP0134,2025-11-14,4,1,Service Quality
FDBK01996,EMP0376,2026-07-01,3,1,Service Quality
FDBK01997,EMP0392,2026-05-10,4,0,Complaint Resolution
FDBK01998,EMP0218,2026-01-13,4,0,Digital Banking
FDBK01999,EMP0206,2026-05-14,5,1,Digital Banking
FDBK02000,EMP0257,2026-04-12,3,0,Service Quality
FDBK02001,EMP0132,2025-12-17,4,0,Staff Behaviour
FDBK02002,EMP0125,2026-04-04,4,0,Staff Behaviour
FDBK02003,EMP0053,2026-03-24,5,0,Staff Behaviour
FDBK02004,EMP0405,2026-08-03,4,1,Complaint Resolution
FDBK02005,EMP0203,2026-09-03,4,1,Complaint Resolution
FDBK02006,EMP0166,2026-03-17,5,0,Digital Banking
FDBK02007,EMP0116,2026-01-14,5,0,Staff Behaviour
FDBK02008,EMP0102,2026-04-09,4,0,Product Satisfaction
FDBK02009,EMP0376,2026-08-08,5,0,Product Satisfaction
FDBK02010,EMP0020,2026-09-21,5,0,Digital Banking
FDBK02011,EMP0123,2026-08-21,4,2,Service Quality
FDBK02012,EMP0113,2025-11-24,5,0,Digital Banking
FDBK02013,EMP0267,2026-05-07,5,0,Complaint Resolution
FDBK02014,EMP0234,2026-01-06,5,1,Product Satisfaction
FDBK02015,EMP0321,2026-07-11,5,0,Product Satisfaction
FDBK02016,EMP0332,2026-03-27,3,0,Service Quality
FDBK02017,EMP0329,2025-10-05,3,1,Product Satisfaction
FDBK02018,EMP0162,2026-06-11,5,3,Product Satisfaction
FDBK02019,EMP0240,2026-07-07,4,0,Service Quality
FDBK02020,EMP0267,2026-01-23,2,0,Service Quality
FDBK02021,EMP0395,2026-07-11,5,0,Digital Banking
FDBK02022,EMP0313,2026-05-02,4,0,Complaint Resolution
FDBK02023,EMP0156,2025-11-19,3,0,Digital Banking
FDBK02024,EMP0163,2025-11-09,2,0,Product Satisfaction
FDBK02025,EMP0499,2025-12-17,4,0,Complaint Resolution
FDBK02026,EMP0034,2026-04-08,4,0,Complaint Resolution
FDBK02027,EMP0253,2025-11-15,3,1,Service Quality
FDBK02028,EMP0110,2025-11-18,1,0,Staff Behaviour
FDBK02029,EMP0472,2026-05-27,4,2,Complaint Resolution
FDBK02030,EMP0167,2026-08-28,4,1,Complaint Resolution
FDBK02031,EMP0068,2026-04-13,5,0,Service Quality
FDBK02032,EMP0351,2026-06-10,3,0,Staff Behaviour
FDBK02033,EMP0277,2026-07-16,3,0,Staff Behaviour
FDBK02034,EMP0389,2025-11-15,4,0,Service Quality
FDBK02035,EMP0462,2026-09-11,5,0,Product Satisfaction
FDBK02036,EMP0355,2026-03-03,5,0,Staff Behaviour
FDBK02037,EMP0115,2026-02-17,4,1,Digital Banking
FDBK02038,EMP0052,2026-06-21,4,1,Product Satisfaction
FDBK02039,EMP0340,2026-02-12,1,0,Staff Behaviour
FDBK02040,EMP0226,2026-06-19,4,1,Digital Banking
FDBK02041,EMP0350,2025-10-10,4,0,Staff Behaviour
FDBK02042,EMP0114,2025-12-25,4,0,Complaint Resolution
FDBK02043,EMP0272,2026-07-24,2,0,Staff Behaviour
FDBK02044,EMP0267,2025-11-26,5,0,Staff Behaviour
FDBK02045,EMP0365,2025-11-28,4,1,Service Quality
FDBK02046,EMP0120,2026-09-28,5,0,Product Satisfaction
FDBK02047,EMP0174,2026-07-24,4,0,Complaint Resolution
FDBK02048,EMP0174,2026-09-14,5,0,Staff Behaviour
FDBK02049,EMP0003,2026-03-06,4,1,Service Quality
FDBK02050,EMP0079,2026-09-10,4,2,Complaint Resolution
FDBK02051,EMP0237,2025-10-19,4,0,Complaint Resolution
FDBK02052,EMP0152,2026-05-26,3,2,Service Quality
FDBK02053,EMP0043,2026-04-11,5,2,Product Satisfaction
FDBK02054,EMP0235,2026-02-14,4,2,Digital Banking
FDBK02055,EMP0150,2026-07-10,4,1,Digital Banking
FDBK02056,EMP0310,2025-10-21,4,0,Product Satisfaction
FDBK02057,EMP0187,2026-07-05,3,0,Product Satisfaction
FDBK02058,EMP0328,2026-03-17,4,0,Service Quality
FDBK02059,EMP0188,2026-06-19,5,0,Product Satisfaction
FDBK02060,EMP0249,2025-12-18,1,0,Staff Behaviour
FDBK02061,EMP0223,2025-12-05,4,0,Service Quality
FDBK02062,EMP0247,2025-11-18,3,0,Complaint Resolution
FDBK02063,EMP0175,2025-10-14,4,1,Staff Behaviour
FDBK02064,EMP0389,2026-05-05,2,0,Service Quality
FDBK02065,EMP0037,2025-11-01,2,0,Product Satisfaction
FDBK02066,EMP0062,2026-04-16,5,0,Staff Behaviour
FDBK02067,EMP0010,2026-04-17,4,0,Digital Banking
FDBK02068,EMP0033,2026-09-01,4,0,Complaint Resolution
FDBK02069,EMP0181,2026-08-11,4,0,Staff Behaviour
FDBK02070,EMP0178,2026-07-20,3,2,Service Quality
FDBK02071,EMP0231,2026-03-05,4,0,Digital Banking
FDBK02072,EMP0473,2026-01-01,5,2,Complaint Resolution
FDBK02073,EMP0266,2026-01-21,5,0,Staff Behaviour
FDBK02074,EMP0124,2026-09-21,4,0,Complaint Resolution
FDBK02075,EMP0403,2025-10-25,2,2,Complaint Resolution
FDBK02076,EMP0107,2025-11-28,5,0,Complaint Resolution
FDBK02077,EMP0495,2026-02-21,3,1,Digital Banking
FDBK02078,EMP0129,2026-04-03,4,0,Complaint Resolution
FDBK02079,EMP0093,2026-07-13,1,0,Staff Behaviour
FDBK02080,EMP0428,2025-11-04,4,0,Staff Behaviour
FDBK02081,EMP0307,2026-02-05,4,2,Product Satisfaction
FDBK02082,EMP0101,2026-02-13,4,0,Staff Behaviour
FDBK02083,EMP0116,2025-11-12,4,0,Staff Behaviour
FDBK02084,EMP0176,2026-04-06,2,0,Digital Banking
FDBK02085,EMP0104,2026-03-28,2,0,Digital Banking
FDBK02086,EMP0489,2026-05-04,4,0,Staff Behaviour
FDBK02087,EMP0146,2026-09-28,3,0,Complaint Resolution
FDBK02088,EMP0407,2026-07-13,3,0,Service Quality
FDBK02089,EMP0262,2026-06-02,5,0,Product Satisfaction
FDBK02090,EMP0009,2025-12-06,3,0,Service Quality
FDBK02091,EMP0238,2025-12-24,3,1,Product Satisfaction
FDBK02092,EMP0491,2026-06-04,1,0,Staff Behaviour
FDBK02093,EMP0190,2025-12-01,5,0,Product Satisfaction
FDBK02094,EMP0250,2026-04-25,4,1,Product Satisfaction
FDBK02095,EMP0031,2026-07-15,4,0,Complaint Resolution
FDBK02096,EMP0142,2026-02-28,3,2,Service Quality
FDBK02097,EMP0477,2026-09-03,4,3,Complaint Resolution
FDBK02098,EMP0326,2026-02-24,5,0,Complaint Resolution
FDBK02099,EMP0184,2026-09-17,3,1,Staff Behaviour
FDBK02100,EMP0294,2025-10-05,4,3,Staff Behaviour
FDBK02101,EMP0142,2026-03-06,4,1,Service Quality
FDBK02102,EMP0459,2026-09-12,2,1,Digital Banking
FDBK02103,EMP0035,2026-09-14,5,0,Digital Banking
FDBK02104,EMP0081,2025-11-11,5,0,Product Satisfaction
FDBK02105,EMP0093,2026-01-07,5,0,Product Satisfaction
FDBK02106,EMP0070,2026-01-23,1,2,Service Quality
FDBK02107,EMP0492,2026-07-22,3,0,Product Satisfaction
FDBK02108,EMP0421,2026-04-12,5,1,Complaint Resolution
FDBK02109,EMP0394,2025-11-24,4,0,Service Quality
FDBK02110,EMP0239,2026-05-02,4,1,Complaint Resolution
FDBK02111,EMP0465,2026-01-23,4,1,Digital Banking
FDBK02112,EMP0436,2026-04-05,2,1,Staff Behaviour
FDBK02113,EMP0481,2026-06-12,3,0,Staff Behaviour
FDBK02114,EMP0276,2025-11-19,4,3,Digital Banking
FDBK02115,EMP0433,2026-05-24,4,0,Digital Banking
FDBK02116,EMP0099,2026-02-17,4,0,Complaint Resolution
FDBK02117,EMP0047,2026-08-01,5,1,Staff Behaviour
FDBK02118,EMP0167,2026-02-27,5,0,Product Satisfaction
FDBK02119,EMP0393,2025-12-22,4,0,Digital Banking
FDBK02120,EMP0152,2025-12-08,5,0,Staff Behaviour
FDBK02121,EMP0223,2026-04-01,2,0,Staff Behaviour
FDBK02122,EMP0177,2026-06-14,4,0,Complaint Resolution
FDBK02123,EMP0269,2025-11-23,5,0,Product Satisfaction
FDBK02124,EMP0471,2026-01-28,4,0,Digital Banking
FDBK02125,EMP0177,2025-11-13,3,0,Complaint Resolution
FDBK02126,EMP0002,2025-11-12,2,0,Staff Behaviour
FDBK02127,EMP0070,2026-06-20,4,1,Staff Behaviour
FDBK02128,EMP0062,2026-02-04,4,1,Digital Banking
FDBK02129,EMP0440,2026-09-02,4,0,Staff Behaviour
FDBK02130,EMP0078,2026-02-28,4,0,Service Quality
FDBK02131,EMP0139,2025-10-22,4,0,Complaint Resolution
FDBK02132,EMP0062,2025-11-09,5,2,Complaint Resolution
FDBK02133,EMP0400,2026-02-21,1,0,Complaint Resolution
FDBK02134,EMP0435,2026-07-24,4,0,Service Quality
FDBK02135,EMP0207,2025-10-01,4,0,Staff Behaviour
FDBK02136,EMP0089,2025-11-22,4,2,Service Quality
FDBK02137,EMP0093,2026-03-07,3,1,Service Quality
FDBK02138,EMP0007,2025-10-15,4,0,Staff Behaviour
FDBK02139,EMP0052,2026-07-11,4,0,Staff Behaviour
FDBK02140,EMP0077,2026-01-16,5,0,Service Quality
FDBK02141,EMP0111,2026-04-16,5,1,Complaint Resolution
FDBK02142,EMP0233,2026-06-11,5,1,Service Quality
FDBK02143,EMP0132,2026-01-01,4,1,Product Satisfaction
FDBK02144,EMP0423,2026-05-26,3,0,Complaint Resolution
FDBK02145,EMP0262,2025-10-27,5,0,Complaint Resolution
FDBK02146,EMP0425,2025-10-05,5,0,Service Quality
FDBK02147,EMP0289,2026-07-23,4,0,Complaint Resolution
FDBK02148,EMP0377,2026-03-07,5,0,Digital Banking
FDBK02149,EMP0248,2026-03-13,3,1,Digital Banking
FDBK02150,EMP0136,2026-01-14,5,2,Product Satisfaction
FDBK02151,EMP0145,2025-10-15,2,0,Digital Banking
FDBK02152,EMP0456,2026-01-11,4,0,Staff Behaviour
FDBK02153,EMP0278,2026-05-28,2,1,Complaint Resolution
FDBK02154,EMP0370,2025-12-08,4,0,Staff Behaviour
FDBK02155,EMP0298,2026-08-19,4,0,Digital Banking
FDBK02156,EMP0444,2025-12-11,2,0,Product Satisfaction
FDBK02157,EMP0326,2026-06-27,5,0,Staff Behaviour
FDBK02158,EMP0040,2026-03-18,4,0,Product Satisfaction
FDBK02159,EMP0353,2025-10-06,2,2,Service Quality
FDBK02160,EMP0394,2026-09-21,4,0,Digital Banking
FDBK02161,EMP0159,2026-07-17,5,0,Digital Banking
FDBK02162,EMP0430,2025-12-26,3,2,Complaint Resolution
FDBK02163,EMP0335,2026-03-25,3,0,Staff Behaviour
FDBK02164,EMP0451,2025-12-13,4,0,Service Quality
FDBK02165,EMP0045,2026-06-17,3,0,Service Quality
FDBK02166,EMP0347,2025-11-02,4,1,Complaint Resolution
FDBK02167,EMP0089,2026-09-13,2,0,Service Quality
FDBK02168,EMP0223,2026-06-04,4,1,Staff Behaviour
FDBK02169,EMP0250,2025-10-05,4,0,Product Satisfaction
FDBK02170,EMP0344,2026-08-16,4,0,Staff Behaviour
FDBK02171,EMP0401,2025-10-19,5,0,Service Quality
FDBK02172,EMP0261,2026-07-14,4,0,Product Satisfaction
FDBK02173,EMP0128,2026-01-14,5,0,Digital Banking
FDBK02174,EMP0408,2026-04-26,4,0,Staff Behaviour
FDBK02175,EMP0098,2026-02-08,2,0,Product Satisfaction
FDBK02176,EMP0108,2026-06-14,4,0,Service Quality
FDBK02177,EMP0134,2026-05-25,3,1,Product Satisfaction
FDBK02178,EMP0067,2025-12-15,3,0,Digital Banking
FDBK02179,EMP0096,2026-04-22,3,0,Digital Banking
FDBK02180,EMP0162,2026-04-20,4,0,Digital Banking
FDBK02181,EMP0206,2025-12-28,3,0,Staff Behaviour
FDBK02182,EMP0072,2026-08-01,5,0,Complaint Resolution
FDBK02183,EMP0063,2026-05-07,4,0,Product Satisfaction
FDBK02184,EMP0193,2025-12-05,3,0,Staff Behaviour
FDBK02185,EMP0136,2025-12-14,5,0,Service Quality
FDBK02186,EMP0300,2025-10-17,5,0,Digital Banking
FDBK02187,EMP0336,2026-09-02,4,0,Staff Behaviour
FDBK02188,EMP0118,2026-03-05,5,0,Staff Behaviour
FDBK02189,EMP0318,2026-05-17,5,0,Product Satisfaction
FDBK02190,EMP0093,2026-09-21,5,1,Digital Banking
FDBK02191,EMP0179,2026-02-15,3,1,Digital Banking
FDBK02192,EMP0445,2026-09-08,3,2,Product Satisfaction
FDBK02193,EMP0439,2026-02-05,1,1,Digital Banking
FDBK02194,EMP0334,2025-12-19,5,0,Product Satisfaction
FDBK02195,EMP0045,2026-03-23,5,0,Product Satisfaction
FDBK02196,EMP0105,2026-07-11,4,0,Service Quality
FDBK02197,EMP0445,2026-03-15,4,0,Digital Banking
FDBK02198,EMP0189,2026-08-24,4,1,Product Satisfaction
FDBK02199,EMP0341,2026-06-19,3,0,Product Satisfaction
FDBK02200,EMP0479,2025-12-11,4,0,Staff Behaviour
FDBK02201,EMP0105,2026-09-14,3,0,Staff Behaviour
FDBK02202,EMP0443,2026-04-05,5,0,Product Satisfaction
FDBK02203,EMP0424,2026-01-10,5,0,Staff Behaviour
FDBK02204,EMP0355,2026-09-19,4,0,Complaint Resolution
FDBK02205,EMP0020,2026-07-24,4,0,Digital Banking
FDBK02206,EMP0342,2026-01-28,5,0,Digital Banking
FDBK02207,EMP0126,2025-12-27,1,2,Product Satisfaction
FDBK02208,EMP0393,2026-02-20,5,1,Product Satisfaction
FDBK02209,EMP0213,2025-10-02,4,0,Product Satisfaction
FDBK02210,EMP0191,2026-07-15,4,1,Digital Banking
FDBK02211,EMP0232,2025-11-28,3,0,Service Quality
FDBK02212,EMP0423,2026-08-11,4,2,Digital Banking
FDBK02213,EMP0488,2025-12-18,5,1,Service Quality
FDBK02214,EMP0151,2026-03-27,4,0,Service Quality
FDBK02215,EMP0131,2026-05-28,3,0,Complaint Resolution
FDBK02216,EMP0169,2026-04-27,1,0,Staff Behaviour
FDBK02217,EMP0009,2026-08-06,5,0,Service Quality
FDBK02218,EMP0290,2025-12-21,5,0,Product Satisfaction
FDBK02219,EMP0094,2026-09-01,5,0,Service Quality
FDBK02220,EMP0094,2026-04-28,1,0,Complaint Resolution
FDBK02221,EMP0265,2026-04-27,4,0,Staff Behaviour
FDBK02222,EMP0396,2026-03-26,5,1,Digital Banking
FDBK02223,EMP0220,2026-06-11,3,2,Complaint Resolution
FDBK02224,EMP0314,2026-02-14,5,0,Staff Behaviour
FDBK02225,EMP0472,2025-10-09,4,0,Product Satisfaction
FDBK02226,EMP0284,2026-07-01,4,0,Complaint Resolution
FDBK02227,EMP0426,2026-02-26,5,0,Complaint Resolution
FDBK02228,EMP0147,2026-01-23,5,0,Service Quality
FDBK02229,EMP0181,2026-04-20,5,1,Product Satisfaction
FDBK02230,EMP0209,2026-03-12,4,0,Product Satisfaction
FDBK02231,EMP0328,2026-07-03,3,0,Complaint Resolution
FDBK02232,EMP0015,2026-04-14,4,0,Product Satisfaction
FDBK02233,EMP0180,2026-05-12,2,0,Product Satisfaction
FDBK02234,EMP0224,2026-06-07,5,1,Complaint Resolution
FDBK02235,EMP0300,2026-02-17,4,1,Complaint Resolution
FDBK02236,EMP0046,2025-10-13,5,1,Service Quality
FDBK02237,EMP0488,2026-09-24,4,0,Complaint Resolution
FDBK02238,EMP0491,2026-05-23,5,0,Product Satisfaction
FDBK02239,EMP0309,2026-07-15,3,0,Service Quality
FDBK02240,EMP0089,2026-02-08,5,0,Complaint Resolution
FDBK02241,EMP0304,2026-09-10,5,0,Digital Banking
FDBK02242,EMP0400,2026-02-19,5,1,Complaint Resolution
FDBK02243,EMP0104,2026-04-09,5,1,Staff Behaviour
FDBK02244,EMP0348,2025-11-13,4,0,Service Quality
FDBK02245,EMP0472,2026-08-06,5,1,Product Satisfaction
FDBK02246,EMP0078,2026-05-16,5,0,Staff Behaviour
FDBK02247,EMP0296,2026-07-20,3,1,Complaint Resolution
FDBK02248,EMP0213,2026-02-17,5,1,Staff Behaviour
FDBK02249,EMP0261,2025-10-11,4,0,Service Quality
FDBK02250,EMP0195,2025-10-23,5,2,Product Satisfaction
FDBK02251,EMP0059,2026-08-04,4,0,Complaint Resolution
FDBK02252,EMP0439,2026-07-08,4,0,Digital Banking
FDBK02253,EMP0449,2025-12-13,5,0,Digital Banking
FDBK02254,EMP0409,2026-06-03,2,2,Service Quality
FDBK02255,EMP0106,2026-06-07,2,0,Staff Behaviour
FDBK02256,EMP0379,2026-04-17,3,0,Staff Behaviour
FDBK02257,EMP0239,2026-05-18,4,0,Service Quality
FDBK02258,EMP0146,2026-08-19,3,0,Product Satisfaction
FDBK02259,EMP0164,2026-08-08,3,0,Complaint Resolution
FDBK02260,EMP0451,2025-10-04,3,0,Service Quality
FDBK02261,EMP0496,2026-02-20,4,3,Digital Banking
FDBK02262,EMP0247,2026-06-19,3,0,Product Satisfaction
FDBK02263,EMP0218,2025-12-10,4,0,Service Quality
FDBK02264,EMP0134,2026-04-09,3,0,Service Quality
FDBK02265,EMP0121,2025-11-18,2,1,Digital Banking
FDBK02266,EMP0312,2026-05-23,5,0,Digital Banking
FDBK02267,EMP0333,2025-11-02,4,0,Service Quality
FDBK02268,EMP0243,2026-05-22,5,0,Digital Banking
FDBK02269,EMP0053,2026-04-22,4,0,Complaint Resolution
FDBK02270,EMP0393,2026-07-11,4,0,Complaint Resolution
FDBK02271,EMP0438,2025-12-25,1,1,Digital Banking
FDBK02272,EMP0374,2025-12-26,4,1,Service Quality
FDBK02273,EMP0254,2026-05-10,4,0,Product Satisfaction
FDBK02274,EMP0441,2026-07-24,1,0,Complaint Resolution
FDBK02275,EMP0208,2026-01-01,4,0,Product Satisfaction
FDBK02276,EMP0053,2026-06-12,4,0,Product Satisfaction
FDBK02277,EMP0186,2026-01-11,1,1,Digital Banking
FDBK02278,EMP0175,2026-02-16,5,0,Staff Behaviour
FDBK02279,EMP0325,2026-08-10,5,0,Product Satisfaction
FDBK02280,EMP0288,2026-04-12,5,0,Product Satisfaction
FDBK02281,EMP0478,2026-04-03,4,0,Service Quality
FDBK02282,EMP0116,2026-09-08,3,0,Service Quality
FDBK02283,EMP0059,2026-09-24,4,0,Service Quality
FDBK02284,EMP0066,2025-10-05,5,0,Digital Banking
FDBK02285,EMP0105,2026-09-08,4,1,Service Quality
FDBK02286,EMP0442,2025-11-07,4,3,Digital Banking
FDBK02287,EMP0445,2026-04-21,5,0,Staff Behaviour
FDBK02288,EMP0033,2026-04-14,4,1,Product Satisfaction
FDBK02289,EMP0221,2026-01-20,2,0,Digital Banking
FDBK02290,EMP0275,2026-07-09,1,0,Digital Banking
FDBK02291,EMP0014,2025-12-21,5,0,Service Quality
FDBK02292,EMP0116,2025-11-13,5,0,Product Satisfaction
FDBK02293,EMP0269,2026-05-07,5,0,Staff Behaviour
FDBK02294,EMP0086,2026-06-21,3,3,Service Quality
FDBK02295,EMP0285,2026-03-13,4,1,Service Quality
FDBK02296,EMP0347,2026-07-28,4,0,Staff Behaviour
FDBK02297,EMP0051,2025-11-08,4,0,Staff Behaviour
FDBK02298,EMP0317,2026-04-21,4,0,Complaint Resolution
FDBK02299,EMP0196,2026-09-11,3,0,Service Quality
FDBK02300,EMP0037,2025-10-17,4,1,Product Satisfaction
FDBK02301,EMP0319,2025-12-16,1,0,Service Quality
FDBK02302,EMP0215,2026-05-10,4,1,Complaint Resolution
FDBK02303,EMP0273,2026-02-05,4,0,Digital Banking
FDBK02304,EMP0160,2026-02-09,3,0,Digital Banking
FDBK02305,EMP0133,2026-06-03,5,0,Staff Behaviour
FDBK02306,EMP0278,2025-11-23,4,0,Product Satisfaction
FDBK02307,EMP0493,2025-11-01,5,0,Staff Behaviour
FDBK02308,EMP0146,2025-12-25,4,0,Service Quality
FDBK02309,EMP0410,2026-05-10,5,0,Product Satisfaction
FDBK02310,EMP0312,2025-11-15,5,0,Product Satisfaction
FDBK02311,EMP0128,2026-06-23,4,1,Digital Banking
FDBK02312,EMP0083,2025-12-15,3,0,Digital Banking
FDBK02313,EMP0312,2025-11-17,4,0,Digital Banking
FDBK02314,EMP0456,2026-01-06,4,0,Staff Behaviour
FDBK02315,EMP0209,2026-01-24,3,0,Staff Behaviour
FDBK02316,EMP0215,2026-05-25,4,0,Service Quality
FDBK02317,EMP0196,2026-02-04,4,0,Complaint Resolution
FDBK02318,EMP0359,2026-04-24,5,0,Product Satisfaction
FDBK02319,EMP0113,2026-09-17,5,0,Service Quality
FDBK02320,EMP0390,2026-03-08,2,0,Service Quality
FDBK02321,EMP0170,2026-09-08,4,0,Service Quality
FDBK02322,EMP0303,2026-04-02,4,0,Staff Behaviour
FDBK02323,EMP0471,2026-03-10,3,0,Digital Banking
FDBK02324,EMP0257,2026-09-11,1,2,Complaint Resolution
FDBK02325,EMP0134,2026-05-14,2,0,Product Satisfaction
FDBK02326,EMP0157,2026-04-20,3,2,Complaint Resolution
FDBK02327,EMP0254,2026-04-12,4,0,Product Satisfaction
FDBK02328,EMP0210,2026-03-25,5,1,Digital Banking
FDBK02329,EMP0059,2026-06-12,5,0,Staff Behaviour
FDBK02330,EMP0219,2025-12-20,3,0,Digital Banking
FDBK02331,EMP0237,2025-12-27,4,0,Product Satisfaction
FDBK02332,EMP0048,2026-04-26,4,0,Product Satisfaction
FDBK02333,EMP0326,2026-05-12,4,0,Service Quality
FDBK02334,EMP0057,2026-04-19,4,0,Staff Behaviour
FDBK02335,EMP0419,2026-03-25,5,0,Product Satisfaction
FDBK02336,EMP0412,2025-12-23,1,0,Product Satisfaction
FDBK02337,EMP0154,2025-12-17,4,2,Digital Banking
FDBK02338,EMP0028,2026-01-06,4,0,Staff Behaviour
FDBK02339,EMP0151,2026-04-05,2,0,Staff Behaviour
FDBK02340,EMP0369,2026-06-13,4,0,Staff Behaviour
FDBK02341,EMP0025,2025-11-18,4,0,Product Satisfaction
FDBK02342,EMP0282,2025-10-04,5,0,Product Satisfaction
FDBK02343,EMP0184,2026-03-10,4,1,Product Satisfaction
FDBK02344,EMP0349,2025-12-21,4,1,Digital Banking
FDBK02345,EMP0152,2026-03-18,5,0,Digital Banking
FDBK02346,EMP0128,2026-01-03,3,0,Service Quality
FDBK02347,EMP0415,2026-02-04,5,0,Digital Banking
FDBK02348,EMP0114,2026-07-27,4,0,Complaint Resolution
FDBK02349,EMP0340,2026-04-16,3,0,Product Satisfaction
FDBK02350,EMP0338,2026-02-23,3,1,Product Satisfaction
FDBK02351,EMP0275,2026-01-23,3,0,Staff Behaviour
FDBK02352,EMP0018,2026-09-22,5,0,Staff Behaviour
FDBK02353,EMP0273,2026-02-05,5,0,Staff Behaviour
FDBK02354,EMP0158,2026-09-12,4,0,Product Satisfaction
FDBK02355,EMP0062,2026-09-28,4,0,Product Satisfaction
FDBK02356,EMP0019,2026-06-24,4,0,Service Quality
FDBK02357,EMP0074,2026-03-10,5,0,Service Quality
FDBK02358,EMP0417,2026-05-22,4,0,Service Quality
FDBK02359,EMP0369,2026-05-06,5,0,Staff Behaviour
FDBK02360,EMP0491,2026-07-02,5,0,Product Satisfaction
FDBK02361,EMP0346,2026-09-14,5,2,Service Quality
FDBK02362,EMP0194,2026-02-01,4,1,Complaint Resolution
FDBK02363,EMP0143,2025-11-11,4,0,Product Satisfaction
FDBK02364,EMP0003,2026-08-07,4,1,Digital Banking
FDBK02365,EMP0071,2025-12-17,5,0,Complaint Resolution
FDBK02366,EMP0150,2026-08-12,4,0,Service Quality
FDBK02367,EMP0014,2025-11-18,2,0,Service Quality
FDBK02368,EMP0170,2025-10-07,2,0,Product Satisfaction
FDBK02369,EMP0327,2025-11-08,5,1,Staff Behaviour
FDBK02370,EMP0372,2025-12-27,5,0,Complaint Resolution
FDBK02371,EMP0430,2026-01-09,1,0,Product Satisfaction
FDBK02372,EMP0391,2025-12-22,5,0,Product Satisfaction
FDBK02373,EMP0473,2026-07-20,5,0,Service Quality
FDBK02374,EMP0023,2025-11-09,4,0,Complaint Resolution
FDBK02375,EMP0055,2026-08-26,3,0,Digital Banking
FDBK02376,EMP0065,2026-05-13,2,0,Service Quality
FDBK02377,EMP0058,2025-11-11,5,0,Staff Behaviour
FDBK02378,EMP0252,2025-11-17,5,0,Service Quality
FDBK02379,EMP0052,2026-02-06,5,0,Digital Banking
FDBK02380,EMP0220,2025-10-20,5,0,Digital Banking
FDBK02381,EMP0394,2025-10-01,3,1,Service Quality
FDBK02382,EMP0228,2026-01-19,4,0,Digital Banking
FDBK02383,EMP0123,2026-03-28,4,3,Product Satisfaction
FDBK02384,EMP0494,2026-07-06,3,0,Complaint Resolution
FDBK02385,EMP0040,2026-08-24,5,0,Service Quality
FDBK02386,EMP0211,2026-02-07,4,0,Service Quality
FDBK02387,EMP0068,2026-02-03,4,2,Staff Behaviour
FDBK02388,EMP0406,2026-07-10,5,0,Staff Behaviour
FDBK02389,EMP0263,2025-10-24,5,0,Staff Behaviour
FDBK02390,EMP0230,2026-06-10,5,0,Complaint Resolution
FDBK02391,EMP0251,2026-05-24,4,0,Complaint Resolution
FDBK02392,EMP0034,2026-05-05,5,1,Product Satisfaction
FDBK02393,EMP0384,2026-09-14,4,0,Service Quality
FDBK02394,EMP0157,2026-01-11,2,0,Service Quality
FDBK02395,EMP0301,2026-07-26,4,0,Product Satisfaction
FDBK02396,EMP0391,2026-06-26,5,0,Product Satisfaction
FDBK02397,EMP0051,2026-02-23,5,0,Staff Behaviour
FDBK02398,EMP0046,2026-09-14,3,0,Staff Behaviour
FDBK02399,EMP0323,2025-10-20,4,1,Complaint Resolution
FDBK02400,EMP0060,2025-10-24,4,0,Product Satisfaction
FDBK02401,EMP0483,2026-03-14,5,0,Service Quality
FDBK02402,EMP0090,2025-12-12,5,1,Service Quality
FDBK02403,EMP0256,2025-10-20,4,0,Staff Behaviour
FDBK02404,EMP0386,2026-02-04,4,0,Product Satisfaction
FDBK02405,EMP0248,2026-08-12,5,1,Staff Behaviour
FDBK02406,EMP0230,2026-05-13,5,0,Staff Behaviour
FDBK02407,EMP0270,2026-09-20,4,0,Product Satisfaction
FDBK02408,EMP0429,2026-02-17,3,1,Product Satisfaction
FDBK02409,EMP0361,2026-06-23,4,0,Complaint Resolution
FDBK02410,EMP0377,2025-12-24,5,0,Staff Behaviour
FDBK02411,EMP0055,2026-07-19,4,1,Service Quality
FDBK02412,EMP0077,2026-05-24,5,2,Service Quality
FDBK02413,EMP0173,2025-10-08,4,0,Service Quality
FDBK02414,EMP0008,2025-10-24,5,0,Digital Banking
FDBK02415,EMP0335,2026-02-09,4,0,Staff Behaviour
FDBK02416,EMP0483,2025-12-10,4,0,Digital Banking
FDBK02417,EMP0374,2026-04-07,1,0,Service Quality
FDBK02418,EMP0093,2026-06-03,3,1,Staff Behaviour
FDBK02419,EMP0494,2025-12-23,5,1,Service Quality
FDBK02420,EMP0043,2025-12-05,5,1,Staff Behaviour
FDBK02421,EMP0150,2025-11-13,3,0,Digital Banking
FDBK02422,EMP0179,2026-08-01,5,0,Complaint Resolution
FDBK02423,EMP0242,2026-03-05,2,0,Service Quality
FDBK02424,EMP0231,2026-02-25,5,0,Staff Behaviour
FDBK02425,EMP0452,2026-03-12,4,1,Digital Banking
FDBK02426,EMP0496,2026-03-03,3,0,Service Quality
FDBK02427,EMP0001,2026-02-20,3,0,Product Satisfaction
FDBK02428,EMP0294,2025-11-05,5,0,Staff Behaviour
FDBK02429,EMP0371,2025-12-14,4,3,Complaint Resolution
FDBK02430,EMP0399,2025-11-01,3,1,Complaint Resolution
FDBK02431,EMP0028,2026-05-20,4,0,Service Quality
FDBK02432,EMP0439,2026-04-23,5,1,Complaint Resolution
FDBK02433,EMP0185,2025-10-19,4,1,Staff Behaviour
FDBK02434,EMP0021,2026-02-27,3,3,Complaint Resolution
FDBK02435,EMP0448,2025-10-21,5,1,Complaint Resolution
FDBK02436,EMP0484,2026-05-18,3,1,Digital Banking
FDBK02437,EMP0482,2026-01-25,4,0,Digital Banking
FDBK02438,EMP0097,2026-07-11,2,0,Staff Behaviour
FDBK02439,EMP0239,2026-01-04,5,1,Staff Behaviour
FDBK02440,EMP0498,2026-08-24,2,0,Digital Banking
FDBK02441,EMP0461,2026-01-22,4,0,Service Quality
FDBK02442,EMP0418,2026-09-28,4,0,Digital Banking
FDBK02443,EMP0102,2026-01-24,3,3,Digital Banking
FDBK02444,EMP0059,2025-10-21,4,0,Staff Behaviour
FDBK02445,EMP0046,2026-01-09,4,1,Digital Banking
FDBK02446,EMP0478,2026-02-06,4,0,Staff Behaviour
FDBK02447,EMP0061,2025-11-23,5,0,Digital Banking
FDBK02448,EMP0386,2025-10-11,5,0,Staff Behaviour
FDBK02449,EMP0335,2026-04-09,3,0,Product Satisfaction
FDBK02450,EMP0487,2026-08-16,3,0,Complaint Resolution
FDBK02451,EMP0052,2025-12-01,4,2,Service Quality
FDBK02452,EMP0056,2026-03-13,5,0,Digital Banking
FDBK02453,EMP0063,2026-09-07,4,0,Product Satisfaction
FDBK02454,EMP0082,2026-02-20,4,0,Staff Behaviour
FDBK02455,EMP0091,2026-03-13,1,0,Complaint Resolution
FDBK02456,EMP0452,2026-02-12,3,1,Complaint Resolution
FDBK02457,EMP0439,2026-08-02,4,0,Complaint Resolution
FDBK02458,EMP0121,2026-06-13,5,0,Staff Behaviour
FDBK02459,EMP0405,2025-10-27,4,1,Digital Banking
FDBK02460,EMP0218,2026-08-21,4,0,Complaint Resolution
FDBK02461,EMP0031,2026-08-10,5,1,Product Satisfaction
FDBK02462,EMP0283,2026-04-09,3,0,Service Quality
FDBK02463,EMP0321,2026-08-18,4,0,Complaint Resolution
FDBK02464,EMP0186,2026-09-18,5,0,Product Satisfaction
FDBK02465,EMP0449,2026-09-01,1,1,Digital Banking
FDBK02466,EMP0012,2026-02-02,4,1,Staff Behaviour
FDBK02467,EMP0215,2025-12-15,5,0,Product Satisfaction
FDBK02468,EMP0273,2026-02-10,4,0,Staff Behaviour
FDBK02469,EMP0471,2026-08-17,4,0,Service Quality
FDBK02470,EMP0328,2025-11-25,5,0,Service Quality
FDBK02471,EMP0342,2026-02-05,5,0,Product Satisfaction
FDBK02472,EMP0360,2026-01-25,3,0,Complaint Resolution
FDBK02473,EMP0152,2025-12-03,4,0,Product Satisfaction
FDBK02474,EMP0126,2026-06-17,5,0,Product Satisfaction
FDBK02475,EMP0039,2026-07-10,5,0,Complaint Resolution
FDBK02476,EMP0281,2025-11-07,4,1,Service Quality
FDBK02477,EMP0367,2026-08-12,4,0,Digital Banking
FDBK02478,EMP0014,2025-12-21,4,1,Digital Banking
FDBK02479,EMP0067,2025-11-05,3,0,Complaint Resolution
FDBK02480,EMP0229,2026-06-11,5,0,Digital Banking
FDBK02481,EMP0266,2025-12-08,5,1,Service Quality
FDBK02482,EMP0240,2026-02-11,4,0,Service Quality
FDBK02483,EMP0114,2026-06-22,4,0,Digital Banking
FDBK02484,EMP0079,2026-09-23,4,1,Product Satisfaction
FDBK02485,EMP0079,2026-07-25,5,1,Product Satisfaction
FDBK02486,EMP0489,2026-04-23,5,0,Complaint Resolution
FDBK02487,EMP0401,2026-04-17,4,0,Product Satisfaction
FDBK02488,EMP0429,2025-12-03,3,0,Service Quality
FDBK02489,EMP0370,2026-02-22,2,0,Staff Behaviour
FDBK02490,EMP0078,2026-03-27,4,0,Digital Banking
FDBK02491,EMP0365,2026-03-17,4,1,Staff Behaviour
FDBK02492,EMP0114,2026-08-21,4,0,Digital Banking
FDBK02493,EMP0285,2025-10-28,4,0,Staff Behaviour
FDBK02494,EMP0236,2025-10-23,4,0,Product Satisfaction
FDBK02495,EMP0467,2025-10-07,2,0,Product Satisfaction
FDBK02496,EMP0129,2025-10-20,4,0,Complaint Resolution
FDBK02497,EMP0409,2026-08-06,4,0,Product Satisfaction
FDBK02498,EMP0460,2026-05-04,4,0,Staff Behaviour
FDBK02499,EMP0191,2026-05-26,3,0,Complaint Resolution
FDBK02500,EMP0414,2025-10-10,4,0,Digital Banking
FDBK02501,EMP0357,2026-03-16,5,0,Digital Banking
FDBK02502,EMP0229,2025-10-09,4,0,Complaint Resolution
FDBK02503,EMP0294,2026-05-26,4,0,Staff Behaviour
FDBK02504,EMP0392,2026-06-24,5,0,Service Quality
FDBK02505,EMP0216,2026-09-16,2,0,Product Satisfaction
FDBK02506,EMP0099,2025-10-07,4,0,Digital Banking
FDBK02507,EMP0448,2026-06-02,2,0,Product Satisfaction
FDBK02508,EMP0217,2025-11-12,2,0,Staff Behaviour
FDBK02509,EMP0151,2025-11-02,4,0,Product Satisfaction
FDBK02510,EMP0413,2026-03-27,3,2,Complaint Resolution
FDBK02511,EMP0293,2025-11-27,4,0,Digital Banking
FDBK02512,EMP0400,2026-07-25,3,1,Staff Behaviour
FDBK02513,EMP0028,2025-10-01,5,0,Product Satisfaction
FDBK02514,EMP0052,2025-12-27,4,1,Service Quality
FDBK02515,EMP0039,2026-02-07,4,0,Service Quality
FDBK02516,EMP0149,2026-06-18,3,1,Complaint Resolution
FDBK02517,EMP0060,2025-12-14,5,1,Staff Behaviour
FDBK02518,EMP0287,2026-06-04,5,0,Staff Behaviour
FDBK02519,EMP0374,2026-05-03,5,0,Digital Banking
FDBK02520,EMP0279,2026-08-22,4,0,Staff Behaviour
FDBK02521,EMP0416,2026-09-06,3,1,Complaint Resolution
FDBK02522,EMP0497,2026-07-22,4,0,Staff Behaviour
FDBK02523,EMP0003,2026-06-03,5,1,Service Quality
FDBK02524,EMP0332,2025-11-27,4,0,Complaint Resolution
FDBK02525,EMP0406,2026-02-02,5,0,Product Satisfaction
FDBK02526,EMP0226,2026-03-06,3,0,Service Quality
FDBK02527,EMP0388,2026-01-17,4,0,Service Quality
FDBK02528,EMP0395,2026-07-15,5,0,Digital Banking
FDBK02529,EMP0324,2025-12-11,2,1,Product Satisfaction
FDBK02530,EMP0079,2026-04-01,4,0,Product Satisfaction
FDBK02531,EMP0249,2026-08-18,4,1,Complaint Resolution
FDBK02532,EMP0151,2026-07-11,5,1,Service Quality
FDBK02533,EMP0174,2026-06-14,4,0,Service Quality
FDBK02534,EMP0285,2026-02-19,3,0,Digital Banking
FDBK02535,EMP0270,2026-03-28,5,0,Digital Banking
FDBK02536,EMP0413,2026-02-03,3,0,Product Satisfaction
FDBK02537,EMP0031,2026-09-18,4,1,Digital Banking
FDBK02538,EMP0276,2026-07-17,3,0,Complaint Resolution
FDBK02539,EMP0398,2025-11-27,4,0,Staff Behaviour
FDBK02540,EMP0289,2026-08-02,4,1,Staff Behaviour
FDBK02541,EMP0150,2025-10-13,3,0,Staff Behaviour
FDBK02542,EMP0101,2026-01-08,4,0,Complaint Resolution
FDBK02543,EMP0444,2025-10-04,4,2,Product Satisfaction
FDBK02544,EMP0122,2026-05-17,5,0,Digital Banking
FDBK02545,EMP0115,2026-02-21,4,0,Complaint Resolution
FDBK02546,EMP0175,2025-10-02,2,0,Digital Banking
FDBK02547,EMP0268,2025-12-02,4,0,Digital Banking
FDBK02548,EMP0468,2026-01-10,4,0,Staff Behaviour
FDBK02549,EMP0257,2026-06-25,5,0,Staff Behaviour
FDBK02550,EMP0105,2026-06-07,4,1,Product Satisfaction
FDBK02551,EMP0117,2026-08-20,4,0,Digital Banking
FDBK02552,EMP0118,2026-03-09,4,0,Product Satisfaction
FDBK02553,EMP0038,2025-10-03,3,0,Service Quality
FDBK02554,EMP0300,2025-12-20,4,0,Digital Banking
FDBK02555,EMP0225,2025-10-14,5,0,Product Satisfaction
FDBK02556,EMP0367,2025-11-02,5,0,Service Quality
FDBK02557,EMP0279,2026-08-18,4,0,Staff Behaviour
FDBK02558,EMP0339,2026-04-02,3,0,Digital Banking
FDBK02559,EMP0358,2026-04-08,2,2,Product Satisfaction
FDBK02560,EMP0169,2026-08-08,5,0,Digital Banking
FDBK02561,EMP0014,2026-05-15,3,0,Digital Banking
FDBK02562,EMP0331,2026-02-23,5,1,Product Satisfaction
FDBK02563,EMP0047,2026-02-06,5,0,Complaint Resolution
FDBK02564,EMP0103,2025-11-27,1,0,Service Quality
FDBK02565,EMP0024,2025-10-07,3,0,Complaint Resolution
FDBK02566,EMP0050,2026-02-12,5,0,Product Satisfaction
FDBK02567,EMP0456,2026-06-17,4,0,Service Quality
FDBK02568,EMP0198,2026-01-01,4,0,Staff Behaviour
FDBK02569,EMP0260,2026-05-24,3,0,Complaint Resolution
FDBK02570,EMP0371,2026-05-19,4,0,Staff Behaviour
FDBK02571,EMP0117,2026-01-14,4,0,Complaint Resolution
FDBK02572,EMP0150,2025-10-10,3,1,Staff Behaviour
FDBK02573,EMP0247,2025-10-21,5,0,Product Satisfaction
FDBK02574,EMP0182,2026-05-25,2,1,Digital Banking
FDBK02575,EMP0115,2026-09-25,5,0,Product Satisfaction
FDBK02576,EMP0407,2026-04-20,3,1,Staff Behaviour
FDBK02577,EMP0500,2026-05-23,3,1,Service Quality
FDBK02578,EMP0316,2026-06-17,5,1,Service Quality
FDBK02579,EMP0266,2026-07-18,2,0,Service Quality
FDBK02580,EMP0039,2025-11-28,3,1,Service Quality
FDBK02581,EMP0176,2025-10-03,4,2,Complaint Resolution
FDBK02582,EMP0375,2026-04-15,5,0,Product Satisfaction
FDBK02583,EMP0316,2025-11-13,4,0,Service Quality
FDBK02584,EMP0010,2026-05-20,4,0,Service Quality
FDBK02585,EMP0056,2025-11-04,5,0,Product Satisfaction
FDBK02586,EMP0204,2025-10-14,5,0,Service Quality
FDBK02587,EMP0253,2026-01-24,4,0,Service Quality
FDBK02588,EMP0157,2026-02-27,4,0,Digital Banking
FDBK02589,EMP0206,2026-04-23,3,0,Digital Banking
FDBK02590,EMP0042,2026-01-08,5,1,Staff Behaviour
FDBK02591,EMP0096,2026-04-28,4,1,Digital Banking
FDBK02592,EMP0392,2026-01-28,1,2,Product Satisfaction
FDBK02593,EMP0372,2026-08-26,5,0,Staff Behaviour
FDBK02594,EMP0215,2026-09-04,2,0,Service Quality
FDBK02595,EMP0491,2026-02-10,5,2,Complaint Resolution
FDBK02596,EMP0135,2026-09-07,3,1,Complaint Resolution
FDBK02597,EMP0173,2026-05-04,1,0,Complaint Resolution
FDBK02598,EMP0188,2026-02-25,4,1,Digital Banking
FDBK02599,EMP0136,2025-11-12,2,0,Product Satisfaction
FDBK02600,EMP0276,2025-12-28,4,0,Service Quality
FDBK02601,EMP0342,2026-09-03,5,1,Staff Behaviour
FDBK02602,EMP0230,2025-11-07,4,0,Product Satisfaction
FDBK02603,EMP0003,2026-04-10,3,0,Complaint Resolution
FDBK02604,EMP0416,2026-07-18,1,0,Digital Banking
FDBK02605,EMP0388,2026-03-09,4,0,Product Satisfaction
FDBK02606,EMP0336,2026-06-21,3,0,Complaint Resolution
FDBK02607,EMP0292,2026-04-15,5,0,Product Satisfaction
FDBK02608,EMP0039,2026-08-08,4,0,Complaint Resolution
FDBK02609,EMP0178,2026-01-08,3,0,Complaint Resolution
FDBK02610,EMP0367,2026-08-03,5,0,Staff Behaviour
FDBK02611,EMP0230,2025-11-05,4,0,Staff Behaviour
FDBK02612,EMP0369,2026-04-10,4,0,Staff Behaviour
FDBK02613,EMP0364,2025-11-06,5,0,Complaint Resolution
FDBK02614,EMP0466,2026-04-13,3,1,Staff Behaviour
FDBK02615,EMP0143,2026-02-07,3,0,Digital Banking
FDBK02616,EMP0376,2026-06-12,5,0,Digital Banking
FDBK02617,EMP0195,2026-01-03,5,0,Staff Behaviour
FDBK02618,EMP0316,2026-07-11,5,1,Complaint Resolution
FDBK02619,EMP0057,2025-10-17,5,0,Digital Banking
FDBK02620,EMP0369,2026-08-05,1,0,Service Quality
FDBK02621,EMP0406,2025-10-26,3,0,Product Satisfaction
FDBK02622,EMP0016,2026-04-21,4,0,Product Satisfaction
FDBK02623,EMP0471,2026-07-20,2,0,Digital Banking
FDBK02624,EMP0364,2026-07-15,3,0,Staff Behaviour
FDBK02625,EMP0003,2026-03-14,3,0,Digital Banking
FDBK02626,EMP0160,2026-01-06,3,0,Digital Banking
FDBK02627,EMP0020,2026-05-27,4,0,Product Satisfaction
FDBK02628,EMP0340,2026-08-01,4,0,Product Satisfaction
FDBK02629,EMP0061,2025-10-06,4,0,Staff Behaviour
FDBK02630,EMP0090,2026-04-10,3,0,Complaint Resolution
FDBK02631,EMP0270,2026-04-08,3,0,Digital Banking
FDBK02632,EMP0268,2026-02-13,2,0,Product Satisfaction
FDBK02633,EMP0178,2026-05-05,4,0,Staff Behaviour
FDBK02634,EMP0044,2026-08-07,4,0,Product Satisfaction
FDBK02635,EMP0280,2026-05-25,1,0,Staff Behaviour
FDBK02636,EMP0138,2026-06-26,3,0,Product Satisfaction
FDBK02637,EMP0046,2026-01-02,4,0,Staff Behaviour
FDBK02638,EMP0183,2026-07-10,4,0,Staff Behaviour
FDBK02639,EMP0319,2025-12-27,5,0,Digital Banking
FDBK02640,EMP0031,2026-02-28,1,1,Product Satisfaction
FDBK02641,EMP0111,2026-05-03,3,1,Staff Behaviour
FDBK02642,EMP0429,2026-02-16,5,1,Digital Banking
FDBK02643,EMP0202,2026-02-02,4,0,Product Satisfaction
FDBK02644,EMP0070,2026-04-22,3,1,Product Satisfaction
FDBK02645,EMP0324,2026-06-02,2,0,Staff Behaviour
FDBK02646,EMP0361,2025-12-21,5,0,Service Quality
FDBK02647,EMP0187,2026-03-07,4,0,Product Satisfaction
FDBK02648,EMP0167,2026-04-13,4,0,Staff Behaviour
FDBK02649,EMP0190,2026-07-10,4,0,Complaint Resolution
FDBK02650,EMP0193,2026-07-04,1,0,Digital Banking
FDBK02651,EMP0155,2025-12-21,4,0,Digital Banking
FDBK02652,EMP0024,2026-03-07,4,0,Product Satisfaction
FDBK02653,EMP0242,2026-07-02,4,0,Staff Behaviour
FDBK02654,EMP0353,2026-01-28,4,0,Service Quality
FDBK02655,EMP0277,2025-10-27,5,0,Product Satisfaction
FDBK02656,EMP0476,2026-02-08,5,0,Product Satisfaction
FDBK02657,EMP0149,2026-03-02,5,0,Product Satisfaction
FDBK02658,EMP0151,2026-02-22,5,0,Digital Banking
FDBK02659,EMP0117,2026-03-20,5,0,Product Satisfaction
FDBK02660,EMP0180,2026-07-16,5,0,Staff Behaviour
FDBK02661,EMP0191,2026-08-15,4,0,Service Quality
FDBK02662,EMP0011,2026-04-12,2,0,Digital Banking
FDBK02663,EMP0432,2025-11-11,5,1,Staff Behaviour
FDBK02664,EMP0175,2026-06-09,4,0,Service Quality
FDBK02665,EMP0216,2025-11-07,4,0,Complaint Resolution
FDBK02666,EMP0330,2026-04-07,2,0,Staff Behaviour
FDBK02667,EMP0428,2026-05-20,5,1,Complaint Resolution
FDBK02668,EMP0167,2026-01-17,2,0,Product Satisfaction
FDBK02669,EMP0129,2026-08-01,4,0,Product Satisfaction
FDBK02670,EMP0184,2026-07-03,4,1,Product Satisfaction
FDBK02671,EMP0280,2025-12-06,4,0,Complaint Resolution
FDBK02672,EMP0482,2026-01-03,5,0,Digital Banking
FDBK02673,EMP0143,2026-05-02,3,0,Staff Behaviour
FDBK02674,EMP0320,2026-02-04,5,0,Product Satisfaction
FDBK02675,EMP0202,2026-05-18,4,0,Product Satisfaction
FDBK02676,EMP0205,2025-11-10,3,2,Staff Behaviour
FDBK02677,EMP0451,2026-09-01,5,1,Staff Behaviour
FDBK02678,EMP0164,2026-01-07,4,0,Digital Banking
FDBK02679,EMP0287,2026-06-21,3,0,Service Quality
FDBK02680,EMP0295,2026-07-27,3,1,Product Satisfaction
FDBK02681,EMP0255,2026-09-05,2,0,Digital Banking
FDBK02682,EMP0188,2025-10-18,5,1,Service Quality
FDBK02683,EMP0490,2026-07-15,5,1,Digital Banking
FDBK02684,EMP0129,2026-04-24,4,0,Digital Banking
FDBK02685,EMP0471,2025-12-18,4,1,Staff Behaviour
FDBK02686,EMP0352,2026-07-03,4,0,Staff Behaviour
FDBK02687,EMP0324,2025-12-03,1,1,Product Satisfaction
FDBK02688,EMP0180,2025-12-25,1,0,Product Satisfaction
FDBK02689,EMP0330,2026-02-07,3,0,Digital Banking
FDBK02690,EMP0020,2026-08-06,5,0,Service Quality
FDBK02691,EMP0395,2026-01-16,4,0,Staff Behaviour
FDBK02692,EMP0213,2025-12-06,5,1,Staff Behaviour
FDBK02693,EMP0400,2026-08-25,3,0,Product Satisfaction
FDBK02694,EMP0353,2025-12-25,5,0,Product Satisfaction
FDBK02695,EMP0347,2026-04-10,5,0,Service Quality
FDBK02696,EMP0001,2026-04-07,4,0,Digital Banking
FDBK02697,EMP0465,2026-04-14,1,0,Service Quality
FDBK02698,EMP0139,2026-02-20,4,0,Service Quality
FDBK02699,EMP0108,2025-12-09,1,0,Staff Behaviour
FDBK02700,EMP0138,2026-03-26,5,1,Staff Behaviour
FDBK02701,EMP0034,2025-12-02,5,1,Service Quality
FDBK02702,EMP0081,2025-11-08,3,0,Staff Behaviour
FDBK02703,EMP0124,2025-10-07,4,0,Product Satisfaction
FDBK02704,EMP0326,2025-12-18,4,0,Product Satisfaction
FDBK02705,EMP0035,2026-02-08,3,0,Complaint Resolution
FDBK02706,EMP0438,2025-11-18,4,0,Product Satisfaction
FDBK02707,EMP0144,2025-11-27,3,1,Product Satisfaction
FDBK02708,EMP0137,2026-02-07,5,1,Complaint Resolution
FDBK02709,EMP0161,2026-02-09,3,2,Product Satisfaction
FDBK02710,EMP0237,2026-02-08,5,0,Digital Banking
FDBK02711,EMP0133,2026-09-04,4,0,Staff Behaviour
FDBK02712,EMP0416,2026-04-11,2,0,Complaint Resolution
FDBK02713,EMP0494,2025-10-18,4,1,Complaint Resolution
FDBK02714,EMP0014,2025-11-22,5,0,Service Quality
FDBK02715,EMP0054,2025-11-01,3,0,Staff Behaviour
FDBK02716,EMP0128,2026-05-21,5,0,Digital Banking
FDBK02717,EMP0407,2026-07-02,4,0,Product Satisfaction
FDBK02718,EMP0380,2025-12-15,5,1,Product Satisfaction
FDBK02719,EMP0491,2025-10-05,4,0,Complaint Resolution
FDBK02720,EMP0236,2026-09-11,4,0,Service Quality
FDBK02721,EMP0423,2026-01-22,4,0,Service Quality
FDBK02722,EMP0253,2026-06-04,3,0,Digital Banking
FDBK02723,EMP0084,2026-09-01,3,0,Product Satisfaction
FDBK02724,EMP0129,2026-02-11,3,0,Service Quality
FDBK02725,EMP0275,2026-03-26,5,0,Product Satisfaction
FDBK02726,EMP0175,2026-05-03,5,0,Product Satisfaction
FDBK02727,EMP0249,2026-01-03,3,0,Digital Banking
FDBK02728,EMP0471,2025-11-24,5,1,Complaint Resolution
FDBK02729,EMP0451,2026-08-06,4,0,Staff Behaviour
FDBK02730,EMP0387,2026-09-26,2,0,Staff Behaviour
FDBK02731,EMP0200,2026-07-23,3,1,Complaint Resolution
FDBK02732,EMP0269,2026-06-01,1,0,Digital Banking
FDBK02733,EMP0374,2026-01-07,4,0,Service Quality
FDBK02734,EMP0431,2025-10-25,3,0,Service Quality
FDBK02735,EMP0196,2026-07-15,5,0,Digital Banking
FDBK02736,EMP0107,2025-10-09,4,1,Complaint Resolution
FDBK02737,EMP0368,2026-01-11,5,0,Service Quality
FDBK02738,EMP0123,2026-09-25,5,0,Staff Behaviour
FDBK02739,EMP0111,2025-10-06,3,2,Service Quality
FDBK02740,EMP0090,2025-11-16,4,0,Digital Banking
FDBK02741,EMP0095,2025-12-04,5,1,Service Quality
FDBK02742,EMP0108,2026-03-18,3,0,Complaint Resolution
FDBK02743,EMP0161,2026-01-26,2,0,Complaint Resolution
FDBK02744,EMP0122,2026-04-03,4,0,Digital Banking
FDBK02745,EMP0239,2026-02-21,4,2,Product Satisfaction
FDBK02746,EMP0339,2026-07-07,4,0,Digital Banking
FDBK02747,EMP0180,2026-06-24,4,0,Complaint Resolution
FDBK02748,EMP0115,2026-07-10,4,0,Digital Banking
FDBK02749,EMP0389,2026-03-26,4,0,Service Quality
FDBK02750,EMP0297,2025-12-12,5,0,Digital Banking
FDBK02751,EMP0345,2025-12-17,5,0,Complaint Resolution
FDBK02752,EMP0399,2026-03-17,1,0,Service Quality
FDBK02753,EMP0390,2026-02-28,4,1,Complaint Resolution
FDBK02754,EMP0067,2026-03-26,4,0,Complaint Resolution
FDBK02755,EMP0067,2025-12-08,5,0,Product Satisfaction
FDBK02756,EMP0010,2025-12-12,2,0,Complaint Resolution
FDBK02757,EMP0077,2025-12-18,2,0,Digital Banking
FDBK02758,EMP0143,2025-10-01,4,0,Complaint Resolution
FDBK02759,EMP0064,2026-05-04,5,0,Digital Banking
FDBK02760,EMP0120,2025-12-20,5,0,Service Quality
FDBK02761,EMP0256,2025-12-19,4,1,Staff Behaviour
FDBK02762,EMP0027,2026-07-22,5,2,Digital Banking
FDBK02763,EMP0183,2026-08-03,4,3,Product Satisfaction
FDBK02764,EMP0386,2026-02-10,4,2,Staff Behaviour
FDBK02765,EMP0460,2025-12-05,4,1,Service Quality
FDBK02766,EMP0481,2026-06-28,4,0,Product Satisfaction
FDBK02767,EMP0063,2025-12-11,4,0,Staff Behaviour
FDBK02768,EMP0316,2025-10-27,4,1,Service Quality
FDBK02769,EMP0225,2026-08-06,3,0,Complaint Resolution
FDBK02770,EMP0073,2026-09-23,2,0,Digital Banking
FDBK02771,EMP0112,2025-12-24,4,0,Staff Behaviour
FDBK02772,EMP0098,2025-10-20,5,2,Digital Banking
FDBK02773,EMP0347,2026-08-26,4,0,Service Quality
FDBK02774,EMP0219,2026-06-12,2,1,Staff Behaviour
FDBK02775,EMP0145,2025-12-02,2,0,Digital Banking
FDBK02776,EMP0438,2026-06-11,4,0,Staff Behaviour
FDBK02777,EMP0229,2026-08-09,4,1,Digital Banking
FDBK02778,EMP0465,2025-11-26,4,1,Staff Behaviour
FDBK02779,EMP0406,2025-10-23,2,0,Complaint Resolution
FDBK02780,EMP0273,2025-10-07,5,1,Product Satisfaction
FDBK02781,EMP0352,2026-03-02,4,2,Product Satisfaction
FDBK02782,EMP0230,2026-02-14,3,1,Digital Banking
FDBK02783,EMP0488,2025-12-13,5,0,Service Quality
FDBK02784,EMP0497,2026-08-10,5,2,Service Quality
FDBK02785,EMP0295,2026-04-11,5,1,Service Quality
FDBK02786,EMP0060,2026-02-27,4,0,Staff Behaviour
FDBK02787,EMP0011,2025-11-26,5,2,Product Satisfaction
FDBK02788,EMP0378,2026-09-24,5,0,Digital Banking
FDBK02789,EMP0462,2025-10-09,4,0,Digital Banking
FDBK02790,EMP0330,2026-07-04,4,1,Service Quality
FDBK02791,EMP0460,2025-10-10,5,0,Digital Banking
FDBK02792,EMP0276,2025-10-27,2,0,Staff Behaviour
FDBK02793,EMP0026,2025-11-23,4,0,Service Quality
FDBK02794,EMP0117,2025-11-22,5,0,Service Quality
FDBK02795,EMP0103,2026-02-20,4,0,Digital Banking
FDBK02796,EMP0454,2026-04-10,4,0,Staff Behaviour
FDBK02797,EMP0345,2025-10-08,5,1,Staff Behaviour
FDBK02798,EMP0227,2025-12-19,4,0,Service Quality
FDBK02799,EMP0377,2026-08-05,4,0,Complaint Resolution
FDBK02800,EMP0019,2026-06-02,5,0,Product Satisfaction
FDBK02801,EMP0375,2025-12-11,5,0,Product Satisfaction
FDBK02802,EMP0061,2026-05-24,1,0,Service Quality
FDBK02803,EMP0376,2026-03-22,5,0,Product Satisfaction
FDBK02804,EMP0136,2026-03-18,3,0,Product Satisfaction
FDBK02805,EMP0396,2025-12-22,5,0,Product Satisfaction
FDBK02806,EMP0462,2026-07-28,4,0,Product Satisfaction
FDBK02807,EMP0347,2025-12-22,5,0,Digital Banking
FDBK02808,EMP0410,2025-12-19,5,2,Complaint Resolution
FDBK02809,EMP0394,2026-01-23,4,1,Staff Behaviour
FDBK02810,EMP0116,2026-02-12,5,0,Service Quality
FDBK02811,EMP0358,2025-11-06,3,0,Product Satisfaction
FDBK02812,EMP0248,2026-03-13,3,0,Service Quality
FDBK02813,EMP0129,2025-12-06,4,0,Product Satisfaction
FDBK02814,EMP0053,2026-05-15,3,1,Service Quality
FDBK02815,EMP0302,2026-02-02,3,1,Service Quality
FDBK02816,EMP0442,2025-10-03,4,0,Product Satisfaction
FDBK02817,EMP0023,2026-04-23,2,0,Complaint Resolution
FDBK02818,EMP0002,2025-10-03,5,1,Service Quality
FDBK02819,EMP0373,2025-11-23,4,0,Staff Behaviour
FDBK02820,EMP0188,2026-08-10,3,1,Service Quality
FDBK02821,EMP0454,2026-06-12,4,0,Service Quality
FDBK02822,EMP0271,2025-12-23,3,0,Digital Banking
FDBK02823,EMP0326,2025-10-10,1,0,Digital Banking
FDBK02824,EMP0106,2026-09-21,5,0,Service Quality
FDBK02825,EMP0301,2025-12-04,5,1,Complaint Resolution
FDBK02826,EMP0300,2026-01-21,1,0,Staff Behaviour
FDBK02827,EMP0164,2026-09-01,4,0,Digital Banking
FDBK02828,EMP0487,2026-08-09,3,0,Product Satisfaction
FDBK02829,EMP0287,2026-06-18,3,1,Complaint Resolution
FDBK02830,EMP0186,2026-05-20,3,2,Product Satisfaction
FDBK02831,EMP0017,2025-11-14,5,0,Staff Behaviour
FDBK02832,EMP0446,2026-01-26,5,2,Staff Behaviour
FDBK02833,EMP0338,2026-01-08,5,1,Complaint Resolution
FDBK02834,EMP0188,2025-11-13,2,1,Staff Behaviour
FDBK02835,EMP0395,2026-06-11,5,0,Digital Banking
FDBK02836,EMP0431,2025-10-01,5,0,Service Quality
FDBK02837,EMP0116,2026-03-18,5,1,Product Satisfaction
FDBK02838,EMP0181,2025-10-22,4,0,Complaint Resolution
FDBK02839,EMP0284,2026-06-27,4,1,Complaint Resolution
FDBK02840,EMP0081,2025-12-10,5,0,Staff Behaviour
FDBK02841,EMP0108,2026-05-27,3,0,Complaint Resolution
FDBK02842,EMP0301,2026-07-07,3,3,Complaint Resolution
FDBK02843,EMP0307,2026-03-26,5,1,Staff Behaviour
FDBK02844,EMP0343,2025-12-18,2,1,Staff Behaviour
FDBK02845,EMP0234,2025-12-25,4,0,Complaint Resolution
FDBK02846,EMP0004,2026-01-09,4,0,Staff Behaviour
FDBK02847,EMP0219,2026-04-19,4,0,Digital Banking
FDBK02848,EMP0164,2026-02-09,4,1,Digital Banking
FDBK02849,EMP0187,2026-08-12,5,0,Service Quality
FDBK02850,EMP0088,2026-07-05,5,0,Complaint Resolution
FDBK02851,EMP0002,2026-03-25,4,0,Staff Behaviour
FDBK02852,EMP0069,2026-06-27,5,0,Complaint Resolution
FDBK02853,EMP0362,2025-12-28,5,0,Service Quality
FDBK02854,EMP0094,2025-12-05,5,0,Digital Banking
FDBK02855,EMP0409,2026-05-28,3,0,Service Quality
FDBK02856,EMP0243,2025-12-26,5,0,Staff Behaviour
FDBK02857,EMP0153,2026-04-27,5,0,Service Quality
FDBK02858,EMP0455,2025-10-04,2,3,Service Quality
FDBK02859,EMP0453,2025-10-07,2,1,Complaint Resolution
FDBK02860,EMP0300,2026-07-27,4,0,Complaint Resolution
FDBK02861,EMP0380,2026-08-15,3,0,Product Satisfaction
FDBK02862,EMP0400,2025-12-16,5,0,Product Satisfaction
FDBK02863,EMP0182,2026-04-03,1,0,Product Satisfaction
FDBK02864,EMP0197,2026-09-05,5,0,Service Quality
FDBK02865,EMP0302,2025-11-21,2,0,Complaint Resolution
FDBK02866,EMP0097,2026-07-11,5,0,Staff Behaviour
FDBK02867,EMP0295,2026-03-10,5,1,Digital Banking
FDBK02868,EMP0426,2025-11-09,4,0,Product Satisfaction
FDBK02869,EMP0328,2026-06-23,5,0,Digital Banking
FDBK02870,EMP0366,2026-08-25,1,0,Staff Behaviour
FDBK02871,EMP0494,2026-09-22,2,0,Complaint Resolution
FDBK02872,EMP0431,2026-08-11,3,1,Staff Behaviour
FDBK02873,EMP0062,2026-03-19,1,0,Digital Banking
FDBK02874,EMP0031,2026-03-14,4,0,Digital Banking
FDBK02875,EMP0163,2026-04-12,5,0,Product Satisfaction
FDBK02876,EMP0145,2026-07-22,3,1,Digital Banking
FDBK02877,EMP0391,2025-12-04,4,1,Staff Behaviour
FDBK02878,EMP0315,2026-09-18,5,0,Staff Behaviour
FDBK02879,EMP0390,2026-05-15,5,0,Service Quality
FDBK02880,EMP0410,2025-10-11,2,0,Staff Behaviour
FDBK02881,EMP0491,2025-12-02,5,0,Product Satisfaction
FDBK02882,EMP0497,2026-08-19,2,0,Complaint Resolution
FDBK02883,EMP0050,2026-04-01,4,2,Complaint Resolution
FDBK02884,EMP0259,2026-01-11,4,0,Service Quality
FDBK02885,EMP0184,2026-09-16,5,0,Service Quality
FDBK02886,EMP0311,2025-12-01,5,0,Complaint Resolution
FDBK02887,EMP0413,2026-07-22,4,1,Service Quality
FDBK02888,EMP0369,2026-08-19,5,2,Product Satisfaction
FDBK02889,EMP0038,2026-07-15,4,0,Staff Behaviour
FDBK02890,EMP0306,2026-04-20,5,0,Staff Behaviour
FDBK02891,EMP0164,2025-11-19,3,0,Digital Banking
FDBK02892,EMP0298,2026-02-21,4,0,Digital Banking
FDBK02893,EMP0363,2026-08-04,1,0,Service Quality
FDBK02894,EMP0061,2025-11-03,4,1,Digital Banking
FDBK02895,EMP0098,2026-05-07,4,0,Complaint Resolution
FDBK02896,EMP0408,2025-11-08,4,0,Complaint Resolution
FDBK02897,EMP0299,2026-09-25,4,0,Complaint Resolution
FDBK02898,EMP0358,2026-05-05,3,2,Digital Banking
FDBK02899,EMP0398,2026-08-18,5,0,Staff Behaviour
FDBK02900,EMP0074,2026-02-09,5,0,Product Satisfaction
FDBK02901,EMP0114,2025-12-05,3,1,Complaint Resolution
FDBK02902,EMP0435,2025-10-04,4,1,Staff Behaviour
FDBK02903,EMP0372,2026-07-11,5,0,Digital Banking
FDBK02904,EMP0169,2026-09-26,4,0,Service Quality
FDBK02905,EMP0296,2026-07-13,5,0,Product Satisfaction
FDBK02906,EMP0482,2025-10-27,4,3,Complaint Resolution
FDBK02907,EMP0116,2026-02-26,4,0,Digital Banking
FDBK02908,EMP0031,2026-07-26,2,0,Staff Behaviour
FDBK02909,EMP0269,2026-06-24,1,3,Service Quality
FDBK02910,EMP0053,2026-05-16,4,0,Staff Behaviour
FDBK02911,EMP0455,2026-02-28,4,0,Service Quality
FDBK02912,EMP0380,2026-09-25,5,1,Product Satisfaction
FDBK02913,EMP0420,2025-12-21,4,0,Complaint Resolution
FDBK02914,EMP0184,2026-02-16,3,0,Complaint Resolution
FDBK02915,EMP0293,2025-11-16,3,0,Complaint Resolution
FDBK02916,EMP0477,2026-05-11,4,1,Staff Behaviour
FDBK02917,EMP0397,2026-09-27,5,0,Staff Behaviour
FDBK02918,EMP0119,2025-12-20,5,1,Staff Behaviour
FDBK02919,EMP0170,2026-03-25,3,0,Digital Banking
FDBK02920,EMP0244,2026-02-01,3,0,Digital Banking
FDBK02921,EMP0410,2025-12-09,3,1,Digital Banking
FDBK02922,EMP0177,2026-06-12,3,1,Digital Banking
FDBK02923,EMP0173,2026-06-14,5,1,Product Satisfaction
FDBK02924,EMP0273,2026-07-16,3,0,Staff Behaviour
FDBK02925,EMP0195,2026-01-16,3,1,Staff Behaviour
FDBK02926,EMP0340,2026-02-14,2,0,Product Satisfaction
FDBK02927,EMP0144,2026-05-17,1,0,Staff Behaviour
FDBK02928,EMP0108,2026-04-22,5,0,Digital Banking
FDBK02929,EMP0243,2026-03-22,4,0,Digital Banking
FDBK02930,EMP0331,2026-03-19,5,0,Complaint Resolution
FDBK02931,EMP0163,2026-09-10,2,1,Product Satisfaction
FDBK02932,EMP0438,2025-12-13,4,0,Digital Banking
FDBK02933,EMP0423,2026-01-14,4,0,Staff Behaviour
FDBK02934,EMP0409,2026-03-16,4,0,Service Quality
FDBK02935,EMP0349,2026-09-17,4,1,Complaint Resolution
FDBK02936,EMP0261,2026-06-28,5,0,Digital Banking
FDBK02937,EMP0145,2026-08-17,5,0,Product Satisfaction
FDBK02938,EMP0058,2025-10-08,5,0,Digital Banking
FDBK02939,EMP0053,2026-03-22,3,1,Product Satisfaction
FDBK02940,EMP0320,2025-10-05,5,0,Product Satisfaction
FDBK02941,EMP0270,2025-12-27,5,0,Staff Behaviour
FDBK02942,EMP0317,2025-11-05,4,0,Service Quality
FDBK02943,EMP0196,2026-03-20,3,0,Staff Behaviour
FDBK02944,EMP0260,2026-03-18,5,0,Staff Behaviour
FDBK02945,EMP0068,2026-01-20,4,1,Complaint Resolution
FDBK02946,EMP0054,2025-11-10,3,1,Digital Banking
FDBK02947,EMP0190,2026-04-01,4,0,Complaint Resolution
FDBK02948,EMP0474,2025-12-02,3,2,Service Quality
FDBK02949,EMP0250,2025-11-14,4,0,Staff Behaviour
FDBK02950,EMP0264,2026-08-16,3,0,Digital Banking
FDBK02951,EMP0460,2026-02-28,4,0,Digital Banking
FDBK02952,EMP0183,2025-10-23,4,0,Product Satisfaction
FDBK02953,EMP0059,2025-11-03,5,0,Service Quality
FDBK02954,EMP0438,2026-08-24,5,0,Service Quality
FDBK02955,EMP0284,2026-06-23,2,1,Complaint Resolution
FDBK02956,EMP0347,2026-08-22,5,0,Service Quality
FDBK02957,EMP0456,2025-10-24,5,1,Complaint Resolution
FDBK02958,EMP0441,2025-10-10,4,0,Digital Banking
FDBK02959,EMP0143,2026-05-24,4,0,Product Satisfaction
FDBK02960,EMP0398,2026-02-25,3,2,Complaint Resolution
FDBK02961,EMP0074,2026-07-02,4,1,Product Satisfaction
FDBK02962,EMP0157,2026-02-16,4,3,Complaint Resolution
FDBK02963,EMP0151,2025-10-05,2,0,Complaint Resolution
FDBK02964,EMP0221,2026-01-27,3,0,Product Satisfaction
FDBK02965,EMP0408,2026-03-24,2,0,Staff Behaviour
FDBK02966,EMP0165,2026-04-04,5,3,Product Satisfaction
FDBK02967,EMP0495,2026-03-24,4,0,Complaint Resolution
FDBK02968,EMP0290,2025-12-07,3,0,Digital Banking
FDBK02969,EMP0081,2026-02-21,5,0,Digital Banking
FDBK02970,EMP0489,2026-03-14,5,1,Service Quality
FDBK02971,EMP0004,2026-09-03,4,1,Service Quality
FDBK02972,EMP0175,2026-04-22,5,0,Product Satisfaction
FDBK02973,EMP0166,2025-11-15,4,0,Digital Banking
FDBK02974,EMP0302,2026-03-08,5,0,Complaint Resolution
FDBK02975,EMP0269,2026-03-25,5,0,Staff Behaviour
FDBK02976,EMP0064,2026-09-22,2,0,Complaint Resolution
FDBK02977,EMP0169,2026-06-06,5,1,Complaint Resolution
FDBK02978,EMP0086,2025-12-28,4,1,Digital Banking
FDBK02979,EMP0157,2025-11-09,3,0,Digital Banking
FDBK02980,EMP0300,2025-10-03,5,0,Complaint Resolution
FDBK02981,EMP0199,2026-05-26,5,0,Complaint Resolution
FDBK02982,EMP0215,2026-02-09,1,0,Digital Banking
FDBK02983,EMP0400,2026-06-01,4,0,Product Satisfaction
FDBK02984,EMP0324,2026-01-12,3,1,Staff Behaviour
FDBK02985,EMP0412,2026-04-26,3,0,Service Quality
FDBK02986,EMP0322,2026-07-08,5,0,Complaint Resolution
FDBK02987,EMP0089,2026-09-20,4,0,Digital Banking
FDBK02988,EMP0087,2025-11-09,4,0,Product Satisfaction
FDBK02989,EMP0400,2026-08-09,2,0,Staff Behaviour
FDBK02990,EMP0057,2026-08-07,2,0,Digital Banking
FDBK02991,EMP0318,2026-06-15,5,0,Service Quality
FDBK02992,EMP0067,2026-04-18,4,1,Product Satisfaction
FDBK02993,EMP0143,2025-10-24,3,2,Complaint Resolution
FDBK02994,EMP0119,2026-01-11,2,1,Product Satisfaction
FDBK02995,EMP0485,2025-11-02,4,0,Complaint Resolution
FDBK02996,EMP0329,2026-02-18,5,1,Staff Behaviour
FDBK02997,EMP0438,2026-05-03,4,0,Staff Behaviour
FDBK02998,EMP0470,2026-06-25,4,3,Staff Behaviour
FDBK02999,EMP0294,2026-03-04,1,0,Product Satisfaction
FDBK03000,EMP0363,2026-06-20,4,0,Service Quality
FDBK03001,EMP0081,2026-02-24,5,0,Service Quality
FDBK03002,EMP0305,2026-02-22,3,0,Service Quality
FDBK03003,EMP0451,2025-12-08,3,0,Product Satisfaction
FDBK03004,EMP0237,2025-11-11,3,1,Product Satisfaction
FDBK03005,EMP0355,2026-01-26,2,0,Service Quality
FDBK03006,EMP0470,2025-12-13,5,0,Complaint Resolution
FDBK03007,EMP0379,2026-06-12,5,0,Service Quality
FDBK03008,EMP0078,2026-03-26,4,0,Complaint Resolution
FDBK03009,EMP0495,2026-08-16,5,0,Product Satisfaction
FDBK03010,EMP0231,2026-03-07,4,1,Complaint Resolution
FDBK03011,EMP0160,2025-10-26,4,0,Complaint Resolution
FDBK03012,EMP0104,2025-11-07,4,1,Service Quality
FDBK03013,EMP0335,2026-06-25,3,0,Complaint Resolution
FDBK03014,EMP0208,2026-06-11,4,0,Product Satisfaction
FDBK03015,EMP0052,2025-11-18,3,2,Product Satisfaction
FDBK03016,EMP0394,2026-02-17,4,0,Staff Behaviour
FDBK03017,EMP0433,2026-07-25,5,1,Service Quality
FDBK03018,EMP0317,2026-07-02,5,0,Product Satisfaction
FDBK03019,EMP0364,2026-02-22,4,0,Staff Behaviour
FDBK03020,EMP0102,2026-06-04,4,0,Staff Behaviour
FDBK03021,EMP0088,2026-07-13,4,0,Digital Banking
FDBK03022,EMP0421,2026-07-15,5,0,Product Satisfaction
FDBK03023,EMP0351,2026-06-09,3,0,Staff Behaviour
FDBK03024,EMP0302,2026-09-20,5,1,Complaint Resolution
FDBK03025,EMP0027,2026-07-26,5,0,Staff Behaviour
FDBK03026,EMP0493,2026-04-09,1,0,Complaint Resolution
FDBK03027,EMP0279,2026-09-09,3,1,Service Quality
FDBK03028,EMP0289,2026-01-09,5,1,Service Quality
FDBK03029,EMP0345,2025-10-11,5,0,Staff Behaviour
FDBK03030,EMP0497,2026-01-01,4,0,Complaint Resolution
FDBK03031,EMP0055,2025-12-26,5,0,Staff Behaviour
FDBK03032,EMP0223,2026-08-17,4,0,Digital Banking
FDBK03033,EMP0343,2026-08-05,4,0,Staff Behaviour
FDBK03034,EMP0468,2026-04-10,4,0,Complaint Resolution
FDBK03035,EMP0425,2026-02-01,4,0,Product Satisfaction
FDBK03036,EMP0313,2025-11-03,2,0,Digital Banking
FDBK03037,EMP0096,2026-09-07,3,2,Service Quality
FDBK03038,EMP0162,2026-06-05,5,0,Product Satisfaction
FDBK03039,EMP0041,2026-01-27,2,0,Digital Banking
FDBK03040,EMP0353,2026-01-22,3,0,Product Satisfaction
FDBK03041,EMP0045,2026-04-05,3,0,Service Quality
FDBK03042,EMP0153,2026-06-08,3,1,Service Quality
FDBK03043,EMP0307,2025-12-08,5,1,Complaint Resolution
FDBK03044,EMP0126,2025-12-28,5,2,Staff Behaviour
FDBK03045,EMP0036,2026-07-04,4,0,Service Quality
FDBK03046,EMP0095,2025-10-05,4,0,Digital Banking
FDBK03047,EMP0331,2026-05-18,4,0,Digital Banking
FDBK03048,EMP0139,2026-01-09,4,0,Digital Banking
FDBK03049,EMP0308,2026-04-20,3,2,Product Satisfaction
FDBK03050,EMP0447,2025-10-08,5,0,Product Satisfaction
FDBK03051,EMP0472,2025-12-19,4,1,Digital Banking
FDBK03052,EMP0394,2026-07-17,2,0,Staff Behaviour
FDBK03053,EMP0391,2026-05-12,5,0,Service Quality
FDBK03054,EMP0325,2025-10-28,5,1,Digital Banking
FDBK03055,EMP0113,2026-06-04,3,1,Staff Behaviour
FDBK03056,EMP0406,2026-03-19,4,1,Digital Banking
FDBK03057,EMP0401,2026-09-23,4,0,Staff Behaviour
FDBK03058,EMP0015,2026-01-28,2,0,Complaint Resolution
FDBK03059,EMP0307,2026-06-22,4,1,Digital Banking
FDBK03060,EMP0399,2026-09-11,4,0,Complaint Resolution
FDBK03061,EMP0065,2026-08-12,5,1,Service Quality
FDBK03062,EMP0011,2026-07-05,4,0,Staff Behaviour
FDBK03063,EMP0261,2026-02-01,5,0,Complaint Resolution
FDBK03064,EMP0054,2026-02-11,4,0,Digital Banking
FDBK03065,EMP0135,2026-03-02,4,0,Product Satisfaction
FDBK03066,EMP0392,2026-01-17,4,0,Staff Behaviour
FDBK03067,EMP0360,2026-09-02,5,1,Digital Banking
FDBK03068,EMP0488,2026-01-09,3,0,Product Satisfaction
FDBK03069,EMP0008,2025-11-10,5,0,Digital Banking
FDBK03070,EMP0012,2026-01-24,5,0,Digital Banking
FDBK03071,EMP0414,2025-11-28,4,0,Service Quality
FDBK03072,EMP0462,2026-02-01,5,1,Product Satisfaction
FDBK03073,EMP0276,2026-09-05,4,0,Product Satisfaction
FDBK03074,EMP0064,2025-11-10,1,0,Product Satisfaction
FDBK03075,EMP0282,2026-06-27,5,3,Digital Banking
FDBK03076,EMP0423,2026-02-19,4,2,Digital Banking
FDBK03077,EMP0165,2026-02-05,4,0,Complaint Resolution
FDBK03078,EMP0204,2025-10-14,2,1,Service Quality
FDBK03079,EMP0140,2026-03-06,5,0,Staff Behaviour
FDBK03080,EMP0252,2026-08-28,5,1,Complaint Resolution
FDBK03081,EMP0074,2025-11-12,5,1,Digital Banking
FDBK03082,EMP0339,2026-02-23,3,0,Staff Behaviour
FDBK03083,EMP0360,2026-04-04,2,0,Complaint Resolution
FDBK03084,EMP0320,2026-02-07,4,0,Service Quality
FDBK03085,EMP0168,2025-10-12,4,1,Complaint Resolution
FDBK03086,EMP0025,2026-01-06,3,1,Service Quality
FDBK03087,EMP0286,2026-01-02,3,0,Service Quality
FDBK03088,EMP0444,2026-07-12,4,1,Service Quality
FDBK03089,EMP0324,2026-08-28,4,3,Digital Banking
FDBK03090,EMP0227,2025-12-23,5,0,Product Satisfaction
FDBK03091,EMP0001,2026-08-25,3,0,Staff Behaviour
FDBK03092,EMP0008,2026-03-08,4,2,Complaint Resolution
FDBK03093,EMP0328,2026-04-19,3,1,Service Quality
FDBK03094,EMP0196,2025-12-23,2,0,Service Quality
FDBK03095,EMP0050,2026-05-07,4,0,Digital Banking
FDBK03096,EMP0118,2026-03-08,2,0,Product Satisfaction
FDBK03097,EMP0358,2026-07-12,4,1,Service Quality
FDBK03098,EMP0142,2026-01-24,2,0,Digital Banking
FDBK03099,EMP0222,2026-09-25,5,0,Complaint Resolution
FDBK03100,EMP0075,2025-10-01,5,1,Product Satisfaction
FDBK03101,EMP0239,2025-12-06,5,0,Service Quality
FDBK03102,EMP0403,2025-10-04,3,0,Digital Banking
FDBK03103,EMP0028,2025-10-16,3,0,Staff Behaviour
FDBK03104,EMP0385,2026-04-27,4,0,Product Satisfaction
FDBK03105,EMP0193,2026-08-24,4,1,Digital Banking
FDBK03106,EMP0441,2026-06-18,3,0,Staff Behaviour
FDBK03107,EMP0007,2025-11-25,3,0,Product Satisfaction
FDBK03108,EMP0254,2026-06-20,5,0,Complaint Resolution
FDBK03109,EMP0404,2026-04-27,2,0,Complaint Resolution
FDBK03110,EMP0100,2026-01-25,4,0,Digital Banking
FDBK03111,EMP0393,2026-04-21,4,2,Service Quality
FDBK03112,EMP0360,2026-09-03,4,0,Product Satisfaction
FDBK03113,EMP0034,2026-03-27,2,0,Service Quality
FDBK03114,EMP0062,2025-11-26,5,0,Complaint Resolution
FDBK03115,EMP0209,2026-07-26,5,0,Staff Behaviour
FDBK03116,EMP0463,2026-08-03,3,0,Service Quality
FDBK03117,EMP0232,2026-03-28,1,0,Staff Behaviour
FDBK03118,EMP0024,2025-10-21,5,0,Staff Behaviour
FDBK03119,EMP0203,2026-02-08,3,0,Staff Behaviour
FDBK03120,EMP0059,2026-04-07,4,1,Digital Banking
FDBK03121,EMP0179,2026-07-27,5,0,Staff Behaviour
FDBK03122,EMP0451,2026-08-21,5,0,Staff Behaviour
FDBK03123,EMP0019,2025-12-10,4,1,Product Satisfaction
FDBK03124,EMP0220,2026-09-10,4,3,Digital Banking
FDBK03125,EMP0439,2026-01-19,4,1,Product Satisfaction
FDBK03126,EMP0265,2026-03-07,4,0,Digital Banking
FDBK03127,EMP0184,2026-02-18,5,0,Staff Behaviour
FDBK03128,EMP0301,2026-03-14,5,2,Service Quality
FDBK03129,EMP0291,2026-05-14,3,0,Digital Banking
FDBK03130,EMP0435,2025-12-20,5,1,Staff Behaviour
FDBK03131,EMP0058,2026-09-25,5,3,Product Satisfaction
FDBK03132,EMP0414,2025-11-12,4,0,Service Quality
FDBK03133,EMP0190,2025-10-14,4,0,Product Satisfaction
FDBK03134,EMP0395,2026-02-16,4,0,Complaint Resolution
FDBK03135,EMP0293,2026-05-20,5,0,Service Quality
FDBK03136,EMP0052,2025-11-26,5,1,Product Satisfaction
FDBK03137,EMP0171,2025-10-12,3,0,Complaint Resolution
FDBK03138,EMP0060,2026-09-15,5,1,Complaint Resolution
FDBK03139,EMP0386,2025-12-13,4,0,Product Satisfaction
FDBK03140,EMP0474,2026-01-05,4,0,Complaint Resolution
FDBK03141,EMP0213,2026-07-24,4,1,Complaint Resolution
FDBK03142,EMP0316,2026-09-17,3,0,Staff Behaviour
FDBK03143,EMP0152,2025-10-02,4,0,Staff Behaviour
FDBK03144,EMP0154,2026-06-12,5,2,Complaint Resolution
FDBK03145,EMP0373,2026-06-02,4,1,Digital Banking
FDBK03146,EMP0471,2026-04-18,2,0,Service Quality
FDBK03147,EMP0137,2026-04-20,5,0,Product Satisfaction
FDBK03148,EMP0122,2026-02-13,5,0,Complaint Resolution
FDBK03149,EMP0380,2025-10-02,4,0,Digital Banking
FDBK03150,EMP0338,2026-05-14,2,0,Complaint Resolution
FDBK03151,EMP0160,2026-08-22,1,0,Staff Behaviour
FDBK03152,EMP0483,2026-01-12,4,0,Service Quality
FDBK03153,EMP0460,2025-10-12,4,0,Digital Banking
FDBK03154,EMP0336,2026-08-12,4,0,Digital Banking
FDBK03155,EMP0453,2026-03-12,4,0,Digital Banking
FDBK03156,EMP0020,2025-12-08,4,0,Complaint Resolution
FDBK03157,EMP0051,2025-12-25,4,0,Service Quality
FDBK03158,EMP0345,2026-04-03,5,0,Digital Banking
FDBK03159,EMP0353,2026-07-23,4,0,Service Quality
FDBK03160,EMP0074,2026-04-20,5,0,Product Satisfaction
FDBK03161,EMP0075,2026-08-07,5,0,Staff Behaviour
FDBK03162,EMP0002,2026-08-14,5,0,Service Quality
FDBK03163,EMP0184,2025-11-22,5,0,Staff Behaviour
FDBK03164,EMP0077,2026-01-02,4,0,Service Quality
FDBK03165,EMP0032,2026-02-04,3,0,Staff Behaviour
FDBK03166,EMP0076,2026-05-18,5,0,Service Quality
FDBK03167,EMP0218,2025-12-28,2,0,Product Satisfaction
FDBK03168,EMP0254,2026-06-12,4,0,Product Satisfaction
FDBK03169,EMP0086,2026-03-16,4,0,Product Satisfaction
FDBK03170,EMP0418,2025-12-27,4,0,Staff Behaviour
FDBK03171,EMP0056,2025-12-10,5,0,Product Satisfaction
FDBK03172,EMP0151,2026-09-02,3,0,Product Satisfaction
FDBK03173,EMP0357,2025-12-25,5,1,Digital Banking
FDBK03174,EMP0223,2026-05-22,4,0,Product Satisfaction
FDBK03175,EMP0335,2026-09-01,5,1,Digital Banking
FDBK03176,EMP0189,2025-11-25,4,0,Product Satisfaction
FDBK03177,EMP0493,2026-06-23,4,0,Complaint Resolution
FDBK03178,EMP0239,2026-06-06,4,1,Product Satisfaction
FDBK03179,EMP0301,2025-12-13,4,0,Product Satisfaction
FDBK03180,EMP0368,2026-04-23,4,0,Service Quality
FDBK03181,EMP0390,2026-05-06,5,0,Digital Banking
FDBK03182,EMP0137,2026-07-15,1,1,Digital Banking
FDBK03183,EMP0490,2026-09-04,5,1,Complaint Resolution
FDBK03184,EMP0007,2026-03-18,4,0,Staff Behaviour
FDBK03185,EMP0275,2026-01-05,4,0,Complaint Resolution
FDBK03186,EMP0376,2026-04-23,4,0,Staff Behaviour
FDBK03187,EMP0127,2026-05-21,5,0,Digital Banking
FDBK03188,EMP0114,2025-10-17,3,1,Complaint Resolution
FDBK03189,EMP0256,2026-02-15,4,0,Digital Banking
FDBK03190,EMP0119,2026-06-13,5,1,Service Quality
FDBK03191,EMP0272,2025-12-19,5,0,Product Satisfaction
FDBK03192,EMP0232,2026-05-27,5,0,Staff Behaviour
FDBK03193,EMP0026,2026-09-12,5,2,Service Quality
FDBK03194,EMP0231,2026-03-09,4,0,Product Satisfaction
FDBK03195,EMP0063,2026-09-17,5,1,Product Satisfaction
FDBK03196,EMP0033,2026-09-22,5,0,Complaint Resolution
FDBK03197,EMP0118,2025-10-21,4,0,Service Quality
FDBK03198,EMP0163,2026-07-23,5,0,Product Satisfaction
FDBK03199,EMP0242,2025-12-17,4,1,Staff Behaviour
FDBK03200,EMP0109,2026-07-11,4,1,Digital Banking
FDBK03201,EMP0070,2026-05-17,3,0,Digital Banking
FDBK03202,EMP0470,2025-12-13,5,0,Service Quality
FDBK03203,EMP0484,2025-11-28,4,0,Digital Banking
FDBK03204,EMP0411,2026-01-12,5,3,Product Satisfaction
FDBK03205,EMP0472,2025-11-04,5,0,Digital Banking
FDBK03206,EMP0160,2026-03-26,2,0,Digital Banking
FDBK03207,EMP0249,2026-02-08,4,1,Digital Banking
FDBK03208,EMP0396,2026-02-19,1,1,Staff Behaviour
FDBK03209,EMP0005,2025-12-02,2,2,Staff Behaviour
FDBK03210,EMP0023,2026-04-21,3,0,Staff Behaviour
FDBK03211,EMP0024,2026-06-17,4,0,Digital Banking
FDBK03212,EMP0098,2025-10-21,3,0,Product Satisfaction
FDBK03213,EMP0330,2026-01-27,3,0,Service Quality
FDBK03214,EMP0210,2026-03-11,4,1,Complaint Resolution
FDBK03215,EMP0396,2026-02-26,4,0,Product Satisfaction
FDBK03216,EMP0192,2026-04-04,5,0,Service Quality
FDBK03217,EMP0083,2025-11-23,5,0,Product Satisfaction
FDBK03218,EMP0242,2026-02-08,3,2,Product Satisfaction
FDBK03219,EMP0280,2026-03-12,5,0,Staff Behaviour
FDBK03220,EMP0033,2025-12-26,4,3,Digital Banking
FDBK03221,EMP0069,2026-03-08,4,1,Digital Banking
FDBK03222,EMP0100,2026-03-15,4,0,Staff Behaviour
FDBK03223,EMP0415,2026-01-01,1,0,Digital Banking
FDBK03224,EMP0218,2025-11-04,5,0,Staff Behaviour
FDBK03225,EMP0472,2026-08-08,4,0,Complaint Resolution
FDBK03226,EMP0228,2026-08-05,5,0,Digital Banking
FDBK03227,EMP0258,2026-05-27,2,1,Digital Banking
FDBK03228,EMP0174,2026-06-11,3,1,Complaint Resolution
FDBK03229,EMP0014,2026-05-05,3,1,Product Satisfaction
FDBK03230,EMP0464,2025-11-25,3,0,Complaint Resolution
FDBK03231,EMP0136,2026-03-11,3,0,Digital Banking
FDBK03232,EMP0470,2026-03-27,4,0,Complaint Resolution
FDBK03233,EMP0289,2026-03-11,5,0,Product Satisfaction
FDBK03234,EMP0248,2026-09-10,4,0,Product Satisfaction
FDBK03235,EMP0047,2025-10-19,4,1,Digital Banking
FDBK03236,EMP0176,2026-08-11,1,0,Complaint Resolution
FDBK03237,EMP0129,2026-02-19,4,0,Complaint Resolution
FDBK03238,EMP0036,2025-11-08,4,1,Staff Behaviour
FDBK03239,EMP0329,2026-05-08,4,0,Digital Banking
FDBK03240,EMP0237,2026-06-05,4,0,Digital Banking
FDBK03241,EMP0224,2026-05-19,5,1,Complaint Resolution
FDBK03242,EMP0486,2026-02-19,2,1,Digital Banking
FDBK03243,EMP0365,2026-09-08,4,2,Staff Behaviour
FDBK03244,EMP0381,2026-02-20,3,0,Staff Behaviour
FDBK03245,EMP0115,2026-01-28,4,0,Product Satisfaction
FDBK03246,EMP0365,2025-12-16,5,0,Digital Banking
FDBK03247,EMP0250,2026-08-04,2,0,Service Quality
FDBK03248,EMP0235,2026-08-09,3,1,Staff Behaviour
FDBK03249,EMP0137,2026-02-15,4,0,Staff Behaviour
FDBK03250,EMP0177,2026-06-23,5,0,Complaint Resolution
FDBK03251,EMP0067,2025-11-28,4,0,Product Satisfaction
FDBK03252,EMP0096,2025-10-13,5,0,Service Quality
FDBK03253,EMP0496,2026-08-14,3,0,Digital Banking
FDBK03254,EMP0393,2026-01-11,4,0,Digital Banking
FDBK03255,EMP0475,2025-11-11,4,1,Complaint Resolution
FDBK03256,EMP0297,2026-08-13,4,0,Product Satisfaction
FDBK03257,EMP0396,2026-06-27,5,1,Service Quality
FDBK03258,EMP0234,2026-06-25,5,2,Complaint Resolution
FDBK03259,EMP0179,2025-12-24,2,0,Service Quality
FDBK03260,EMP0014,2025-12-24,4,1,Digital Banking
FDBK03261,EMP0446,2026-03-16,5,0,Product Satisfaction
FDBK03262,EMP0010,2026-01-16,5,0,Service Quality
FDBK03263,EMP0365,2026-06-28,2,0,Product Satisfaction
FDBK03264,EMP0457,2026-02-14,3,1,Product Satisfaction
FDBK03265,EMP0213,2026-02-16,3,1,Digital Banking
FDBK03266,EMP0371,2026-04-15,4,0,Complaint Resolution
FDBK03267,EMP0403,2026-02-27,4,1,Service Quality
FDBK03268,EMP0276,2026-02-21,2,1,Staff Behaviour
FDBK03269,EMP0288,2026-04-08,2,0,Digital Banking
FDBK03270,EMP0058,2025-11-13,4,0,Service Quality
FDBK03271,EMP0054,2026-06-28,4,1,Service Quality
FDBK03272,EMP0156,2025-11-22,5,0,Service Quality
FDBK03273,EMP0236,2026-02-11,3,0,Staff Behaviour
FDBK03274,EMP0291,2026-02-23,5,0,Staff Behaviour
FDBK03275,EMP0246,2026-07-25,3,1,Digital Banking
FDBK03276,EMP0379,2026-08-08,5,0,Complaint Resolution
FDBK03277,EMP0056,2026-08-11,4,0,Digital Banking
FDBK03278,EMP0292,2025-12-18,3,0,Staff Behaviour
FDBK03279,EMP0198,2026-07-11,2,0,Digital Banking
FDBK03280,EMP0180,2025-10-20,4,0,Digital Banking
FDBK03281,EMP0143,2026-03-05,5,1,Service Quality
FDBK03282,EMP0351,2026-03-27,5,1,Digital Banking
FDBK03283,EMP0327,2026-08-24,4,0,Staff Behaviour
FDBK03284,EMP0319,2026-02-23,4,1,Digital Banking
FDBK03285,EMP0280,2026-06-13,3,0,Complaint Resolution
FDBK03286,EMP0167,2026-07-02,4,1,Complaint Resolution
FDBK03287,EMP0239,2025-10-04,4,0,Service Quality
FDBK03288,EMP0328,2025-10-02,5,1,Digital Banking
FDBK03289,EMP0430,2025-10-01,5,0,Staff Behaviour
FDBK03290,EMP0202,2025-12-08,1,0,Product Satisfaction
FDBK03291,EMP0468,2026-01-07,4,0,Service Quality
FDBK03292,EMP0201,2026-05-19,4,0,Complaint Resolution
FDBK03293,EMP0159,2025-12-21,4,0,Digital Banking
FDBK03294,EMP0466,2026-07-17,2,0,Service Quality
FDBK03295,EMP0134,2026-08-22,1,0,Complaint Resolution
FDBK03296,EMP0123,2026-06-04,4,0,Service Quality
FDBK03297,EMP0299,2026-06-12,3,0,Complaint Resolution
FDBK03298,EMP0303,2026-01-01,3,1,Digital Banking
FDBK03299,EMP0250,2025-11-09,4,0,Service Quality
FDBK03300,EMP0205,2026-03-09,5,0,Staff Behaviour
FDBK03301,EMP0421,2026-04-02,3,0,Staff Behaviour
FDBK03302,EMP0469,2026-08-05,4,0,Product Satisfaction
FDBK03303,EMP0059,2026-01-23,3,0,Digital Banking
FDBK03304,EMP0194,2026-03-23,5,0,Staff Behaviour
FDBK03305,EMP0451,2026-01-02,3,0,Digital Banking
FDBK03306,EMP0079,2026-07-21,4,0,Product Satisfaction
FDBK03307,EMP0260,2026-04-22,4,0,Staff Behaviour
FDBK03308,EMP0376,2026-04-08,5,2,Digital Banking
FDBK03309,EMP0103,2026-05-25,2,1,Staff Behaviour
FDBK03310,EMP0218,2026-06-04,5,0,Service Quality
FDBK03311,EMP0113,2026-09-07,5,0,Product Satisfaction
FDBK03312,EMP0316,2025-11-21,3,1,Complaint Resolution
FDBK03313,EMP0430,2025-12-27,4,0,Digital Banking
FDBK03314,EMP0442,2025-12-24,3,0,Staff Behaviour
FDBK03315,EMP0318,2025-12-22,1,1,Complaint Resolution
FDBK03316,EMP0209,2026-04-20,5,3,Complaint Resolution
FDBK03317,EMP0279,2026-08-01,4,0,Digital Banking
FDBK03318,EMP0273,2026-09-10,4,0,Service Quality
FDBK03319,EMP0299,2026-04-09,5,0,Digital Banking
FDBK03320,EMP0121,2025-10-15,2,0,Staff Behaviour
FDBK03321,EMP0430,2026-07-08,5,0,Service Quality
FDBK03322,EMP0225,2025-12-12,4,0,Service Quality
FDBK03323,EMP0273,2026-07-19,3,0,Complaint Resolution
FDBK03324,EMP0089,2026-04-11,3,0,Staff Behaviour
FDBK03325,EMP0196,2026-06-18,5,0,Complaint Resolution
FDBK03326,EMP0219,2026-08-26,2,1,Product Satisfaction
FDBK03327,EMP0065,2026-05-23,4,0,Product Satisfaction
FDBK03328,EMP0304,2026-05-15,4,0,Service Quality
FDBK03329,EMP0443,2025-10-11,4,0,Service Quality
FDBK03330,EMP0365,2026-05-06,3,1,Complaint Resolution
FDBK03331,EMP0392,2025-11-26,2,1,Complaint Resolution
FDBK03332,EMP0169,2026-08-08,4,0,Complaint Resolution
FDBK03333,EMP0363,2026-05-02,4,0,Product Satisfaction
FDBK03334,EMP0300,2026-05-22,4,0,Product Satisfaction
FDBK03335,EMP0058,2026-03-01,4,0,Product Satisfaction
FDBK03336,EMP0395,2026-01-09,5,2,Digital Banking
FDBK03337,EMP0208,2026-08-25,4,0,Service Quality
FDBK03338,EMP0086,2026-04-16,5,1,Service Quality
FDBK03339,EMP0287,2026-04-03,2,0,Product Satisfaction
FDBK03340,EMP0181,2026-09-26,4,0,Complaint Resolution
FDBK03341,EMP0341,2026-05-17,4,0,Digital Banking
FDBK03342,EMP0239,2025-11-18,5,0,Product Satisfaction
FDBK03343,EMP0010,2026-07-27,3,1,Service Quality
FDBK03344,EMP0021,2025-10-28,4,0,Digital Banking
FDBK03345,EMP0128,2026-04-05,3,0,Digital Banking
FDBK03346,EMP0415,2026-04-14,5,0,Complaint Resolution
FDBK03347,EMP0132,2026-02-13,4,0,Complaint Resolution
FDBK03348,EMP0399,2025-11-08,4,1,Complaint Resolution
FDBK03349,EMP0446,2026-02-18,3,3,Staff Behaviour
FDBK03350,EMP0002,2026-04-25,4,0,Digital Banking
FDBK03351,EMP0399,2025-12-07,3,1,Staff Behaviour
FDBK03352,EMP0271,2026-06-24,4,0,Service Quality
FDBK03353,EMP0184,2026-06-14,1,1,Digital Banking
FDBK03354,EMP0296,2026-04-27,3,0,Complaint Resolution
FDBK03355,EMP0079,2026-05-26,5,0,Staff Behaviour
FDBK03356,EMP0309,2025-11-05,4,0,Digital Banking
FDBK03357,EMP0434,2026-05-13,5,0,Digital Banking
FDBK03358,EMP0399,2025-11-05,5,1,Complaint Resolution
FDBK03359,EMP0026,2026-09-06,4,0,Complaint Resolution
FDBK03360,EMP0386,2026-06-15,5,0,Staff Behaviour
FDBK03361,EMP0053,2026-01-28,3,1,Product Satisfaction
FDBK03362,EMP0496,2026-02-25,5,0,Product Satisfaction
FDBK03363,EMP0372,2026-04-23,4,0,Complaint Resolution
FDBK03364,EMP0467,2026-06-04,4,0,Staff Behaviour
FDBK03365,EMP0281,2025-11-15,5,1,Digital Banking
FDBK03366,EMP0060,2026-07-02,5,0,Digital Banking
FDBK03367,EMP0252,2026-07-25,4,0,Digital Banking
FDBK03368,EMP0413,2026-09-05,5,0,Staff Behaviour
FDBK03369,EMP0460,2026-05-28,5,0,Product Satisfaction
FDBK03370,EMP0085,2026-06-17,4,0,Staff Behaviour
FDBK03371,EMP0425,2025-12-20,4,0,Complaint Resolution
FDBK03372,EMP0373,2026-05-06,4,0,Complaint Resolution
FDBK03373,EMP0161,2026-03-19,5,0,Digital Banking
FDBK03374,EMP0031,2026-09-23,2,0,Staff Behaviour
FDBK03375,EMP0278,2026-01-13,4,0,Staff Behaviour
FDBK03376,EMP0129,2026-07-19,4,0,Complaint Resolution
FDBK03377,EMP0304,2025-11-23,4,0,Digital Banking
FDBK03378,EMP0173,2026-09-12,3,0,Complaint Resolution
FDBK03379,EMP0492,2026-04-15,1,0,Staff Behaviour
FDBK03380,EMP0431,2026-03-02,5,0,Staff Behaviour
FDBK03381,EMP0319,2026-06-03,3,2,Complaint Resolution
FDBK03382,EMP0064,2026-03-18,3,0,Product Satisfaction
FDBK03383,EMP0126,2026-05-08,4,1,Service Quality
FDBK03384,EMP0403,2026-03-20,4,0,Complaint Resolution
FDBK03385,EMP0425,2026-06-14,4,0,Service Quality
FDBK03386,EMP0027,2026-08-13,3,1,Product Satisfaction
FDBK03387,EMP0034,2026-03-12,3,0,Digital Banking
FDBK03388,EMP0113,2025-11-26,4,0,Product Satisfaction
FDBK03389,EMP0460,2026-03-09,4,1,Product Satisfaction
FDBK03390,EMP0218,2026-06-06,5,0,Complaint Resolution
FDBK03391,EMP0399,2026-05-25,5,0,Product Satisfaction
FDBK03392,EMP0436,2026-04-07,3,0,Complaint Resolution
FDBK03393,EMP0390,2026-06-18,4,0,Digital Banking
FDBK03394,EMP0337,2026-06-04,4,0,Complaint Resolution
FDBK03395,EMP0301,2026-02-05,5,0,Digital Banking
FDBK03396,EMP0062,2025-11-09,5,0,Service Quality
FDBK03397,EMP0003,2026-08-04,5,0,Complaint Resolution
FDBK03398,EMP0301,2026-09-21,3,0,Product Satisfaction
FDBK03399,EMP0186,2026-09-01,4,0,Staff Behaviour
FDBK03400,EMP0042,2025-12-28,4,1,Product Satisfaction
FDBK03401,EMP0059,2026-04-12,5,0,Staff Behaviour
FDBK03402,EMP0437,2026-05-11,5,0,Product Satisfaction
FDBK03403,EMP0160,2025-12-10,4,1,Digital Banking
FDBK03404,EMP0414,2026-08-01,5,2,Digital Banking
FDBK03405,EMP0050,2026-06-27,3,0,Service Quality
FDBK03406,EMP0316,2025-11-14,5,0,Product Satisfaction
FDBK03407,EMP0188,2026-04-01,3,0,Digital Banking
FDBK03408,EMP0217,2025-12-12,4,0,Complaint Resolution
FDBK03409,EMP0484,2025-12-24,4,2,Complaint Resolution
FDBK03410,EMP0194,2026-05-15,4,0,Staff Behaviour
FDBK03411,EMP0238,2026-08-02,4,0,Digital Banking
FDBK03412,EMP0175,2026-09-02,4,0,Staff Behaviour
FDBK03413,EMP0028,2026-02-16,4,1,Complaint Resolution
FDBK03414,EMP0017,2026-02-28,2,0,Service Quality
FDBK03415,EMP0418,2025-11-01,4,1,Product Satisfaction
FDBK03416,EMP0299,2026-04-15,5,0,Service Quality
FDBK03417,EMP0328,2025-11-04,3,0,Digital Banking
FDBK03418,EMP0017,2025-12-28,5,0,Staff Behaviour
FDBK03419,EMP0491,2026-08-27,4,0,Staff Behaviour
FDBK03420,EMP0274,2026-04-13,3,0,Digital Banking
FDBK03421,EMP0204,2026-09-27,3,2,Staff Behaviour
FDBK03422,EMP0321,2026-04-14,4,0,Product Satisfaction
FDBK03423,EMP0036,2025-11-28,4,0,Service Quality
FDBK03424,EMP0351,2026-02-13,4,0,Staff Behaviour
FDBK03425,EMP0429,2025-11-27,3,0,Staff Behaviour
FDBK03426,EMP0013,2026-07-18,4,0,Digital Banking
FDBK03427,EMP0237,2026-05-12,4,0,Service Quality
FDBK03428,EMP0037,2025-11-02,3,3,Staff Behaviour
FDBK03429,EMP0197,2026-09-16,3,2,Staff Behaviour
FDBK03430,EMP0011,2025-11-25,1,0,Service Quality
FDBK03431,EMP0429,2025-10-19,4,1,Digital Banking
FDBK03432,EMP0162,2026-03-18,3,0,Staff Behaviour
FDBK03433,EMP0008,2026-05-24,3,0,Service Quality
FDBK03434,EMP0156,2026-05-03,3,0,Staff Behaviour
FDBK03435,EMP0366,2026-08-09,5,0,Product Satisfaction
FDBK03436,EMP0059,2026-06-19,5,0,Staff Behaviour
FDBK03437,EMP0358,2026-07-25,4,2,Staff Behaviour
FDBK03438,EMP0154,2025-11-06,4,0,Complaint Resolution
FDBK03439,EMP0105,2026-05-22,5,0,Staff Behaviour
FDBK03440,EMP0100,2026-08-08,5,1,Service Quality
FDBK03441,EMP0499,2026-07-18,4,0,Staff Behaviour
FDBK03442,EMP0231,2026-07-07,2,2,Product Satisfaction
FDBK03443,EMP0161,2026-09-03,5,1,Product Satisfaction
FDBK03444,EMP0379,2026-07-15,3,0,Complaint Resolution
FDBK03445,EMP0098,2026-02-10,5,0,Complaint Resolution
FDBK03446,EMP0099,2025-10-26,2,1,Staff Behaviour
FDBK03447,EMP0153,2026-02-11,4,0,Staff Behaviour
FDBK03448,EMP0233,2026-08-28,4,1,Digital Banking
FDBK03449,EMP0427,2026-09-08,3,1,Service Quality
FDBK03450,EMP0183,2026-01-24,5,0,Staff Behaviour
FDBK03451,EMP0497,2026-08-11,5,0,Service Quality
FDBK03452,EMP0458,2026-07-08,5,0,Staff Behaviour
FDBK03453,EMP0063,2026-03-06,4,0,Staff Behaviour
FDBK03454,EMP0421,2025-11-27,3,2,Product Satisfaction
FDBK03455,EMP0168,2025-10-01,1,1,Staff Behaviour
FDBK03456,EMP0217,2026-01-08,4,0,Complaint Resolution
FDBK03457,EMP0092,2026-06-06,2,0,Digital Banking
FDBK03458,EMP0488,2026-06-16,5,0,Complaint Resolution
FDBK03459,EMP0500,2026-09-24,5,0,Product Satisfaction
FDBK03460,EMP0314,2026-01-25,4,0,Product Satisfaction
FDBK03461,EMP0003,2025-10-19,1,0,Staff Behaviour
FDBK03462,EMP0443,2025-12-06,4,0,Complaint Resolution
FDBK03463,EMP0479,2026-08-02,4,1,Complaint Resolution
FDBK03464,EMP0344,2025-12-20,3,0,Complaint Resolution
FDBK03465,EMP0281,2026-09-19,3,2,Service Quality
FDBK03466,EMP0164,2026-03-16,5,3,Staff Behaviour
FDBK03467,EMP0029,2025-12-04,2,3,Staff Behaviour
FDBK03468,EMP0088,2026-09-15,1,0,Product Satisfaction
FDBK03469,EMP0305,2025-11-10,4,0,Service Quality
FDBK03470,EMP0039,2025-11-02,5,1,Staff Behaviour
FDBK03471,EMP0363,2025-12-01,4,0,Digital Banking
FDBK03472,EMP0273,2026-09-19,3,1,Complaint Resolution
FDBK03473,EMP0348,2026-02-23,4,0,Staff Behaviour
FDBK03474,EMP0311,2026-02-10,3,1,Service Quality
FDBK03475,EMP0358,2026-08-26,3,1,Service Quality
FDBK03476,EMP0088,2025-10-14,4,1,Digital Banking
FDBK03477,EMP0500,2025-11-20,4,0,Product Satisfaction
FDBK03478,EMP0298,2026-08-16,4,0,Product Satisfaction
FDBK03479,EMP0479,2026-09-26,2,0,Staff Behaviour
FDBK03480,EMP0400,2026-07-04,4,1,Digital Banking
FDBK03481,EMP0299,2026-02-18,5,1,Product Satisfaction
FDBK03482,EMP0160,2025-11-03,3,0,Staff Behaviour
FDBK03483,EMP0338,2026-06-22,1,0,Complaint Resolution
FDBK03484,EMP0263,2026-01-14,2,0,Product Satisfaction
FDBK03485,EMP0059,2026-03-05,4,0,Product Satisfaction
FDBK03486,EMP0012,2025-10-09,4,1,Product Satisfaction
FDBK03487,EMP0441,2026-05-08,4,0,Product Satisfaction
FDBK03488,EMP0195,2026-05-20,4,0,Digital Banking
FDBK03489,EMP0059,2025-11-24,1,0,Staff Behaviour
FDBK03490,EMP0232,2026-02-02,4,1,Product Satisfaction
FDBK03491,EMP0485,2025-12-12,2,1,Complaint Resolution
FDBK03492,EMP0265,2026-02-12,4,1,Staff Behaviour
FDBK03493,EMP0363,2026-01-07,3,0,Complaint Resolution
FDBK03494,EMP0420,2026-07-24,4,1,Complaint Resolution
FDBK03495,EMP0380,2025-12-20,4,2,Product Satisfaction
FDBK03496,EMP0068,2026-05-14,5,0,Product Satisfaction
FDBK03497,EMP0218,2025-11-19,3,0,Staff Behaviour
FDBK03498,EMP0063,2025-11-13,3,1,Staff Behaviour
FDBK03499,EMP0351,2026-05-06,5,1,Staff Behaviour
FDBK03500,EMP0352,2026-04-05,4,0,Staff Behaviour
FDBK03501,EMP0207,2025-11-23,2,1,Digital Banking
FDBK03502,EMP0222,2025-11-15,4,0,Service Quality
FDBK03503,EMP0144,2026-06-11,4,0,Staff Behaviour
FDBK03504,EMP0013,2026-03-14,4,1,Service Quality
FDBK03505,EMP0213,2026-04-08,4,3,Staff Behaviour
FDBK03506,EMP0465,2025-10-10,5,0,Product Satisfaction
FDBK03507,EMP0489,2026-03-13,4,1,Product Satisfaction
FDBK03508,EMP0116,2026-08-18,5,1,Staff Behaviour
FDBK03509,EMP0300,2025-11-16,3,0,Staff Behaviour
FDBK03510,EMP0021,2026-08-02,5,3,Staff Behaviour
FDBK03511,EMP0439,2026-05-15,4,2,Digital Banking
FDBK03512,EMP0270,2025-12-18,4,1,Complaint Resolution
FDBK03513,EMP0341,2026-05-23,5,0,Complaint Resolution
FDBK03514,EMP0226,2025-11-09,5,1,Digital Banking
FDBK03515,EMP0329,2026-06-27,5,0,Product Satisfaction
FDBK03516,EMP0276,2026-03-17,2,1,Service Quality
FDBK03517,EMP0393,2025-10-13,5,0,Service Quality
FDBK03518,EMP0200,2026-09-08,4,0,Product Satisfaction
FDBK03519,EMP0363,2026-05-01,5,1,Product Satisfaction
FDBK03520,EMP0369,2025-10-28,1,0,Digital Banking
FDBK03521,EMP0483,2026-09-28,5,0,Product Satisfaction
FDBK03522,EMP0469,2026-01-06,5,0,Staff Behaviour
FDBK03523,EMP0183,2026-03-01,4,1,Product Satisfaction
FDBK03524,EMP0003,2026-03-13,4,2,Product Satisfaction
FDBK03525,EMP0025,2025-10-23,4,1,Product Satisfaction
FDBK03526,EMP0077,2025-10-10,3,1,Digital Banking
FDBK03527,EMP0453,2026-03-09,4,2,Digital Banking
FDBK03528,EMP0095,2025-11-22,3,0,Service Quality
FDBK03529,EMP0034,2025-10-04,4,0,Staff Behaviour
FDBK03530,EMP0039,2026-07-17,5,0,Staff Behaviour
FDBK03531,EMP0157,2025-10-03,4,0,Digital Banking
FDBK03532,EMP0401,2026-05-13,4,1,Product Satisfaction
FDBK03533,EMP0077,2025-11-22,3,0,Product Satisfaction
FDBK03534,EMP0220,2026-01-02,3,0,Digital Banking
FDBK03535,EMP0406,2025-12-27,4,0,Product Satisfaction
FDBK03536,EMP0187,2025-10-09,5,0,Product Satisfaction
FDBK03537,EMP0167,2025-10-14,4,0,Product Satisfaction
FDBK03538,EMP0005,2026-03-24,3,0,Digital Banking
FDBK03539,EMP0349,2026-02-06,4,0,Complaint Resolution
FDBK03540,EMP0104,2026-05-16,4,0,Product Satisfaction
FDBK03541,EMP0238,2026-09-26,5,1,Staff Behaviour
FDBK03542,EMP0241,2025-11-12,5,0,Staff Behaviour
FDBK03543,EMP0063,2026-08-23,4,0,Service Quality
FDBK03544,EMP0073,2026-08-14,3,1,Product Satisfaction
FDBK03545,EMP0289,2026-08-24,4,0,Service Quality
FDBK03546,EMP0472,2026-05-10,3,1,Complaint Resolution
FDBK03547,EMP0256,2026-03-09,4,0,Product Satisfaction
FDBK03548,EMP0449,2025-11-19,5,1,Product Satisfaction
FDBK03549,EMP0303,2026-01-19,4,1,Complaint Resolution
FDBK03550,EMP0380,2026-06-23,4,0,Product Satisfaction
FDBK03551,EMP0385,2025-11-02,2,1,Complaint Resolution
FDBK03552,EMP0101,2026-06-23,5,2,Service Quality
FDBK03553,EMP0091,2026-04-12,5,1,Digital Banking
FDBK03554,EMP0357,2026-07-09,5,0,Staff Behaviour
FDBK03555,EMP0130,2026-02-27,2,0,Digital Banking
FDBK03556,EMP0144,2025-10-12,4,1,Service Quality
FDBK03557,EMP0016,2026-08-24,3,0,Complaint Resolution
FDBK03558,EMP0038,2026-09-03,4,0,Digital Banking
FDBK03559,EMP0487,2026-03-24,4,0,Service Quality
FDBK03560,EMP0405,2026-04-02,2,0,Staff Behaviour
FDBK03561,EMP0364,2026-06-12,5,1,Product Satisfaction
FDBK03562,EMP0205,2026-09-27,4,0,Digital Banking
FDBK03563,EMP0211,2025-10-10,3,0,Staff Behaviour
FDBK03564,EMP0493,2025-10-05,4,0,Digital Banking
FDBK03565,EMP0334,2025-12-04,3,0,Complaint Resolution
FDBK03566,EMP0452,2026-09-27,2,0,Complaint Resolution
FDBK03567,EMP0048,2025-12-12,4,0,Service Quality
FDBK03568,EMP0243,2026-02-06,3,2,Product Satisfaction
FDBK03569,EMP0310,2026-06-08,3,0,Digital Banking
FDBK03570,EMP0363,2026-04-23,5,0,Digital Banking
FDBK03571,EMP0216,2026-04-27,4,0,Service Quality
FDBK03572,EMP0262,2025-10-23,3,1,Service Quality
FDBK03573,EMP0028,2026-07-14,4,1,Product Satisfaction
FDBK03574,EMP0404,2026-04-02,4,0,Service Quality
FDBK03575,EMP0487,2026-09-04,4,1,Product Satisfaction
FDBK03576,EMP0265,2026-05-10,5,1,Digital Banking
FDBK03577,EMP0160,2025-11-27,5,0,Service Quality
FDBK03578,EMP0210,2026-05-07,5,1,Complaint Resolution
FDBK03579,EMP0081,2026-07-12,4,0,Product Satisfaction
FDBK03580,EMP0202,2026-02-19,5,0,Product Satisfaction
FDBK03581,EMP0500,2025-10-26,5,0,Product Satisfaction
FDBK03582,EMP0139,2026-09-13,4,0,Staff Behaviour
FDBK03583,EMP0384,2025-12-27,1,0,Digital Banking
FDBK03584,EMP0016,2026-01-19,3,1,Product Satisfaction
FDBK03585,EMP0238,2026-08-05,4,0,Service Quality
FDBK03586,EMP0373,2026-07-20,4,0,Digital Banking
FDBK03587,EMP0444,2026-04-10,4,0,Complaint Resolution
FDBK03588,EMP0170,2025-10-19,4,0,Staff Behaviour
FDBK03589,EMP0189,2026-02-22,5,0,Complaint Resolution
FDBK03590,EMP0011,2025-10-07,5,0,Service Quality
FDBK03591,EMP0306,2026-03-16,5,0,Service Quality
FDBK03592,EMP0056,2026-06-09,4,0,Digital Banking
FDBK03593,EMP0473,2026-01-03,3,0,Digital Banking
FDBK03594,EMP0202,2026-08-04,5,1,Staff Behaviour
FDBK03595,EMP0098,2025-10-15,4,0,Staff Behaviour
FDBK03596,EMP0213,2025-11-28,4,0,Product Satisfaction
FDBK03597,EMP0038,2026-06-19,5,0,Complaint Resolution
FDBK03598,EMP0113,2026-01-21,3,0,Product Satisfaction
FDBK03599,EMP0228,2026-06-21,4,0,Digital Banking
FDBK03600,EMP0164,2026-06-20,2,0,Product Satisfaction
FDBK03601,EMP0038,2026-08-22,4,0,Complaint Resolution
FDBK03602,EMP0062,2026-05-10,5,0,Product Satisfaction
FDBK03603,EMP0151,2026-02-10,4,0,Service Quality
FDBK03604,EMP0145,2026-09-08,1,0,Product Satisfaction
FDBK03605,EMP0066,2025-10-02,5,0,Complaint Resolution
FDBK03606,EMP0071,2026-08-09,5,0,Complaint Resolution
FDBK03607,EMP0008,2026-04-06,4,0,Digital Banking
FDBK03608,EMP0414,2026-02-20,3,0,Complaint Resolution
FDBK03609,EMP0028,2026-05-16,2,0,Complaint Resolution
FDBK03610,EMP0183,2026-02-23,3,1,Digital Banking
FDBK03611,EMP0093,2026-01-23,5,1,Product Satisfaction
FDBK03612,EMP0157,2025-10-01,4,3,Service Quality
FDBK03613,EMP0370,2026-09-08,5,0,Digital Banking
FDBK03614,EMP0112,2026-03-07,4,2,Complaint Resolution
FDBK03615,EMP0292,2026-08-19,2,0,Staff Behaviour
FDBK03616,EMP0204,2026-01-19,5,0,Service Quality
FDBK03617,EMP0010,2026-06-11,3,0,Staff Behaviour
FDBK03618,EMP0314,2026-07-20,4,0,Staff Behaviour
FDBK03619,EMP0331,2025-11-16,5,1,Staff Behaviour
FDBK03620,EMP0040,2025-11-13,5,1,Product Satisfaction
FDBK03621,EMP0453,2025-10-15,4,1,Product Satisfaction
FDBK03622,EMP0471,2026-09-15,4,2,Product Satisfaction
FDBK03623,EMP0311,2026-08-14,5,2,Complaint Resolution
FDBK03624,EMP0102,2026-09-06,5,1,Service Quality
FDBK03625,EMP0500,2026-03-01,3,0,Complaint Resolution
FDBK03626,EMP0054,2026-07-08,5,0,Staff Behaviour
FDBK03627,EMP0154,2025-10-27,5,1,Product Satisfaction
FDBK03628,EMP0181,2025-11-20,3,1,Product Satisfaction
FDBK03629,EMP0271,2025-11-18,5,0,Staff Behaviour
FDBK03630,EMP0023,2026-07-06,5,0,Service Quality
FDBK03631,EMP0195,2025-10-10,3,3,Complaint Resolution
FDBK03632,EMP0095,2025-10-21,4,3,Digital Banking
FDBK03633,EMP0481,2026-09-02,2,1,Product Satisfaction
FDBK03634,EMP0168,2026-08-24,4,0,Product Satisfaction
FDBK03635,EMP0253,2026-05-01,4,0,Service Quality
FDBK03636,EMP0123,2026-03-07,5,1,Service Quality
FDBK03637,EMP0465,2026-03-25,4,1,Digital Banking
FDBK03638,EMP0187,2026-07-14,5,0,Staff Behaviour
FDBK03639,EMP0219,2026-04-24,5,1,Complaint Resolution
FDBK03640,EMP0028,2026-09-23,3,1,Digital Banking
FDBK03641,EMP0280,2026-09-09,5,0,Digital Banking
FDBK03642,EMP0340,2026-07-11,4,0,Complaint Resolution
FDBK03643,EMP0263,2026-05-23,3,0,Product Satisfaction
FDBK03644,EMP0088,2026-05-13,4,1,Staff Behaviour
FDBK03645,EMP0019,2026-07-03,3,0,Complaint Resolution
FDBK03646,EMP0186,2026-05-07,5,0,Complaint Resolution
FDBK03647,EMP0496,2025-12-11,4,0,Service Quality
FDBK03648,EMP0499,2026-05-21,4,0,Product Satisfaction
FDBK03649,EMP0275,2026-03-10,4,0,Service Quality
FDBK03650,EMP0188,2026-07-05,5,1,Product Satisfaction
FDBK03651,EMP0063,2026-02-26,3,1,Complaint Resolution
FDBK03652,EMP0170,2025-10-17,3,1,Service Quality
FDBK03653,EMP0476,2026-03-22,3,1,Staff Behaviour
FDBK03654,EMP0227,2026-06-18,3,0,Digital Banking
FDBK03655,EMP0431,2025-11-11,5,0,Complaint Resolution
FDBK03656,EMP0209,2026-03-24,5,0,Service Quality
FDBK03657,EMP0293,2025-11-25,5,2,Digital Banking
FDBK03658,EMP0237,2026-03-01,2,1,Staff Behaviour
FDBK03659,EMP0410,2025-12-12,3,0,Complaint Resolution
FDBK03660,EMP0192,2026-09-05,1,3,Staff Behaviour
FDBK03661,EMP0129,2026-07-11,4,0,Service Quality
FDBK03662,EMP0499,2026-01-22,5,0,Complaint Resolution
FDBK03663,EMP0423,2026-01-21,4,1,Digital Banking
FDBK03664,EMP0358,2026-07-20,5,0,Digital Banking
FDBK03665,EMP0329,2026-08-25,5,0,Service Quality
FDBK03666,EMP0442,2026-09-12,2,0,Complaint Resolution
FDBK03667,EMP0256,2026-05-27,2,0,Complaint Resolution
FDBK03668,EMP0173,2026-06-19,5,0,Digital Banking
FDBK03669,EMP0046,2026-03-05,4,1,Complaint Resolution
FDBK03670,EMP0321,2026-07-07,1,0,Digital Banking
FDBK03671,EMP0409,2026-05-15,4,0,Service Quality
FDBK03672,EMP0446,2025-10-05,4,0,Complaint Resolution
FDBK03673,EMP0234,2025-11-14,3,0,Service Quality
FDBK03674,EMP0495,2026-02-24,4,1,Digital Banking
FDBK03675,EMP0217,2025-11-03,4,0,Product Satisfaction
FDBK03676,EMP0417,2025-12-17,3,0,Complaint Resolution
FDBK03677,EMP0318,2026-09-18,4,1,Staff Behaviour
FDBK03678,EMP0170,2026-08-25,3,0,Staff Behaviour
FDBK03679,EMP0257,2026-08-22,5,1,Digital Banking
FDBK03680,EMP0283,2026-03-03,4,1,Complaint Resolution
FDBK03681,EMP0211,2026-07-25,5,0,Complaint Resolution
FDBK03682,EMP0157,2026-04-25,5,0,Product Satisfaction
FDBK03683,EMP0066,2026-01-02,4,0,Product Satisfaction
FDBK03684,EMP0354,2026-05-08,4,0,Complaint Resolution
FDBK03685,EMP0010,2025-12-16,4,1,Digital Banking
FDBK03686,EMP0065,2026-05-25,5,0,Digital Banking
FDBK03687,EMP0478,2025-12-13,4,0,Product Satisfaction
FDBK03688,EMP0107,2026-02-11,4,1,Digital Banking
FDBK03689,EMP0041,2026-06-07,1,0,Service Quality
FDBK03690,EMP0051,2026-05-10,4,0,Product Satisfaction
FDBK03691,EMP0416,2026-02-09,4,0,Service Quality
FDBK03692,EMP0420,2026-01-22,3,0,Staff Behaviour
FDBK03693,EMP0443,2026-08-19,3,0,Staff Behaviour
FDBK03694,EMP0469,2026-06-12,5,0,Digital Banking
FDBK03695,EMP0428,2026-05-11,5,2,Complaint Resolution
FDBK03696,EMP0183,2026-02-28,4,0,Digital Banking
FDBK03697,EMP0346,2026-03-21,5,0,Complaint Resolution
FDBK03698,EMP0491,2026-03-03,5,1,Product Satisfaction
FDBK03699,EMP0159,2026-09-05,5,0,Product Satisfaction
FDBK03700,EMP0375,2026-08-02,3,0,Product Satisfaction
FDBK03701,EMP0105,2026-07-21,5,1,Product Satisfaction
FDBK03702,EMP0492,2026-07-09,1,0,Service Quality
FDBK03703,EMP0377,2026-02-20,3,0,Complaint Resolution
FDBK03704,EMP0246,2026-05-16,2,0,Staff Behaviour
FDBK03705,EMP0079,2026-01-03,2,1,Digital Banking
FDBK03706,EMP0432,2026-08-14,4,3,Staff Behaviour
FDBK03707,EMP0329,2026-01-04,5,0,Service Quality
FDBK03708,EMP0164,2025-11-07,3,1,Staff Behaviour
FDBK03709,EMP0445,2026-06-22,1,0,Product Satisfaction
FDBK03710,EMP0239,2025-11-20,4,1,Complaint Resolution
FDBK03711,EMP0392,2026-03-03,2,1,Staff Behaviour
FDBK03712,EMP0307,2026-02-16,5,0,Staff Behaviour
FDBK03713,EMP0038,2026-07-13,1,1,Digital Banking
FDBK03714,EMP0153,2026-01-11,3,0,Digital Banking
FDBK03715,EMP0334,2026-02-23,5,0,Digital Banking
FDBK03716,EMP0323,2025-10-19,4,0,Service Quality
FDBK03717,EMP0208,2025-11-05,4,1,Product Satisfaction
FDBK03718,EMP0420,2026-06-06,3,0,Service Quality
FDBK03719,EMP0386,2025-11-12,5,0,Digital Banking
FDBK03720,EMP0301,2026-07-15,5,2,Complaint Resolution
FDBK03721,EMP0485,2025-12-04,2,0,Complaint Resolution
FDBK03722,EMP0368,2026-06-27,5,2,Service Quality
FDBK03723,EMP0152,2026-02-25,4,0,Service Quality
FDBK03724,EMP0157,2026-07-14,4,2,Complaint Resolution
FDBK03725,EMP0451,2026-07-20,3,0,Product Satisfaction
FDBK03726,EMP0160,2026-03-18,5,0,Service Quality
FDBK03727,EMP0105,2026-08-12,4,0,Complaint Resolution
FDBK03728,EMP0288,2026-02-18,3,0,Digital Banking
FDBK03729,EMP0236,2026-04-24,3,0,Staff Behaviour
FDBK03730,EMP0221,2026-08-15,5,1,Service Quality
FDBK03731,EMP0365,2026-04-03,2,0,Digital Banking
FDBK03732,EMP0169,2026-06-11,5,1,Digital Banking
FDBK03733,EMP0179,2026-04-14,4,0,Complaint Resolution
FDBK03734,EMP0042,2026-09-26,1,1,Complaint Resolution
FDBK03735,EMP0483,2025-10-04,5,0,Service Quality
FDBK03736,EMP0015,2026-03-13,4,1,Product Satisfaction
FDBK03737,EMP0440,2026-05-04,4,1,Complaint Resolution
FDBK03738,EMP0390,2026-02-16,4,1,Staff Behaviour
FDBK03739,EMP0394,2025-11-11,3,1,Staff Behaviour
FDBK03740,EMP0355,2026-01-08,3,0,Complaint Resolution
FDBK03741,EMP0259,2026-08-15,3,1,Product Satisfaction
FDBK03742,EMP0405,2026-06-11,5,0,Digital Banking
FDBK03743,EMP0473,2026-02-24,2,1,Product Satisfaction
FDBK03744,EMP0068,2026-06-17,2,1,Product Satisfaction
FDBK03745,EMP0451,2026-08-28,5,0,Staff Behaviour
FDBK03746,EMP0403,2026-09-16,4,0,Service Quality
FDBK03747,EMP0050,2026-07-17,4,1,Product Satisfaction
FDBK03748,EMP0490,2025-12-02,5,0,Complaint Resolution
FDBK03749,EMP0092,2026-05-10,5,2,Staff Behaviour
FDBK03750,EMP0171,2026-07-16,3,0,Complaint Resolution
FDBK03751,EMP0352,2026-06-28,3,0,Digital Banking
FDBK03752,EMP0149,2026-07-12,3,0,Product Satisfaction
FDBK03753,EMP0437,2025-11-24,5,1,Digital Banking
FDBK03754,EMP0293,2026-01-07,4,1,Staff Behaviour
FDBK03755,EMP0289,2025-10-15,3,0,Complaint Resolution
FDBK03756,EMP0324,2026-07-10,5,0,Staff Behaviour
FDBK03757,EMP0358,2026-08-16,5,0,Staff Behaviour
FDBK03758,EMP0384,2026-03-11,3,1,Complaint Resolution
FDBK03759,EMP0453,2025-10-08,3,1,Complaint Resolution
FDBK03760,EMP0268,2026-07-19,3,1,Digital Banking
FDBK03761,EMP0129,2026-02-14,4,1,Digital Banking
FDBK03762,EMP0427,2026-05-11,3,0,Product Satisfaction
FDBK03763,EMP0444,2025-11-14,1,3,Product Satisfaction
FDBK03764,EMP0399,2026-02-28,5,0,Service Quality
FDBK03765,EMP0337,2026-09-15,4,1,Digital Banking
FDBK03766,EMP0290,2026-02-20,3,0,Staff Behaviour
FDBK03767,EMP0481,2026-07-24,4,1,Product Satisfaction
FDBK03768,EMP0290,2025-11-22,4,0,Complaint Resolution
FDBK03769,EMP0493,2026-09-21,5,1,Complaint Resolution
FDBK03770,EMP0071,2026-07-27,4,0,Complaint Resolution
FDBK03771,EMP0428,2026-04-02,4,0,Service Quality
FDBK03772,EMP0303,2026-07-25,1,0,Staff Behaviour
FDBK03773,EMP0188,2026-04-26,5,0,Product Satisfaction
FDBK03774,EMP0359,2026-02-12,3,0,Digital Banking
FDBK03775,EMP0084,2026-03-21,2,1,Service Quality
FDBK03776,EMP0433,2026-09-28,5,0,Complaint Resolution
FDBK03777,EMP0330,2026-03-19,2,0,Service Quality
FDBK03778,EMP0111,2026-06-19,4,1,Service Quality
FDBK03779,EMP0086,2026-05-18,4,1,Staff Behaviour
FDBK03780,EMP0195,2025-11-25,4,0,Service Quality
FDBK03781,EMP0333,2026-09-08,4,0,Product Satisfaction
FDBK03782,EMP0366,2025-11-20,4,0,Digital Banking
FDBK03783,EMP0227,2026-03-17,3,0,Complaint Resolution
FDBK03784,EMP0316,2025-10-19,5,0,Service Quality
FDBK03785,EMP0452,2026-07-03,4,1,Staff Behaviour
FDBK03786,EMP0063,2026-02-21,5,0,Service Quality
FDBK03787,EMP0157,2026-01-19,4,0,Product Satisfaction
FDBK03788,EMP0174,2026-04-18,4,0,Product Satisfaction
FDBK03789,EMP0298,2025-11-27,3,1,Product Satisfaction
FDBK03790,EMP0271,2026-04-03,4,0,Service Quality
FDBK03791,EMP0244,2026-07-22,4,0,Staff Behaviour
FDBK03792,EMP0238,2026-03-22,5,1,Product Satisfaction
FDBK03793,EMP0443,2026-07-08,4,0,Digital Banking
FDBK03794,EMP0136,2026-07-27,5,0,Product Satisfaction
FDBK03795,EMP0360,2026-05-08,2,0,Digital Banking
FDBK03796,EMP0475,2026-08-14,4,0,Product Satisfaction
FDBK03797,EMP0413,2026-07-20,4,0,Digital Banking
FDBK03798,EMP0063,2026-06-27,3,1,Staff Behaviour
FDBK03799,EMP0170,2026-08-28,3,0,Staff Behaviour
FDBK03800,EMP0329,2026-01-15,5,0,Complaint Resolution
FDBK03801,EMP0490,2026-01-21,5,1,Staff Behaviour
FDBK03802,EMP0282,2026-07-20,4,0,Product Satisfaction
FDBK03803,EMP0137,2026-03-03,4,1,Service Quality
FDBK03804,EMP0043,2025-12-06,4,1,Service Quality
FDBK03805,EMP0300,2026-07-17,3,0,Staff Behaviour
FDBK03806,EMP0101,2026-08-27,4,0,Digital Banking
FDBK03807,EMP0435,2026-02-14,4,0,Complaint Resolution
FDBK03808,EMP0269,2026-09-14,5,1,Digital Banking
FDBK03809,EMP0171,2026-06-08,5,0,Product Satisfaction
FDBK03810,EMP0495,2025-12-28,4,0,Staff Behaviour
FDBK03811,EMP0036,2026-02-13,4,1,Service Quality
FDBK03812,EMP0333,2026-09-28,4,0,Complaint Resolution
FDBK03813,EMP0024,2026-03-24,4,2,Complaint Resolution
FDBK03814,EMP0283,2026-08-02,4,1,Service Quality
FDBK03815,EMP0072,2026-04-01,2,0,Service Quality
FDBK03816,EMP0090,2026-08-14,3,0,Digital Banking
FDBK03817,EMP0114,2026-07-20,3,1,Complaint Resolution
FDBK03818,EMP0223,2026-07-15,5,1,Complaint Resolution
FDBK03819,EMP0170,2025-11-25,5,0,Complaint Resolution
FDBK03820,EMP0066,2026-04-14,5,0,Staff Behaviour
FDBK03821,EMP0221,2025-11-02,3,1,Product Satisfaction
FDBK03822,EMP0452,2026-09-24,4,0,Product Satisfaction
FDBK03823,EMP0471,2026-05-12,4,2,Product Satisfaction
FDBK03824,EMP0470,2026-09-03,5,1,Service Quality
FDBK03825,EMP0461,2025-11-11,3,1,Service Quality
FDBK03826,EMP0245,2025-10-12,2,0,Product Satisfaction
FDBK03827,EMP0250,2026-05-23,4,0,Product Satisfaction
FDBK03828,EMP0015,2025-11-12,5,1,Service Quality
FDBK03829,EMP0319,2026-02-03,4,0,Complaint Resolution
FDBK03830,EMP0180,2026-01-18,4,0,Complaint Resolution
FDBK03831,EMP0177,2026-01-07,5,0,Staff Behaviour
FDBK03832,EMP0185,2025-12-12,5,1,Staff Behaviour
FDBK03833,EMP0253,2026-05-23,4,1,Service Quality
FDBK03834,EMP0186,2026-05-12,4,0,Product Satisfaction
FDBK03835,EMP0228,2026-01-21,4,0,Service Quality
FDBK03836,EMP0329,2026-06-15,5,0,Digital Banking
FDBK03837,EMP0378,2025-11-07,4,1,Service Quality
FDBK03838,EMP0057,2026-06-20,5,1,Digital Banking
FDBK03839,EMP0472,2026-08-20,5,1,Product Satisfaction
FDBK03840,EMP0337,2026-06-14,4,0,Product Satisfaction
FDBK03841,EMP0358,2025-10-14,1,0,Digital Banking
FDBK03842,EMP0079,2025-12-05,4,0,Staff Behaviour
FDBK03843,EMP0219,2025-12-21,5,1,Product Satisfaction
FDBK03844,EMP0301,2026-05-07,4,0,Digital Banking
FDBK03845,EMP0361,2026-05-20,3,0,Digital Banking
FDBK03846,EMP0302,2025-10-22,3,1,Service Quality
FDBK03847,EMP0347,2026-07-28,3,0,Complaint Resolution
FDBK03848,EMP0265,2026-08-11,5,0,Digital Banking
FDBK03849,EMP0498,2026-06-02,4,0,Staff Behaviour
FDBK03850,EMP0377,2026-01-27,4,0,Complaint Resolution
FDBK03851,EMP0221,2026-05-20,4,0,Product Satisfaction
FDBK03852,EMP0199,2026-05-28,5,0,Service Quality
FDBK03853,EMP0207,2026-03-03,2,1,Digital Banking
FDBK03854,EMP0325,2025-12-27,4,0,Complaint Resolution
FDBK03855,EMP0023,2026-09-17,4,0,Staff Behaviour
FDBK03856,EMP0065,2025-12-12,5,0,Digital Banking
FDBK03857,EMP0295,2026-02-26,4,0,Complaint Resolution
FDBK03858,EMP0230,2026-01-16,5,1,Digital Banking
FDBK03859,EMP0447,2026-09-02,3,0,Service Quality
FDBK03860,EMP0262,2026-03-05,5,0,Product Satisfaction
FDBK03861,EMP0067,2026-05-27,5,3,Service Quality
FDBK03862,EMP0492,2026-05-11,2,1,Staff Behaviour
FDBK03863,EMP0210,2026-05-27,4,0,Complaint Resolution
FDBK03864,EMP0159,2026-09-16,4,0,Product Satisfaction
FDBK03865,EMP0491,2025-10-09,4,0,Service Quality
FDBK03866,EMP0355,2025-11-03,2,1,Service Quality
FDBK03867,EMP0322,2026-05-24,4,1,Digital Banking
FDBK03868,EMP0155,2026-01-23,4,0,Staff Behaviour
FDBK03869,EMP0231,2026-08-08,4,0,Staff Behaviour
FDBK03870,EMP0141,2026-03-06,3,0,Staff Behaviour
FDBK03871,EMP0379,2026-08-15,3,0,Complaint Resolution
FDBK03872,EMP0493,2026-02-28,5,3,Complaint Resolution
FDBK03873,EMP0471,2026-01-12,4,1,Product Satisfaction
FDBK03874,EMP0134,2026-03-15,4,0,Digital Banking
FDBK03875,EMP0161,2026-01-01,4,1,Digital Banking
FDBK03876,EMP0040,2026-01-09,4,0,Complaint Resolution
FDBK03877,EMP0029,2025-11-14,5,0,Service Quality
FDBK03878,EMP0028,2025-11-14,4,0,Digital Banking
FDBK03879,EMP0275,2025-12-12,2,1,Product Satisfaction
FDBK03880,EMP0068,2025-12-07,4,0,Staff Behaviour
FDBK03881,EMP0107,2026-01-14,3,0,Staff Behaviour
FDBK03882,EMP0299,2026-03-22,3,0,Digital Banking
FDBK03883,EMP0228,2026-09-27,4,2,Service Quality
FDBK03884,EMP0499,2026-06-17,5,0,Service Quality
FDBK03885,EMP0466,2025-12-26,2,0,Complaint Resolution
FDBK03886,EMP0416,2025-10-21,4,0,Product Satisfaction
FDBK03887,EMP0126,2026-09-10,4,0,Complaint Resolution
FDBK03888,EMP0114,2026-01-04,4,1,Staff Behaviour
FDBK03889,EMP0441,2025-12-11,1,0,Service Quality
FDBK03890,EMP0427,2026-04-21,4,0,Product Satisfaction
FDBK03891,EMP0030,2025-10-06,5,0,Complaint Resolution
FDBK03892,EMP0497,2025-10-25,3,0,Staff Behaviour
FDBK03893,EMP0288,2026-06-21,4,1,Service Quality
FDBK03894,EMP0427,2025-11-08,5,0,Service Quality
FDBK03895,EMP0245,2026-09-20,5,1,Digital Banking
FDBK03896,EMP0155,2026-07-04,4,0,Service Quality
FDBK03897,EMP0059,2026-01-13,3,0,Product Satisfaction
FDBK03898,EMP0290,2026-03-22,5,0,Digital Banking
FDBK03899,EMP0152,2025-11-14,3,0,Staff Behaviour
FDBK03900,EMP0045,2026-02-13,5,2,Product Satisfaction
FDBK03901,EMP0139,2025-10-08,4,0,Complaint Resolution
FDBK03902,EMP0446,2026-03-09,4,0,Complaint Resolution
FDBK03903,EMP0397,2026-03-25,1,0,Service Quality
FDBK03904,EMP0201,2026-04-04,4,2,Service Quality
FDBK03905,EMP0399,2026-07-22,4,0,Complaint Resolution
FDBK03906,EMP0035,2026-04-02,4,0,Staff Behaviour
FDBK03907,EMP0378,2025-12-03,4,1,Digital Banking
FDBK03908,EMP0340,2026-09-10,3,0,Digital Banking
FDBK03909,EMP0345,2026-09-24,5,0,Complaint Resolution
FDBK03910,EMP0326,2025-12-28,4,1,Complaint Resolution
FDBK03911,EMP0242,2026-03-19,4,0,Service Quality
FDBK03912,EMP0118,2026-04-25,4,0,Complaint Resolution
FDBK03913,EMP0072,2026-03-21,4,1,Staff Behaviour
FDBK03914,EMP0080,2026-05-05,5,0,Service Quality
FDBK03915,EMP0169,2026-09-08,5,0,Digital Banking
FDBK03916,EMP0086,2026-02-16,5,0,Product Satisfaction
FDBK03917,EMP0410,2026-02-02,5,1,Digital Banking
FDBK03918,EMP0402,2025-11-01,4,0,Product Satisfaction
FDBK03919,EMP0278,2026-01-14,4,0,Staff Behaviour
FDBK03920,EMP0328,2026-07-24,3,0,Digital Banking
FDBK03921,EMP0492,2026-01-03,1,0,Complaint Resolution
FDBK03922,EMP0479,2025-11-05,4,2,Digital Banking
FDBK03923,EMP0138,2026-08-08,3,0,Complaint Resolution
FDBK03924,EMP0040,2026-01-26,4,0,Staff Behaviour
FDBK03925,EMP0270,2026-09-22,3,0,Service Quality
FDBK03926,EMP0336,2026-07-09,5,0,Staff Behaviour
FDBK03927,EMP0219,2025-11-22,3,0,Service Quality
FDBK03928,EMP0438,2026-05-07,4,0,Service Quality
FDBK03929,EMP0387,2026-02-12,5,1,Digital Banking
FDBK03930,EMP0429,2026-06-03,4,0,Digital Banking
FDBK03931,EMP0141,2026-06-14,5,1,Digital Banking
FDBK03932,EMP0387,2025-12-13,5,1,Complaint Resolution
FDBK03933,EMP0300,2026-04-05,4,0,Complaint Resolution
FDBK03934,EMP0483,2026-05-06,5,0,Staff Behaviour
FDBK03935,EMP0234,2026-09-06,3,0,Staff Behaviour
FDBK03936,EMP0234,2026-04-17,5,0,Service Quality
FDBK03937,EMP0012,2025-12-05,5,0,Product Satisfaction
FDBK03938,EMP0427,2026-03-05,5,0,Complaint Resolution
FDBK03939,EMP0227,2025-10-09,3,1,Complaint Resolution
FDBK03940,EMP0266,2026-08-15,3,0,Service Quality
FDBK03941,EMP0489,2026-05-15,5,0,Digital Banking
FDBK03942,EMP0152,2026-01-23,4,0,Product Satisfaction
FDBK03943,EMP0250,2026-07-13,4,1,Digital Banking
FDBK03944,EMP0053,2026-03-08,4,0,Digital Banking
FDBK03945,EMP0282,2025-11-12,1,0,Digital Banking
FDBK03946,EMP0067,2026-02-22,5,0,Digital Banking
FDBK03947,EMP0264,2026-01-04,4,0,Product Satisfaction
FDBK03948,EMP0257,2026-04-14,4,0,Service Quality
FDBK03949,EMP0208,2026-01-22,4,0,Digital Banking
FDBK03950,EMP0080,2026-07-14,4,1,Complaint Resolution
FDBK03951,EMP0281,2026-06-26,3,0,Staff Behaviour
FDBK03952,EMP0352,2026-07-27,5,0,Complaint Resolution
FDBK03953,EMP0448,2026-06-18,5,0,Complaint Resolution
FDBK03954,EMP0406,2026-01-07,4,1,Complaint Resolution
FDBK03955,EMP0141,2025-10-05,5,0,Digital Banking
FDBK03956,EMP0393,2025-12-25,3,2,Staff Behaviour
FDBK03957,EMP0180,2026-04-28,5,0,Complaint Resolution
FDBK03958,EMP0343,2026-07-22,4,0,Staff Behaviour
FDBK03959,EMP0218,2026-08-25,4,2,Complaint Resolution
FDBK03960,EMP0138,2026-04-14,3,0,Complaint Resolution
FDBK03961,EMP0148,2026-09-28,4,1,Product Satisfaction
FDBK03962,EMP0380,2026-05-11,4,1,Staff Behaviour
FDBK03963,EMP0352,2026-04-12,3,0,Digital Banking
FDBK03964,EMP0107,2026-02-08,4,0,Complaint Resolution
FDBK03965,EMP0476,2026-02-04,5,0,Staff Behaviour
FDBK03966,EMP0251,2026-08-20,4,1,Product Satisfaction
FDBK03967,EMP0422,2026-05-03,4,0,Staff Behaviour
FDBK03968,EMP0042,2025-12-08,5,2,Service Quality
FDBK03969,EMP0360,2026-01-09,1,0,Service Quality
FDBK03970,EMP0062,2026-05-24,4,0,Product Satisfaction
FDBK03971,EMP0173,2025-10-02,5,0,Complaint Resolution
FDBK03972,EMP0321,2026-02-04,5,1,Complaint Resolution
FDBK03973,EMP0245,2025-12-24,3,0,Digital Banking
FDBK03974,EMP0464,2026-08-06,4,0,Product Satisfaction
FDBK03975,EMP0172,2026-07-23,5,0,Digital Banking
FDBK03976,EMP0460,2025-11-25,5,1,Complaint Resolution
FDBK03977,EMP0286,2026-08-09,2,0,Complaint Resolution
FDBK03978,EMP0447,2026-07-27,5,1,Service Quality
FDBK03979,EMP0215,2026-09-04,3,0,Product Satisfaction
FDBK03980,EMP0263,2026-03-27,4,1,Digital Banking
FDBK03981,EMP0264,2025-11-08,5,2,Digital Banking
FDBK03982,EMP0091,2026-07-21,5,0,Service Quality
FDBK03983,EMP0085,2026-08-07,4,1,Service Quality
FDBK03984,EMP0426,2026-04-17,5,0,Product Satisfaction
FDBK03985,EMP0338,2026-05-16,1,0,Product Satisfaction
FDBK03986,EMP0241,2025-10-16,5,0,Digital Banking
FDBK03987,EMP0250,2026-04-18,4,0,Digital Banking
FDBK03988,EMP0327,2026-09-23,3,1,Product Satisfaction
FDBK03989,EMP0083,2026-08-07,3,0,Product Satisfaction
FDBK03990,EMP0366,2026-08-09,2,0,Product Satisfaction
FDBK03991,EMP0132,2026-06-13,5,1,Service Quality
FDBK03992,EMP0389,2025-10-14,3,0,Staff Behaviour
FDBK03993,EMP0353,2026-01-19,3,0,Product Satisfaction
FDBK03994,EMP0292,2026-07-24,3,1,Digital Banking
FDBK03995,EMP0470,2025-11-23,2,2,Product Satisfaction
FDBK03996,EMP0391,2025-10-09,2,0,Complaint Resolution
FDBK03997,EMP0313,2026-03-23,4,0,Staff Behaviour
FDBK03998,EMP0124,2026-03-08,3,0,Product Satisfaction
FDBK03999,EMP0120,2026-02-21,3,0,Service Quality
FDBK04000,EMP0251,2026-09-13,4,0,Service Quality
FDBK04001,EMP0368,2026-04-01,5,0,Digital Banking
FDBK04002,EMP0335,2026-09-23,4,0,Complaint Resolution
FDBK04003,EMP0126,2026-09-01,4,1,Complaint Resolution
FDBK04004,EMP0171,2026-06-01,2,3,Product Satisfaction
FDBK04005,EMP0403,2026-01-06,3,1,Service Quality
FDBK04006,EMP0383,2026-08-12,4,0,Complaint Resolution
FDBK04007,EMP0208,2026-01-18,5,1,Product Satisfaction
FDBK04008,EMP0062,2025-12-25,3,1,Digital Banking
FDBK04009,EMP0202,2026-02-15,5,1,Staff Behaviour
FDBK04010,EMP0057,2026-07-15,4,0,Product Satisfaction
FDBK04011,EMP0486,2026-01-19,4,0,Complaint Resolution
FDBK04012,EMP0360,2025-10-10,3,0,Product Satisfaction
FDBK04013,EMP0117,2026-04-25,3,0,Complaint Resolution
FDBK04014,EMP0259,2026-08-26,4,0,Complaint Resolution
FDBK04015,EMP0106,2026-05-13,4,0,Complaint Resolution
FDBK04016,EMP0130,2026-03-14,3,0,Digital Banking
FDBK04017,EMP0220,2025-12-26,5,0,Service Quality
FDBK04018,EMP0475,2025-11-20,3,2,Product Satisfaction
FDBK04019,EMP0062,2026-01-05,5,1,Product Satisfaction
FDBK04020,EMP0088,2026-09-04,2,0,Product Satisfaction
FDBK04021,EMP0132,2026-02-16,2,2,Complaint Resolution
FDBK04022,EMP0096,2026-07-11,5,0,Digital Banking
FDBK04023,EMP0487,2026-07-05,4,0,Complaint Resolution
FDBK04024,EMP0307,2026-05-26,2,0,Digital Banking
FDBK04025,EMP0097,2025-10-27,4,0,Service Quality
FDBK04026,EMP0084,2026-02-15,5,1,Complaint Resolution
FDBK04027,EMP0445,2026-06-03,2,1,Service Quality
FDBK04028,EMP0312,2026-04-19,1,1,Staff Behaviour
FDBK04029,EMP0121,2025-10-01,4,0,Digital Banking
FDBK04030,EMP0144,2025-10-12,5,1,Digital Banking
FDBK04031,EMP0360,2026-02-01,1,0,Digital Banking
FDBK04032,EMP0033,2026-01-24,4,2,Complaint Resolution
FDBK04033,EMP0179,2025-10-06,5,1,Staff Behaviour
FDBK04034,EMP0335,2025-10-02,4,1,Staff Behaviour
FDBK04035,EMP0208,2026-03-07,4,0,Service Quality
FDBK04036,EMP0027,2026-05-12,5,0,Product Satisfaction
FDBK04037,EMP0298,2025-11-03,5,0,Product Satisfaction
FDBK04038,EMP0002,2025-12-07,2,0,Product Satisfaction
FDBK04039,EMP0489,2026-03-06,5,2,Product Satisfaction
FDBK04040,EMP0194,2026-07-13,5,1,Staff Behaviour
FDBK04041,EMP0330,2026-08-28,4,0,Staff Behaviour
FDBK04042,EMP0273,2026-08-12,4,0,Complaint Resolution
FDBK04043,EMP0178,2026-08-22,5,0,Service Quality
FDBK04044,EMP0226,2026-03-03,4,0,Staff Behaviour
FDBK04045,EMP0157,2026-03-17,4,0,Product Satisfaction
FDBK04046,EMP0186,2026-05-15,5,0,Service Quality
FDBK04047,EMP0283,2026-09-11,2,0,Service Quality
FDBK04048,EMP0343,2026-02-28,1,0,Service Quality
FDBK04049,EMP0499,2026-05-20,4,0,Complaint Resolution
FDBK04050,EMP0257,2025-11-16,5,0,Digital Banking
FDBK04051,EMP0186,2026-08-05,4,0,Digital Banking
FDBK04052,EMP0191,2026-08-11,4,0,Staff Behaviour
FDBK04053,EMP0321,2025-10-16,3,1,Staff Behaviour
FDBK04054,EMP0107,2026-07-02,2,0,Product Satisfaction
FDBK04055,EMP0327,2026-08-10,4,0,Product Satisfaction
FDBK04056,EMP0187,2025-12-13,5,0,Staff Behaviour
FDBK04057,EMP0381,2026-03-14,3,1,Staff Behaviour
FDBK04058,EMP0236,2026-08-18,4,0,Complaint Resolution
FDBK04059,EMP0319,2026-06-14,3,1,Complaint Resolution
FDBK04060,EMP0323,2026-02-12,5,0,Digital Banking
FDBK04061,EMP0358,2026-06-09,5,0,Product Satisfaction
FDBK04062,EMP0480,2026-03-15,5,1,Service Quality
FDBK04063,EMP0090,2026-09-10,3,1,Service Quality
FDBK04064,EMP0346,2026-04-13,3,0,Product Satisfaction
FDBK04065,EMP0310,2026-06-19,4,0,Digital Banking
FDBK04066,EMP0454,2025-10-16,4,0,Complaint Resolution
FDBK04067,EMP0202,2026-05-17,5,0,Complaint Resolution
FDBK04068,EMP0372,2026-04-26,2,0,Complaint Resolution
FDBK04069,EMP0480,2026-04-25,5,0,Service Quality
FDBK04070,EMP0103,2026-03-10,4,0,Product Satisfaction
FDBK04071,EMP0345,2025-11-13,3,0,Complaint Resolution
FDBK04072,EMP0390,2025-11-02,1,1,Service Quality
FDBK04073,EMP0459,2026-08-22,5,1,Digital Banking
FDBK04074,EMP0051,2026-08-11,5,0,Complaint Resolution
FDBK04075,EMP0297,2026-02-14,4,0,Product Satisfaction
FDBK04076,EMP0463,2026-08-11,4,0,Staff Behaviour
FDBK04077,EMP0468,2025-11-26,4,0,Digital Banking
FDBK04078,EMP0297,2026-08-08,1,0,Complaint Resolution
FDBK04079,EMP0395,2026-01-16,5,0,Complaint Resolution
FDBK04080,EMP0246,2026-07-23,5,0,Product Satisfaction
FDBK04081,EMP0399,2025-11-02,3,1,Product Satisfaction
FDBK04082,EMP0116,2026-04-13,5,3,Digital Banking
FDBK04083,EMP0395,2026-05-06,5,0,Complaint Resolution
FDBK04084,EMP0274,2025-11-18,3,0,Complaint Resolution
FDBK04085,EMP0373,2026-08-26,3,0,Complaint Resolution
FDBK04086,EMP0407,2025-11-24,3,0,Digital Banking
FDBK04087,EMP0067,2025-12-26,4,1,Complaint Resolution
FDBK04088,EMP0182,2026-06-02,5,0,Product Satisfaction
FDBK04089,EMP0025,2026-07-19,4,2,Staff Behaviour
FDBK04090,EMP0076,2026-01-25,5,0,Digital Banking
FDBK04091,EMP0218,2025-11-07,3,2,Complaint Resolution
FDBK04092,EMP0209,2026-08-09,5,0,Digital Banking
FDBK04093,EMP0244,2026-07-23,5,0,Staff Behaviour
FDBK04094,EMP0022,2026-06-17,4,0,Service Quality
FDBK04095,EMP0017,2026-09-02,3,0,Complaint Resolution
FDBK04096,EMP0058,2025-12-08,5,0,Complaint Resolution
FDBK04097,EMP0036,2026-08-19,4,0,Product Satisfaction
FDBK04098,EMP0342,2026-04-26,1,1,Complaint Resolution
FDBK04099,EMP0228,2026-04-25,5,1,Product Satisfaction
FDBK04100,EMP0236,2026-09-10,4,1,Digital Banking
FDBK04101,EMP0108,2026-07-15,4,0,Product Satisfaction
FDBK04102,EMP0049,2026-03-19,5,0,Staff Behaviour
FDBK04103,EMP0109,2025-10-06,3,1,Service Quality
FDBK04104,EMP0290,2026-08-22,1,0,Complaint Resolution
FDBK04105,EMP0173,2025-10-17,5,1,Product Satisfaction
FDBK04106,EMP0012,2025-11-18,4,0,Digital Banking
FDBK04107,EMP0021,2026-09-20,5,0,Product Satisfaction
FDBK04108,EMP0480,2025-12-23,5,0,Service Quality
FDBK04109,EMP0018,2026-07-21,3,0,Service Quality
FDBK04110,EMP0222,2026-02-24,4,1,Service Quality
FDBK04111,EMP0040,2026-03-03,4,0,Digital Banking
FDBK04112,EMP0146,2026-02-09,3,1,Staff Behaviour
FDBK04113,EMP0299,2026-09-19,4,2,Digital Banking
FDBK04114,EMP0335,2026-04-15,4,0,Staff Behaviour
FDBK04115,EMP0244,2026-03-22,2,0,Service Quality
FDBK04116,EMP0078,2025-11-27,3,1,Staff Behaviour
FDBK04117,EMP0381,2026-09-06,3,1,Digital Banking
FDBK04118,EMP0098,2026-05-25,5,0,Complaint Resolution
FDBK04119,EMP0173,2026-09-17,2,0,Digital Banking
FDBK04120,EMP0440,2025-10-05,1,1,Product Satisfaction
FDBK04121,EMP0451,2026-03-07,2,1,Service Quality
FDBK04122,EMP0434,2026-06-20,3,0,Service Quality
FDBK04123,EMP0015,2026-05-10,4,0,Staff Behaviour
FDBK04124,EMP0328,2025-10-28,5,0,Service Quality
FDBK04125,EMP0269,2025-12-16,3,0,Complaint Resolution
FDBK04126,EMP0447,2025-12-24,3,1,Digital Banking
FDBK04127,EMP0052,2025-12-18,4,0,Digital Banking
FDBK04128,EMP0008,2026-05-20,4,0,Staff Behaviour
FDBK04129,EMP0015,2025-12-19,4,0,Complaint Resolution
FDBK04130,EMP0444,2026-02-03,2,1,Service Quality
FDBK04131,EMP0018,2026-08-06,4,0,Service Quality
FDBK04132,EMP0392,2026-03-07,4,1,Staff Behaviour
FDBK04133,EMP0452,2026-07-07,5,0,Staff Behaviour
FDBK04134,EMP0445,2026-03-17,2,1,Digital Banking
FDBK04135,EMP0135,2026-01-24,4,0,Staff Behaviour
FDBK04136,EMP0338,2026-02-06,2,1,Digital Banking
FDBK04137,EMP0049,2025-12-20,4,0,Digital Banking
FDBK04138,EMP0205,2026-03-25,2,0,Product Satisfaction
FDBK04139,EMP0390,2026-04-10,5,0,Service Quality
FDBK04140,EMP0176,2026-02-13,4,0,Digital Banking
FDBK04141,EMP0429,2025-10-08,4,1,Complaint Resolution
FDBK04142,EMP0180,2026-05-06,3,1,Staff Behaviour
FDBK04143,EMP0322,2026-06-18,5,0,Staff Behaviour
FDBK04144,EMP0160,2026-07-09,3,3,Service Quality
FDBK04145,EMP0049,2026-02-18,5,0,Product Satisfaction
FDBK04146,EMP0400,2026-07-21,4,0,Service Quality
FDBK04147,EMP0423,2026-01-15,3,0,Service Quality
FDBK04148,EMP0243,2026-01-02,1,0,Digital Banking
FDBK04149,EMP0092,2025-12-18,3,1,Staff Behaviour
FDBK04150,EMP0069,2026-06-25,4,0,Product Satisfaction
FDBK04151,EMP0220,2026-03-06,1,1,Staff Behaviour
FDBK04152,EMP0336,2026-01-23,4,0,Product Satisfaction
FDBK04153,EMP0402,2026-08-20,3,0,Staff Behaviour
FDBK04154,EMP0123,2026-06-19,4,0,Complaint Resolution
FDBK04155,EMP0233,2026-04-20,4,1,Complaint Resolution
FDBK04156,EMP0247,2025-11-24,3,0,Staff Behaviour
FDBK04157,EMP0330,2026-05-22,4,0,Complaint Resolution
FDBK04158,EMP0072,2026-06-06,3,0,Digital Banking
FDBK04159,EMP0410,2026-06-20,3,2,Digital Banking
FDBK04160,EMP0239,2026-06-27,5,0,Product Satisfaction
FDBK04161,EMP0051,2026-04-22,5,1,Staff Behaviour
FDBK04162,EMP0182,2026-07-24,3,0,Digital Banking
FDBK04163,EMP0096,2026-06-19,5,1,Complaint Resolution
FDBK04164,EMP0081,2026-05-27,4,0,Complaint Resolution
FDBK04165,EMP0444,2026-07-20,5,2,Staff Behaviour
FDBK04166,EMP0051,2026-07-12,5,0,Complaint Resolution
FDBK04167,EMP0365,2026-08-02,5,1,Staff Behaviour
FDBK04168,EMP0168,2026-02-10,4,1,Digital Banking
FDBK04169,EMP0490,2025-10-25,5,0,Service Quality
FDBK04170,EMP0090,2026-04-14,1,0,Digital Banking
FDBK04171,EMP0374,2026-03-10,5,0,Service Quality
FDBK04172,EMP0231,2026-01-02,4,1,Product Satisfaction
FDBK04173,EMP0434,2026-09-11,4,0,Staff Behaviour
FDBK04174,EMP0153,2026-02-24,4,1,Digital Banking
FDBK04175,EMP0355,2026-02-17,4,1,Service Quality
FDBK04176,EMP0012,2026-07-01,4,0,Complaint Resolution
FDBK04177,EMP0106,2025-10-01,4,1,Staff Behaviour
FDBK04178,EMP0433,2026-09-28,5,0,Service Quality
FDBK04179,EMP0259,2026-02-06,5,0,Staff Behaviour
FDBK04180,EMP0316,2026-01-07,4,0,Product Satisfaction
FDBK04181,EMP0439,2026-02-14,5,0,Product Satisfaction
FDBK04182,EMP0132,2026-07-12,5,0,Complaint Resolution
FDBK04183,EMP0312,2026-03-07,5,0,Staff Behaviour
FDBK04184,EMP0222,2026-03-14,5,0,Service Quality
FDBK04185,EMP0123,2026-07-11,3,1,Product Satisfaction
FDBK04186,EMP0476,2026-01-16,4,1,Product Satisfaction
FDBK04187,EMP0262,2026-01-21,4,0,Complaint Resolution
FDBK04188,EMP0203,2025-11-02,3,0,Staff Behaviour
FDBK04189,EMP0457,2026-04-14,2,0,Service Quality
FDBK04190,EMP0167,2026-02-08,4,1,Staff Behaviour
FDBK04191,EMP0091,2026-06-18,4,0,Product Satisfaction
FDBK04192,EMP0118,2026-03-13,4,1,Product Satisfaction
FDBK04193,EMP0211,2025-11-12,4,1,Product Satisfaction
FDBK04194,EMP0167,2026-01-06,1,0,Staff Behaviour
FDBK04195,EMP0262,2026-07-24,3,0,Complaint Resolution
FDBK04196,EMP0118,2025-10-02,4,0,Service Quality
FDBK04197,EMP0469,2026-05-08,4,1,Service Quality
FDBK04198,EMP0059,2026-03-18,4,0,Complaint Resolution
FDBK04199,EMP0024,2026-08-07,3,0,Service Quality
FDBK04200,EMP0022,2026-07-28,2,0,Staff Behaviour
FDBK04201,EMP0401,2025-12-20,5,1,Staff Behaviour
FDBK04202,EMP0254,2026-05-13,5,1,Service Quality
FDBK04203,EMP0017,2026-04-08,4,0,Complaint Resolution
FDBK04204,EMP0026,2026-02-01,5,2,Service Quality
FDBK04205,EMP0421,2026-02-08,3,0,Digital Banking
FDBK04206,EMP0166,2026-05-15,4,0,Staff Behaviour
FDBK04207,EMP0425,2026-02-07,4,3,Staff Behaviour
FDBK04208,EMP0129,2025-10-14,2,0,Staff Behaviour
FDBK04209,EMP0325,2026-02-23,5,0,Complaint Resolution
FDBK04210,EMP0335,2026-04-28,5,0,Product Satisfaction
FDBK04211,EMP0258,2025-10-21,5,0,Product Satisfaction
FDBK04212,EMP0465,2025-12-07,4,1,Service Quality
FDBK04213,EMP0074,2026-04-18,3,0,Staff Behaviour
FDBK04214,EMP0340,2026-03-24,4,0,Product Satisfaction
FDBK04215,EMP0473,2026-09-11,3,0,Product Satisfaction
FDBK04216,EMP0324,2025-10-22,2,0,Complaint Resolution
FDBK04217,EMP0009,2026-02-04,4,1,Complaint Resolution
FDBK04218,EMP0399,2025-12-13,1,1,Service Quality
FDBK04219,EMP0412,2026-05-04,4,0,Digital Banking
FDBK04220,EMP0347,2025-10-21,3,0,Product Satisfaction
FDBK04221,EMP0302,2026-06-21,4,1,Service Quality
FDBK04222,EMP0386,2026-03-25,4,1,Digital Banking
FDBK04223,EMP0420,2026-01-23,4,0,Complaint Resolution
FDBK04224,EMP0419,2026-01-13,3,0,Staff Behaviour
FDBK04225,EMP0262,2026-05-27,4,0,Staff Behaviour
FDBK04226,EMP0365,2026-03-07,2,2,Service Quality
FDBK04227,EMP0445,2026-09-21,4,0,Digital Banking
FDBK04228,EMP0204,2025-10-10,4,1,Complaint Resolution
FDBK04229,EMP0239,2026-04-21,2,0,Complaint Resolution
FDBK04230,EMP0040,2026-04-01,3,1,Staff Behaviour
FDBK04231,EMP0266,2026-04-14,4,0,Product Satisfaction
FDBK04232,EMP0116,2025-11-01,5,0,Service Quality
FDBK04233,EMP0185,2025-10-27,1,0,Product Satisfaction
FDBK04234,EMP0167,2026-01-26,4,0,Digital Banking
FDBK04235,EMP0038,2026-04-09,3,1,Service Quality
FDBK04236,EMP0030,2026-03-09,4,0,Digital Banking
FDBK04237,EMP0462,2026-06-11,5,0,Staff Behaviour
FDBK04238,EMP0358,2026-08-19,3,0,Staff Behaviour
FDBK04239,EMP0168,2026-05-23,5,0,Product Satisfaction
FDBK04240,EMP0061,2026-06-02,4,1,Staff Behaviour
FDBK04241,EMP0053,2026-05-26,3,1,Digital Banking
FDBK04242,EMP0460,2025-12-13,4,0,Staff Behaviour
FDBK04243,EMP0163,2025-11-17,3,0,Staff Behaviour
FDBK04244,EMP0046,2026-01-07,5,1,Digital Banking
FDBK04245,EMP0149,2026-07-18,3,0,Product Satisfaction
FDBK04246,EMP0009,2025-12-06,5,0,Complaint Resolution
FDBK04247,EMP0468,2025-12-05,5,0,Service Quality
FDBK04248,EMP0003,2026-07-11,5,0,Digital Banking
FDBK04249,EMP0175,2026-09-01,4,1,Product Satisfaction
FDBK04250,EMP0201,2026-02-20,4,1,Service Quality
FDBK04251,EMP0380,2026-07-19,5,0,Complaint Resolution
FDBK04252,EMP0267,2026-06-12,5,0,Service Quality
FDBK04253,EMP0015,2026-09-11,5,1,Digital Banking
FDBK04254,EMP0306,2026-09-14,4,0,Digital Banking
FDBK04255,EMP0389,2026-09-03,3,0,Staff Behaviour
FDBK04256,EMP0470,2025-12-17,4,0,Digital Banking
FDBK04257,EMP0486,2025-12-16,5,1,Service Quality
FDBK04258,EMP0335,2026-07-18,5,1,Complaint Resolution
FDBK04259,EMP0069,2025-10-04,4,0,Complaint Resolution
FDBK04260,EMP0216,2026-01-18,4,0,Staff Behaviour
FDBK04261,EMP0172,2026-08-15,5,0,Digital Banking
FDBK04262,EMP0067,2026-04-24,5,0,Service Quality
FDBK04263,EMP0021,2026-05-14,5,0,Service Quality
FDBK04264,EMP0156,2026-05-08,5,1,Complaint Resolution
FDBK04265,EMP0108,2026-02-09,4,0,Complaint Resolution
FDBK04266,EMP0289,2025-10-13,3,2,Digital Banking
FDBK04267,EMP0119,2026-09-04,5,0,Digital Banking
FDBK04268,EMP0481,2025-10-09,3,0,Complaint Resolution
FDBK04269,EMP0054,2026-06-03,5,0,Complaint Resolution
FDBK04270,EMP0215,2026-03-26,5,0,Service Quality
FDBK04271,EMP0403,2026-07-06,4,1,Staff Behaviour
FDBK04272,EMP0219,2026-08-10,5,0,Digital Banking
FDBK04273,EMP0041,2025-11-02,5,0,Complaint Resolution
FDBK04274,EMP0489,2026-05-10,5,1,Staff Behaviour
FDBK04275,EMP0442,2026-07-05,4,0,Service Quality
FDBK04276,EMP0301,2026-02-13,5,0,Complaint Resolution
FDBK04277,EMP0319,2026-08-02,5,1,Service Quality
FDBK04278,EMP0346,2026-03-03,4,1,Digital Banking
FDBK04279,EMP0416,2025-10-16,4,1,Digital Banking
FDBK04280,EMP0438,2026-09-02,5,1,Product Satisfaction
FDBK04281,EMP0379,2025-11-19,3,0,Digital Banking
FDBK04282,EMP0344,2025-10-18,5,1,Digital Banking
FDBK04283,EMP0414,2026-04-06,1,0,Service Quality
FDBK04284,EMP0151,2026-01-26,3,0,Product Satisfaction
FDBK04285,EMP0131,2026-02-03,5,0,Staff Behaviour
FDBK04286,EMP0472,2026-08-21,2,0,Service Quality
FDBK04287,EMP0464,2026-07-06,5,0,Complaint Resolution
FDBK04288,EMP0392,2026-03-23,5,0,Digital Banking
FDBK04289,EMP0034,2026-01-07,3,0,Service Quality
FDBK04290,EMP0333,2026-02-19,4,0,Digital Banking
FDBK04291,EMP0113,2026-05-18,4,0,Complaint Resolution
FDBK04292,EMP0202,2026-02-22,2,0,Service Quality
FDBK04293,EMP0291,2026-05-23,5,0,Product Satisfaction
FDBK04294,EMP0034,2026-04-04,5,2,Staff Behaviour
FDBK04295,EMP0033,2026-06-15,3,0,Service Quality
FDBK04296,EMP0012,2025-10-23,3,1,Digital Banking
FDBK04297,EMP0111,2026-07-23,3,2,Digital Banking
FDBK04298,EMP0335,2026-05-12,5,0,Product Satisfaction
FDBK04299,EMP0422,2026-05-07,4,0,Product Satisfaction
FDBK04300,EMP0148,2026-05-02,4,0,Staff Behaviour
FDBK04301,EMP0098,2026-08-13,1,0,Service Quality
FDBK04302,EMP0065,2025-12-06,2,0,Staff Behaviour
FDBK04303,EMP0125,2026-07-02,5,1,Complaint Resolution
FDBK04304,EMP0139,2026-06-15,4,0,Digital Banking
FDBK04305,EMP0369,2025-12-15,3,0,Service Quality
FDBK04306,EMP0336,2025-11-08,5,2,Complaint Resolution
FDBK04307,EMP0049,2026-09-26,1,0,Digital Banking
FDBK04308,EMP0493,2026-08-18,2,0,Complaint Resolution
FDBK04309,EMP0130,2026-09-19,4,3,Complaint Resolution
FDBK04310,EMP0239,2025-10-05,5,0,Digital Banking
FDBK04311,EMP0452,2026-09-13,4,0,Service Quality
FDBK04312,EMP0483,2026-05-24,5,0,Complaint Resolution
FDBK04313,EMP0278,2025-12-08,2,2,Digital Banking
FDBK04314,EMP0302,2026-05-06,4,0,Product Satisfaction
FDBK04315,EMP0088,2026-09-08,4,0,Digital Banking
FDBK04316,EMP0094,2026-09-04,4,1,Service Quality
FDBK04317,EMP0097,2026-07-08,4,1,Complaint Resolution
FDBK04318,EMP0164,2026-07-22,4,0,Digital Banking
FDBK04319,EMP0162,2025-10-16,2,0,Digital Banking
FDBK04320,EMP0150,2026-04-23,5,1,Service Quality
FDBK04321,EMP0081,2025-10-17,4,0,Digital Banking
FDBK04322,EMP0077,2025-10-15,4,0,Digital Banking
FDBK04323,EMP0254,2026-06-05,5,0,Product Satisfaction
FDBK04324,EMP0222,2026-03-27,3,0,Service Quality
FDBK04325,EMP0248,2026-08-16,2,0,Staff Behaviour
FDBK04326,EMP0143,2025-10-03,3,0,Complaint Resolution
FDBK04327,EMP0300,2026-04-25,4,0,Product Satisfaction
FDBK04328,EMP0066,2026-07-18,1,0,Digital Banking
FDBK04329,EMP0158,2026-02-27,5,0,Service Quality
FDBK04330,EMP0495,2026-08-24,5,0,Complaint Resolution
FDBK04331,EMP0431,2025-12-22,5,1,Staff Behaviour
FDBK04332,EMP0353,2025-11-13,5,0,Service Quality
FDBK04333,EMP0388,2026-04-04,3,0,Digital Banking
FDBK04334,EMP0093,2026-02-27,3,2,Product Satisfaction
FDBK04335,EMP0334,2025-11-20,1,1,Product Satisfaction
FDBK04336,EMP0275,2026-04-13,4,0,Staff Behaviour
FDBK04337,EMP0455,2025-11-03,5,0,Staff Behaviour
FDBK04338,EMP0467,2026-08-01,4,0,Staff Behaviour
FDBK04339,EMP0160,2026-08-20,3,0,Service Quality
FDBK04340,EMP0189,2026-03-16,4,0,Staff Behaviour
FDBK04341,EMP0329,2026-04-10,4,0,Staff Behaviour
FDBK04342,EMP0221,2026-04-21,5,1,Staff Behaviour
FDBK04343,EMP0138,2025-10-28,3,1,Digital Banking
FDBK04344,EMP0211,2026-08-13,4,0,Digital Banking
FDBK04345,EMP0346,2026-08-10,4,0,Digital Banking
FDBK04346,EMP0143,2026-09-11,3,0,Complaint Resolution
FDBK04347,EMP0172,2026-07-01,2,2,Digital Banking
FDBK04348,EMP0338,2025-10-03,5,0,Staff Behaviour
FDBK04349,EMP0461,2026-05-07,5,0,Staff Behaviour
FDBK04350,EMP0291,2026-04-15,4,1,Staff Behaviour
FDBK04351,EMP0279,2026-04-18,5,0,Product Satisfaction
FDBK04352,EMP0300,2026-09-04,5,1,Digital Banking
FDBK04353,EMP0170,2025-12-10,4,0,Staff Behaviour
FDBK04354,EMP0132,2026-06-19,5,0,Complaint Resolution
FDBK04355,EMP0311,2025-11-06,4,0,Staff Behaviour
FDBK04356,EMP0389,2026-02-27,5,1,Digital Banking
FDBK04357,EMP0457,2026-09-14,4,2,Product Satisfaction
FDBK04358,EMP0082,2026-08-04,5,0,Service Quality
FDBK04359,EMP0477,2026-04-15,5,0,Complaint Resolution
FDBK04360,EMP0446,2026-03-04,4,0,Staff Behaviour
FDBK04361,EMP0460,2026-05-26,1,0,Complaint Resolution
FDBK04362,EMP0317,2026-03-09,4,0,Digital Banking
FDBK04363,EMP0161,2025-12-05,1,0,Staff Behaviour
FDBK04364,EMP0241,2026-05-06,3,0,Complaint Resolution
FDBK04365,EMP0292,2026-04-19,5,0,Service Quality
FDBK04366,EMP0452,2026-07-13,4,0,Staff Behaviour
FDBK04367,EMP0046,2026-08-22,4,1,Staff Behaviour
FDBK04368,EMP0054,2025-11-14,1,0,Service Quality
FDBK04369,EMP0214,2025-11-07,5,1,Staff Behaviour
FDBK04370,EMP0271,2026-02-25,1,0,Digital Banking
FDBK04371,EMP0317,2026-07-13,5,0,Staff Behaviour
FDBK04372,EMP0158,2026-04-23,3,1,Staff Behaviour
FDBK04373,EMP0458,2026-07-09,4,0,Digital Banking
FDBK04374,EMP0086,2026-07-13,5,3,Complaint Resolution
FDBK04375,EMP0489,2026-05-08,5,0,Service Quality
FDBK04376,EMP0477,2025-11-15,4,0,Product Satisfaction
FDBK04377,EMP0119,2025-10-08,3,0,Service Quality
FDBK04378,EMP0257,2026-08-04,4,1,Service Quality
FDBK04379,EMP0093,2026-05-13,3,0,Complaint Resolution
FDBK04380,EMP0145,2026-07-13,3,1,Product Satisfaction
FDBK04381,EMP0307,2026-09-06,4,0,Digital Banking
FDBK04382,EMP0367,2026-06-05,2,1,Service Quality
FDBK04383,EMP0326,2025-11-05,4,2,Digital Banking
FDBK04384,EMP0027,2025-10-08,3,0,Complaint Resolution
FDBK04385,EMP0068,2026-05-28,4,1,Service Quality
FDBK04386,EMP0198,2025-11-13,5,1,Digital Banking
FDBK04387,EMP0419,2026-06-23,5,0,Digital Banking
FDBK04388,EMP0438,2026-03-14,4,0,Product Satisfaction
FDBK04389,EMP0235,2026-04-27,5,0,Complaint Resolution
FDBK04390,EMP0135,2025-12-19,4,0,Service Quality
FDBK04391,EMP0140,2025-11-17,4,0,Service Quality
FDBK04392,EMP0447,2026-06-07,4,0,Complaint Resolution
FDBK04393,EMP0257,2026-02-13,3,1,Product Satisfaction
FDBK04394,EMP0295,2026-05-11,4,0,Service Quality
FDBK04395,EMP0153,2026-06-22,3,0,Digital Banking
FDBK04396,EMP0391,2026-08-25,5,0,Product Satisfaction
FDBK04397,EMP0447,2025-10-07,4,0,Service Quality
FDBK04398,EMP0333,2026-02-15,5,0,Complaint Resolution
FDBK04399,EMP0198,2026-02-18,5,0,Complaint Resolution
FDBK04400,EMP0166,2025-10-04,3,0,Complaint Resolution
FDBK04401,EMP0345,2025-12-09,4,0,Staff Behaviour
FDBK04402,EMP0065,2026-06-23,3,0,Product Satisfaction
FDBK04403,EMP0400,2026-09-20,5,0,Digital Banking
FDBK04404,EMP0383,2026-03-19,5,0,Staff Behaviour
FDBK04405,EMP0039,2026-06-17,4,0,Digital Banking
FDBK04406,EMP0425,2026-05-13,4,0,Digital Banking
FDBK04407,EMP0409,2026-08-28,5,0,Product Satisfaction
FDBK04408,EMP0355,2026-02-21,4,1,Digital Banking
FDBK04409,EMP0081,2025-11-11,4,0,Product Satisfaction
FDBK04410,EMP0254,2025-10-07,5,0,Staff Behaviour
FDBK04411,EMP0264,2026-09-17,4,0,Complaint Resolution
FDBK04412,EMP0438,2025-10-19,5,3,Digital Banking
FDBK04413,EMP0034,2026-02-04,4,1,Staff Behaviour
FDBK04414,EMP0156,2026-03-04,4,0,Complaint Resolution
FDBK04415,EMP0368,2026-06-04,5,0,Staff Behaviour
FDBK04416,EMP0163,2026-09-28,5,2,Digital Banking
FDBK04417,EMP0392,2026-06-05,3,0,Product Satisfaction
FDBK04418,EMP0488,2025-10-14,5,0,Staff Behaviour
FDBK04419,EMP0273,2026-08-24,2,0,Product Satisfaction
FDBK04420,EMP0347,2026-08-17,3,0,Service Quality
FDBK04421,EMP0424,2026-01-18,2,0,Staff Behaviour
FDBK04422,EMP0165,2026-07-15,5,0,Product Satisfaction
FDBK04423,EMP0355,2026-05-12,4,1,Service Quality
FDBK04424,EMP0463,2026-07-19,5,0,Digital Banking
FDBK04425,EMP0480,2026-07-27,5,0,Product Satisfaction
FDBK04426,EMP0093,2026-07-28,4,0,Digital Banking
FDBK04427,EMP0052,2026-05-24,5,0,Staff Behaviour
FDBK04428,EMP0088,2026-09-09,5,0,Staff Behaviour
FDBK04429,EMP0440,2026-08-18,2,0,Service Quality
FDBK04430,EMP0272,2025-11-10,5,0,Staff Behaviour
FDBK04431,EMP0055,2025-11-02,4,0,Staff Behaviour
FDBK04432,EMP0273,2026-07-22,4,0,Digital Banking
FDBK04433,EMP0134,2026-07-19,3,1,Product Satisfaction
FDBK04434,EMP0214,2026-08-22,2,0,Service Quality
FDBK04435,EMP0184,2025-11-03,3,0,Staff Behaviour
FDBK04436,EMP0325,2026-05-05,4,0,Product Satisfaction
FDBK04437,EMP0484,2026-07-21,5,0,Digital Banking
FDBK04438,EMP0355,2026-02-01,5,0,Service Quality
FDBK04439,EMP0039,2026-05-15,4,0,Complaint Resolution
FDBK04440,EMP0076,2026-07-12,5,2,Product Satisfaction
FDBK04441,EMP0286,2026-04-05,5,0,Complaint Resolution
FDBK04442,EMP0176,2025-11-08,3,0,Digital Banking
FDBK04443,EMP0316,2026-04-20,5,0,Service Quality
FDBK04444,EMP0251,2026-01-01,2,0,Staff Behaviour
FDBK04445,EMP0458,2026-03-11,4,0,Product Satisfaction
FDBK04446,EMP0106,2025-10-09,4,0,Service Quality
FDBK04447,EMP0178,2025-12-07,2,0,Service Quality
FDBK04448,EMP0453,2026-07-11,5,0,Complaint Resolution
FDBK04449,EMP0406,2026-09-22,4,0,Complaint Resolution
FDBK04450,EMP0449,2026-05-07,5,0,Service Quality
FDBK04451,EMP0417,2026-08-19,5,0,Digital Banking
FDBK04452,EMP0163,2026-02-14,4,1,Staff Behaviour
FDBK04453,EMP0187,2026-07-07,3,1,Staff Behaviour
FDBK04454,EMP0264,2025-11-03,3,3,Service Quality
FDBK04455,EMP0126,2026-06-08,4,0,Complaint Resolution
FDBK04456,EMP0441,2026-02-27,3,0,Product Satisfaction
FDBK04457,EMP0303,2025-10-21,3,0,Staff Behaviour
FDBK04458,EMP0332,2026-01-28,4,0,Product Satisfaction
FDBK04459,EMP0471,2025-10-10,4,0,Digital Banking
FDBK04460,EMP0158,2025-11-24,4,0,Service Quality
FDBK04461,EMP0238,2025-11-08,1,2,Service Quality
FDBK04462,EMP0150,2026-04-02,4,1,Service Quality
FDBK04463,EMP0057,2026-01-01,4,0,Staff Behaviour
FDBK04464,EMP0289,2025-12-24,5,1,Product Satisfaction
FDBK04465,EMP0078,2025-11-27,3,0,Product Satisfaction
FDBK04466,EMP0475,2026-05-28,3,1,Service Quality
FDBK04467,EMP0124,2026-01-13,5,1,Staff Behaviour
FDBK04468,EMP0072,2026-05-19,5,0,Staff Behaviour
FDBK04469,EMP0026,2026-07-07,4,0,Product Satisfaction
FDBK04470,EMP0117,2025-11-16,5,0,Product Satisfaction
FDBK04471,EMP0467,2026-07-16,4,2,Complaint Resolution
FDBK04472,EMP0022,2025-10-27,5,0,Service Quality
FDBK04473,EMP0231,2026-03-13,5,0,Staff Behaviour
FDBK04474,EMP0421,2026-09-08,4,0,Complaint Resolution
FDBK04475,EMP0025,2025-10-23,4,0,Complaint Resolution
FDBK04476,EMP0441,2026-04-02,3,0,Product Satisfaction
FDBK04477,EMP0121,2026-07-27,5,0,Digital Banking
FDBK04478,EMP0183,2025-11-06,4,0,Service Quality
FDBK04479,EMP0053,2025-12-05,4,1,Complaint Resolution
FDBK04480,EMP0360,2025-10-07,3,0,Staff Behaviour
FDBK04481,EMP0405,2025-10-25,5,1,Staff Behaviour
FDBK04482,EMP0213,2025-11-23,5,0,Complaint Resolution
FDBK04483,EMP0265,2025-12-03,4,0,Complaint Resolution
FDBK04484,EMP0279,2026-01-16,4,2,Complaint Resolution
FDBK04485,EMP0079,2026-01-25,4,0,Product Satisfaction
FDBK04486,EMP0389,2026-09-17,4,0,Service Quality
FDBK04487,EMP0377,2026-01-13,5,0,Product Satisfaction
FDBK04488,EMP0242,2025-11-06,4,0,Product Satisfaction
FDBK04489,EMP0228,2026-06-17,4,0,Staff Behaviour
FDBK04490,EMP0348,2026-01-27,5,0,Service Quality
FDBK04491,EMP0074,2026-09-07,1,0,Staff Behaviour
FDBK04492,EMP0050,2026-06-05,5,0,Product Satisfaction
FDBK04493,EMP0330,2026-05-10,2,0,Digital Banking
FDBK04494,EMP0068,2026-03-25,4,0,Service Quality
FDBK04495,EMP0325,2026-09-25,4,1,Product Satisfaction
FDBK04496,EMP0312,2025-11-27,3,0,Service Quality
FDBK04497,EMP0250,2026-02-13,5,0,Complaint Resolution
FDBK04498,EMP0378,2026-09-20,3,0,Digital Banking
FDBK04499,EMP0025,2026-08-09,3,0,Product Satisfaction
FDBK04500,EMP0190,2026-06-26,5,0,Digital Banking
FDBK04501,EMP0019,2026-02-05,2,0,Service Quality
FDBK04502,EMP0171,2026-01-18,4,0,Product Satisfaction
FDBK04503,EMP0036,2025-10-05,4,0,Digital Banking
FDBK04504,EMP0322,2026-01-20,4,1,Digital Banking
FDBK04505,EMP0047,2026-08-01,2,0,Staff Behaviour
FDBK04506,EMP0490,2026-09-21,5,0,Service Quality
FDBK04507,EMP0343,2026-06-05,4,0,Service Quality
FDBK04508,EMP0136,2026-05-23,5,0,Digital Banking
FDBK04509,EMP0017,2025-11-13,5,0,Digital Banking
FDBK04510,EMP0240,2026-07-03,4,1,Service Quality
FDBK04511,EMP0024,2026-09-15,4,0,Digital Banking
FDBK04512,EMP0478,2026-04-06,4,1,Digital Banking
FDBK04513,EMP0064,2026-01-06,3,0,Product Satisfaction
FDBK04514,EMP0440,2026-06-25,5,0,Complaint Resolution
FDBK04515,EMP0209,2026-06-17,4,0,Digital Banking
FDBK04516,EMP0292,2026-03-24,3,2,Digital Banking
FDBK04517,EMP0088,2026-03-14,5,2,Staff Behaviour
FDBK04518,EMP0485,2026-07-20,2,0,Product Satisfaction
FDBK04519,EMP0031,2026-02-06,2,0,Service Quality
FDBK04520,EMP0084,2026-09-23,5,0,Service Quality
FDBK04521,EMP0258,2026-04-05,2,0,Digital Banking
FDBK04522,EMP0314,2026-09-09,2,1,Product Satisfaction
FDBK04523,EMP0182,2026-03-06,5,0,Digital Banking
FDBK04524,EMP0186,2025-12-15,4,0,Staff Behaviour
FDBK04525,EMP0012,2026-08-14,4,0,Complaint Resolution
FDBK04526,EMP0117,2025-10-20,4,0,Product Satisfaction
FDBK04527,EMP0345,2025-11-22,4,0,Product Satisfaction
FDBK04528,EMP0375,2026-06-02,5,0,Digital Banking
FDBK04529,EMP0260,2026-06-16,2,0,Staff Behaviour
FDBK04530,EMP0021,2026-09-12,5,0,Service Quality
FDBK04531,EMP0010,2025-11-27,1,0,Staff Behaviour
FDBK04532,EMP0147,2025-11-26,2,2,Complaint Resolution
FDBK04533,EMP0085,2026-09-26,4,1,Staff Behaviour
FDBK04534,EMP0449,2026-06-10,5,0,Digital Banking
FDBK04535,EMP0452,2026-09-20,3,0,Product Satisfaction
FDBK04536,EMP0254,2026-07-27,3,0,Product Satisfaction
FDBK04537,EMP0292,2026-02-23,3,0,Service Quality
FDBK04538,EMP0203,2026-02-20,5,1,Complaint Resolution
FDBK04539,EMP0180,2026-03-15,4,0,Staff Behaviour
FDBK04540,EMP0048,2026-01-14,4,1,Product Satisfaction
FDBK04541,EMP0194,2026-09-25,5,0,Staff Behaviour
FDBK04542,EMP0112,2026-07-26,4,2,Product Satisfaction
FDBK04543,EMP0104,2026-07-11,3,1,Digital Banking
FDBK04544,EMP0425,2026-02-08,4,0,Service Quality
FDBK04545,EMP0472,2026-03-14,1,0,Service Quality
FDBK04546,EMP0349,2026-02-16,4,0,Product Satisfaction
FDBK04547,EMP0428,2026-03-09,3,0,Digital Banking
FDBK04548,EMP0276,2026-01-05,5,0,Service Quality
FDBK04549,EMP0025,2026-07-22,4,0,Complaint Resolution
FDBK04550,EMP0256,2026-08-19,5,1,Digital Banking
FDBK04551,EMP0480,2026-09-03,5,0,Complaint Resolution
FDBK04552,EMP0053,2026-04-05,5,0,Digital Banking
FDBK04553,EMP0039,2026-09-25,4,0,Service Quality
FDBK04554,EMP0022,2025-10-06,1,0,Staff Behaviour
FDBK04555,EMP0254,2025-12-12,3,0,Complaint Resolution
FDBK04556,EMP0440,2026-03-04,5,0,Product Satisfaction
FDBK04557,EMP0016,2026-05-09,2,0,Staff Behaviour
FDBK04558,EMP0032,2026-07-15,1,0,Staff Behaviour
FDBK04559,EMP0438,2026-05-08,5,0,Staff Behaviour
FDBK04560,EMP0353,2026-09-21,3,0,Complaint Resolution
FDBK04561,EMP0041,2026-07-25,4,0,Service Quality
FDBK04562,EMP0351,2026-05-12,5,0,Digital Banking
FDBK04563,EMP0161,2025-11-09,4,1,Product Satisfaction
FDBK04564,EMP0484,2026-01-13,4,0,Product Satisfaction
FDBK04565,EMP0286,2026-05-02,3,0,Service Quality
FDBK04566,EMP0301,2025-11-26,3,0,Staff Behaviour
FDBK04567,EMP0005,2026-09-28,4,0,Service Quality
FDBK04568,EMP0040,2026-08-05,4,0,Staff Behaviour
FDBK04569,EMP0475,2026-02-17,3,0,Complaint Resolution
FDBK04570,EMP0397,2025-10-23,4,0,Service Quality
FDBK04571,EMP0419,2026-01-14,5,0,Product Satisfaction
FDBK04572,EMP0186,2025-11-20,5,0,Staff Behaviour
FDBK04573,EMP0123,2026-04-11,4,0,Complaint Resolution
FDBK04574,EMP0230,2026-06-12,4,0,Staff Behaviour
FDBK04575,EMP0258,2026-03-03,5,1,Service Quality
FDBK04576,EMP0175,2026-08-01,3,0,Product Satisfaction
FDBK04577,EMP0218,2026-09-06,4,0,Complaint Resolution
FDBK04578,EMP0404,2026-07-10,5,0,Service Quality
FDBK04579,EMP0265,2026-02-09,3,0,Digital Banking
FDBK04580,EMP0408,2026-05-17,1,1,Product Satisfaction
FDBK04581,EMP0078,2026-05-08,4,0,Complaint Resolution
FDBK04582,EMP0176,2026-01-18,2,0,Product Satisfaction
FDBK04583,EMP0255,2026-06-24,4,1,Service Quality
FDBK04584,EMP0137,2026-03-26,3,0,Service Quality
FDBK04585,EMP0496,2026-02-27,3,0,Staff Behaviour
FDBK04586,EMP0425,2026-03-22,4,0,Complaint Resolution
FDBK04587,EMP0174,2025-11-19,5,1,Complaint Resolution
FDBK04588,EMP0092,2026-05-21,5,1,Service Quality
FDBK04589,EMP0040,2026-07-17,4,0,Product Satisfaction
FDBK04590,EMP0062,2026-02-15,3,1,Staff Behaviour
FDBK04591,EMP0420,2026-03-23,4,0,Service Quality
FDBK04592,EMP0385,2026-09-02,5,0,Service Quality
FDBK04593,EMP0100,2026-04-18,1,1,Product Satisfaction
FDBK04594,EMP0342,2026-05-23,4,0,Service Quality
FDBK04595,EMP0363,2026-09-04,3,1,Digital Banking
FDBK04596,EMP0058,2025-11-20,4,2,Staff Behaviour
FDBK04597,EMP0063,2026-04-20,2,1,Digital Banking
FDBK04598,EMP0198,2026-03-17,4,0,Staff Behaviour
FDBK04599,EMP0131,2026-08-12,2,0,Service Quality
FDBK04600,EMP0260,2026-05-04,4,0,Service Quality
FDBK04601,EMP0357,2025-12-25,4,0,Product Satisfaction
FDBK04602,EMP0086,2026-03-06,4,0,Digital Banking
FDBK04603,EMP0018,2026-09-04,5,0,Service Quality
FDBK04604,EMP0034,2026-02-28,3,0,Product Satisfaction
FDBK04605,EMP0153,2026-03-01,3,1,Complaint Resolution
FDBK04606,EMP0172,2026-03-26,3,0,Service Quality
FDBK04607,EMP0150,2026-05-16,3,1,Staff Behaviour
FDBK04608,EMP0379,2026-03-25,4,1,Product Satisfaction
FDBK04609,EMP0109,2026-08-10,3,0,Digital Banking
FDBK04610,EMP0174,2026-01-27,5,0,Product Satisfaction
FDBK04611,EMP0483,2026-02-10,4,0,Service Quality
FDBK04612,EMP0463,2026-09-06,5,0,Staff Behaviour
FDBK04613,EMP0017,2026-06-20,5,0,Product Satisfaction
FDBK04614,EMP0468,2026-08-12,3,0,Service Quality
FDBK04615,EMP0204,2025-12-03,4,0,Staff Behaviour
FDBK04616,EMP0408,2025-11-05,4,1,Staff Behaviour
FDBK04617,EMP0401,2026-09-21,4,0,Digital Banking
FDBK04618,EMP0312,2026-02-08,4,0,Product Satisfaction
FDBK04619,EMP0218,2025-10-28,4,1,Product Satisfaction
FDBK04620,EMP0372,2026-07-20,3,0,Complaint Resolution
FDBK04621,EMP0110,2026-08-28,5,0,Complaint Resolution
FDBK04622,EMP0269,2026-04-15,4,1,Staff Behaviour
FDBK04623,EMP0045,2026-07-16,5,0,Digital Banking
FDBK04624,EMP0254,2026-01-18,4,0,Complaint Resolution
FDBK04625,EMP0140,2026-09-08,4,2,Service Quality
FDBK04626,EMP0188,2025-12-16,4,0,Digital Banking
FDBK04627,EMP0435,2026-09-18,3,0,Staff Behaviour
FDBK04628,EMP0390,2025-10-28,1,0,Product Satisfaction
FDBK04629,EMP0453,2026-09-20,5,0,Complaint Resolution
FDBK04630,EMP0376,2025-11-15,5,1,Product Satisfaction
FDBK04631,EMP0398,2026-06-09,5,0,Product Satisfaction
FDBK04632,EMP0209,2025-11-28,3,1,Digital Banking
FDBK04633,EMP0161,2026-02-15,4,1,Complaint Resolution
FDBK04634,EMP0112,2026-05-24,1,0,Product Satisfaction
FDBK04635,EMP0024,2025-11-01,5,3,Service Quality
FDBK04636,EMP0160,2025-10-08,3,0,Staff Behaviour
FDBK04637,EMP0010,2026-02-18,4,0,Service Quality
FDBK04638,EMP0254,2026-05-15,5,0,Complaint Resolution
FDBK04639,EMP0180,2025-11-08,1,0,Complaint Resolution
FDBK04640,EMP0198,2025-11-03,4,0,Digital Banking
FDBK04641,EMP0040,2026-02-15,4,0,Complaint Resolution
FDBK04642,EMP0046,2026-09-11,5,2,Staff Behaviour
FDBK04643,EMP0017,2025-12-19,2,0,Product Satisfaction
FDBK04644,EMP0219,2026-07-25,5,0,Product Satisfaction
FDBK04645,EMP0406,2026-05-18,5,0,Digital Banking
FDBK04646,EMP0166,2026-02-10,4,0,Product Satisfaction
FDBK04647,EMP0170,2026-03-14,4,3,Digital Banking
FDBK04648,EMP0007,2026-05-02,1,0,Digital Banking
FDBK04649,EMP0321,2026-03-08,5,0,Staff Behaviour
FDBK04650,EMP0445,2026-02-20,4,0,Staff Behaviour
FDBK04651,EMP0002,2026-05-16,5,0,Digital Banking
FDBK04652,EMP0315,2026-03-05,4,0,Service Quality
FDBK04653,EMP0332,2026-07-09,2,0,Digital Banking
FDBK04654,EMP0329,2026-05-16,5,0,Product Satisfaction
FDBK04655,EMP0097,2025-11-11,4,0,Digital Banking
FDBK04656,EMP0172,2026-07-17,3,0,Digital Banking
FDBK04657,EMP0365,2026-01-12,3,1,Staff Behaviour
FDBK04658,EMP0125,2026-02-09,3,0,Product Satisfaction
FDBK04659,EMP0270,2025-11-14,2,1,Service Quality
FDBK04660,EMP0108,2025-12-16,4,0,Complaint Resolution
FDBK04661,EMP0301,2026-02-03,2,2,Product Satisfaction
FDBK04662,EMP0336,2026-09-14,4,1,Digital Banking
FDBK04663,EMP0464,2026-05-09,5,0,Complaint Resolution
FDBK04664,EMP0261,2025-11-13,3,0,Service Quality
FDBK04665,EMP0355,2025-11-06,4,2,Digital Banking
FDBK04666,EMP0318,2025-10-18,5,1,Staff Behaviour
FDBK04667,EMP0453,2026-03-27,4,0,Staff Behaviour
FDBK04668,EMP0232,2026-01-05,4,0,Staff Behaviour
FDBK04669,EMP0318,2026-09-21,4,1,Digital Banking
FDBK04670,EMP0146,2026-02-03,5,0,Product Satisfaction
FDBK04671,EMP0017,2025-11-22,4,0,Staff Behaviour
FDBK04672,EMP0136,2026-09-21,5,1,Digital Banking
FDBK04673,EMP0249,2026-02-13,5,1,Service Quality
FDBK04674,EMP0472,2026-06-22,3,1,Service Quality
FDBK04675,EMP0294,2026-08-23,3,0,Staff Behaviour
FDBK04676,EMP0096,2026-09-22,4,1,Staff Behaviour
FDBK04677,EMP0340,2026-05-10,4,0,Staff Behaviour
FDBK04678,EMP0389,2026-09-02,3,0,Staff Behaviour
FDBK04679,EMP0312,2026-08-16,3,0,Product Satisfaction
FDBK04680,EMP0434,2025-10-26,4,0,Staff Behaviour
FDBK04681,EMP0232,2025-10-07,4,0,Complaint Resolution
FDBK04682,EMP0148,2026-07-14,4,0,Staff Behaviour
FDBK04683,EMP0019,2026-05-15,4,0,Service Quality
FDBK04684,EMP0500,2025-11-05,5,0,Product Satisfaction
FDBK04685,EMP0482,2025-10-23,1,0,Product Satisfaction
FDBK04686,EMP0426,2025-12-13,4,0,Complaint Resolution
FDBK04687,EMP0371,2026-08-28,3,1,Staff Behaviour
FDBK04688,EMP0438,2026-05-21,3,1,Product Satisfaction
FDBK04689,EMP0415,2026-07-18,3,1,Service Quality
FDBK04690,EMP0306,2025-11-09,5,0,Digital Banking
FDBK04691,EMP0037,2026-03-20,5,0,Staff Behaviour
FDBK04692,EMP0193,2026-08-02,4,0,Product Satisfaction
FDBK04693,EMP0008,2026-03-08,5,0,Service Quality
FDBK04694,EMP0442,2026-01-02,5,1,Digital Banking
FDBK04695,EMP0314,2026-09-15,3,0,Complaint Resolution
FDBK04696,EMP0415,2026-09-21,4,1,Staff Behaviour
FDBK04697,EMP0184,2025-10-25,4,0,Complaint Resolution
FDBK04698,EMP0131,2026-01-26,4,1,Digital Banking
FDBK04699,EMP0434,2026-02-01,4,0,Product Satisfaction
FDBK04700,EMP0316,2025-11-22,4,0,Product Satisfaction
FDBK04701,EMP0010,2026-09-24,4,0,Product Satisfaction
FDBK04702,EMP0435,2026-03-02,4,0,Staff Behaviour
FDBK04703,EMP0116,2026-03-04,2,0,Digital Banking
FDBK04704,EMP0448,2026-03-21,3,0,Product Satisfaction
FDBK04705,EMP0342,2026-07-13,3,0,Staff Behaviour
FDBK04706,EMP0428,2025-10-03,3,0,Service Quality
FDBK04707,EMP0340,2025-11-20,4,0,Complaint Resolution
FDBK04708,EMP0439,2025-11-03,3,1,Product Satisfaction
FDBK04709,EMP0039,2026-06-03,5,0,Staff Behaviour
FDBK04710,EMP0132,2026-07-10,1,0,Digital Banking
FDBK04711,EMP0247,2026-02-06,3,0,Staff Behaviour
FDBK04712,EMP0062,2026-05-03,3,0,Digital Banking
FDBK04713,EMP0381,2026-04-13,4,0,Complaint Resolution
FDBK04714,EMP0397,2026-02-19,2,1,Staff Behaviour
FDBK04715,EMP0372,2026-07-16,4,0,Complaint Resolution
FDBK04716,EMP0112,2026-04-02,4,0,Product Satisfaction
FDBK04717,EMP0170,2026-09-08,5,0,Staff Behaviour
FDBK04718,EMP0265,2026-04-11,3,0,Digital Banking
FDBK04719,EMP0119,2026-09-26,4,1,Digital Banking
FDBK04720,EMP0485,2026-05-07,5,0,Service Quality
FDBK04721,EMP0327,2026-07-02,5,0,Service Quality
FDBK04722,EMP0483,2025-11-20,3,0,Staff Behaviour
FDBK04723,EMP0229,2026-07-05,4,0,Staff Behaviour
FDBK04724,EMP0175,2026-04-03,4,1,Complaint Resolution
FDBK04725,EMP0145,2026-07-06,4,0,Staff Behaviour
FDBK04726,EMP0452,2025-12-20,5,0,Product Satisfaction
FDBK04727,EMP0360,2026-06-27,4,1,Product Satisfaction
FDBK04728,EMP0068,2025-11-14,4,0,Complaint Resolution
FDBK04729,EMP0098,2026-08-20,4,1,Digital Banking
FDBK04730,EMP0397,2026-04-08,5,0,Product Satisfaction
FDBK04731,EMP0433,2025-11-14,5,0,Complaint Resolution
FDBK04732,EMP0068,2026-05-09,5,2,Digital Banking
FDBK04733,EMP0321,2025-11-23,3,2,Product Satisfaction
FDBK04734,EMP0469,2026-06-26,2,0,Staff Behaviour
FDBK04735,EMP0331,2026-09-19,3,3,Service Quality
FDBK04736,EMP0455,2025-11-15,4,0,Product Satisfaction
FDBK04737,EMP0270,2026-08-21,5,0,Staff Behaviour
FDBK04738,EMP0096,2025-12-23,1,0,Product Satisfaction
FDBK04739,EMP0268,2026-03-10,5,1,Service Quality
FDBK04740,EMP0441,2026-04-26,5,1,Complaint Resolution
FDBK04741,EMP0495,2026-06-07,4,0,Product Satisfaction
FDBK04742,EMP0378,2026-02-15,4,0,Staff Behaviour
FDBK04743,EMP0082,2026-04-03,3,0,Product Satisfaction
FDBK04744,EMP0375,2026-09-22,4,0,Complaint Resolution
FDBK04745,EMP0406,2025-12-16,4,1,Product Satisfaction
FDBK04746,EMP0037,2025-11-19,5,0,Product Satisfaction
FDBK04747,EMP0109,2026-02-10,2,0,Complaint Resolution
FDBK04748,EMP0394,2026-08-28,4,2,Product Satisfaction
FDBK04749,EMP0124,2026-03-02,1,2,Product Satisfaction
FDBK04750,EMP0023,2026-08-06,2,0,Service Quality
FDBK04751,EMP0345,2025-10-17,5,2,Service Quality
FDBK04752,EMP0217,2026-08-19,5,0,Service Quality
FDBK04753,EMP0072,2026-09-12,4,0,Complaint Resolution
FDBK04754,EMP0074,2026-02-03,4,1,Complaint Resolution
FDBK04755,EMP0454,2025-11-12,5,0,Service Quality
FDBK04756,EMP0289,2025-11-03,3,0,Digital Banking
FDBK04757,EMP0452,2026-05-07,4,2,Service Quality
FDBK04758,EMP0242,2025-10-05,2,0,Staff Behaviour
FDBK04759,EMP0210,2026-03-13,2,0,Service Quality
FDBK04760,EMP0271,2026-09-23,5,0,Digital Banking
FDBK04761,EMP0401,2026-08-16,5,0,Staff Behaviour
FDBK04762,EMP0112,2025-10-02,4,0,Digital Banking
FDBK04763,EMP0220,2026-07-10,5,0,Product Satisfaction
FDBK04764,EMP0230,2026-07-20,3,1,Product Satisfaction
FDBK04765,EMP0345,2026-09-24,4,0,Staff Behaviour
FDBK04766,EMP0085,2025-11-01,4,1,Service Quality
FDBK04767,EMP0469,2026-02-02,3,0,Staff Behaviour
FDBK04768,EMP0080,2026-02-28,2,0,Complaint Resolution
FDBK04769,EMP0230,2026-08-10,5,0,Complaint Resolution
FDBK04770,EMP0063,2026-02-06,2,0,Service Quality
FDBK04771,EMP0284,2025-12-23,5,0,Complaint Resolution
FDBK04772,EMP0471,2025-12-28,5,0,Service Quality
FDBK04773,EMP0092,2026-02-26,5,0,Service Quality
FDBK04774,EMP0209,2025-12-09,4,0,Product Satisfaction
FDBK04775,EMP0129,2026-01-24,5,1,Service Quality
FDBK04776,EMP0472,2026-05-28,3,0,Service Quality
FDBK04777,EMP0282,2026-08-21,5,1,Digital Banking
FDBK04778,EMP0043,2026-09-15,5,0,Digital Banking
FDBK04779,EMP0152,2026-04-18,2,1,Product Satisfaction
FDBK04780,EMP0075,2026-09-06,5,0,Digital Banking
FDBK04781,EMP0495,2026-08-25,5,1,Product Satisfaction
FDBK04782,EMP0324,2026-09-27,4,0,Product Satisfaction
FDBK04783,EMP0074,2026-01-07,2,0,Service Quality
FDBK04784,EMP0493,2026-07-03,4,0,Complaint Resolution
FDBK04785,EMP0185,2026-05-17,5,0,Product Satisfaction
FDBK04786,EMP0145,2026-05-14,4,2,Service Quality
FDBK04787,EMP0283,2025-11-25,5,1,Staff Behaviour
FDBK04788,EMP0408,2026-02-15,4,0,Service Quality
FDBK04789,EMP0022,2026-07-20,3,0,Digital Banking
FDBK04790,EMP0408,2026-08-17,4,0,Service Quality
FDBK04791,EMP0482,2026-06-26,3,3,Staff Behaviour
FDBK04792,EMP0391,2026-01-23,5,0,Staff Behaviour
FDBK04793,EMP0319,2025-11-24,4,0,Service Quality
FDBK04794,EMP0097,2026-05-24,4,0,Product Satisfaction
FDBK04795,EMP0280,2026-09-09,4,0,Product Satisfaction
FDBK04796,EMP0154,2026-03-09,3,0,Digital Banking
FDBK04797,EMP0184,2025-11-08,4,1,Service Quality
FDBK04798,EMP0107,2026-07-06,4,0,Staff Behaviour
FDBK04799,EMP0204,2026-03-23,5,0,Product Satisfaction
FDBK04800,EMP0455,2026-08-08,4,0,Complaint Resolution
FDBK04801,EMP0019,2026-03-11,4,0,Complaint Resolution
FDBK04802,EMP0089,2026-04-08,5,1,Complaint Resolution
FDBK04803,EMP0405,2025-11-17,4,0,Digital Banking
FDBK04804,EMP0442,2026-06-08,4,0,Service Quality
FDBK04805,EMP0291,2025-10-12,2,1,Product Satisfaction
FDBK04806,EMP0465,2026-08-17,4,0,Staff Behaviour
FDBK04807,EMP0225,2026-07-21,4,1,Digital Banking
FDBK04808,EMP0364,2026-02-19,5,1,Digital Banking
FDBK04809,EMP0047,2025-12-25,3,0,Complaint Resolution
FDBK04810,EMP0102,2026-06-02,4,0,Digital Banking
FDBK04811,EMP0298,2026-03-25,5,0,Complaint Resolution
FDBK04812,EMP0465,2026-03-20,3,0,Service Quality
FDBK04813,EMP0385,2026-08-21,2,0,Staff Behaviour
FDBK04814,EMP0308,2025-12-18,4,0,Product Satisfaction
FDBK04815,EMP0385,2026-02-27,4,0,Product Satisfaction
FDBK04816,EMP0367,2026-01-06,4,0,Complaint Resolution
FDBK04817,EMP0443,2025-11-10,1,0,Digital Banking
FDBK04818,EMP0411,2025-11-01,5,0,Service Quality
FDBK04819,EMP0199,2026-09-20,4,1,Product Satisfaction
FDBK04820,EMP0316,2026-09-03,3,0,Complaint Resolution
FDBK04821,EMP0184,2026-06-27,2,0,Service Quality
FDBK04822,EMP0408,2026-07-05,5,3,Service Quality
FDBK04823,EMP0178,2026-03-07,4,0,Service Quality
FDBK04824,EMP0400,2026-08-25,1,0,Service Quality
FDBK04825,EMP0143,2026-01-13,4,0,Staff Behaviour
FDBK04826,EMP0479,2026-07-19,4,0,Product Satisfaction
FDBK04827,EMP0072,2026-01-04,5,0,Staff Behaviour
FDBK04828,EMP0353,2026-02-17,4,1,Staff Behaviour
FDBK04829,EMP0176,2026-09-26,5,0,Complaint Resolution
FDBK04830,EMP0385,2026-09-23,5,0,Staff Behaviour
FDBK04831,EMP0326,2025-12-08,3,0,Service Quality
FDBK04832,EMP0283,2026-03-26,4,1,Product Satisfaction
FDBK04833,EMP0413,2026-09-15,3,2,Digital Banking
FDBK04834,EMP0215,2026-07-27,2,0,Product Satisfaction
FDBK04835,EMP0011,2025-12-19,5,0,Digital Banking
FDBK04836,EMP0020,2026-07-09,4,1,Digital Banking
FDBK04837,EMP0378,2026-08-09,4,0,Complaint Resolution
FDBK04838,EMP0088,2026-04-11,4,0,Complaint Resolution
FDBK04839,EMP0099,2026-09-04,5,0,Service Quality
FDBK04840,EMP0121,2025-11-13,2,0,Product Satisfaction
FDBK04841,EMP0281,2026-06-16,1,1,Staff Behaviour
FDBK04842,EMP0309,2026-04-13,4,1,Digital Banking
FDBK04843,EMP0333,2025-11-21,3,0,Product Satisfaction
FDBK04844,EMP0412,2026-08-22,3,1,Digital Banking
FDBK04845,EMP0439,2026-07-23,2,0,Product Satisfaction
FDBK04846,EMP0193,2025-10-04,4,1,Complaint Resolution
FDBK04847,EMP0043,2025-12-23,5,1,Staff Behaviour
FDBK04848,EMP0382,2026-07-06,1,1,Complaint Resolution
FDBK04849,EMP0440,2025-11-25,4,0,Staff Behaviour
FDBK04850,EMP0189,2026-01-24,4,0,Complaint Resolution
FDBK04851,EMP0119,2026-08-12,3,1,Service Quality
FDBK04852,EMP0305,2026-04-22,3,0,Staff Behaviour
FDBK04853,EMP0454,2026-09-10,4,3,Staff Behaviour
FDBK04854,EMP0263,2025-10-04,3,0,Digital Banking
FDBK04855,EMP0228,2025-11-11,4,1,Staff Behaviour
FDBK04856,EMP0351,2026-02-19,3,0,Product Satisfaction
FDBK04857,EMP0163,2025-11-13,3,1,Digital Banking
FDBK04858,EMP0294,2025-11-06,5,0,Complaint Resolution
FDBK04859,EMP0310,2026-03-18,5,0,Complaint Resolution
FDBK04860,EMP0139,2025-10-06,5,0,Complaint Resolution
FDBK04861,EMP0064,2026-05-11,4,1,Product Satisfaction
FDBK04862,EMP0424,2026-06-17,4,0,Service Quality
FDBK04863,EMP0380,2026-09-17,4,0,Staff Behaviour
FDBK04864,EMP0044,2026-06-11,5,0,Staff Behaviour
FDBK04865,EMP0215,2025-11-14,4,0,Product Satisfaction
FDBK04866,EMP0489,2026-07-02,4,0,Service Quality
FDBK04867,EMP0318,2026-09-10,5,1,Service Quality
FDBK04868,EMP0198,2025-10-13,4,0,Staff Behaviour
FDBK04869,EMP0344,2026-02-26,5,0,Service Quality
FDBK04870,EMP0390,2026-06-23,2,1,Service Quality
FDBK04871,EMP0141,2026-08-25,3,0,Staff Behaviour
FDBK04872,EMP0039,2026-08-17,4,1,Product Satisfaction
FDBK04873,EMP0184,2026-06-08,4,0,Staff Behaviour
FDBK04874,EMP0373,2025-11-15,2,0,Product Satisfaction
FDBK04875,EMP0124,2026-01-06,2,0,Product Satisfaction
FDBK04876,EMP0497,2025-10-12,4,0,Product Satisfaction
FDBK04877,EMP0189,2026-04-27,5,2,Digital Banking
FDBK04878,EMP0175,2025-10-11,4,0,Staff Behaviour
FDBK04879,EMP0265,2026-09-04,5,2,Digital Banking
FDBK04880,EMP0012,2026-02-24,2,0,Product Satisfaction
FDBK04881,EMP0407,2026-09-10,4,0,Digital Banking
FDBK04882,EMP0317,2026-07-16,4,1,Complaint Resolution
FDBK04883,EMP0243,2026-06-28,3,0,Complaint Resolution
FDBK04884,EMP0295,2026-08-09,5,0,Service Quality
FDBK04885,EMP0209,2026-02-04,3,0,Complaint Resolution
FDBK04886,EMP0244,2026-06-02,5,1,Digital Banking
FDBK04887,EMP0153,2025-10-01,3,0,Product Satisfaction
FDBK04888,EMP0479,2026-05-24,5,0,Digital Banking
FDBK04889,EMP0198,2026-06-15,2,2,Staff Behaviour
FDBK04890,EMP0329,2026-09-06,3,1,Product Satisfaction
FDBK04891,EMP0321,2026-05-06,3,1,Complaint Resolution
FDBK04892,EMP0171,2026-06-12,5,0,Service Quality
FDBK04893,EMP0189,2026-08-19,5,0,Service Quality
FDBK04894,EMP0152,2025-12-04,4,3,Complaint Resolution
FDBK04895,EMP0062,2026-06-09,2,0,Product Satisfaction
FDBK04896,EMP0087,2026-08-18,4,0,Complaint Resolution
FDBK04897,EMP0272,2026-06-11,4,0,Service Quality
FDBK04898,EMP0130,2026-02-01,4,0,Digital Banking
FDBK04899,EMP0086,2026-08-02,4,0,Digital Banking
FDBK04900,EMP0245,2026-09-12,5,1,Service Quality
FDBK04901,EMP0204,2026-04-17,3,0,Service Quality
FDBK04902,EMP0370,2026-01-14,5,0,Staff Behaviour
FDBK04903,EMP0201,2026-04-15,5,1,Service Quality
FDBK04904,EMP0134,2026-03-14,4,0,Product Satisfaction
FDBK04905,EMP0480,2025-12-20,5,0,Staff Behaviour
FDBK04906,EMP0162,2026-02-15,5,0,Digital Banking
FDBK04907,EMP0192,2026-04-15,4,0,Staff Behaviour
FDBK04908,EMP0213,2026-09-14,5,0,Product Satisfaction
FDBK04909,EMP0040,2026-08-25,5,0,Staff Behaviour
FDBK04910,EMP0062,2026-06-03,4,0,Complaint Resolution
FDBK04911,EMP0152,2026-06-19,4,1,Product Satisfaction
FDBK04912,EMP0102,2026-03-23,4,0,Service Quality
FDBK04913,EMP0372,2026-04-14,5,0,Service Quality
FDBK04914,EMP0264,2026-01-14,4,0,Product Satisfaction
FDBK04915,EMP0356,2025-12-18,4,0,Digital Banking
FDBK04916,EMP0004,2026-09-21,4,0,Staff Behaviour
FDBK04917,EMP0035,2026-03-06,3,0,Service Quality
FDBK04918,EMP0493,2026-09-01,3,0,Digital Banking
FDBK04919,EMP0186,2026-03-23,3,0,Staff Behaviour
FDBK04920,EMP0466,2025-12-26,4,3,Digital Banking
FDBK04921,EMP0437,2025-10-01,5,0,Staff Behaviour
FDBK04922,EMP0248,2025-10-14,4,1,Service Quality
FDBK04923,EMP0465,2026-04-20,5,0,Staff Behaviour
FDBK04924,EMP0173,2026-06-15,4,0,Complaint Resolution
FDBK04925,EMP0336,2025-11-20,1,0,Digital Banking
FDBK04926,EMP0194,2026-06-27,2,1,Digital Banking
FDBK04927,EMP0195,2026-03-12,5,1,Staff Behaviour
FDBK04928,EMP0276,2026-05-24,4,0,Complaint Resolution
FDBK04929,EMP0391,2025-10-28,4,0,Staff Behaviour
FDBK04930,EMP0433,2026-04-21,5,0,Complaint Resolution
FDBK04931,EMP0204,2026-05-28,2,1,Service Quality
FDBK04932,EMP0230,2026-05-18,5,0,Staff Behaviour
FDBK04933,EMP0378,2025-10-22,5,0,Digital Banking
FDBK04934,EMP0190,2025-12-02,5,0,Staff Behaviour
FDBK04935,EMP0150,2025-12-21,5,1,Digital Banking
FDBK04936,EMP0289,2026-08-10,2,0,Product Satisfaction
FDBK04937,EMP0349,2026-03-10,5,1,Staff Behaviour
FDBK04938,EMP0442,2026-08-27,4,2,Digital Banking
FDBK04939,EMP0288,2026-06-18,4,0,Product Satisfaction
FDBK04940,EMP0494,2026-02-13,5,1,Product Satisfaction
FDBK04941,EMP0469,2026-01-11,4,0,Digital Banking
FDBK04942,EMP0253,2026-06-12,2,2,Service Quality
FDBK04943,EMP0179,2026-06-02,4,1,Product Satisfaction
FDBK04944,EMP0366,2026-03-12,4,0,Service Quality
FDBK04945,EMP0070,2026-09-16,5,1,Complaint Resolution
FDBK04946,EMP0256,2026-05-24,5,0,Staff Behaviour
FDBK04947,EMP0187,2025-12-06,4,0,Product Satisfaction
FDBK04948,EMP0037,2026-04-25,5,0,Staff Behaviour
FDBK04949,EMP0038,2025-12-03,3,0,Complaint Resolution
FDBK04950,EMP0137,2026-02-08,5,1,Digital Banking
FDBK04951,EMP0298,2025-12-22,4,0,Staff Behaviour
FDBK04952,EMP0138,2026-04-20,5,0,Staff Behaviour
FDBK04953,EMP0433,2026-03-21,1,0,Service Quality
FDBK04954,EMP0374,2026-01-13,3,0,Digital Banking
FDBK04955,EMP0353,2026-09-14,2,0,Service Quality
FDBK04956,EMP0168,2026-06-24,5,0,Service Quality
FDBK04957,EMP0453,2026-07-26,5,0,Digital Banking
FDBK04958,EMP0176,2025-11-22,4,2,Digital Banking
FDBK04959,EMP0140,2026-04-05,4,0,Complaint Resolution
FDBK04960,EMP0121,2026-08-23,5,0,Digital Banking
FDBK04961,EMP0471,2026-06-14,3,0,Service Quality
FDBK04962,EMP0381,2026-04-06,5,0,Staff Behaviour
FDBK04963,EMP0065,2025-12-04,5,0,Complaint Resolution
FDBK04964,EMP0005,2026-02-05,3,0,Staff Behaviour
FDBK04965,EMP0009,2026-06-26,3,0,Staff Behaviour
FDBK04966,EMP0221,2026-03-23,3,0,Complaint Resolution
FDBK04967,EMP0441,2026-08-09,3,0,Service Quality
FDBK04968,EMP0197,2026-04-07,4,1,Digital Banking
FDBK04969,EMP0232,2025-10-04,5,0,Complaint Resolution
FDBK04970,EMP0115,2026-05-15,4,0,Staff Behaviour
FDBK04971,EMP0130,2026-01-13,5,0,Complaint Resolution
FDBK04972,EMP0206,2026-09-24,3,0,Product Satisfaction
FDBK04973,EMP0091,2026-07-15,4,0,Staff Behaviour
FDBK04974,EMP0454,2026-08-06,4,0,Complaint Resolution
FDBK04975,EMP0180,2026-01-09,3,0,Digital Banking
FDBK04976,EMP0374,2026-07-20,4,1,Service Quality
FDBK04977,EMP0176,2025-10-21,5,1,Service Quality
FDBK04978,EMP0288,2026-01-16,3,0,Product Satisfaction
FDBK04979,EMP0353,2025-11-09,5,1,Service Quality
FDBK04980,EMP0212,2026-05-20,4,0,Service Quality
FDBK04981,EMP0464,2025-12-01,2,0,Digital Banking
FDBK04982,EMP0209,2026-03-12,4,0,Service Quality
FDBK04983,EMP0376,2026-08-08,3,1,Digital Banking
FDBK04984,EMP0136,2025-10-27,4,0,Digital Banking
FDBK04985,EMP0154,2025-10-07,4,0,Digital Banking
FDBK04986,EMP0340,2025-11-04,4,0,Staff Behaviour
FDBK04987,EMP0389,2026-04-28,1,0,Service Quality
FDBK04988,EMP0484,2026-03-04,3,0,Complaint Resolution
FDBK04989,EMP0148,2026-06-16,4,0,Complaint Resolution
FDBK04990,EMP0202,2025-10-27,4,0,Service Quality
FDBK04991,EMP0409,2026-08-28,3,0,Complaint Resolution
FDBK04992,EMP0245,2025-10-12,3,1,Complaint Resolution
FDBK04993,EMP0156,2026-09-12,3,0,Staff Behaviour
FDBK04994,EMP0313,2026-08-03,2,1,Service Quality
FDBK04995,EMP0407,2026-06-18,4,0,Complaint Resolution
FDBK04996,EMP0124,2026-04-07,5,0,Digital Banking
FDBK04997,EMP0416,2026-07-19,4,0,Digital Banking
FDBK04998,EMP0314,2026-09-09,5,0,Staff Behaviour
FDBK04999,EMP0046,2026-03-09,5,0,Product Satisfaction
FDBK05000,EMP0354,2026-04-27,1,1,Product Satisfaction
FDBK05001,EMP0474,2026-09-02,3,0,Complaint Resolution
FDBK05002,EMP0414,2026-04-06,4,0,Service Quality
FDBK05003,EMP0127,2026-05-28,4,2,Service Quality
FDBK05004,EMP0398,2025-12-15,3,0,Product Satisfaction
FDBK05005,EMP0078,2025-10-01,2,0,Complaint Resolution
FDBK05006,EMP0144,2026-06-22,5,0,Product Satisfaction
FDBK05007,EMP0227,2025-12-14,4,0,Digital Banking
FDBK05008,EMP0449,2026-04-06,4,0,Digital Banking
FDBK05009,EMP0342,2026-07-04,5,0,Digital Banking
FDBK05010,EMP0393,2026-08-25,5,0,Digital Banking
FDBK05011,EMP0288,2026-01-17,4,0,Staff Behaviour
FDBK05012,EMP0194,2026-06-16,3,0,Product Satisfaction
FDBK05013,EMP0161,2026-08-20,4,1,Complaint Resolution
FDBK05014,EMP0459,2026-01-02,4,0,Service Quality
FDBK05015,EMP0116,2026-07-26,4,0,Service Quality
FDBK05016,EMP0050,2026-06-08,4,0,Service Quality
FDBK05017,EMP0080,2025-12-01,5,1,Complaint Resolution
FDBK05018,EMP0490,2025-10-14,4,1,Service Quality
FDBK05019,EMP0327,2026-02-04,4,3,Product Satisfaction
FDBK05020,EMP0104,2026-04-20,4,0,Service Quality
FDBK05021,EMP0015,2026-01-17,4,0,Service Quality
FDBK05022,EMP0015,2026-09-19,1,0,Complaint Resolution
FDBK05023,EMP0350,2026-04-12,3,0,Service Quality
FDBK05024,EMP0317,2026-09-02,4,1,Staff Behaviour
FDBK05025,EMP0057,2026-04-22,5,0,Complaint Resolution
FDBK05026,EMP0379,2026-07-20,4,1,Complaint Resolution
FDBK05027,EMP0078,2025-10-25,1,0,Product Satisfaction
FDBK05028,EMP0350,2026-07-26,5,0,Staff Behaviour
FDBK05029,EMP0459,2026-04-10,4,1,Product Satisfaction
FDBK05030,EMP0485,2026-07-09,4,0,Staff Behaviour
FDBK05031,EMP0308,2026-01-10,3,0,Staff Behaviour
FDBK05032,EMP0064,2025-12-18,4,1,Staff Behaviour
FDBK05033,EMP0393,2026-09-20,5,1,Service Quality
FDBK05034,EMP0027,2026-09-10,4,3,Service Quality
FDBK05035,EMP0337,2026-02-27,3,0,Complaint Resolution
FDBK05036,EMP0283,2025-12-10,4,0,Service Quality
FDBK05037,EMP0322,2025-11-06,5,2,Service Quality
FDBK05038,EMP0300,2026-04-08,4,1,Product Satisfaction
FDBK05039,EMP0370,2026-09-28,3,2,Service Quality
FDBK05040,EMP0056,2026-01-02,5,0,Digital Banking
FDBK05041,EMP0406,2026-09-03,4,0,Complaint Resolution
FDBK05042,EMP0325,2026-04-26,2,0,Staff Behaviour
FDBK05043,EMP0057,2026-02-21,3,0,Staff Behaviour
FDBK05044,EMP0089,2026-05-16,3,1,Service Quality
FDBK05045,EMP0490,2026-09-05,2,1,Service Quality
FDBK05046,EMP0308,2026-05-07,4,0,Service Quality
FDBK05047,EMP0421,2025-12-02,5,0,Product Satisfaction
FDBK05048,EMP0056,2026-02-01,5,0,Product Satisfaction
FDBK05049,EMP0220,2025-10-23,4,0,Product Satisfaction
FDBK05050,EMP0036,2026-04-07,2,1,Digital Banking
FDBK05051,EMP0311,2026-06-09,5,0,Digital Banking
FDBK05052,EMP0499,2026-06-05,1,0,Service Quality
FDBK05053,EMP0115,2025-11-26,1,0,Product Satisfaction
FDBK05054,EMP0238,2026-05-16,5,1,Staff Behaviour
FDBK05055,EMP0340,2025-12-05,4,0,Complaint Resolution
FDBK05056,EMP0464,2026-07-04,3,0,Service Quality
FDBK05057,EMP0036,2026-02-25,2,0,Digital Banking
FDBK05058,EMP0446,2025-10-08,5,1,Service Quality
FDBK05059,EMP0100,2026-02-27,5,0,Product Satisfaction
FDBK05060,EMP0095,2026-09-02,3,1,Staff Behaviour
FDBK05061,EMP0304,2026-08-22,4,0,Service Quality
FDBK05062,EMP0454,2026-03-24,5,0,Digital Banking
FDBK05063,EMP0481,2025-12-21,5,0,Product Satisfaction
FDBK05064,EMP0423,2026-04-12,3,0,Complaint Resolution
FDBK05065,EMP0316,2025-11-14,5,1,Complaint Resolution
FDBK05066,EMP0329,2026-06-07,4,0,Product Satisfaction
FDBK05067,EMP0147,2025-11-28,4,0,Staff Behaviour
FDBK05068,EMP0414,2026-07-09,1,0,Service Quality
FDBK05069,EMP0242,2026-01-08,5,0,Digital Banking
FDBK05070,EMP0235,2026-01-03,4,0,Digital Banking
FDBK05071,EMP0051,2026-07-06,5,1,Digital Banking
FDBK05072,EMP0324,2026-09-23,4,0,Staff Behaviour
FDBK05073,EMP0336,2026-05-21,2,0,Complaint Resolution
FDBK05074,EMP0379,2026-03-24,4,1,Digital Banking
FDBK05075,EMP0443,2026-04-17,4,0,Staff Behaviour
FDBK05076,EMP0161,2026-09-25,4,0,Complaint Resolution
FDBK05077,EMP0354,2026-01-10,4,0,Complaint Resolution
FDBK05078,EMP0426,2025-10-11,5,0,Product Satisfaction
FDBK05079,EMP0320,2025-10-20,4,0,Digital Banking
FDBK05080,EMP0170,2026-08-21,5,1,Staff Behaviour
FDBK05081,EMP0447,2026-09-09,5,0,Complaint Resolution
FDBK05082,EMP0484,2026-03-08,5,0,Staff Behaviour
FDBK05083,EMP0334,2025-11-28,4,1,Digital Banking
FDBK05084,EMP0319,2025-11-22,3,0,Product Satisfaction
FDBK05085,EMP0381,2026-01-03,5,0,Digital Banking
FDBK05086,EMP0466,2026-01-11,3,0,Staff Behaviour
FDBK05087,EMP0295,2026-06-17,3,0,Product Satisfaction
FDBK05088,EMP0312,2026-01-21,5,1,Staff Behaviour
FDBK05089,EMP0475,2026-08-15,4,0,Digital Banking
FDBK05090,EMP0305,2026-07-09,4,1,Product Satisfaction
FDBK05091,EMP0116,2025-11-21,4,0,Complaint Resolution
FDBK05092,EMP0435,2026-01-15,3,2,Service Quality
FDBK05093,EMP0333,2026-03-23,5,0,Service Quality
FDBK05094,EMP0251,2026-01-10,3,0,Service Quality
FDBK05095,EMP0270,2026-09-08,4,1,Digital Banking
FDBK05096,EMP0274,2026-03-21,4,2,Staff Behaviour
FDBK05097,EMP0105,2026-06-14,5,0,Product Satisfaction
FDBK05098,EMP0353,2026-09-11,4,0,Digital Banking
FDBK05099,EMP0229,2026-01-05,5,0,Digital Banking
FDBK05100,EMP0340,2026-05-22,3,1,Staff Behaviour
FDBK05101,EMP0500,2026-09-08,5,1,Product Satisfaction
FDBK05102,EMP0349,2026-03-25,4,0,Digital Banking
FDBK05103,EMP0276,2026-03-24,5,0,Service Quality
FDBK05104,EMP0322,2026-08-10,5,0,Complaint Resolution
FDBK05105,EMP0462,2026-06-06,4,1,Complaint Resolution
FDBK05106,EMP0209,2025-10-02,4,1,Product Satisfaction
FDBK05107,EMP0156,2025-12-04,4,1,Complaint Resolution
FDBK05108,EMP0337,2025-11-23,3,1,Product Satisfaction
FDBK05109,EMP0062,2026-07-15,3,0,Staff Behaviour
FDBK05110,EMP0434,2026-06-19,3,0,Complaint Resolution
FDBK05111,EMP0197,2025-12-14,4,0,Service Quality
FDBK05112,EMP0188,2026-05-22,3,0,Service Quality
FDBK05113,EMP0039,2025-11-13,5,2,Staff Behaviour
FDBK05114,EMP0019,2025-12-10,4,1,Product Satisfaction
FDBK05115,EMP0357,2026-09-05,3,0,Product Satisfaction
FDBK05116,EMP0114,2026-06-10,2,0,Service Quality
FDBK05117,EMP0061,2026-08-08,5,1,Product Satisfaction
FDBK05118,EMP0085,2026-05-24,5,0,Product Satisfaction
FDBK05119,EMP0376,2026-08-08,3,0,Service Quality
FDBK05120,EMP0193,2026-09-25,3,0,Service Quality
FDBK05121,EMP0094,2026-03-17,1,1,Product Satisfaction
FDBK05122,EMP0352,2026-04-20,5,0,Staff Behaviour
FDBK05123,EMP0338,2026-01-12,3,1,Staff Behaviour
FDBK05124,EMP0218,2026-08-24,5,0,Digital Banking
FDBK05125,EMP0154,2026-09-04,5,0,Staff Behaviour
FDBK05126,EMP0387,2025-12-28,5,0,Staff Behaviour
FDBK05127,EMP0445,2026-07-23,3,0,Product Satisfaction
FDBK05128,EMP0103,2026-01-21,4,0,Service Quality
FDBK05129,EMP0114,2026-07-28,3,1,Product Satisfaction
FDBK05130,EMP0187,2026-02-02,4,0,Complaint Resolution
FDBK05131,EMP0489,2026-04-20,4,0,Service Quality
FDBK05132,EMP0379,2025-10-03,3,0,Service Quality
FDBK05133,EMP0449,2026-07-20,5,0,Product Satisfaction
FDBK05134,EMP0311,2025-10-20,5,0,Staff Behaviour
FDBK05135,EMP0371,2026-03-08,4,0,Product Satisfaction
FDBK05136,EMP0147,2026-06-13,3,1,Service Quality
FDBK05137,EMP0095,2025-11-22,4,1,Complaint Resolution
FDBK05138,EMP0175,2025-12-03,3,0,Product Satisfaction
FDBK05139,EMP0327,2026-02-26,3,0,Staff Behaviour
FDBK05140,EMP0402,2026-04-16,5,1,Complaint Resolution
FDBK05141,EMP0216,2026-04-24,1,0,Staff Behaviour
FDBK05142,EMP0078,2025-12-15,4,1,Complaint Resolution
FDBK05143,EMP0304,2025-12-26,5,0,Complaint Resolution
FDBK05144,EMP0301,2026-09-19,4,0,Staff Behaviour
FDBK05145,EMP0138,2026-08-06,5,0,Complaint Resolution
FDBK05146,EMP0272,2026-08-06,4,0,Service Quality
FDBK05147,EMP0209,2026-04-10,4,1,Staff Behaviour
FDBK05148,EMP0161,2026-03-21,2,0,Service Quality
FDBK05149,EMP0100,2026-06-08,3,0,Service Quality
FDBK05150,EMP0186,2026-05-03,4,0,Digital Banking
FDBK05151,EMP0043,2026-03-24,4,0,Service Quality
FDBK05152,EMP0489,2026-05-24,2,0,Product Satisfaction
FDBK05153,EMP0193,2026-04-03,2,0,Staff Behaviour
FDBK05154,EMP0358,2026-03-10,5,0,Staff Behaviour
FDBK05155,EMP0496,2026-01-05,2,0,Complaint Resolution
FDBK05156,EMP0256,2025-11-08,4,0,Service Quality
FDBK05157,EMP0273,2026-01-09,4,0,Service Quality
FDBK05158,EMP0092,2025-10-08,4,1,Service Quality
FDBK05159,EMP0430,2026-03-18,5,0,Digital Banking
FDBK05160,EMP0411,2026-05-09,3,0,Service Quality
FDBK05161,EMP0036,2026-01-24,3,0,Service Quality
FDBK05162,EMP0359,2025-10-24,3,0,Complaint Resolution
FDBK05163,EMP0236,2026-06-24,4,0,Complaint Resolution
FDBK05164,EMP0020,2025-10-04,4,1,Product Satisfaction
FDBK05165,EMP0361,2026-05-15,3,2,Staff Behaviour
FDBK05166,EMP0089,2026-09-21,3,0,Digital Banking
FDBK05167,EMP0267,2026-06-14,3,0,Staff Behaviour
FDBK05168,EMP0432,2025-11-23,3,0,Complaint Resolution
FDBK05169,EMP0198,2026-02-17,4,0,Digital Banking
FDBK05170,EMP0008,2025-12-15,5,0,Complaint Resolution
FDBK05171,EMP0358,2026-01-26,5,0,Service Quality
FDBK05172,EMP0495,2026-06-07,4,0,Digital Banking
FDBK05173,EMP0160,2025-11-27,5,1,Service Quality
FDBK05174,EMP0005,2026-05-05,4,0,Complaint Resolution
FDBK05175,EMP0088,2026-08-20,5,0,Complaint Resolution
FDBK05176,EMP0279,2026-07-21,4,0,Complaint Resolution
FDBK05177,EMP0236,2026-09-22,4,0,Service Quality
FDBK05178,EMP0461,2026-03-14,2,0,Complaint Resolution
FDBK05179,EMP0477,2025-12-03,2,1,Digital Banking
FDBK05180,EMP0099,2026-07-24,5,0,Digital Banking
FDBK05181,EMP0188,2026-06-22,4,1,Product Satisfaction
FDBK05182,EMP0182,2025-12-27,3,0,Service Quality
FDBK05183,EMP0190,2026-09-09,4,0,Complaint Resolution
FDBK05184,EMP0275,2026-01-20,5,1,Staff Behaviour
FDBK05185,EMP0447,2026-02-02,2,1,Product Satisfaction
FDBK05186,EMP0367,2026-01-09,3,1,Complaint Resolution
FDBK05187,EMP0122,2026-03-21,4,0,Complaint Resolution
FDBK05188,EMP0081,2026-07-20,5,0,Service Quality
FDBK05189,EMP0295,2025-10-23,3,1,Service Quality
FDBK05190,EMP0022,2026-06-14,5,0,Digital Banking
FDBK05191,EMP0020,2026-05-09,4,0,Staff Behaviour
FDBK05192,EMP0134,2026-04-22,4,0,Product Satisfaction
FDBK05193,EMP0151,2026-04-15,5,0,Complaint Resolution
FDBK05194,EMP0145,2026-02-25,4,1,Digital Banking
FDBK05195,EMP0393,2026-08-27,5,0,Staff Behaviour
FDBK05196,EMP0029,2025-11-15,3,0,Digital Banking
FDBK05197,EMP0358,2026-07-21,5,1,Complaint Resolution
FDBK05198,EMP0442,2025-12-03,1,0,Service Quality
FDBK05199,EMP0365,2026-03-13,3,2,Staff Behaviour
FDBK05200,EMP0438,2025-11-08,4,0,Service Quality
FDBK05201,EMP0055,2025-10-19,5,0,Staff Behaviour
FDBK05202,EMP0106,2026-08-19,4,1,Staff Behaviour
FDBK05203,EMP0279,2026-09-21,5,0,Service Quality
FDBK05204,EMP0360,2026-08-22,4,0,Product Satisfaction
FDBK05205,EMP0192,2026-02-15,4,1,Service Quality
FDBK05206,EMP0136,2026-02-20,5,0,Service Quality
FDBK05207,EMP0392,2026-08-03,5,0,Complaint Resolution
FDBK05208,EMP0427,2026-06-28,5,1,Product Satisfaction
FDBK05209,EMP0464,2026-08-10,5,1,Staff Behaviour
FDBK05210,EMP0146,2026-04-19,2,0,Service Quality
FDBK05211,EMP0280,2026-08-01,4,0,Service Quality
FDBK05212,EMP0348,2025-12-11,4,0,Staff Behaviour
FDBK05213,EMP0422,2026-04-25,5,1,Product Satisfaction
FDBK05214,EMP0115,2026-05-10,4,3,Complaint Resolution
FDBK05215,EMP0243,2026-07-03,5,0,Service Quality
FDBK05216,EMP0341,2026-01-26,2,0,Staff Behaviour
FDBK05217,EMP0252,2025-11-05,4,0,Staff Behaviour
FDBK05218,EMP0168,2026-09-21,5,0,Product Satisfaction
FDBK05219,EMP0189,2026-05-01,3,0,Product Satisfaction
FDBK05220,EMP0160,2026-07-25,1,0,Digital Banking
FDBK05221,EMP0194,2026-09-16,4,1,Digital Banking
FDBK05222,EMP0301,2025-12-07,4,1,Complaint Resolution
FDBK05223,EMP0399,2026-02-22,5,0,Digital Banking
FDBK05224,EMP0425,2026-09-07,2,0,Staff Behaviour
FDBK05225,EMP0010,2026-03-03,4,0,Product Satisfaction
FDBK05226,EMP0075,2026-01-09,4,1,Staff Behaviour
FDBK05227,EMP0107,2025-12-26,1,1,Staff Behaviour
FDBK05228,EMP0155,2026-09-07,3,0,Service Quality
FDBK05229,EMP0195,2026-06-27,5,2,Product Satisfaction
FDBK05230,EMP0386,2026-02-26,4,1,Complaint Resolution
FDBK05231,EMP0405,2025-11-15,5,0,Service Quality
FDBK05232,EMP0409,2026-05-16,5,0,Complaint Resolution
FDBK05233,EMP0464,2026-03-11,5,0,Product Satisfaction
FDBK05234,EMP0235,2026-05-15,5,2,Staff Behaviour
FDBK05235,EMP0367,2026-03-10,5,0,Staff Behaviour
FDBK05236,EMP0455,2026-06-07,5,1,Complaint Resolution
FDBK05237,EMP0011,2025-11-02,2,1,Complaint Resolution
FDBK05238,EMP0273,2025-12-16,4,0,Complaint Resolution
FDBK05239,EMP0279,2025-12-10,4,0,Product Satisfaction
FDBK05240,EMP0307,2026-08-08,5,0,Complaint Resolution
FDBK05241,EMP0400,2026-07-19,4,1,Product Satisfaction
FDBK05242,EMP0288,2026-04-22,1,0,Complaint Resolution
FDBK05243,EMP0001,2026-02-14,4,0,Complaint Resolution
FDBK05244,EMP0083,2026-01-19,2,1,Complaint Resolution
FDBK05245,EMP0046,2026-05-25,5,1,Digital Banking
FDBK05246,EMP0169,2026-02-06,1,0,Staff Behaviour
FDBK05247,EMP0377,2026-06-21,4,1,Digital Banking
FDBK05248,EMP0493,2026-03-20,5,0,Product Satisfaction
FDBK05249,EMP0343,2026-06-08,5,0,Staff Behaviour
FDBK05250,EMP0424,2026-04-01,4,0,Staff Behaviour
FDBK05251,EMP0202,2026-05-03,4,0,Product Satisfaction
FDBK05252,EMP0449,2025-12-05,4,0,Product Satisfaction
FDBK05253,EMP0123,2026-06-25,5,1,Staff Behaviour
FDBK05254,EMP0337,2026-02-01,5,0,Digital Banking
FDBK05255,EMP0067,2026-03-22,4,0,Staff Behaviour
FDBK05256,EMP0350,2026-01-02,3,0,Staff Behaviour
FDBK05257,EMP0275,2026-05-26,4,3,Digital Banking
FDBK05258,EMP0091,2025-11-01,5,0,Complaint Resolution
FDBK05259,EMP0139,2025-12-25,3,0,Complaint Resolution
FDBK05260,EMP0213,2026-01-25,5,0,Service Quality
FDBK05261,EMP0132,2026-07-11,2,1,Product Satisfaction
FDBK05262,EMP0244,2025-10-09,5,0,Digital Banking
FDBK05263,EMP0042,2026-06-10,4,0,Staff Behaviour
FDBK05264,EMP0141,2025-10-13,4,0,Product Satisfaction
FDBK05265,EMP0396,2025-12-22,4,0,Complaint Resolution
FDBK05266,EMP0025,2025-12-22,3,0,Product Satisfaction
FDBK05267,EMP0259,2026-02-11,4,0,Digital Banking
FDBK05268,EMP0244,2026-01-01,5,1,Digital Banking
FDBK05269,EMP0187,2026-06-13,4,0,Service Quality
FDBK05270,EMP0287,2026-02-19,3,1,Product Satisfaction
FDBK05271,EMP0424,2026-05-06,3,0,Service Quality
FDBK05272,EMP0268,2026-01-07,5,2,Staff Behaviour
FDBK05273,EMP0333,2026-02-04,3,0,Digital Banking
FDBK05274,EMP0191,2026-01-26,4,1,Product Satisfaction
FDBK05275,EMP0313,2026-02-28,5,0,Product Satisfaction
FDBK05276,EMP0072,2025-10-16,5,0,Staff Behaviour
FDBK05277,EMP0099,2025-11-25,5,0,Product Satisfaction
FDBK05278,EMP0235,2026-07-03,3,0,Service Quality
FDBK05279,EMP0262,2026-07-18,5,0,Service Quality
FDBK05280,EMP0168,2026-01-19,4,1,Digital Banking
FDBK05281,EMP0005,2026-09-15,5,0,Complaint Resolution
FDBK05282,EMP0354,2026-03-28,5,0,Staff Behaviour
FDBK05283,EMP0167,2025-12-12,4,0,Digital Banking
FDBK05284,EMP0380,2026-06-27,5,0,Product Satisfaction
FDBK05285,EMP0090,2026-06-12,4,0,Service Quality
FDBK05286,EMP0348,2026-05-15,4,0,Staff Behaviour
FDBK05287,EMP0228,2025-10-13,4,0,Service Quality
FDBK05288,EMP0389,2026-09-10,3,1,Service Quality
FDBK05289,EMP0150,2026-05-21,3,0,Product Satisfaction
FDBK05290,EMP0270,2025-11-01,3,0,Digital Banking
FDBK05291,EMP0281,2026-06-20,5,0,Staff Behaviour
FDBK05292,EMP0254,2025-10-17,5,0,Product Satisfaction
FDBK05293,EMP0466,2026-06-07,5,0,Service Quality
FDBK05294,EMP0173,2026-09-20,5,0,Staff Behaviour
FDBK05295,EMP0263,2025-12-24,3,0,Complaint Resolution
FDBK05296,EMP0168,2026-09-25,4,2,Service Quality
FDBK05297,EMP0151,2026-04-03,5,0,Complaint Resolution
FDBK05298,EMP0352,2026-06-20,4,0,Product Satisfaction
FDBK05299,EMP0197,2025-11-06,4,1,Digital Banking
FDBK05300,EMP0204,2025-10-24,5,1,Product Satisfaction
FDBK05301,EMP0217,2025-10-17,5,0,Staff Behaviour
FDBK05302,EMP0486,2025-12-06,3,1,Digital Banking
FDBK05303,EMP0006,2026-05-28,4,1,Complaint Resolution
FDBK05304,EMP0166,2025-12-22,5,0,Digital Banking
FDBK05305,EMP0304,2026-09-18,1,0,Digital Banking
FDBK05306,EMP0379,2026-06-15,4,0,Product Satisfaction
FDBK05307,EMP0376,2026-03-12,4,0,Staff Behaviour
FDBK05308,EMP0034,2026-06-20,1,0,Product Satisfaction
FDBK05309,EMP0418,2026-01-24,5,0,Staff Behaviour
FDBK05310,EMP0446,2026-01-18,2,0,Staff Behaviour
FDBK05311,EMP0302,2026-01-14,3,0,Service Quality
FDBK05312,EMP0198,2026-05-28,3,0,Digital Banking
FDBK05313,EMP0228,2026-08-16,3,1,Product Satisfaction
FDBK05314,EMP0012,2026-09-03,5,3,Digital Banking
FDBK05315,EMP0500,2025-10-26,4,0,Staff Behaviour
FDBK05316,EMP0028,2026-04-23,3,0,Staff Behaviour
FDBK05317,EMP0489,2026-03-23,5,0,Service Quality
FDBK05318,EMP0397,2026-07-26,4,0,Digital Banking
FDBK05319,EMP0019,2025-11-25,4,1,Staff Behaviour
FDBK05320,EMP0326,2026-03-23,3,1,Product Satisfaction
FDBK05321,EMP0108,2026-06-18,4,0,Service Quality
FDBK05322,EMP0006,2026-06-09,4,0,Service Quality
FDBK05323,EMP0123,2026-03-24,4,0,Staff Behaviour
FDBK05324,EMP0260,2026-08-03,3,1,Service Quality
FDBK05325,EMP0289,2026-03-05,4,0,Staff Behaviour
FDBK05326,EMP0033,2025-12-23,3,1,Digital Banking
FDBK05327,EMP0458,2025-11-04,5,0,Product Satisfaction
FDBK05328,EMP0276,2026-02-25,5,1,Digital Banking
FDBK05329,EMP0167,2026-04-18,4,1,Service Quality
FDBK05330,EMP0273,2025-12-15,4,1,Product Satisfaction
FDBK05331,EMP0336,2026-09-26,5,0,Complaint Resolution
FDBK05332,EMP0366,2026-06-17,4,1,Service Quality
FDBK05333,EMP0324,2026-04-19,4,0,Staff Behaviour
FDBK05334,EMP0096,2026-06-26,5,0,Complaint Resolution
FDBK05335,EMP0358,2026-05-15,4,0,Digital Banking
FDBK05336,EMP0296,2025-10-21,3,1,Staff Behaviour
FDBK05337,EMP0349,2026-02-18,4,0,Product Satisfaction
FDBK05338,EMP0201,2026-06-05,5,1,Complaint Resolution
FDBK05339,EMP0334,2026-03-16,3,0,Digital Banking
FDBK05340,EMP0489,2026-03-16,4,1,Digital Banking
FDBK05341,EMP0318,2026-07-16,5,0,Digital Banking
FDBK05342,EMP0073,2026-08-09,5,0,Service Quality
FDBK05343,EMP0283,2026-05-23,4,1,Product Satisfaction
FDBK05344,EMP0058,2026-02-16,4,1,Digital Banking
FDBK05345,EMP0112,2026-03-16,5,1,Digital Banking
FDBK05346,EMP0031,2026-01-21,5,0,Complaint Resolution
FDBK05347,EMP0220,2026-07-06,5,0,Digital Banking
FDBK05348,EMP0464,2026-04-28,4,1,Product Satisfaction
FDBK05349,EMP0081,2025-12-04,5,0,Product Satisfaction
FDBK05350,EMP0421,2025-11-17,4,0,Staff Behaviour
FDBK05351,EMP0007,2026-06-07,3,2,Digital Banking
FDBK05352,EMP0417,2026-06-18,3,0,Digital Banking
FDBK05353,EMP0327,2026-03-24,4,0,Staff Behaviour
FDBK05354,EMP0026,2026-05-26,5,0,Digital Banking
FDBK05355,EMP0298,2026-09-03,5,0,Digital Banking
FDBK05356,EMP0176,2026-04-26,4,2,Digital Banking
FDBK05357,EMP0117,2025-10-22,4,0,Staff Behaviour
FDBK05358,EMP0467,2026-02-01,4,1,Complaint Resolution
FDBK05359,EMP0337,2025-10-28,3,0,Staff Behaviour
FDBK05360,EMP0343,2026-05-08,4,0,Service Quality
FDBK05361,EMP0125,2026-07-10,4,0,Product Satisfaction
FDBK05362,EMP0219,2026-03-03,2,0,Staff Behaviour
FDBK05363,EMP0019,2026-07-26,4,0,Service Quality
FDBK05364,EMP0084,2025-11-04,5,0,Staff Behaviour
FDBK05365,EMP0295,2026-07-16,2,1,Product Satisfaction
FDBK05366,EMP0199,2026-01-13,4,2,Product Satisfaction
FDBK05367,EMP0359,2026-09-09,4,3,Digital Banking
FDBK05368,EMP0070,2025-12-10,4,1,Staff Behaviour
FDBK05369,EMP0407,2026-07-17,4,0,Digital Banking
FDBK05370,EMP0256,2026-03-09,5,1,Complaint Resolution
FDBK05371,EMP0051,2025-12-28,5,0,Digital Banking
FDBK05372,EMP0354,2026-03-26,5,0,Service Quality
FDBK05373,EMP0253,2026-06-27,5,0,Service Quality
FDBK05374,EMP0086,2025-10-26,5,0,Product Satisfaction
FDBK05375,EMP0383,2026-04-12,4,0,Complaint Resolution
FDBK05376,EMP0126,2026-03-28,4,0,Digital Banking
FDBK05377,EMP0402,2026-05-07,3,0,Product Satisfaction
FDBK05378,EMP0146,2026-04-08,4,0,Digital Banking
FDBK05379,EMP0459,2026-08-14,4,0,Complaint Resolution
FDBK05380,EMP0239,2025-11-15,5,0,Product Satisfaction
FDBK05381,EMP0295,2026-01-25,4,0,Product Satisfaction
FDBK05382,EMP0109,2026-04-23,4,1,Digital Banking
FDBK05383,EMP0059,2025-10-07,4,2,Staff Behaviour
FDBK05384,EMP0384,2025-10-13,4,0,Service Quality
FDBK05385,EMP0092,2026-02-24,3,1,Digital Banking
FDBK05386,EMP0246,2026-09-13,4,0,Product Satisfaction
FDBK05387,EMP0406,2026-02-24,4,1,Digital Banking
FDBK05388,EMP0284,2026-06-28,4,0,Digital Banking
FDBK05389,EMP0105,2026-05-16,3,0,Digital Banking
FDBK05390,EMP0492,2026-08-14,4,0,Complaint Resolution
FDBK05391,EMP0283,2026-05-24,1,0,Digital Banking
FDBK05392,EMP0200,2026-06-06,5,0,Product Satisfaction
FDBK05393,EMP0378,2026-01-18,4,0,Product Satisfaction
FDBK05394,EMP0172,2026-01-16,4,0,Staff Behaviour
FDBK05395,EMP0469,2026-02-18,4,0,Digital Banking
FDBK05396,EMP0101,2026-01-23,4,1,Product Satisfaction
FDBK05397,EMP0452,2026-07-10,5,1,Product Satisfaction
FDBK05398,EMP0374,2026-06-18,5,0,Digital Banking
FDBK05399,EMP0494,2026-04-18,5,0,Service Quality
FDBK05400,EMP0375,2025-12-15,2,3,Staff Behaviour
FDBK05401,EMP0188,2026-02-03,4,3,Service Quality
FDBK05402,EMP0336,2026-03-18,4,0,Complaint Resolution
FDBK05403,EMP0176,2026-01-26,5,1,Staff Behaviour
FDBK05404,EMP0287,2026-04-22,5,1,Service Quality
FDBK05405,EMP0489,2026-03-12,5,0,Product Satisfaction
FDBK05406,EMP0395,2026-02-06,5,0,Product Satisfaction
FDBK05407,EMP0287,2026-08-16,2,2,Service Quality
FDBK05408,EMP0320,2026-05-15,5,1,Staff Behaviour
FDBK05409,EMP0277,2026-04-24,1,0,Product Satisfaction
FDBK05410,EMP0247,2026-07-23,5,0,Staff Behaviour
FDBK05411,EMP0100,2026-01-28,5,1,Service Quality
FDBK05412,EMP0140,2026-04-16,5,3,Product Satisfaction
FDBK05413,EMP0447,2026-04-12,3,1,Product Satisfaction
FDBK05414,EMP0424,2026-04-02,5,0,Digital Banking
FDBK05415,EMP0201,2026-09-23,4,0,Digital Banking
FDBK05416,EMP0178,2026-07-09,3,0,Complaint Resolution
FDBK05417,EMP0037,2026-05-15,2,1,Service Quality
FDBK05418,EMP0422,2026-05-07,4,1,Digital Banking
FDBK05419,EMP0487,2026-07-11,4,0,Product Satisfaction
FDBK05420,EMP0134,2026-06-08,4,1,Digital Banking
FDBK05421,EMP0331,2026-04-08,5,2,Digital Banking
FDBK05422,EMP0040,2026-05-08,5,0,Staff Behaviour
FDBK05423,EMP0087,2026-07-17,5,0,Product Satisfaction
FDBK05424,EMP0119,2026-03-10,4,1,Service Quality
FDBK05425,EMP0467,2026-07-19,4,0,Complaint Resolution
FDBK05426,EMP0343,2026-02-11,4,0,Staff Behaviour
FDBK05427,EMP0154,2026-02-23,4,0,Product Satisfaction
FDBK05428,EMP0230,2026-05-16,5,0,Staff Behaviour
FDBK05429,EMP0411,2026-09-19,4,1,Digital Banking
FDBK05430,EMP0184,2026-01-06,5,0,Service Quality
FDBK05431,EMP0258,2025-12-19,2,0,Product Satisfaction
FDBK05432,EMP0018,2026-02-08,5,0,Product Satisfaction
FDBK05433,EMP0016,2025-11-02,4,0,Digital Banking
FDBK05434,EMP0254,2026-06-14,4,0,Staff Behaviour
FDBK05435,EMP0203,2026-07-12,5,0,Product Satisfaction
FDBK05436,EMP0484,2026-04-11,1,0,Product Satisfaction
FDBK05437,EMP0177,2026-02-17,5,1,Staff Behaviour
FDBK05438,EMP0305,2026-02-01,3,0,Staff Behaviour
FDBK05439,EMP0387,2026-01-10,4,0,Complaint Resolution
FDBK05440,EMP0257,2025-10-08,4,1,Service Quality
FDBK05441,EMP0437,2025-12-13,2,0,Product Satisfaction
FDBK05442,EMP0248,2026-07-12,4,1,Service Quality
FDBK05443,EMP0108,2026-04-14,3,0,Complaint Resolution
FDBK05444,EMP0249,2026-02-05,5,3,Service Quality
FDBK05445,EMP0272,2026-09-01,5,0,Digital Banking
FDBK05446,EMP0460,2026-08-24,2,1,Product Satisfaction
FDBK05447,EMP0485,2026-09-22,5,1,Staff Behaviour
FDBK05448,EMP0065,2026-02-23,5,1,Digital Banking
FDBK05449,EMP0174,2026-07-13,4,1,Complaint Resolution
FDBK05450,EMP0003,2026-09-07,4,2,Service Quality
FDBK05451,EMP0239,2026-08-05,4,0,Digital Banking
FDBK05452,EMP0440,2026-01-05,5,0,Product Satisfaction
FDBK05453,EMP0154,2026-08-09,5,0,Complaint Resolution
FDBK05454,EMP0118,2026-07-06,5,2,Complaint Resolution
FDBK05455,EMP0130,2025-10-11,3,0,Digital Banking
FDBK05456,EMP0298,2026-05-13,4,0,Product Satisfaction
FDBK05457,EMP0222,2026-08-28,3,0,Digital Banking
FDBK05458,EMP0463,2026-08-16,3,0,Digital Banking
FDBK05459,EMP0350,2026-05-10,4,0,Complaint Resolution
FDBK05460,EMP0380,2026-08-19,4,0,Complaint Resolution
FDBK05461,EMP0175,2026-03-18,4,0,Complaint Resolution
FDBK05462,EMP0325,2026-06-24,4,0,Service Quality
FDBK05463,EMP0141,2025-12-09,4,0,Staff Behaviour
FDBK05464,EMP0452,2026-05-10,3,1,Complaint Resolution
FDBK05465,EMP0358,2025-10-24,3,0,Digital Banking
FDBK05466,EMP0391,2026-09-13,3,0,Complaint Resolution
FDBK05467,EMP0079,2025-10-21,4,0,Digital Banking
FDBK05468,EMP0086,2026-09-28,2,0,Product Satisfaction
FDBK05469,EMP0294,2025-11-22,5,0,Staff Behaviour
FDBK05470,EMP0422,2026-09-17,3,0,Complaint Resolution
FDBK05471,EMP0464,2025-10-03,2,1,Service Quality
FDBK05472,EMP0388,2026-09-16,2,0,Service Quality
FDBK05473,EMP0386,2026-02-04,5,0,Staff Behaviour
FDBK05474,EMP0410,2025-12-01,5,1,Complaint Resolution
FDBK05475,EMP0351,2025-10-10,5,0,Service Quality
FDBK05476,EMP0146,2026-03-16,5,0,Complaint Resolution
FDBK05477,EMP0134,2026-09-20,3,0,Product Satisfaction
FDBK05478,EMP0424,2026-06-17,4,0,Staff Behaviour
FDBK05479,EMP0045,2026-02-20,4,1,Product Satisfaction
FDBK05480,EMP0351,2026-01-21,5,0,Digital Banking
FDBK05481,EMP0116,2026-01-18,3,1,Staff Behaviour
FDBK05482,EMP0088,2026-07-19,3,0,Product Satisfaction
FDBK05483,EMP0417,2026-07-09,3,1,Product Satisfaction
FDBK05484,EMP0342,2026-08-25,5,1,Digital Banking
FDBK05485,EMP0211,2026-02-09,5,1,Staff Behaviour
FDBK05486,EMP0072,2026-05-25,4,1,Staff Behaviour
FDBK05487,EMP0275,2026-09-02,5,2,Product Satisfaction
FDBK05488,EMP0432,2026-07-13,4,0,Staff Behaviour
FDBK05489,EMP0397,2026-08-09,2,0,Digital Banking
FDBK05490,EMP0293,2025-10-02,1,3,Complaint Resolution
FDBK05491,EMP0401,2026-05-17,3,0,Digital Banking
FDBK05492,EMP0472,2026-07-17,4,0,Complaint Resolution
FDBK05493,EMP0442,2026-06-03,5,0,Service Quality
FDBK05494,EMP0020,2026-07-05,3,0,Staff Behaviour
FDBK05495,EMP0082,2026-08-17,4,1,Service Quality
FDBK05496,EMP0305,2026-06-11,5,0,Product Satisfaction
FDBK05497,EMP0387,2025-11-16,5,1,Complaint Resolution
FDBK05498,EMP0017,2025-11-19,5,0,Service Quality
FDBK05499,EMP0338,2026-09-28,3,0,Digital Banking
FDBK05500,EMP0241,2026-07-02,5,0,Staff Behaviour
FDBK05501,EMP0362,2026-01-06,3,0,Service Quality
FDBK05502,EMP0285,2026-07-16,5,1,Product Satisfaction
FDBK05503,EMP0421,2025-12-20,5,0,Staff Behaviour
FDBK05504,EMP0495,2026-06-19,3,3,Complaint Resolution
FDBK05505,EMP0172,2026-09-14,4,0,Service Quality
FDBK05506,EMP0284,2025-12-24,5,0,Service Quality
FDBK05507,EMP0030,2026-05-06,5,3,Digital Banking
FDBK05508,EMP0305,2025-10-10,4,0,Product Satisfaction
FDBK05509,EMP0230,2026-09-20,5,0,Service Quality
FDBK05510,EMP0379,2026-01-10,3,0,Complaint Resolution
FDBK05511,EMP0211,2026-09-13,2,0,Product Satisfaction
FDBK05512,EMP0374,2026-03-21,4,0,Digital Banking
FDBK05513,EMP0414,2026-09-26,5,0,Staff Behaviour
FDBK05514,EMP0376,2025-11-15,4,1,Complaint Resolution
FDBK05515,EMP0132,2026-05-10,3,0,Digital Banking
FDBK05516,EMP0413,2025-12-04,5,0,Digital Banking
FDBK05517,EMP0463,2026-05-27,4,0,Digital Banking
FDBK05518,EMP0427,2026-06-03,5,0,Staff Behaviour
FDBK05519,EMP0023,2026-02-16,4,0,Product Satisfaction
FDBK05520,EMP0098,2025-11-24,5,0,Digital Banking
FDBK05521,EMP0418,2026-09-10,1,1,Service Quality
FDBK05522,EMP0483,2026-07-02,3,0,Complaint Resolution
FDBK05523,EMP0292,2026-01-07,3,0,Service Quality
FDBK05524,EMP0182,2026-09-11,4,0,Complaint Resolution
FDBK05525,EMP0075,2025-11-08,5,0,Product Satisfaction
FDBK05526,EMP0189,2026-05-09,4,0,Product Satisfaction
FDBK05527,EMP0456,2026-05-01,5,0,Product Satisfaction
FDBK05528,EMP0382,2025-11-08,3,2,Service Quality
FDBK05529,EMP0229,2025-11-11,5,0,Service Quality
FDBK05530,EMP0156,2026-05-12,4,0,Staff Behaviour
FDBK05531,EMP0249,2026-06-22,3,0,Complaint Resolution
FDBK05532,EMP0451,2026-01-16,5,0,Digital Banking
FDBK05533,EMP0281,2026-01-20,4,0,Product Satisfaction
FDBK05534,EMP0017,2025-12-13,4,2,Complaint Resolution
FDBK05535,EMP0051,2025-12-24,4,0,Digital Banking
FDBK05536,EMP0439,2026-07-21,5,0,Service Quality
FDBK05537,EMP0080,2026-08-22,5,0,Staff Behaviour
FDBK05538,EMP0157,2026-07-08,4,0,Complaint Resolution
FDBK05539,EMP0412,2025-10-25,4,2,Complaint Resolution
FDBK05540,EMP0384,2026-05-13,1,0,Service Quality
FDBK05541,EMP0221,2026-01-22,3,1,Complaint Resolution
FDBK05542,EMP0143,2026-09-08,4,0,Staff Behaviour
FDBK05543,EMP0381,2026-06-25,5,0,Service Quality
FDBK05544,EMP0077,2025-11-25,3,1,Service Quality
FDBK05545,EMP0062,2026-08-02,4,0,Complaint Resolution
FDBK05546,EMP0181,2026-07-24,3,2,Digital Banking
FDBK05547,EMP0193,2026-07-15,5,1,Staff Behaviour
FDBK05548,EMP0490,2025-12-01,4,0,Digital Banking
FDBK05549,EMP0178,2026-05-11,4,0,Staff Behaviour
FDBK05550,EMP0294,2026-06-15,2,0,Product Satisfaction
FDBK05551,EMP0330,2026-02-21,5,0,Staff Behaviour
FDBK05552,EMP0204,2026-09-06,3,1,Product Satisfaction
FDBK05553,EMP0362,2025-10-14,3,0,Complaint Resolution
FDBK05554,EMP0031,2026-07-27,4,0,Service Quality
FDBK05555,EMP0493,2026-03-21,5,1,Service Quality
FDBK05556,EMP0447,2026-04-17,5,0,Product Satisfaction
FDBK05557,EMP0211,2026-04-04,4,0,Complaint Resolution
FDBK05558,EMP0055,2026-04-26,5,1,Service Quality
FDBK05559,EMP0463,2025-12-27,3,1,Digital Banking
FDBK05560,EMP0217,2025-11-02,5,0,Product Satisfaction
FDBK05561,EMP0398,2026-09-05,4,0,Product Satisfaction
FDBK05562,EMP0381,2026-09-07,2,0,Staff Behaviour
FDBK05563,EMP0403,2026-08-04,3,0,Service Quality
FDBK05564,EMP0423,2025-11-22,5,0,Product Satisfaction
FDBK05565,EMP0219,2026-08-13,4,0,Product Satisfaction
FDBK05566,EMP0223,2026-01-13,5,3,Product Satisfaction
FDBK05567,EMP0381,2026-09-21,5,2,Product Satisfaction
FDBK05568,EMP0003,2025-11-17,5,0,Product Satisfaction
FDBK05569,EMP0093,2026-09-20,3,2,Staff Behaviour
FDBK05570,EMP0314,2026-09-15,3,1,Service Quality
FDBK05571,EMP0276,2026-05-11,2,0,Digital Banking
FDBK05572,EMP0037,2025-11-01,5,1,Digital Banking
FDBK05573,EMP0410,2026-04-25,3,1,Staff Behaviour
FDBK05574,EMP0475,2025-10-15,4,0,Service Quality
FDBK05575,EMP0487,2026-08-02,3,1,Digital Banking
FDBK05576,EMP0132,2026-02-12,2,0,Product Satisfaction
FDBK05577,EMP0472,2025-11-12,5,0,Staff Behaviour
FDBK05578,EMP0435,2026-05-14,3,2,Digital Banking
FDBK05579,EMP0496,2026-04-14,2,0,Product Satisfaction
FDBK05580,EMP0320,2025-12-14,5,1,Service Quality
FDBK05581,EMP0304,2025-10-10,5,3,Complaint Resolution
FDBK05582,EMP0491,2026-03-28,4,0,Staff Behaviour
FDBK05583,EMP0456,2025-12-19,4,0,Complaint Resolution
FDBK05584,EMP0172,2025-12-14,3,0,Digital Banking
FDBK05585,EMP0146,2026-07-06,3,0,Complaint Resolution
FDBK05586,EMP0375,2026-04-27,2,0,Staff Behaviour
FDBK05587,EMP0485,2026-02-27,5,1,Product Satisfaction
FDBK05588,EMP0058,2026-07-08,3,1,Staff Behaviour
FDBK05589,EMP0466,2025-11-05,5,0,Product Satisfaction
FDBK05590,EMP0152,2026-08-13,4,0,Service Quality
FDBK05591,EMP0448,2026-08-11,4,0,Product Satisfaction
FDBK05592,EMP0285,2026-02-03,5,2,Product Satisfaction
FDBK05593,EMP0417,2025-11-18,5,2,Digital Banking
FDBK05594,EMP0189,2025-10-22,5,0,Complaint Resolution
FDBK05595,EMP0094,2026-04-23,4,1,Service Quality
FDBK05596,EMP0021,2025-11-27,4,1,Staff Behaviour
FDBK05597,EMP0021,2026-03-18,5,0,Digital Banking
FDBK05598,EMP0336,2025-12-18,1,0,Product Satisfaction
FDBK05599,EMP0097,2026-06-18,1,0,Digital Banking
FDBK05600,EMP0080,2026-08-02,3,0,Digital Banking
FDBK05601,EMP0197,2026-09-22,4,1,Staff Behaviour
FDBK05602,EMP0016,2026-04-15,5,1,Product Satisfaction
FDBK05603,EMP0265,2026-09-11,5,0,Staff Behaviour
FDBK05604,EMP0104,2026-09-27,3,0,Staff Behaviour
FDBK05605,EMP0332,2026-08-07,3,1,Staff Behaviour
FDBK05606,EMP0102,2026-01-14,5,0,Product Satisfaction
FDBK05607,EMP0199,2025-12-10,1,0,Staff Behaviour
FDBK05608,EMP0444,2026-01-19,4,0,Service Quality
FDBK05609,EMP0248,2026-05-09,4,0,Staff Behaviour
FDBK05610,EMP0494,2026-05-15,1,0,Product Satisfaction
FDBK05611,EMP0295,2026-08-11,5,0,Digital Banking
FDBK05612,EMP0351,2026-05-01,5,2,Product Satisfaction
FDBK05613,EMP0162,2026-01-09,2,1,Service Quality
FDBK05614,EMP0257,2026-07-15,2,0,Staff Behaviour
FDBK05615,EMP0241,2025-10-23,3,1,Staff Behaviour
FDBK05616,EMP0226,2026-01-13,3,1,Service Quality
FDBK05617,EMP0431,2025-12-02,2,0,Service Quality
FDBK05618,EMP0175,2026-02-22,5,2,Product Satisfaction
FDBK05619,EMP0312,2026-07-25,3,0,Product Satisfaction
FDBK05620,EMP0438,2026-06-13,5,1,Complaint Resolution
FDBK05621,EMP0338,2026-04-14,5,0,Staff Behaviour
FDBK05622,EMP0138,2026-08-10,4,0,Service Quality
FDBK05623,EMP0009,2026-04-11,2,0,Product Satisfaction
FDBK05624,EMP0370,2026-02-22,5,1,Product Satisfaction
FDBK05625,EMP0343,2026-01-02,4,1,Complaint Resolution
FDBK05626,EMP0154,2026-08-15,4,0,Digital Banking
FDBK05627,EMP0431,2025-11-07,4,1,Complaint Resolution
FDBK05628,EMP0220,2026-05-04,4,1,Product Satisfaction
FDBK05629,EMP0443,2026-09-26,3,0,Digital Banking
FDBK05630,EMP0002,2026-02-18,3,2,Service Quality
FDBK05631,EMP0387,2026-02-10,5,1,Product Satisfaction
FDBK05632,EMP0247,2026-04-10,5,0,Staff Behaviour
FDBK05633,EMP0273,2025-10-01,4,0,Product Satisfaction
FDBK05634,EMP0117,2026-06-21,5,0,Product Satisfaction
FDBK05635,EMP0466,2025-11-27,4,0,Staff Behaviour
FDBK05636,EMP0239,2026-02-26,5,0,Digital Banking
FDBK05637,EMP0239,2026-06-12,4,1,Service Quality
FDBK05638,EMP0400,2026-08-05,5,0,Complaint Resolution
FDBK05639,EMP0041,2026-09-14,5,1,Digital Banking
FDBK05640,EMP0324,2025-11-12,3,2,Service Quality
FDBK05641,EMP0421,2026-03-12,5,0,Complaint Resolution
FDBK05642,EMP0469,2025-12-07,4,0,Complaint Resolution
FDBK05643,EMP0312,2026-07-03,5,0,Product Satisfaction
FDBK05644,EMP0202,2026-08-09,5,2,Staff Behaviour
FDBK05645,EMP0060,2026-09-19,5,0,Digital Banking
FDBK05646,EMP0200,2026-01-19,3,1,Complaint Resolution
FDBK05647,EMP0422,2025-12-03,4,1,Service Quality
FDBK05648,EMP0281,2026-09-12,5,0,Complaint Resolution
FDBK05649,EMP0194,2026-09-16,3,2,Staff Behaviour
FDBK05650,EMP0460,2026-08-13,4,1,Service Quality
FDBK05651,EMP0322,2026-03-19,1,0,Digital Banking
FDBK05652,EMP0198,2026-08-23,3,0,Complaint Resolution
FDBK05653,EMP0455,2026-08-15,3,0,Staff Behaviour
FDBK05654,EMP0404,2026-02-18,3,0,Service Quality
FDBK05655,EMP0245,2026-07-24,4,1,Complaint Resolution
FDBK05656,EMP0053,2026-04-18,3,2,Digital Banking
FDBK05657,EMP0400,2026-07-03,4,0,Service Quality
FDBK05658,EMP0428,2025-12-12,3,1,Product Satisfaction
FDBK05659,EMP0090,2026-07-20,2,1,Digital Banking
FDBK05660,EMP0322,2025-10-13,5,0,Product Satisfaction
FDBK05661,EMP0182,2026-01-03,5,0,Product Satisfaction
FDBK05662,EMP0433,2025-12-19,4,0,Product Satisfaction
FDBK05663,EMP0321,2026-08-18,3,0,Product Satisfaction
FDBK05664,EMP0495,2026-01-18,4,0,Complaint Resolution
FDBK05665,EMP0168,2025-11-04,4,0,Digital Banking
FDBK05666,EMP0251,2026-03-21,5,0,Digital Banking
FDBK05667,EMP0188,2026-08-03,3,1,Staff Behaviour
FDBK05668,EMP0232,2026-04-28,5,0,Product Satisfaction
FDBK05669,EMP0043,2026-07-10,5,0,Staff Behaviour
FDBK05670,EMP0323,2026-02-13,3,1,Digital Banking
FDBK05671,EMP0118,2025-12-26,3,1,Product Satisfaction
FDBK05672,EMP0134,2026-09-17,4,0,Digital Banking
FDBK05673,EMP0264,2026-06-18,4,0,Staff Behaviour
FDBK05674,EMP0049,2026-05-07,4,0,Complaint Resolution
FDBK05675,EMP0141,2026-04-05,1,1,Service Quality
FDBK05676,EMP0080,2025-11-28,4,0,Complaint Resolution
FDBK05677,EMP0256,2026-08-02,3,0,Staff Behaviour
FDBK05678,EMP0239,2025-10-26,4,1,Staff Behaviour
FDBK05679,EMP0161,2026-04-28,5,0,Complaint Resolution
FDBK05680,EMP0497,2026-09-27,4,1,Product Satisfaction
FDBK05681,EMP0020,2026-09-23,4,0,Service Quality
FDBK05682,EMP0423,2025-11-03,5,0,Product Satisfaction
FDBK05683,EMP0189,2026-06-07,5,1,Complaint Resolution
FDBK05684,EMP0340,2025-10-08,4,0,Service Quality
FDBK05685,EMP0191,2026-02-18,5,1,Staff Behaviour
FDBK05686,EMP0354,2026-08-04,3,0,Product Satisfaction
FDBK05687,EMP0144,2025-11-25,2,0,Complaint Resolution
FDBK05688,EMP0325,2026-07-11,4,0,Complaint Resolution
FDBK05689,EMP0137,2026-08-08,4,1,Staff Behaviour
FDBK05690,EMP0286,2026-09-17,4,0,Service Quality
FDBK05691,EMP0466,2026-08-04,4,1,Service Quality
FDBK05692,EMP0283,2026-01-22,5,0,Service Quality
FDBK05693,EMP0204,2026-06-19,3,0,Staff Behaviour
FDBK05694,EMP0492,2025-12-03,4,0,Product Satisfaction
FDBK05695,EMP0437,2026-03-18,5,0,Complaint Resolution
FDBK05696,EMP0196,2026-02-16,4,0,Digital Banking
FDBK05697,EMP0260,2026-08-06,5,0,Service Quality
FDBK05698,EMP0134,2025-12-11,3,0,Digital Banking
FDBK05699,EMP0084,2026-08-14,5,0,Complaint Resolution
FDBK05700,EMP0302,2025-11-08,2,1,Complaint Resolution
FDBK05701,EMP0277,2026-01-26,5,1,Product Satisfaction
FDBK05702,EMP0005,2026-07-28,1,1,Complaint Resolution
FDBK05703,EMP0177,2026-02-14,3,0,Staff Behaviour
FDBK05704,EMP0228,2026-02-09,3,0,Digital Banking
FDBK05705,EMP0386,2026-07-10,5,0,Staff Behaviour
FDBK05706,EMP0223,2026-01-07,4,0,Service Quality
FDBK05707,EMP0135,2026-02-23,4,2,Service Quality
FDBK05708,EMP0310,2026-03-08,5,0,Product Satisfaction
FDBK05709,EMP0039,2026-05-23,2,0,Product Satisfaction
FDBK05710,EMP0177,2026-03-26,3,1,Staff Behaviour
FDBK05711,EMP0456,2025-12-03,4,0,Staff Behaviour
FDBK05712,EMP0119,2025-11-24,5,0,Product Satisfaction
FDBK05713,EMP0181,2025-12-09,5,2,Staff Behaviour
FDBK05714,EMP0037,2026-01-20,5,1,Staff Behaviour
FDBK05715,EMP0038,2026-04-11,5,1,Digital Banking
FDBK05716,EMP0136,2026-03-08,3,0,Product Satisfaction
FDBK05717,EMP0326,2026-05-19,3,2,Digital Banking
FDBK05718,EMP0037,2026-03-15,5,0,Digital Banking
FDBK05719,EMP0316,2026-05-14,4,0,Staff Behaviour
FDBK05720,EMP0097,2026-04-03,3,2,Service Quality
FDBK05721,EMP0477,2026-01-10,4,0,Staff Behaviour
FDBK05722,EMP0322,2026-05-11,4,0,Digital Banking
FDBK05723,EMP0363,2026-06-07,5,0,Digital Banking
FDBK05724,EMP0276,2026-01-06,4,0,Service Quality
FDBK05725,EMP0153,2026-04-03,3,0,Digital Banking
FDBK05726,EMP0389,2025-11-06,5,0,Digital Banking
FDBK05727,EMP0074,2025-12-13,5,0,Digital Banking
FDBK05728,EMP0234,2026-01-13,4,0,Staff Behaviour
FDBK05729,EMP0118,2026-07-08,4,0,Digital Banking
FDBK05730,EMP0290,2026-02-17,5,1,Staff Behaviour
FDBK05731,EMP0282,2026-06-12,3,0,Service Quality
FDBK05732,EMP0228,2026-04-13,5,0,Digital Banking
FDBK05733,EMP0381,2025-12-16,5,0,Product Satisfaction
FDBK05734,EMP0231,2026-01-04,4,0,Staff Behaviour
FDBK05735,EMP0425,2026-04-15,5,0,Digital Banking
FDBK05736,EMP0250,2026-03-28,5,0,Product Satisfaction
FDBK05737,EMP0411,2026-05-07,3,0,Service Quality
FDBK05738,EMP0256,2025-11-19,2,0,Staff Behaviour
FDBK05739,EMP0052,2026-08-21,5,2,Staff Behaviour
FDBK05740,EMP0189,2025-11-13,3,2,Digital Banking
FDBK05741,EMP0057,2026-02-22,3,0,Complaint Resolution
FDBK05742,EMP0400,2026-01-13,4,0,Staff Behaviour
FDBK05743,EMP0172,2026-07-16,5,0,Staff Behaviour
FDBK05744,EMP0477,2026-08-18,4,0,Product Satisfaction
FDBK05745,EMP0047,2025-11-22,4,0,Product Satisfaction
FDBK05746,EMP0372,2026-09-20,5,1,Complaint Resolution
FDBK05747,EMP0203,2026-02-09,5,0,Staff Behaviour
FDBK05748,EMP0390,2026-03-11,5,0,Complaint Resolution
FDBK05749,EMP0227,2026-05-05,4,1,Digital Banking
FDBK05750,EMP0011,2026-08-20,3,0,Product Satisfaction
FDBK05751,EMP0314,2026-01-06,2,0,Service Quality
FDBK05752,EMP0056,2026-04-28,5,1,Service Quality
FDBK05753,EMP0472,2026-04-02,4,0,Staff Behaviour
FDBK05754,EMP0401,2025-10-18,5,0,Staff Behaviour
FDBK05755,EMP0048,2026-04-24,5,0,Service Quality
FDBK05756,EMP0388,2026-05-01,5,0,Digital Banking
FDBK05757,EMP0440,2026-03-22,5,0,Product Satisfaction
FDBK05758,EMP0451,2026-08-25,4,1,Complaint Resolution
FDBK05759,EMP0010,2026-08-05,5,0,Digital Banking
FDBK05760,EMP0145,2026-04-01,2,1,Complaint Resolution
FDBK05761,EMP0139,2026-08-05,3,0,Product Satisfaction
FDBK05762,EMP0427,2025-12-04,1,1,Staff Behaviour
FDBK05763,EMP0403,2026-08-07,3,0,Staff Behaviour
FDBK05764,EMP0480,2026-07-14,4,0,Service Quality
FDBK05765,EMP0368,2026-06-19,5,0,Staff Behaviour
FDBK05766,EMP0326,2026-05-05,4,0,Complaint Resolution
FDBK05767,EMP0399,2026-07-11,4,0,Digital Banking
FDBK05768,EMP0216,2025-10-14,5,2,Staff Behaviour
FDBK05769,EMP0165,2026-01-26,4,0,Digital Banking
FDBK05770,EMP0072,2026-08-16,4,0,Product Satisfaction
FDBK05771,EMP0473,2026-02-18,5,1,Complaint Resolution
FDBK05772,EMP0038,2026-01-05,3,1,Product Satisfaction
FDBK05773,EMP0277,2026-01-09,4,0,Product Satisfaction
FDBK05774,EMP0111,2025-10-05,2,0,Staff Behaviour
FDBK05775,EMP0030,2026-03-12,2,3,Staff Behaviour
FDBK05776,EMP0307,2026-07-10,5,1,Complaint Resolution
FDBK05777,EMP0475,2026-03-16,1,0,Complaint Resolution
FDBK05778,EMP0208,2026-01-06,1,0,Complaint Resolution
FDBK05779,EMP0495,2026-06-12,5,1,Digital Banking
FDBK05780,EMP0371,2026-08-12,5,0,Service Quality
FDBK05781,EMP0072,2026-06-11,3,0,Staff Behaviour
FDBK05782,EMP0081,2026-06-13,5,3,Product Satisfaction
FDBK05783,EMP0126,2025-12-12,4,0,Staff Behaviour
FDBK05784,EMP0192,2026-09-04,5,0,Product Satisfaction
FDBK05785,EMP0060,2026-07-27,4,0,Digital Banking
FDBK05786,EMP0042,2025-11-20,5,0,Digital Banking
FDBK05787,EMP0312,2025-12-26,4,1,Product Satisfaction
FDBK05788,EMP0426,2026-01-24,3,1,Staff Behaviour
FDBK05789,EMP0098,2026-02-09,4,0,Service Quality
FDBK05790,EMP0241,2026-08-03,2,0,Digital Banking
FDBK05791,EMP0233,2026-05-09,4,0,Staff Behaviour
FDBK05792,EMP0333,2025-10-04,4,0,Digital Banking
FDBK05793,EMP0245,2026-09-08,4,0,Digital Banking
FDBK05794,EMP0375,2026-05-22,5,1,Staff Behaviour
FDBK05795,EMP0353,2026-02-09,5,0,Digital Banking
FDBK05796,EMP0076,2026-03-12,3,0,Service Quality
FDBK05797,EMP0304,2026-05-25,4,0,Digital Banking
FDBK05798,EMP0429,2026-08-23,3,0,Staff Behaviour
FDBK05799,EMP0039,2025-12-11,4,0,Digital Banking
FDBK05800,EMP0342,2025-10-04,5,0,Product Satisfaction
FDBK05801,EMP0333,2026-02-17,4,1,Digital Banking
FDBK05802,EMP0087,2026-07-14,3,0,Complaint Resolution
FDBK05803,EMP0009,2025-10-05,5,1,Complaint Resolution
FDBK05804,EMP0159,2026-03-22,5,0,Staff Behaviour
FDBK05805,EMP0001,2026-08-09,4,0,Product Satisfaction
FDBK05806,EMP0425,2026-09-28,5,0,Staff Behaviour
FDBK05807,EMP0062,2026-03-19,5,3,Product Satisfaction
FDBK05808,EMP0015,2025-12-04,3,0,Staff Behaviour
FDBK05809,EMP0318,2026-05-19,4,0,Staff Behaviour
FDBK05810,EMP0332,2025-10-15,4,1,Service Quality
FDBK05811,EMP0049,2025-10-28,5,0,Complaint Resolution
FDBK05812,EMP0211,2026-03-27,4,2,Service Quality
FDBK05813,EMP0301,2026-01-01,4,0,Product Satisfaction
FDBK05814,EMP0254,2025-10-13,4,0,Service Quality
FDBK05815,EMP0085,2026-06-13,4,0,Digital Banking
FDBK05816,EMP0341,2026-02-03,5,0,Complaint Resolution
FDBK05817,EMP0379,2026-09-11,4,0,Service Quality
FDBK05818,EMP0033,2026-08-04,4,1,Service Quality
FDBK05819,EMP0374,2025-12-02,4,0,Digital Banking
FDBK05820,EMP0347,2026-01-15,3,0,Product Satisfaction
FDBK05821,EMP0068,2026-03-26,3,1,Service Quality
FDBK05822,EMP0453,2026-01-18,4,0,Service Quality
FDBK05823,EMP0206,2026-09-08,4,0,Product Satisfaction
FDBK05824,EMP0227,2026-08-28,4,0,Product Satisfaction
FDBK05825,EMP0158,2026-05-09,3,0,Digital Banking
FDBK05826,EMP0444,2026-02-05,5,1,Digital Banking
FDBK05827,EMP0002,2026-03-14,4,0,Staff Behaviour
FDBK05828,EMP0090,2026-06-13,4,0,Complaint Resolution
FDBK05829,EMP0453,2025-10-09,4,1,Digital Banking
FDBK05830,EMP0399,2026-04-04,4,0,Service Quality
FDBK05831,EMP0054,2026-03-03,4,2,Digital Banking
FDBK05832,EMP0033,2026-06-04,2,0,Complaint Resolution
FDBK05833,EMP0121,2026-09-08,1,0,Staff Behaviour
FDBK05834,EMP0470,2025-10-01,4,2,Staff Behaviour
FDBK05835,EMP0419,2026-06-26,4,0,Complaint Resolution
FDBK05836,EMP0241,2025-10-25,5,0,Service Quality
FDBK05837,EMP0385,2026-07-02,4,1,Staff Behaviour
FDBK05838,EMP0178,2026-08-07,5,0,Product Satisfaction
FDBK05839,EMP0454,2026-01-04,4,0,Staff Behaviour
FDBK05840,EMP0271,2025-12-26,5,0,Complaint Resolution
FDBK05841,EMP0063,2025-11-15,3,0,Complaint Resolution
FDBK05842,EMP0109,2026-07-01,4,0,Product Satisfaction
FDBK05843,EMP0267,2025-12-23,5,1,Product Satisfaction
FDBK05844,EMP0049,2026-08-11,4,0,Product Satisfaction
FDBK05845,EMP0167,2026-02-02,3,2,Product Satisfaction
FDBK05846,EMP0471,2025-12-02,4,0,Product Satisfaction
FDBK05847,EMP0075,2026-02-20,5,3,Staff Behaviour
FDBK05848,EMP0239,2025-11-09,1,0,Service Quality
FDBK05849,EMP0282,2026-02-12,4,0,Staff Behaviour
FDBK05850,EMP0113,2026-01-18,4,0,Complaint Resolution
FDBK05851,EMP0320,2026-01-02,5,0,Product Satisfaction
FDBK05852,EMP0013,2026-07-27,5,2,Product Satisfaction
FDBK05853,EMP0468,2026-03-26,2,0,Complaint Resolution
FDBK05854,EMP0175,2025-10-24,5,0,Complaint Resolution
FDBK05855,EMP0339,2025-11-01,4,0,Digital Banking
FDBK05856,EMP0227,2025-12-13,5,0,Product Satisfaction
FDBK05857,EMP0056,2026-02-04,4,1,Product Satisfaction
FDBK05858,EMP0072,2026-06-17,5,1,Digital Banking
FDBK05859,EMP0212,2026-09-09,3,0,Product Satisfaction
FDBK05860,EMP0140,2026-01-25,4,0,Complaint Resolution
FDBK05861,EMP0063,2026-09-17,4,0,Service Quality
FDBK05862,EMP0427,2025-12-26,4,0,Digital Banking
FDBK05863,EMP0344,2025-12-12,5,0,Digital Banking
FDBK05864,EMP0229,2026-03-19,4,1,Product Satisfaction
FDBK05865,EMP0132,2026-01-05,4,1,Staff Behaviour
FDBK05866,EMP0336,2026-03-28,3,0,Digital Banking
FDBK05867,EMP0192,2026-05-24,5,0,Complaint Resolution
FDBK05868,EMP0001,2026-07-25,4,0,Complaint Resolution
FDBK05869,EMP0110,2026-03-20,5,0,Service Quality
FDBK05870,EMP0081,2026-08-06,5,0,Complaint Resolution
FDBK05871,EMP0307,2026-04-20,1,0,Staff Behaviour
FDBK05872,EMP0051,2026-01-11,5,1,Digital Banking
FDBK05873,EMP0394,2026-07-04,4,0,Product Satisfaction
FDBK05874,EMP0123,2025-11-07,5,1,Service Quality
FDBK05875,EMP0202,2026-02-10,3,0,Digital Banking
FDBK05876,EMP0055,2026-05-03,2,1,Complaint Resolution
FDBK05877,EMP0201,2026-02-05,1,0,Complaint Resolution
FDBK05878,EMP0484,2025-11-13,4,1,Staff Behaviour
FDBK05879,EMP0297,2026-07-14,5,0,Staff Behaviour
FDBK05880,EMP0299,2025-12-23,5,1,Staff Behaviour
FDBK05881,EMP0376,2025-10-11,4,1,Staff Behaviour
FDBK05882,EMP0089,2026-04-16,5,3,Service Quality
FDBK05883,EMP0356,2026-01-24,4,1,Complaint Resolution
FDBK05884,EMP0177,2026-06-26,3,1,Product Satisfaction
FDBK05885,EMP0319,2025-11-19,5,0,Staff Behaviour
FDBK05886,EMP0307,2026-03-16,3,0,Digital Banking
FDBK05887,EMP0210,2025-12-07,4,1,Digital Banking
FDBK05888,EMP0285,2025-11-27,4,0,Staff Behaviour
FDBK05889,EMP0084,2026-01-13,4,0,Product Satisfaction
FDBK05890,EMP0383,2026-05-01,3,1,Digital Banking
FDBK05891,EMP0318,2026-05-22,4,0,Service Quality
FDBK05892,EMP0376,2025-10-23,3,1,Product Satisfaction
FDBK05893,EMP0339,2025-11-08,4,0,Product Satisfaction
FDBK05894,EMP0051,2026-06-01,5,0,Service Quality
FDBK05895,EMP0016,2026-08-02,4,0,Complaint Resolution
FDBK05896,EMP0240,2025-11-02,5,1,Service Quality
FDBK05897,EMP0232,2026-07-24,3,0,Service Quality
FDBK05898,EMP0215,2026-03-20,3,0,Product Satisfaction
FDBK05899,EMP0304,2026-05-20,4,0,Service Quality
FDBK05900,EMP0133,2026-05-21,5,0,Complaint Resolution
FDBK05901,EMP0080,2026-08-14,4,0,Digital Banking
FDBK05902,EMP0490,2026-08-14,2,0,Staff Behaviour
FDBK05903,EMP0434,2026-05-06,4,0,Staff Behaviour
FDBK05904,EMP0330,2026-04-11,4,0,Complaint Resolution
FDBK05905,EMP0095,2026-09-19,2,3,Staff Behaviour
FDBK05906,EMP0177,2025-12-03,3,0,Service Quality
FDBK05907,EMP0195,2026-09-21,5,0,Digital Banking
FDBK05908,EMP0193,2026-06-08,4,0,Product Satisfaction
FDBK05909,EMP0240,2026-06-13,1,0,Staff Behaviour
FDBK05910,EMP0041,2026-03-19,3,0,Complaint Resolution
FDBK05911,EMP0159,2026-08-10,3,0,Service Quality
FDBK05912,EMP0482,2025-11-07,4,0,Complaint Resolution
FDBK05913,EMP0082,2026-07-02,4,1,Product Satisfaction
FDBK05914,EMP0480,2026-08-25,4,1,Staff Behaviour
FDBK05915,EMP0022,2026-04-25,4,1,Product Satisfaction
FDBK05916,EMP0124,2026-05-27,1,0,Complaint Resolution
FDBK05917,EMP0104,2026-02-01,1,0,Product Satisfaction
FDBK05918,EMP0407,2025-10-14,4,0,Digital Banking
FDBK05919,EMP0066,2025-11-05,4,3,Service Quality
FDBK05920,EMP0086,2026-09-09,4,0,Product Satisfaction
FDBK05921,EMP0041,2026-09-14,5,0,Staff Behaviour
FDBK05922,EMP0326,2026-07-08,5,2,Service Quality
FDBK05923,EMP0205,2026-04-27,4,0,Complaint Resolution
FDBK05924,EMP0364,2026-03-04,5,0,Product Satisfaction
FDBK05925,EMP0240,2025-11-07,4,0,Service Quality
FDBK05926,EMP0486,2026-07-03,5,0,Staff Behaviour
FDBK05927,EMP0360,2026-09-09,5,0,Service Quality
FDBK05928,EMP0021,2026-07-23,3,0,Digital Banking
FDBK05929,EMP0041,2026-09-19,4,0,Product Satisfaction
FDBK05930,EMP0372,2025-10-06,3,2,Staff Behaviour
FDBK05931,EMP0023,2025-10-22,5,0,Digital Banking
FDBK05932,EMP0084,2025-10-14,3,1,Service Quality
FDBK05933,EMP0483,2026-02-10,5,0,Digital Banking
FDBK05934,EMP0226,2026-06-03,4,1,Complaint Resolution
FDBK05935,EMP0100,2026-02-03,4,0,Digital Banking
FDBK05936,EMP0498,2026-09-24,3,1,Product Satisfaction
FDBK05937,EMP0370,2026-07-20,4,1,Product Satisfaction
FDBK05938,EMP0346,2025-11-14,5,0,Digital Banking
FDBK05939,EMP0280,2025-12-09,3,0,Product Satisfaction
FDBK05940,EMP0118,2025-12-09,5,1,Digital Banking
FDBK05941,EMP0489,2025-11-14,5,0,Product Satisfaction
FDBK05942,EMP0383,2026-06-02,4,2,Digital Banking
FDBK05943,EMP0365,2026-09-18,4,0,Product Satisfaction
FDBK05944,EMP0263,2026-09-03,5,0,Digital Banking
FDBK05945,EMP0415,2025-11-15,4,3,Service Quality
FDBK05946,EMP0202,2025-12-28,4,3,Digital Banking
FDBK05947,EMP0144,2026-02-26,4,0,Staff Behaviour
FDBK05948,EMP0091,2026-06-25,1,2,Digital Banking
FDBK05949,EMP0338,2026-05-20,4,2,Service Quality
FDBK05950,EMP0286,2026-07-19,5,1,Service Quality
FDBK05951,EMP0134,2026-09-01,5,0,Complaint Resolution
FDBK05952,EMP0299,2026-06-26,1,0,Staff Behaviour
FDBK05953,EMP0312,2025-11-12,3,0,Product Satisfaction
FDBK05954,EMP0107,2025-10-21,5,1,Digital Banking
FDBK05955,EMP0116,2026-02-21,5,0,Staff Behaviour
FDBK05956,EMP0031,2026-02-02,5,1,Product Satisfaction
FDBK05957,EMP0071,2026-08-05,4,0,Service Quality
FDBK05958,EMP0480,2026-06-16,5,0,Complaint Resolution
FDBK05959,EMP0210,2026-04-08,5,2,Staff Behaviour
FDBK05960,EMP0398,2026-01-08,4,0,Service Quality
FDBK05961,EMP0431,2026-08-20,4,0,Staff Behaviour
FDBK05962,EMP0025,2026-02-02,3,0,Staff Behaviour
FDBK05963,EMP0059,2026-04-26,5,0,Digital Banking
FDBK05964,EMP0470,2026-02-13,4,0,Complaint Resolution
FDBK05965,EMP0049,2026-04-27,5,0,Service Quality
FDBK05966,EMP0120,2025-12-02,5,3,Complaint Resolution
FDBK05967,EMP0353,2026-05-08,5,0,Product Satisfaction
FDBK05968,EMP0372,2025-10-21,4,0,Product Satisfaction
FDBK05969,EMP0338,2026-03-18,5,0,Product Satisfaction
FDBK05970,EMP0320,2026-05-13,4,0,Complaint Resolution
FDBK05971,EMP0419,2026-01-21,4,0,Staff Behaviour
FDBK05972,EMP0069,2026-08-23,4,0,Complaint Resolution
FDBK05973,EMP0290,2025-12-11,3,1,Staff Behaviour
FDBK05974,EMP0290,2026-09-24,4,0,Product Satisfaction
FDBK05975,EMP0230,2026-04-23,5,0,Digital Banking
FDBK05976,EMP0230,2026-04-27,3,0,Staff Behaviour
FDBK05977,EMP0251,2025-12-15,2,1,Complaint Resolution
FDBK05978,EMP0368,2026-08-14,5,0,Digital Banking
FDBK05979,EMP0250,2026-09-27,5,0,Staff Behaviour
FDBK05980,EMP0254,2026-04-13,4,0,Service Quality
FDBK05981,EMP0054,2026-05-04,4,0,Staff Behaviour
FDBK05982,EMP0138,2026-02-15,2,0,Complaint Resolution
FDBK05983,EMP0211,2026-09-26,1,0,Digital Banking
FDBK05984,EMP0236,2026-06-27,2,1,Service Quality
FDBK05985,EMP0354,2026-03-26,3,1,Product Satisfaction
FDBK05986,EMP0429,2026-09-05,4,1,Service Quality
FDBK05987,EMP0185,2026-03-03,5,0,Complaint Resolution
FDBK05988,EMP0141,2026-04-03,5,1,Complaint Resolution
FDBK05989,EMP0242,2026-04-05,5,0,Digital Banking
FDBK05990,EMP0172,2026-07-18,4,0,Digital Banking
FDBK05991,EMP0417,2026-01-21,4,0,Product Satisfaction
FDBK05992,EMP0112,2026-01-16,3,0,Complaint Resolution
FDBK05993,EMP0484,2026-02-01,5,1,Product Satisfaction
FDBK05994,EMP0046,2026-02-22,2,1,Digital Banking
FDBK05995,EMP0249,2025-11-22,5,0,Digital Banking
FDBK05996,EMP0085,2026-08-21,5,0,Service Quality
FDBK05997,EMP0404,2026-06-14,1,0,Complaint Resolution
FDBK05998,EMP0197,2025-11-09,4,0,Digital Banking
FDBK05999,EMP0418,2026-02-12,5,1,Complaint Resolution
FDBK06000,EMP0194,2026-01-21,3,0,Service Quality
FDBK06001,EMP0158,2026-01-10,5,0,Service Quality
FDBK06002,EMP0243,2026-08-15,4,0,Digital Banking
FDBK06003,EMP0206,2026-06-15,4,0,Staff Behaviour
FDBK06004,EMP0122,2026-02-26,5,1,Product Satisfaction
FDBK06005,EMP0042,2025-12-02,5,0,Complaint Resolution
FDBK06006,EMP0077,2025-12-06,2,1,Service Quality
FDBK06007,EMP0455,2025-12-28,4,0,Digital Banking
FDBK06008,EMP0182,2025-11-26,5,0,Digital Banking
FDBK06009,EMP0473,2026-07-07,4,0,Product Satisfaction
FDBK06010,EMP0398,2025-11-09,4,0,Service Quality
FDBK06011,EMP0207,2026-05-11,4,0,Service Quality
FDBK06012,EMP0066,2025-11-20,2,0,Service Quality
FDBK06013,EMP0130,2026-04-19,4,0,Digital Banking
FDBK06014,EMP0028,2025-12-11,5,0,Complaint Resolution
FDBK06015,EMP0429,2026-05-15,5,0,Staff Behaviour
FDBK06016,EMP0068,2026-02-05,4,0,Product Satisfaction
FDBK06017,EMP0336,2026-02-03,5,0,Service Quality
FDBK06018,EMP0092,2026-01-02,5,0,Staff Behaviour
FDBK06019,EMP0370,2026-01-18,1,1,Staff Behaviour
FDBK06020,EMP0046,2026-01-27,3,3,Digital Banking
FDBK06021,EMP0051,2026-01-17,5,0,Service Quality
FDBK06022,EMP0479,2026-04-07,5,2,Staff Behaviour
FDBK06023,EMP0003,2026-05-11,2,0,Service Quality
FDBK06024,EMP0407,2025-11-04,4,1,Complaint Resolution
FDBK06025,EMP0361,2026-06-15,4,1,Complaint Resolution
FDBK06026,EMP0019,2025-10-25,5,1,Digital Banking
FDBK06027,EMP0324,2026-07-19,3,0,Digital Banking
FDBK06028,EMP0379,2026-08-12,3,0,Digital Banking
FDBK06029,EMP0361,2026-04-05,3,0,Product Satisfaction
FDBK06030,EMP0451,2026-05-13,5,0,Product Satisfaction
FDBK06031,EMP0179,2025-10-09,4,0,Product Satisfaction
FDBK06032,EMP0274,2026-06-14,4,1,Product Satisfaction
FDBK06033,EMP0394,2026-03-21,5,2,Product Satisfaction
FDBK06034,EMP0473,2026-06-22,5,1,Complaint Resolution
FDBK06035,EMP0024,2026-05-04,5,0,Digital Banking
FDBK06036,EMP0167,2026-05-18,5,0,Product Satisfaction
FDBK06037,EMP0043,2026-02-09,4,0,Staff Behaviour
FDBK06038,EMP0355,2026-01-15,3,1,Complaint Resolution
FDBK06039,EMP0419,2026-05-26,3,0,Product Satisfaction
FDBK06040,EMP0079,2026-05-15,5,0,Complaint Resolution
FDBK06041,EMP0095,2026-09-09,5,1,Staff Behaviour
FDBK06042,EMP0440,2026-06-28,1,1,Product Satisfaction
FDBK06043,EMP0395,2026-09-18,5,0,Staff Behaviour
FDBK06044,EMP0417,2026-02-28,3,0,Digital Banking
FDBK06045,EMP0050,2025-11-11,5,0,Staff Behaviour
FDBK06046,EMP0499,2026-07-23,4,0,Service Quality
FDBK06047,EMP0273,2025-10-20,4,0,Product Satisfaction
FDBK06048,EMP0456,2026-04-02,5,0,Staff Behaviour
FDBK06049,EMP0044,2026-07-01,3,0,Service Quality
FDBK06050,EMP0116,2025-10-23,5,1,Staff Behaviour
FDBK06051,EMP0340,2026-03-03,3,1,Digital Banking
FDBK06052,EMP0491,2026-07-14,5,1,Staff Behaviour
FDBK06053,EMP0174,2025-10-09,5,1,Staff Behaviour
FDBK06054,EMP0360,2026-03-09,3,1,Service Quality
FDBK06055,EMP0312,2026-01-15,3,0,Product Satisfaction
FDBK06056,EMP0315,2025-11-21,5,0,Staff Behaviour
FDBK06057,EMP0398,2026-04-28,4,0,Staff Behaviour
FDBK06058,EMP0223,2026-01-20,3,0,Product Satisfaction
FDBK06059,EMP0229,2026-02-11,2,1,Service Quality
FDBK06060,EMP0256,2026-01-13,4,0,Digital Banking
FDBK06061,EMP0036,2026-08-10,4,0,Service Quality
FDBK06062,EMP0281,2026-06-05,5,2,Complaint Resolution
FDBK06063,EMP0165,2026-05-18,4,2,Product Satisfaction
FDBK06064,EMP0080,2026-04-04,5,0,Service Quality
FDBK06065,EMP0292,2026-04-13,4,0,Complaint Resolution
FDBK06066,EMP0324,2026-02-17,2,0,Service Quality
FDBK06067,EMP0127,2026-01-15,4,1,Product Satisfaction
FDBK06068,EMP0485,2026-02-13,4,0,Complaint Resolution
FDBK06069,EMP0378,2025-10-07,5,1,Product Satisfaction
FDBK06070,EMP0434,2026-06-18,4,0,Complaint Resolution
FDBK06071,EMP0236,2026-07-19,4,0,Staff Behaviour
FDBK06072,EMP0148,2026-08-23,1,0,Digital Banking
FDBK06073,EMP0413,2025-12-19,4,0,Digital Banking
FDBK06074,EMP0234,2025-12-26,4,0,Digital Banking
FDBK06075,EMP0364,2026-07-04,5,0,Digital Banking
FDBK06076,EMP0214,2026-04-18,5,0,Staff Behaviour
FDBK06077,EMP0107,2026-02-09,4,1,Service Quality
FDBK06078,EMP0167,2026-05-10,5,0,Staff Behaviour
FDBK06079,EMP0438,2026-01-07,5,0,Complaint Resolution
FDBK06080,EMP0285,2026-04-10,3,1,Service Quality
FDBK06081,EMP0432,2025-12-01,4,1,Staff Behaviour
FDBK06082,EMP0449,2026-05-28,4,0,Digital Banking
FDBK06083,EMP0108,2026-07-19,4,3,Product Satisfaction
FDBK06084,EMP0245,2025-12-05,5,0,Complaint Resolution
FDBK06085,EMP0345,2026-09-20,5,0,Staff Behaviour
FDBK06086,EMP0058,2026-03-05,4,1,Staff Behaviour
FDBK06087,EMP0174,2026-03-13,3,0,Staff Behaviour
FDBK06088,EMP0452,2026-01-02,4,0,Complaint Resolution
FDBK06089,EMP0474,2026-04-21,4,0,Complaint Resolution
FDBK06090,EMP0460,2026-01-17,4,0,Complaint Resolution
FDBK06091,EMP0186,2026-05-25,4,1,Digital Banking
FDBK06092,EMP0085,2026-02-11,5,0,Digital Banking
FDBK06093,EMP0023,2025-12-12,5,0,Complaint Resolution
FDBK06094,EMP0309,2026-06-19,5,0,Service Quality
FDBK06095,EMP0078,2026-01-15,5,0,Complaint Resolution
FDBK06096,EMP0023,2026-04-05,4,0,Service Quality
FDBK06097,EMP0399,2026-06-27,2,0,Service Quality
FDBK06098,EMP0383,2025-11-21,5,1,Complaint Resolution
FDBK06099,EMP0496,2026-06-09,5,0,Service Quality
FDBK06100,EMP0129,2026-08-10,1,0,Digital Banking
FDBK06101,EMP0037,2026-07-17,5,0,Service Quality
FDBK06102,EMP0137,2026-06-15,5,0,Product Satisfaction
FDBK06103,EMP0131,2026-08-10,4,0,Digital Banking
FDBK06104,EMP0128,2026-03-20,4,0,Digital Banking
FDBK06105,EMP0068,2026-05-13,4,0,Service Quality
FDBK06106,EMP0480,2026-03-09,5,2,Complaint Resolution
FDBK06107,EMP0490,2026-07-11,2,0,Digital Banking
FDBK06108,EMP0360,2026-09-20,5,0,Product Satisfaction
FDBK06109,EMP0076,2025-10-27,3,0,Digital Banking
FDBK06110,EMP0429,2026-02-17,4,1,Service Quality
FDBK06111,EMP0012,2026-01-24,4,0,Staff Behaviour
FDBK06112,EMP0337,2025-10-11,4,2,Product Satisfaction
FDBK06113,EMP0001,2026-06-21,1,0,Product Satisfaction
FDBK06114,EMP0332,2026-03-10,5,0,Product Satisfaction
FDBK06115,EMP0171,2025-12-08,4,0,Product Satisfaction
FDBK06116,EMP0093,2025-10-16,3,1,Product Satisfaction
FDBK06117,EMP0376,2026-03-21,3,0,Product Satisfaction
FDBK06118,EMP0016,2026-08-22,5,0,Digital Banking
FDBK06119,EMP0355,2025-11-28,5,0,Service Quality
FDBK06120,EMP0446,2026-06-03,4,0,Digital Banking
FDBK06121,EMP0035,2026-04-21,5,1,Staff Behaviour
FDBK06122,EMP0026,2025-11-12,4,1,Service Quality
FDBK06123,EMP0274,2026-01-24,1,2,Service Quality
FDBK06124,EMP0448,2026-02-26,2,3,Staff Behaviour
FDBK06125,EMP0263,2026-03-01,4,0,Digital Banking
FDBK06126,EMP0251,2025-10-23,3,0,Staff Behaviour
FDBK06127,EMP0076,2026-01-09,5,0,Digital Banking
FDBK06128,EMP0478,2026-07-05,4,0,Product Satisfaction
FDBK06129,EMP0167,2026-02-03,4,0,Service Quality
FDBK06130,EMP0180,2026-02-12,4,1,Product Satisfaction
FDBK06131,EMP0363,2025-12-08,3,1,Digital Banking
FDBK06132,EMP0092,2025-11-19,4,1,Complaint Resolution
FDBK06133,EMP0346,2025-10-26,4,1,Complaint Resolution
FDBK06134,EMP0457,2026-01-19,5,1,Complaint Resolution
FDBK06135,EMP0002,2025-11-08,3,1,Complaint Resolution
FDBK06136,EMP0149,2026-03-10,4,1,Staff Behaviour
FDBK06137,EMP0022,2026-02-22,3,0,Service Quality
FDBK06138,EMP0466,2026-02-15,3,1,Service Quality
FDBK06139,EMP0281,2026-08-11,5,1,Digital Banking
FDBK06140,EMP0441,2026-04-14,5,1,Complaint Resolution
FDBK06141,EMP0080,2026-06-22,5,0,Product Satisfaction
FDBK06142,EMP0450,2025-11-20,5,0,Staff Behaviour
FDBK06143,EMP0074,2026-03-12,5,3,Staff Behaviour
FDBK06144,EMP0124,2026-06-28,5,0,Staff Behaviour
FDBK06145,EMP0003,2026-05-16,5,0,Digital Banking
FDBK06146,EMP0273,2026-08-25,5,0,Service Quality
FDBK06147,EMP0146,2026-06-09,4,1,Product Satisfaction
FDBK06148,EMP0030,2026-06-28,4,0,Staff Behaviour
FDBK06149,EMP0066,2025-11-27,1,0,Digital Banking
FDBK06150,EMP0388,2026-02-16,5,0,Digital Banking
FDBK06151,EMP0407,2025-10-01,5,1,Complaint Resolution
FDBK06152,EMP0497,2025-12-20,4,0,Digital Banking
FDBK06153,EMP0338,2026-07-27,4,1,Digital Banking
FDBK06154,EMP0101,2025-12-25,3,0,Product Satisfaction
FDBK06155,EMP0378,2026-08-15,3,0,Product Satisfaction
FDBK06156,EMP0096,2026-01-23,3,0,Complaint Resolution
FDBK06157,EMP0211,2025-12-13,2,0,Service Quality
FDBK06158,EMP0355,2026-01-02,1,1,Service Quality
FDBK06159,EMP0044,2025-10-23,4,0,Digital Banking
FDBK06160,EMP0259,2026-03-02,3,0,Staff Behaviour
FDBK06161,EMP0442,2025-10-10,3,2,Digital Banking
FDBK06162,EMP0076,2026-02-10,5,0,Complaint Resolution
FDBK06163,EMP0016,2025-11-21,1,1,Product Satisfaction
FDBK06164,EMP0202,2026-08-12,4,1,Staff Behaviour
FDBK06165,EMP0372,2026-04-14,4,0,Digital Banking
FDBK06166,EMP0007,2026-09-17,3,0,Staff Behaviour
FDBK06167,EMP0215,2026-08-26,3,0,Staff Behaviour
FDBK06168,EMP0044,2026-03-13,3,0,Service Quality
FDBK06169,EMP0300,2026-02-06,3,0,Staff Behaviour
FDBK06170,EMP0361,2026-01-08,3,0,Service Quality
FDBK06171,EMP0418,2026-06-28,5,0,Service Quality
FDBK06172,EMP0056,2026-09-25,2,0,Staff Behaviour
FDBK06173,EMP0228,2026-05-14,4,0,Digital Banking
FDBK06174,EMP0199,2026-04-21,4,3,Service Quality
FDBK06175,EMP0348,2026-01-02,3,0,Digital Banking
FDBK06176,EMP0243,2026-07-07,4,0,Service Quality
FDBK06177,EMP0047,2025-12-22,3,0,Complaint Resolution
FDBK06178,EMP0206,2025-12-25,4,1,Service Quality
FDBK06179,EMP0440,2026-07-15,5,1,Product Satisfaction
FDBK06180,EMP0102,2026-09-03,4,1,Service Quality
FDBK06181,EMP0170,2025-12-05,4,0,Service Quality
FDBK06182,EMP0210,2026-04-21,4,0,Digital Banking
FDBK06183,EMP0161,2026-01-22,1,0,Product Satisfaction
FDBK06184,EMP0059,2025-11-19,4,0,Digital Banking
FDBK06185,EMP0072,2026-06-22,5,0,Service Quality
FDBK06186,EMP0467,2026-02-13,2,0,Digital Banking
FDBK06187,EMP0370,2026-08-18,5,0,Product Satisfaction
FDBK06188,EMP0148,2026-06-11,5,1,Staff Behaviour
FDBK06189,EMP0455,2026-03-26,4,0,Digital Banking
FDBK06190,EMP0016,2026-01-25,4,0,Product Satisfaction
FDBK06191,EMP0432,2026-03-14,1,1,Staff Behaviour
FDBK06192,EMP0452,2026-09-05,3,0,Complaint Resolution
FDBK06193,EMP0019,2026-09-23,2,2,Staff Behaviour
FDBK06194,EMP0228,2026-03-09,4,0,Digital Banking
FDBK06195,EMP0247,2025-12-06,5,0,Service Quality
FDBK06196,EMP0257,2026-04-03,3,0,Product Satisfaction
FDBK06197,EMP0181,2025-12-05,5,0,Staff Behaviour
FDBK06198,EMP0321,2026-02-28,4,1,Service Quality
FDBK06199,EMP0121,2026-04-01,4,1,Product Satisfaction
FDBK06200,EMP0327,2025-12-14,4,1,Product Satisfaction
FDBK06201,EMP0074,2026-03-28,4,1,Staff Behaviour
FDBK06202,EMP0072,2026-01-09,2,0,Digital Banking
FDBK06203,EMP0089,2025-11-24,4,0,Digital Banking
FDBK06204,EMP0388,2026-06-19,5,1,Staff Behaviour
FDBK06205,EMP0227,2026-01-15,4,1,Service Quality
FDBK06206,EMP0261,2025-12-25,3,0,Digital Banking
FDBK06207,EMP0422,2026-01-18,5,1,Staff Behaviour
FDBK06208,EMP0306,2026-06-10,5,1,Product Satisfaction
FDBK06209,EMP0080,2026-09-26,3,0,Complaint Resolution
FDBK06210,EMP0247,2026-09-11,4,0,Service Quality
FDBK06211,EMP0232,2026-08-19,4,0,Complaint Resolution
FDBK06212,EMP0157,2026-05-07,4,1,Staff Behaviour
FDBK06213,EMP0199,2026-04-03,5,1,Product Satisfaction
FDBK06214,EMP0070,2026-08-21,5,0,Service Quality
FDBK06215,EMP0318,2026-03-21,3,0,Service Quality
FDBK06216,EMP0416,2026-07-24,4,0,Product Satisfaction
FDBK06217,EMP0088,2026-03-28,4,2,Digital Banking
FDBK06218,EMP0314,2025-10-20,4,0,Digital Banking
FDBK06219,EMP0181,2026-09-06,2,0,Staff Behaviour
FDBK06220,EMP0047,2026-06-23,5,0,Complaint Resolution
FDBK06221,EMP0076,2026-04-04,4,0,Service Quality
FDBK06222,EMP0370,2026-05-11,4,3,Complaint Resolution
FDBK06223,EMP0244,2026-01-20,5,0,Digital Banking
FDBK06224,EMP0355,2026-09-12,5,0,Complaint Resolution
FDBK06225,EMP0405,2026-07-06,2,1,Service Quality
FDBK06226,EMP0205,2025-10-09,4,1,Service Quality
FDBK06227,EMP0061,2026-02-20,4,0,Complaint Resolution
FDBK06228,EMP0155,2026-03-17,4,1,Service Quality
FDBK06229,EMP0280,2026-08-19,3,0,Service Quality
FDBK06230,EMP0071,2026-07-08,5,0,Complaint Resolution
FDBK06231,EMP0295,2026-07-01,1,1,Digital Banking
FDBK06232,EMP0113,2026-04-28,4,2,Product Satisfaction
FDBK06233,EMP0180,2026-04-02,1,0,Product Satisfaction
FDBK06234,EMP0315,2026-08-24,4,0,Staff Behaviour
FDBK06235,EMP0389,2026-05-03,4,0,Service Quality
FDBK06236,EMP0486,2025-10-14,4,0,Service Quality
FDBK06237,EMP0092,2026-08-15,4,0,Service Quality
FDBK06238,EMP0305,2025-11-17,2,1,Digital Banking
FDBK06239,EMP0356,2025-12-11,4,0,Complaint Resolution
FDBK06240,EMP0381,2025-12-11,4,0,Product Satisfaction
FDBK06241,EMP0417,2026-09-26,4,1,Digital Banking
FDBK06242,EMP0112,2026-06-21,4,0,Product Satisfaction
FDBK06243,EMP0455,2025-10-04,4,1,Product Satisfaction
FDBK06244,EMP0168,2025-11-08,1,1,Complaint Resolution
FDBK06245,EMP0048,2025-12-23,4,1,Digital Banking
FDBK06246,EMP0041,2026-06-21,5,0,Product Satisfaction
FDBK06247,EMP0479,2025-10-25,2,1,Service Quality
FDBK06248,EMP0362,2026-01-25,5,1,Staff Behaviour
FDBK06249,EMP0323,2026-04-24,4,2,Service Quality
FDBK06250,EMP0186,2026-02-05,4,0,Service Quality
FDBK06251,EMP0164,2025-11-24,1,3,Staff Behaviour
FDBK06252,EMP0421,2025-12-14,3,1,Service Quality
FDBK06253,EMP0313,2025-10-19,4,0,Service Quality
FDBK06254,EMP0375,2026-02-14,4,0,Complaint Resolution
FDBK06255,EMP0215,2025-11-28,2,0,Product Satisfaction
FDBK06256,EMP0384,2025-11-16,4,2,Complaint Resolution
FDBK06257,EMP0429,2026-01-28,4,0,Product Satisfaction
FDBK06258,EMP0263,2026-03-05,4,0,Complaint Resolution
FDBK06259,EMP0111,2026-03-10,5,0,Service Quality
FDBK06260,EMP0149,2026-06-08,5,0,Complaint Resolution
FDBK06261,EMP0434,2026-04-27,2,0,Product Satisfaction
FDBK06262,EMP0422,2025-10-13,1,0,Complaint Resolution
FDBK06263,EMP0420,2026-07-12,5,0,Staff Behaviour
FDBK06264,EMP0324,2025-10-14,2,0,Digital Banking
FDBK06265,EMP0441,2025-11-17,4,0,Service Quality
FDBK06266,EMP0437,2026-06-24,3,1,Product Satisfaction
FDBK06267,EMP0340,2026-09-05,3,2,Staff Behaviour
FDBK06268,EMP0054,2026-04-11,4,0,Product Satisfaction
FDBK06269,EMP0089,2025-11-19,5,1,Complaint Resolution
FDBK06270,EMP0217,2026-04-16,3,0,Product Satisfaction
FDBK06271,EMP0261,2025-12-07,4,0,Complaint Resolution
FDBK06272,EMP0086,2026-05-13,4,0,Complaint Resolution
FDBK06273,EMP0269,2026-09-17,3,1,Digital Banking
FDBK06274,EMP0492,2026-09-12,5,0,Product Satisfaction
FDBK06275,EMP0162,2025-12-23,4,0,Complaint Resolution
FDBK06276,EMP0310,2026-08-20,2,1,Product Satisfaction
FDBK06277,EMP0462,2026-07-20,4,1,Staff Behaviour
FDBK06278,EMP0195,2025-11-14,4,2,Digital Banking
FDBK06279,EMP0318,2026-03-25,5,0,Service Quality
FDBK06280,EMP0498,2026-04-16,4,0,Product Satisfaction
FDBK06281,EMP0118,2025-10-26,4,0,Staff Behaviour
FDBK06282,EMP0269,2026-09-15,1,0,Service Quality
FDBK06283,EMP0284,2025-12-05,4,3,Product Satisfaction
FDBK06284,EMP0144,2026-05-17,1,1,Staff Behaviour
FDBK06285,EMP0237,2026-06-27,3,0,Product Satisfaction
FDBK06286,EMP0084,2026-02-10,3,0,Complaint Resolution
FDBK06287,EMP0416,2025-11-21,4,0,Product Satisfaction
FDBK06288,EMP0201,2026-02-16,4,0,Staff Behaviour
FDBK06289,EMP0172,2025-11-15,4,0,Complaint Resolution
FDBK06290,EMP0004,2026-07-20,4,1,Complaint Resolution
FDBK06291,EMP0397,2026-06-06,4,1,Product Satisfaction
FDBK06292,EMP0372,2025-12-08,5,0,Product Satisfaction
FDBK06293,EMP0317,2026-02-15,3,0,Staff Behaviour
FDBK06294,EMP0176,2026-07-10,4,0,Service Quality
FDBK06295,EMP0421,2026-07-25,4,2,Staff Behaviour
FDBK06296,EMP0033,2025-11-16,4,1,Complaint Resolution
FDBK06297,EMP0481,2025-10-28,3,0,Complaint Resolution
FDBK06298,EMP0490,2025-10-10,4,1,Service Quality
FDBK06299,EMP0428,2026-01-16,5,1,Complaint Resolution
FDBK06300,EMP0320,2026-01-08,3,0,Product Satisfaction
FDBK06301,EMP0349,2026-02-25,4,0,Complaint Resolution
FDBK06302,EMP0111,2026-08-03,4,0,Staff Behaviour
FDBK06303,EMP0428,2026-07-18,3,0,Complaint Resolution
FDBK06304,EMP0390,2026-02-26,4,0,Complaint Resolution
FDBK06305,EMP0219,2026-02-09,4,0,Product Satisfaction
FDBK06306,EMP0173,2026-04-13,5,0,Service Quality
FDBK06307,EMP0342,2025-10-19,4,0,Complaint Resolution
FDBK06308,EMP0446,2025-12-27,4,0,Complaint Resolution
FDBK06309,EMP0466,2026-03-14,4,0,Complaint Resolution
FDBK06310,EMP0243,2026-01-05,5,1,Complaint Resolution
FDBK06311,EMP0049,2025-12-08,5,0,Digital Banking
FDBK06312,EMP0381,2026-09-20,5,0,Service Quality
FDBK06313,EMP0103,2026-07-12,5,0,Product Satisfaction
FDBK06314,EMP0153,2026-06-27,4,0,Complaint Resolution
FDBK06315,EMP0053,2026-07-03,2,0,Service Quality
FDBK06316,EMP0146,2026-05-24,5,2,Service Quality
FDBK06317,EMP0026,2026-09-23,5,2,Staff Behaviour
FDBK06318,EMP0457,2026-05-11,4,1,Service Quality
FDBK06319,EMP0411,2026-05-16,4,0,Service Quality
FDBK06320,EMP0363,2025-11-18,2,0,Product Satisfaction
FDBK06321,EMP0233,2026-01-06,5,0,Digital Banking
FDBK06322,EMP0355,2025-12-08,3,0,Complaint Resolution
FDBK06323,EMP0214,2026-04-28,4,0,Complaint Resolution
FDBK06324,EMP0375,2026-03-24,4,0,Digital Banking
FDBK06325,EMP0390,2025-11-05,5,1,Product Satisfaction
FDBK06326,EMP0456,2026-03-21,4,0,Staff Behaviour
FDBK06327,EMP0150,2026-04-15,4,0,Service Quality
FDBK06328,EMP0415,2026-07-07,4,0,Digital Banking
FDBK06329,EMP0362,2025-12-15,5,0,Digital Banking
FDBK06330,EMP0243,2025-12-12,3,0,Complaint Resolution
FDBK06331,EMP0157,2026-09-02,2,0,Product Satisfaction
FDBK06332,EMP0420,2026-04-03,1,1,Staff Behaviour
FDBK06333,EMP0494,2025-12-22,4,0,Service Quality
FDBK06334,EMP0166,2026-05-14,3,0,Digital Banking
FDBK06335,EMP0068,2026-03-07,4,2,Service Quality
FDBK06336,EMP0116,2026-01-23,1,0,Service Quality
FDBK06337,EMP0155,2025-10-17,4,0,Product Satisfaction
FDBK06338,EMP0274,2026-02-05,3,0,Service Quality
FDBK06339,EMP0444,2026-01-16,1,0,Product Satisfaction
FDBK06340,EMP0120,2026-09-22,5,0,Complaint Resolution
FDBK06341,EMP0447,2025-10-08,4,0,Complaint Resolution
FDBK06342,EMP0202,2026-09-08,4,0,Staff Behaviour
FDBK06343,EMP0091,2026-07-01,3,0,Digital Banking
FDBK06344,EMP0279,2026-05-10,5,1,Complaint Resolution
FDBK06345,EMP0137,2026-08-24,4,2,Complaint Resolution
FDBK06346,EMP0269,2026-04-03,3,0,Product Satisfaction
FDBK06347,EMP0463,2026-03-12,2,1,Product Satisfaction
FDBK06348,EMP0045,2026-05-03,2,0,Staff Behaviour
FDBK06349,EMP0289,2026-09-23,5,0,Complaint Resolution
FDBK06350,EMP0142,2026-09-19,5,0,Service Quality
FDBK06351,EMP0003,2026-01-18,4,3,Staff Behaviour
FDBK06352,EMP0156,2026-08-15,3,0,Service Quality
FDBK06353,EMP0468,2025-11-20,4,0,Service Quality
FDBK06354,EMP0273,2026-09-04,5,1,Complaint Resolution
FDBK06355,EMP0286,2026-07-20,4,1,Staff Behaviour
FDBK06356,EMP0192,2026-08-20,4,0,Product Satisfaction
FDBK06357,EMP0175,2026-01-11,4,0,Digital Banking
FDBK06358,EMP0264,2026-07-23,5,0,Staff Behaviour
FDBK06359,EMP0478,2026-02-16,5,0,Staff Behaviour
FDBK06360,EMP0172,2026-04-10,4,0,Complaint Resolution
FDBK06361,EMP0050,2026-03-14,2,0,Product Satisfaction
FDBK06362,EMP0311,2026-01-21,5,0,Staff Behaviour
FDBK06363,EMP0065,2026-04-12,5,1,Product Satisfaction
FDBK06364,EMP0059,2026-09-10,4,0,Product Satisfaction
FDBK06365,EMP0208,2025-10-26,3,0,Staff Behaviour
FDBK06366,EMP0255,2026-07-20,5,0,Staff Behaviour
FDBK06367,EMP0448,2026-08-07,4,0,Staff Behaviour
FDBK06368,EMP0477,2025-10-20,5,0,Service Quality
FDBK06369,EMP0429,2026-02-10,5,1,Complaint Resolution
FDBK06370,EMP0023,2026-01-14,2,0,Product Satisfaction
FDBK06371,EMP0078,2026-02-04,5,0,Product Satisfaction
FDBK06372,EMP0122,2026-07-23,1,1,Digital Banking
FDBK06373,EMP0279,2026-09-13,4,0,Service Quality
FDBK06374,EMP0133,2026-09-26,5,1,Complaint Resolution
FDBK06375,EMP0116,2026-06-15,5,1,Product Satisfaction
FDBK06376,EMP0249,2026-03-14,5,0,Product Satisfaction
FDBK06377,EMP0020,2025-12-22,5,1,Digital Banking
FDBK06378,EMP0045,2026-09-15,3,0,Digital Banking
FDBK06379,EMP0098,2025-11-10,5,1,Product Satisfaction
FDBK06380,EMP0403,2026-02-15,4,3,Staff Behaviour
FDBK06381,EMP0073,2026-03-12,5,0,Staff Behaviour
FDBK06382,EMP0335,2025-11-19,3,0,Service Quality
FDBK06383,EMP0254,2025-11-06,4,0,Digital Banking
FDBK06384,EMP0470,2025-10-14,3,0,Product Satisfaction
FDBK06385,EMP0145,2026-01-19,5,0,Service Quality
FDBK06386,EMP0004,2026-04-22,4,0,Staff Behaviour
FDBK06387,EMP0106,2026-08-08,4,0,Service Quality
FDBK06388,EMP0426,2025-10-07,5,0,Digital Banking
FDBK06389,EMP0063,2026-02-24,4,0,Digital Banking
FDBK06390,EMP0287,2025-12-11,3,0,Service Quality
FDBK06391,EMP0482,2025-12-22,4,0,Service Quality
FDBK06392,EMP0113,2026-06-14,4,0,Staff Behaviour
FDBK06393,EMP0162,2026-01-01,5,3,Product Satisfaction
FDBK06394,EMP0048,2025-11-17,4,1,Complaint Resolution
FDBK06395,EMP0347,2026-05-18,4,2,Product Satisfaction
FDBK06396,EMP0164,2025-10-13,4,1,Product Satisfaction
FDBK06397,EMP0326,2026-03-15,5,1,Staff Behaviour
FDBK06398,EMP0315,2026-01-26,4,0,Digital Banking
FDBK06399,EMP0033,2026-04-21,4,1,Complaint Resolution
FDBK06400,EMP0165,2025-10-26,4,1,Service Quality
FDBK06401,EMP0497,2026-05-14,5,0,Complaint Resolution
FDBK06402,EMP0496,2026-09-09,2,0,Digital Banking
FDBK06403,EMP0017,2026-06-26,1,0,Product Satisfaction
FDBK06404,EMP0038,2026-05-18,5,0,Staff Behaviour
FDBK06405,EMP0129,2026-09-01,5,1,Complaint Resolution
FDBK06406,EMP0309,2026-07-14,4,0,Complaint Resolution
FDBK06407,EMP0109,2026-03-16,4,0,Staff Behaviour
FDBK06408,EMP0105,2026-06-17,4,1,Service Quality
FDBK06409,EMP0409,2026-04-05,4,1,Service Quality
FDBK06410,EMP0240,2026-05-02,5,0,Product Satisfaction
FDBK06411,EMP0193,2026-02-05,2,0,Digital Banking
FDBK06412,EMP0310,2026-05-21,5,0,Service Quality
FDBK06413,EMP0359,2026-02-14,4,0,Service Quality
FDBK06414,EMP0200,2026-03-27,5,1,Product Satisfaction
FDBK06415,EMP0161,2026-08-23,1,0,Service Quality
FDBK06416,EMP0135,2026-04-20,4,0,Service Quality
FDBK06417,EMP0210,2026-01-14,4,0,Complaint Resolution
FDBK06418,EMP0320,2026-03-03,5,1,Service Quality
FDBK06419,EMP0383,2025-10-23,2,0,Product Satisfaction
FDBK06420,EMP0300,2026-03-28,4,2,Service Quality
FDBK06421,EMP0486,2025-11-09,4,0,Digital Banking
FDBK06422,EMP0305,2026-04-03,3,0,Staff Behaviour
FDBK06423,EMP0434,2026-01-12,5,0,Product Satisfaction
FDBK06424,EMP0297,2026-01-20,4,0,Service Quality
FDBK06425,EMP0474,2026-02-28,5,0,Service Quality
FDBK06426,EMP0493,2026-08-03,3,1,Digital Banking
FDBK06427,EMP0120,2025-11-23,2,1,Complaint Resolution
FDBK06428,EMP0200,2026-09-01,2,0,Complaint Resolution
FDBK06429,EMP0206,2025-12-04,5,0,Product Satisfaction
FDBK06430,EMP0087,2026-07-16,5,1,Product Satisfaction
FDBK06431,EMP0469,2026-01-05,4,0,Digital Banking
FDBK06432,EMP0440,2026-02-05,5,0,Digital Banking
FDBK06433,EMP0303,2026-06-22,4,0,Digital Banking
FDBK06434,EMP0140,2026-09-12,5,1,Service Quality
FDBK06435,EMP0490,2026-04-02,4,0,Complaint Resolution
FDBK06436,EMP0151,2026-05-03,4,1,Digital Banking
FDBK06437,EMP0110,2026-07-07,3,0,Staff Behaviour
FDBK06438,EMP0252,2026-08-23,5,1,Digital Banking
FDBK06439,EMP0283,2025-12-26,4,0,Service Quality
FDBK06440,EMP0484,2025-12-07,3,1,Product Satisfaction
FDBK06441,EMP0088,2026-05-11,1,1,Service Quality
FDBK06442,EMP0122,2025-11-12,4,0,Complaint Resolution
FDBK06443,EMP0486,2025-11-15,4,0,Product Satisfaction
FDBK06444,EMP0418,2026-02-13,5,0,Digital Banking
FDBK06445,EMP0422,2026-07-26,4,1,Digital Banking
FDBK06446,EMP0110,2025-11-25,3,0,Digital Banking
FDBK06447,EMP0434,2026-05-17,4,0,Product Satisfaction
FDBK06448,EMP0152,2026-04-08,2,1,Service Quality
FDBK06449,EMP0219,2026-01-02,4,0,Service Quality
FDBK06450,EMP0456,2025-12-13,4,0,Product Satisfaction
FDBK06451,EMP0464,2026-08-10,4,1,Service Quality
FDBK06452,EMP0072,2026-02-11,5,1,Service Quality
FDBK06453,EMP0250,2025-11-18,3,0,Complaint Resolution
FDBK06454,EMP0364,2026-01-06,4,0,Service Quality
FDBK06455,EMP0229,2026-06-19,4,0,Product Satisfaction
FDBK06456,EMP0263,2026-01-25,1,0,Service Quality
FDBK06457,EMP0101,2026-08-15,5,0,Product Satisfaction
FDBK06458,EMP0017,2026-06-16,5,1,Digital Banking
FDBK06459,EMP0300,2026-09-24,5,0,Staff Behaviour
FDBK06460,EMP0244,2026-07-12,5,0,Staff Behaviour
FDBK06461,EMP0095,2026-09-25,2,0,Complaint Resolution
FDBK06462,EMP0274,2026-02-06,5,0,Service Quality
FDBK06463,EMP0494,2026-09-20,3,1,Complaint Resolution
FDBK06464,EMP0391,2025-11-08,3,1,Complaint Resolution
FDBK06465,EMP0204,2026-07-12,4,0,Service Quality
FDBK06466,EMP0166,2025-11-24,4,1,Complaint Resolution
FDBK06467,EMP0243,2026-05-23,5,0,Service Quality
FDBK06468,EMP0133,2026-04-19,3,0,Service Quality
FDBK06469,EMP0228,2026-06-21,5,0,Digital Banking
FDBK06470,EMP0165,2026-07-13,3,0,Staff Behaviour
FDBK06471,EMP0026,2026-07-13,4,0,Staff Behaviour
FDBK06472,EMP0366,2026-04-22,5,0,Staff Behaviour
FDBK06473,EMP0440,2026-03-22,2,0,Digital Banking
FDBK06474,EMP0435,2025-11-15,4,0,Staff Behaviour
FDBK06475,EMP0282,2026-05-26,4,1,Digital Banking
FDBK06476,EMP0039,2026-04-28,3,0,Complaint Resolution
FDBK06477,EMP0316,2026-01-24,3,0,Staff Behaviour
FDBK06478,EMP0001,2026-03-05,4,0,Product Satisfaction
FDBK06479,EMP0016,2026-09-28,5,0,Staff Behaviour
FDBK06480,EMP0207,2026-03-14,3,1,Service Quality
FDBK06481,EMP0166,2025-11-23,4,2,Staff Behaviour
FDBK06482,EMP0306,2026-06-05,2,0,Staff Behaviour
FDBK06483,EMP0404,2026-05-15,2,1,Digital Banking
FDBK06484,EMP0303,2025-12-10,3,0,Digital Banking
FDBK06485,EMP0133,2026-05-14,4,0,Digital Banking
FDBK06486,EMP0250,2025-10-04,5,1,Service Quality
FDBK06487,EMP0194,2026-03-01,3,0,Complaint Resolution
FDBK06488,EMP0340,2026-03-18,4,0,Service Quality
FDBK06489,EMP0070,2026-06-11,4,3,Digital Banking
FDBK06490,EMP0423,2026-01-05,2,0,Service Quality
FDBK06491,EMP0202,2025-10-26,5,0,Product Satisfaction
FDBK06492,EMP0314,2026-09-03,4,1,Service Quality
FDBK06493,EMP0077,2026-01-04,4,0,Service Quality
FDBK06494,EMP0115,2025-11-13,5,0,Staff Behaviour
FDBK06495,EMP0343,2026-07-10,4,2,Staff Behaviour
FDBK06496,EMP0381,2026-06-21,4,3,Complaint Resolution
FDBK06497,EMP0031,2026-03-08,5,1,Product Satisfaction
FDBK06498,EMP0140,2026-06-11,5,1,Complaint Resolution
FDBK06499,EMP0452,2026-06-22,5,0,Complaint Resolution
FDBK06500,EMP0330,2026-09-12,5,1,Digital Banking
FDBK06501,EMP0470,2026-05-12,4,0,Staff Behaviour
FDBK06502,EMP0368,2026-05-20,3,1,Digital Banking
FDBK06503,EMP0021,2026-06-27,4,1,Product Satisfaction
FDBK06504,EMP0009,2026-07-05,5,0,Product Satisfaction
FDBK06505,EMP0497,2025-11-13,1,0,Digital Banking
FDBK06506,EMP0070,2026-04-04,2,1,Service Quality
FDBK06507,EMP0179,2026-02-05,5,0,Product Satisfaction
FDBK06508,EMP0353,2026-03-20,1,0,Product Satisfaction
FDBK06509,EMP0156,2026-06-15,4,0,Complaint Resolution
FDBK06510,EMP0500,2026-09-24,4,1,Service Quality
FDBK06511,EMP0132,2026-02-10,5,0,Complaint Resolution
FDBK06512,EMP0313,2026-01-18,3,0,Complaint Resolution
FDBK06513,EMP0340,2026-06-12,3,1,Staff Behaviour
FDBK06514,EMP0289,2025-11-23,5,0,Complaint Resolution
FDBK06515,EMP0500,2026-06-04,3,1,Digital Banking
FDBK06516,EMP0494,2026-01-22,5,0,Service Quality
FDBK06517,EMP0077,2025-12-19,2,0,Service Quality
FDBK06518,EMP0460,2026-09-12,4,0,Service Quality
FDBK06519,EMP0008,2026-07-22,4,1,Product Satisfaction
FDBK06520,EMP0047,2026-03-09,4,0,Digital Banking
FDBK06521,EMP0054,2025-12-08,4,0,Digital Banking
FDBK06522,EMP0032,2025-10-19,5,0,Staff Behaviour
FDBK06523,EMP0014,2026-04-25,5,2,Staff Behaviour
FDBK06524,EMP0030,2026-04-20,4,0,Service Quality
FDBK06525,EMP0404,2026-04-23,4,0,Service Quality
FDBK06526,EMP0175,2025-11-08,1,0,Service Quality
FDBK06527,EMP0200,2025-10-11,4,0,Digital Banking
FDBK06528,EMP0278,2025-10-26,5,0,Staff Behaviour
FDBK06529,EMP0479,2026-03-21,3,0,Complaint Resolution
FDBK06530,EMP0167,2026-06-03,3,1,Service Quality
FDBK06531,EMP0060,2026-01-08,4,1,Digital Banking
FDBK06532,EMP0246,2025-10-26,5,1,Product Satisfaction
FDBK06533,EMP0219,2026-02-10,5,1,Digital Banking
FDBK06534,EMP0120,2026-02-28,5,2,Service Quality
FDBK06535,EMP0006,2026-07-12,5,0,Digital Banking
FDBK06536,EMP0021,2025-11-08,4,1,Service Quality
FDBK06537,EMP0041,2026-02-28,4,0,Product Satisfaction
FDBK06538,EMP0168,2026-02-01,5,0,Digital Banking
FDBK06539,EMP0286,2026-05-10,5,0,Service Quality
FDBK06540,EMP0315,2025-10-22,5,0,Complaint Resolution
FDBK06541,EMP0496,2026-03-02,5,0,Product Satisfaction
FDBK06542,EMP0244,2026-04-09,4,1,Staff Behaviour
FDBK06543,EMP0316,2026-07-12,4,0,Complaint Resolution
FDBK06544,EMP0355,2026-06-28,4,1,Service Quality
FDBK06545,EMP0373,2026-09-11,4,0,Staff Behaviour
FDBK06546,EMP0385,2026-09-23,3,0,Service Quality
FDBK06547,EMP0163,2026-05-20,4,0,Product Satisfaction
FDBK06548,EMP0039,2026-09-07,3,0,Complaint Resolution
FDBK06549,EMP0375,2025-10-06,4,0,Digital Banking
FDBK06550,EMP0087,2026-01-06,4,0,Service Quality
FDBK06551,EMP0105,2026-08-11,5,0,Staff Behaviour
FDBK06552,EMP0312,2025-10-24,2,0,Staff Behaviour
FDBK06553,EMP0160,2026-06-07,3,0,Complaint Resolution
FDBK06554,EMP0339,2025-10-07,5,1,Service Quality
FDBK06555,EMP0487,2025-11-12,5,3,Staff Behaviour
FDBK06556,EMP0308,2026-08-16,3,0,Product Satisfaction
FDBK06557,EMP0145,2025-12-14,4,2,Complaint Resolution
FDBK06558,EMP0048,2025-10-13,4,2,Service Quality
FDBK06559,EMP0244,2026-04-15,5,0,Digital Banking
FDBK06560,EMP0487,2026-09-23,4,0,Service Quality
FDBK06561,EMP0461,2025-10-03,5,0,Service Quality
FDBK06562,EMP0158,2026-08-14,5,0,Product Satisfaction
FDBK06563,EMP0469,2026-05-06,5,1,Product Satisfaction
FDBK06564,EMP0130,2026-09-28,4,1,Staff Behaviour
FDBK06565,EMP0315,2026-03-17,4,0,Service Quality
FDBK06566,EMP0498,2026-02-01,3,0,Staff Behaviour
FDBK06567,EMP0263,2025-12-07,5,2,Product Satisfaction
FDBK06568,EMP0325,2026-02-07,1,0,Digital Banking
FDBK06569,EMP0359,2026-03-23,4,0,Product Satisfaction
FDBK06570,EMP0004,2026-01-06,4,0,Complaint Resolution
FDBK06571,EMP0326,2025-11-23,4,0,Product Satisfaction
FDBK06572,EMP0346,2025-10-10,5,1,Complaint Resolution
FDBK06573,EMP0301,2026-09-09,5,2,Product Satisfaction
FDBK06574,EMP0386,2026-05-16,5,1,Product Satisfaction
FDBK06575,EMP0327,2026-07-23,5,0,Staff Behaviour
FDBK06576,EMP0268,2025-11-01,4,0,Digital Banking
FDBK06577,EMP0209,2025-12-06,4,1,Staff Behaviour
FDBK06578,EMP0129,2026-09-15,4,2,Product Satisfaction
FDBK06579,EMP0145,2025-11-25,3,0,Service Quality
FDBK06580,EMP0259,2026-03-24,5,0,Service Quality
FDBK06581,EMP0008,2026-04-21,4,0,Service Quality
FDBK06582,EMP0152,2026-04-08,3,1,Digital Banking
FDBK06583,EMP0181,2025-12-01,5,0,Product Satisfaction
FDBK06584,EMP0106,2026-03-01,4,0,Product Satisfaction
FDBK06585,EMP0466,2026-08-19,5,1,Product Satisfaction
FDBK06586,EMP0022,2026-01-27,3,0,Complaint Resolution
FDBK06587,EMP0347,2026-05-10,2,0,Staff Behaviour
FDBK06588,EMP0470,2026-02-26,4,1,Digital Banking
FDBK06589,EMP0254,2026-05-04,4,0,Complaint Resolution
FDBK06590,EMP0269,2025-12-18,3,0,Staff Behaviour
FDBK06591,EMP0494,2026-04-25,5,1,Product Satisfaction
FDBK06592,EMP0231,2026-08-10,4,0,Product Satisfaction
FDBK06593,EMP0252,2026-06-12,4,2,Staff Behaviour
FDBK06594,EMP0197,2025-10-11,4,0,Complaint Resolution
FDBK06595,EMP0142,2026-03-22,5,0,Digital Banking
FDBK06596,EMP0030,2025-12-21,2,0,Digital Banking
FDBK06597,EMP0233,2026-05-19,5,1,Complaint Resolution
FDBK06598,EMP0338,2026-06-08,4,3,Product Satisfaction
FDBK06599,EMP0185,2026-08-01,2,1,Digital Banking
FDBK06600,EMP0486,2025-12-15,4,0,Complaint Resolution
FDBK06601,EMP0361,2026-01-15,2,0,Product Satisfaction
FDBK06602,EMP0483,2026-07-02,4,0,Product Satisfaction
FDBK06603,EMP0131,2026-04-05,3,3,Digital Banking
FDBK06604,EMP0386,2026-03-06,2,1,Service Quality
FDBK06605,EMP0308,2026-01-25,5,0,Product Satisfaction
FDBK06606,EMP0010,2025-11-01,3,0,Staff Behaviour
FDBK06607,EMP0100,2026-06-15,4,1,Staff Behaviour
FDBK06608,EMP0475,2025-12-15,4,1,Product Satisfaction
FDBK06609,EMP0084,2026-06-02,3,0,Digital Banking
FDBK06610,EMP0181,2026-02-25,4,1,Complaint Resolution
FDBK06611,EMP0219,2026-03-09,4,0,Service Quality
FDBK06612,EMP0307,2026-06-17,3,0,Product Satisfaction
FDBK06613,EMP0483,2026-03-21,4,0,Complaint Resolution
FDBK06614,EMP0232,2026-05-10,2,0,Staff Behaviour
FDBK06615,EMP0478,2026-03-08,1,1,Service Quality
FDBK06616,EMP0312,2025-11-05,4,1,Complaint Resolution
FDBK06617,EMP0431,2026-03-01,5,1,Digital Banking
FDBK06618,EMP0069,2025-10-06,3,0,Service Quality
FDBK06619,EMP0347,2026-07-27,3,0,Service Quality
FDBK06620,EMP0454,2025-11-24,4,0,Complaint Resolution
FDBK06621,EMP0282,2025-10-24,2,0,Product Satisfaction
FDBK06622,EMP0139,2026-01-15,4,0,Service Quality
FDBK06623,EMP0392,2026-09-19,5,1,Complaint Resolution
FDBK06624,EMP0495,2026-01-18,4,0,Service Quality
FDBK06625,EMP0101,2026-02-12,5,1,Service Quality
FDBK06626,EMP0150,2025-12-17,4,1,Staff Behaviour
FDBK06627,EMP0489,2026-07-06,5,1,Complaint Resolution
FDBK06628,EMP0290,2026-01-01,4,1,Complaint Resolution
FDBK06629,EMP0091,2026-07-20,4,1,Service Quality
FDBK06630,EMP0139,2026-01-25,1,0,Digital Banking
FDBK06631,EMP0273,2026-04-19,1,0,Staff Behaviour
FDBK06632,EMP0168,2025-11-06,3,0,Staff Behaviour
FDBK06633,EMP0398,2025-11-05,4,0,Staff Behaviour
FDBK06634,EMP0416,2025-10-19,5,0,Staff Behaviour
FDBK06635,EMP0010,2025-10-07,2,1,Complaint Resolution
FDBK06636,EMP0457,2026-09-26,4,0,Complaint Resolution
FDBK06637,EMP0475,2025-11-11,4,0,Product Satisfaction
FDBK06638,EMP0481,2025-10-22,4,0,Staff Behaviour
FDBK06639,EMP0053,2026-06-04,5,0,Complaint Resolution
FDBK06640,EMP0246,2026-03-15,2,0,Staff Behaviour
FDBK06641,EMP0402,2025-11-16,4,0,Service Quality
FDBK06642,EMP0498,2026-05-23,5,0,Service Quality
FDBK06643,EMP0073,2026-07-16,4,1,Digital Banking
FDBK06644,EMP0311,2026-07-28,4,0,Complaint Resolution
FDBK06645,EMP0141,2026-03-15,4,1,Staff Behaviour
FDBK06646,EMP0292,2026-08-26,5,0,Digital Banking
FDBK06647,EMP0144,2026-02-16,3,1,Staff Behaviour
FDBK06648,EMP0352,2026-09-18,4,0,Service Quality
FDBK06649,EMP0193,2026-06-02,3,0,Complaint Resolution
FDBK06650,EMP0430,2026-09-19,4,0,Staff Behaviour
FDBK06651,EMP0338,2026-02-13,4,0,Complaint Resolution
FDBK06652,EMP0106,2025-11-22,3,0,Digital Banking
FDBK06653,EMP0030,2026-02-16,4,1,Staff Behaviour
FDBK06654,EMP0486,2026-05-13,4,2,Staff Behaviour
FDBK06655,EMP0104,2026-09-02,4,0,Complaint Resolution
FDBK06656,EMP0188,2026-04-22,5,0,Digital Banking
FDBK06657,EMP0275,2025-10-03,2,0,Product Satisfaction
FDBK06658,EMP0244,2026-08-19,3,0,Digital Banking
FDBK06659,EMP0078,2026-05-01,5,0,Digital Banking
FDBK06660,EMP0468,2026-03-04,4,1,Service Quality
FDBK06661,EMP0023,2025-11-24,5,0,Service Quality
FDBK06662,EMP0396,2026-05-13,3,0,Product Satisfaction
FDBK06663,EMP0267,2026-04-14,5,1,Service Quality
FDBK06664,EMP0217,2025-11-05,5,0,Staff Behaviour
FDBK06665,EMP0007,2026-08-12,3,1,Staff Behaviour
FDBK06666,EMP0017,2026-05-25,4,1,Complaint Resolution
FDBK06667,EMP0149,2026-08-04,1,0,Service Quality
FDBK06668,EMP0384,2026-07-14,4,1,Service Quality
FDBK06669,EMP0205,2026-05-18,4,0,Digital Banking
FDBK06670,EMP0122,2026-02-28,2,0,Service Quality
FDBK06671,EMP0009,2026-04-16,4,0,Digital Banking
FDBK06672,EMP0377,2025-12-21,4,0,Complaint Resolution
FDBK06673,EMP0219,2026-02-15,4,0,Staff Behaviour
FDBK06674,EMP0014,2026-03-24,4,0,Complaint Resolution
FDBK06675,EMP0312,2026-09-14,3,1,Staff Behaviour
FDBK06676,EMP0251,2026-05-04,4,0,Product Satisfaction
FDBK06677,EMP0467,2026-04-19,2,0,Digital Banking
FDBK06678,EMP0020,2026-07-15,3,0,Digital Banking
FDBK06679,EMP0492,2026-06-23,5,0,Staff Behaviour
FDBK06680,EMP0035,2026-03-23,5,1,Product Satisfaction
FDBK06681,EMP0450,2026-06-18,4,0,Digital Banking
FDBK06682,EMP0109,2026-07-26,4,0,Service Quality
FDBK06683,EMP0146,2026-05-26,5,0,Product Satisfaction
FDBK06684,EMP0049,2025-12-02,4,0,Complaint Resolution
FDBK06685,EMP0012,2026-09-05,5,3,Service Quality
FDBK06686,EMP0279,2026-04-07,5,0,Staff Behaviour
FDBK06687,EMP0255,2025-12-14,4,1,Digital Banking
FDBK06688,EMP0445,2026-04-27,3,0,Service Quality
FDBK06689,EMP0442,2025-10-03,3,0,Staff Behaviour
FDBK06690,EMP0487,2026-05-25,3,0,Complaint Resolution
FDBK06691,EMP0093,2026-07-06,4,0,Staff Behaviour
FDBK06692,EMP0242,2026-02-26,3,0,Product Satisfaction
FDBK06693,EMP0366,2025-12-23,5,0,Digital Banking
FDBK06694,EMP0235,2025-12-02,4,0,Complaint Resolution
FDBK06695,EMP0363,2026-03-14,5,0,Staff Behaviour
FDBK06696,EMP0303,2025-12-03,4,2,Product Satisfaction
FDBK06697,EMP0161,2025-10-08,3,0,Staff Behaviour
FDBK06698,EMP0307,2026-08-08,5,1,Digital Banking
FDBK06699,EMP0189,2026-01-15,4,0,Staff Behaviour
FDBK06700,EMP0036,2026-02-04,3,0,Product Satisfaction
FDBK06701,EMP0181,2026-02-26,3,1,Staff Behaviour
FDBK06702,EMP0065,2026-07-14,4,0,Digital Banking
FDBK06703,EMP0261,2026-07-18,5,0,Product Satisfaction
FDBK06704,EMP0075,2026-04-04,5,0,Complaint Resolution
FDBK06705,EMP0313,2026-01-03,4,2,Staff Behaviour
FDBK06706,EMP0093,2025-10-28,4,0,Staff Behaviour
FDBK06707,EMP0143,2026-01-19,5,0,Digital Banking
FDBK06708,EMP0260,2026-02-28,4,0,Digital Banking
FDBK06709,EMP0117,2026-08-10,3,0,Service Quality
FDBK06710,EMP0238,2026-07-01,1,0,Digital Banking
FDBK06711,EMP0109,2025-11-06,2,3,Service Quality
FDBK06712,EMP0028,2026-08-11,3,1,Product Satisfaction
FDBK06713,EMP0003,2026-04-07,3,0,Product Satisfaction
FDBK06714,EMP0415,2026-08-16,4,0,Service Quality
FDBK06715,EMP0297,2026-05-24,4,0,Complaint Resolution
FDBK06716,EMP0453,2026-05-03,4,0,Staff Behaviour
FDBK06717,EMP0181,2026-07-21,3,0,Complaint Resolution
FDBK06718,EMP0342,2025-12-09,4,0,Digital Banking
FDBK06719,EMP0176,2026-01-07,4,1,Staff Behaviour
FDBK06720,EMP0185,2025-11-05,5,1,Complaint Resolution
FDBK06721,EMP0499,2026-05-15,4,0,Staff Behaviour
FDBK06722,EMP0200,2025-11-01,2,0,Service Quality
FDBK06723,EMP0025,2026-01-08,5,0,Complaint Resolution
FDBK06724,EMP0120,2026-06-09,4,2,Service Quality
FDBK06725,EMP0143,2026-01-14,5,0,Digital Banking
FDBK06726,EMP0081,2025-10-21,4,0,Service Quality
FDBK06727,EMP0490,2026-06-01,4,1,Service Quality
FDBK06728,EMP0120,2026-02-07,2,0,Service Quality
FDBK06729,EMP0134,2026-01-18,2,0,Digital Banking
FDBK06730,EMP0059,2026-02-27,4,0,Complaint Resolution
FDBK06731,EMP0237,2026-06-04,4,0,Complaint Resolution
FDBK06732,EMP0118,2025-10-10,5,1,Digital Banking
FDBK06733,EMP0378,2026-06-05,4,0,Digital Banking
FDBK06734,EMP0342,2025-10-08,1,0,Product Satisfaction
FDBK06735,EMP0101,2025-10-24,4,1,Complaint Resolution
FDBK06736,EMP0499,2026-07-02,5,0,Service Quality
FDBK06737,EMP0497,2026-02-27,3,0,Service Quality
FDBK06738,EMP0023,2026-05-20,4,1,Service Quality
FDBK06739,EMP0247,2026-06-01,2,0,Digital Banking
FDBK06740,EMP0285,2026-02-15,5,0,Staff Behaviour
FDBK06741,EMP0362,2025-11-11,3,2,Digital Banking
FDBK06742,EMP0483,2025-11-03,4,0,Product Satisfaction
FDBK06743,EMP0295,2026-08-05,4,1,Service Quality
FDBK06744,EMP0222,2026-03-11,4,0,Staff Behaviour
FDBK06745,EMP0083,2026-03-09,3,0,Digital Banking
FDBK06746,EMP0425,2026-02-19,5,2,Digital Banking
FDBK06747,EMP0155,2026-07-04,3,0,Complaint Resolution
FDBK06748,EMP0282,2026-05-14,3,0,Complaint Resolution
FDBK06749,EMP0314,2026-05-10,2,1,Product Satisfaction
FDBK06750,EMP0221,2026-02-28,4,1,Complaint Resolution
FDBK06751,EMP0429,2025-11-27,4,0,Staff Behaviour
FDBK06752,EMP0166,2026-09-07,5,1,Complaint Resolution
FDBK06753,EMP0019,2026-01-27,4,2,Staff Behaviour
FDBK06754,EMP0408,2025-11-24,4,0,Product Satisfaction
FDBK06755,EMP0491,2025-12-02,4,0,Product Satisfaction
FDBK06756,EMP0016,2026-02-08,4,1,Staff Behaviour
FDBK06757,EMP0200,2026-07-19,4,0,Staff Behaviour
FDBK06758,EMP0450,2026-04-11,3,0,Digital Banking
FDBK06759,EMP0211,2026-03-04,5,0,Digital Banking
FDBK06760,EMP0291,2026-08-24,3,1,Product Satisfaction
FDBK06761,EMP0230,2026-04-10,4,0,Digital Banking
FDBK06762,EMP0405,2026-01-09,5,0,Digital Banking
FDBK06763,EMP0442,2026-05-07,5,0,Service Quality
FDBK06764,EMP0002,2025-10-13,3,3,Staff Behaviour
FDBK06765,EMP0096,2025-11-15,3,0,Service Quality
FDBK06766,EMP0395,2026-01-11,4,0,Staff Behaviour
FDBK06767,EMP0458,2025-12-06,3,1,Complaint Resolution
FDBK06768,EMP0413,2026-02-18,5,1,Digital Banking
FDBK06769,EMP0350,2026-06-20,4,0,Staff Behaviour
FDBK06770,EMP0225,2026-06-14,1,0,Service Quality
FDBK06771,EMP0269,2025-12-11,4,0,Complaint Resolution
FDBK06772,EMP0305,2026-09-20,5,0,Product Satisfaction
FDBK06773,EMP0396,2026-09-23,4,1,Digital Banking
FDBK06774,EMP0080,2026-01-19,3,0,Service Quality
FDBK06775,EMP0215,2026-09-24,5,0,Staff Behaviour
FDBK06776,EMP0209,2025-11-15,3,0,Service Quality
FDBK06777,EMP0057,2026-06-22,5,0,Digital Banking
FDBK06778,EMP0348,2025-12-07,3,0,Complaint Resolution
FDBK06779,EMP0164,2026-08-01,2,2,Staff Behaviour
FDBK06780,EMP0006,2026-03-28,3,0,Complaint Resolution
FDBK06781,EMP0180,2026-05-07,5,2,Product Satisfaction
FDBK06782,EMP0041,2026-03-27,2,0,Product Satisfaction
FDBK06783,EMP0076,2025-10-06,5,0,Service Quality
FDBK06784,EMP0485,2026-01-11,4,1,Staff Behaviour
FDBK06785,EMP0085,2025-12-03,4,1,Product Satisfaction
FDBK06786,EMP0413,2026-04-28,4,0,Digital Banking
FDBK06787,EMP0025,2026-02-08,2,0,Staff Behaviour
FDBK06788,EMP0487,2026-05-12,4,3,Digital Banking
FDBK06789,EMP0078,2025-12-07,3,0,Digital Banking
FDBK06790,EMP0149,2026-05-16,5,0,Staff Behaviour
FDBK06791,EMP0268,2026-05-07,2,2,Service Quality
FDBK06792,EMP0169,2026-02-07,2,0,Complaint Resolution
FDBK06793,EMP0305,2026-09-08,2,0,Staff Behaviour
FDBK06794,EMP0306,2025-10-19,4,1,Digital Banking
FDBK06795,EMP0184,2026-07-14,5,1,Staff Behaviour
FDBK06796,EMP0450,2026-04-25,5,0,Product Satisfaction
FDBK06797,EMP0179,2026-09-04,4,1,Service Quality
FDBK06798,EMP0133,2026-09-22,1,0,Staff Behaviour
FDBK06799,EMP0014,2026-04-26,5,1,Staff Behaviour
FDBK06800,EMP0128,2025-10-15,4,0,Service Quality
FDBK06801,EMP0373,2026-05-27,4,0,Service Quality
FDBK06802,EMP0414,2026-06-08,5,0,Digital Banking
FDBK06803,EMP0068,2026-03-27,5,0,Staff Behaviour
FDBK06804,EMP0286,2026-06-25,4,0,Digital Banking
FDBK06805,EMP0464,2025-10-19,4,1,Digital Banking
FDBK06806,EMP0458,2026-06-21,4,0,Service Quality
FDBK06807,EMP0126,2026-06-21,4,0,Staff Behaviour
FDBK06808,EMP0212,2026-07-03,4,0,Staff Behaviour
FDBK06809,EMP0238,2026-01-26,2,1,Complaint Resolution
FDBK06810,EMP0223,2026-03-27,5,0,Complaint Resolution
FDBK06811,EMP0418,2026-06-24,3,0,Staff Behaviour
FDBK06812,EMP0310,2026-07-12,5,1,Staff Behaviour
FDBK06813,EMP0325,2026-01-17,2,0,Digital Banking
FDBK06814,EMP0477,2026-03-14,5,1,Service Quality
FDBK06815,EMP0082,2025-10-11,5,0,Digital Banking
FDBK06816,EMP0303,2026-09-28,3,0,Complaint Resolution
FDBK06817,EMP0110,2026-05-12,4,0,Staff Behaviour
FDBK06818,EMP0092,2026-09-02,4,1,Digital Banking
FDBK06819,EMP0039,2025-11-18,4,0,Staff Behaviour
FDBK06820,EMP0483,2026-07-07,4,0,Complaint Resolution
FDBK06821,EMP0113,2026-06-03,4,0,Complaint Resolution
FDBK06822,EMP0329,2026-08-12,4,0,Staff Behaviour
FDBK06823,EMP0275,2026-09-19,4,0,Product Satisfaction
FDBK06824,EMP0077,2025-10-16,4,0,Service Quality
FDBK06825,EMP0440,2026-05-01,4,0,Complaint Resolution
FDBK06826,EMP0254,2025-11-01,4,0,Digital Banking
FDBK06827,EMP0365,2025-10-24,3,0,Staff Behaviour
FDBK06828,EMP0317,2026-08-16,3,0,Digital Banking
FDBK06829,EMP0039,2026-02-06,5,0,Digital Banking
FDBK06830,EMP0019,2026-03-04,4,1,Service Quality
FDBK06831,EMP0413,2026-08-27,4,0,Staff Behaviour
FDBK06832,EMP0343,2026-02-10,5,0,Complaint Resolution
FDBK06833,EMP0083,2026-09-25,5,0,Product Satisfaction
FDBK06834,EMP0063,2026-01-22,4,0,Service Quality
FDBK06835,EMP0224,2026-02-13,4,0,Staff Behaviour
FDBK06836,EMP0296,2026-08-15,3,2,Service Quality
FDBK06837,EMP0188,2026-02-28,5,1,Product Satisfaction
FDBK06838,EMP0434,2025-11-28,4,0,Complaint Resolution
FDBK06839,EMP0370,2026-09-23,3,0,Complaint Resolution
FDBK06840,EMP0183,2026-02-03,5,0,Service Quality
FDBK06841,EMP0252,2026-08-16,5,0,Staff Behaviour
FDBK06842,EMP0311,2026-01-15,3,0,Product Satisfaction
FDBK06843,EMP0148,2026-09-07,4,0,Staff Behaviour
FDBK06844,EMP0144,2026-07-18,4,0,Service Quality
FDBK06845,EMP0143,2026-05-21,5,2,Product Satisfaction
FDBK06846,EMP0186,2025-12-25,3,1,Digital Banking
FDBK06847,EMP0120,2026-05-18,4,1,Digital Banking
FDBK06848,EMP0020,2026-07-17,2,0,Product Satisfaction
FDBK06849,EMP0454,2026-04-12,4,0,Complaint Resolution
FDBK06850,EMP0233,2026-08-10,5,1,Staff Behaviour
FDBK06851,EMP0227,2026-08-21,4,0,Digital Banking
FDBK06852,EMP0421,2025-10-14,3,0,Product Satisfaction
FDBK06853,EMP0100,2026-09-02,4,0,Product Satisfaction
FDBK06854,EMP0008,2026-01-24,4,1,Service Quality
FDBK06855,EMP0143,2025-10-19,4,1,Service Quality
FDBK06856,EMP0374,2025-12-02,5,0,Product Satisfaction
FDBK06857,EMP0386,2025-10-16,3,3,Product Satisfaction
FDBK06858,EMP0222,2025-10-14,5,0,Staff Behaviour
FDBK06859,EMP0064,2026-06-11,4,0,Product Satisfaction
FDBK06860,EMP0294,2026-01-12,1,0,Service Quality
FDBK06861,EMP0277,2026-04-26,4,0,Staff Behaviour
FDBK06862,EMP0497,2026-05-20,4,0,Product Satisfaction
FDBK06863,EMP0210,2026-06-07,3,0,Complaint Resolution
FDBK06864,EMP0217,2025-11-09,5,0,Digital Banking
FDBK06865,EMP0477,2026-04-19,5,0,Complaint Resolution
FDBK06866,EMP0480,2026-01-26,3,0,Digital Banking
FDBK06867,EMP0392,2025-11-07,4,0,Service Quality
FDBK06868,EMP0139,2025-11-07,3,1,Complaint Resolution
FDBK06869,EMP0084,2026-01-06,2,1,Product Satisfaction
FDBK06870,EMP0102,2025-10-04,3,0,Digital Banking
FDBK06871,EMP0423,2026-09-07,5,0,Staff Behaviour
FDBK06872,EMP0047,2026-05-02,5,0,Staff Behaviour
FDBK06873,EMP0443,2026-02-02,5,0,Complaint Resolution
FDBK06874,EMP0162,2025-11-04,5,0,Complaint Resolution
FDBK06875,EMP0164,2026-06-09,5,0,Complaint Resolution
FDBK06876,EMP0037,2026-09-07,4,0,Product Satisfaction
FDBK06877,EMP0428,2026-05-02,5,0,Product Satisfaction
FDBK06878,EMP0072,2026-06-18,4,0,Complaint Resolution
FDBK06879,EMP0113,2026-03-03,5,0,Service Quality
FDBK06880,EMP0447,2026-07-10,4,0,Product Satisfaction
FDBK06881,EMP0013,2026-07-24,3,1,Service Quality
FDBK06882,EMP0272,2026-05-01,2,0,Product Satisfaction
FDBK06883,EMP0434,2026-07-28,4,1,Product Satisfaction
FDBK06884,EMP0182,2026-08-08,4,0,Staff Behaviour
FDBK06885,EMP0241,2026-06-14,1,0,Product Satisfaction
FDBK06886,EMP0064,2025-10-20,5,1,Product Satisfaction
FDBK06887,EMP0031,2026-05-07,3,0,Digital Banking
FDBK06888,EMP0372,2025-10-19,3,0,Staff Behaviour
FDBK06889,EMP0381,2026-06-17,5,0,Service Quality
FDBK06890,EMP0215,2025-10-05,5,0,Staff Behaviour
FDBK06891,EMP0429,2026-08-24,4,0,Service Quality
FDBK06892,EMP0199,2026-02-04,4,0,Product Satisfaction
FDBK06893,EMP0041,2025-12-25,5,0,Complaint Resolution
FDBK06894,EMP0417,2026-09-17,5,0,Product Satisfaction
FDBK06895,EMP0243,2025-12-02,5,0,Service Quality
FDBK06896,EMP0125,2025-12-18,3,0,Digital Banking
FDBK06897,EMP0201,2026-09-14,5,0,Product Satisfaction
FDBK06898,EMP0411,2026-08-07,5,0,Staff Behaviour
FDBK06899,EMP0332,2026-03-17,3,0,Service Quality
FDBK06900,EMP0429,2026-02-28,4,0,Digital Banking
FDBK06901,EMP0170,2025-12-27,4,0,Service Quality
FDBK06902,EMP0002,2026-02-10,4,0,Staff Behaviour
FDBK06903,EMP0024,2025-11-12,4,0,Product Satisfaction
FDBK06904,EMP0483,2025-10-27,4,1,Complaint Resolution
FDBK06905,EMP0427,2026-09-14,5,0,Service Quality
FDBK06906,EMP0473,2026-05-17,3,2,Staff Behaviour
FDBK06907,EMP0479,2026-03-01,3,0,Digital Banking
FDBK06908,EMP0256,2025-10-18,2,0,Staff Behaviour
FDBK06909,EMP0176,2025-11-13,4,0,Service Quality
FDBK06910,EMP0180,2026-09-19,4,0,Complaint Resolution
FDBK06911,EMP0190,2026-07-04,3,1,Complaint Resolution
FDBK06912,EMP0338,2026-09-25,4,1,Staff Behaviour
FDBK06913,EMP0034,2026-09-18,5,0,Product Satisfaction
FDBK06914,EMP0165,2026-05-01,1,1,Staff Behaviour
FDBK06915,EMP0300,2026-07-03,4,0,Service Quality
FDBK06916,EMP0102,2026-08-08,4,0,Digital Banking
FDBK06917,EMP0191,2025-12-07,2,0,Digital Banking
FDBK06918,EMP0318,2025-11-04,3,3,Digital Banking
FDBK06919,EMP0005,2026-04-26,4,0,Service Quality
FDBK06920,EMP0014,2025-12-10,5,1,Staff Behaviour
FDBK06921,EMP0492,2026-07-05,3,0,Product Satisfaction
FDBK06922,EMP0388,2026-08-10,3,0,Complaint Resolution
FDBK06923,EMP0208,2026-01-19,2,0,Digital Banking
FDBK06924,EMP0495,2026-03-08,4,0,Product Satisfaction
FDBK06925,EMP0179,2026-04-03,1,1,Digital Banking
FDBK06926,EMP0249,2026-01-03,3,1,Complaint Resolution
FDBK06927,EMP0083,2026-04-17,4,0,Product Satisfaction
FDBK06928,EMP0110,2025-11-23,5,0,Staff Behaviour
FDBK06929,EMP0313,2026-07-24,4,1,Product Satisfaction
FDBK06930,EMP0120,2026-06-16,5,0,Complaint Resolution
FDBK06931,EMP0159,2026-02-05,3,1,Complaint Resolution
FDBK06932,EMP0483,2025-12-21,3,0,Staff Behaviour
FDBK06933,EMP0465,2025-10-25,4,0,Complaint Resolution
FDBK06934,EMP0005,2026-07-06,5,0,Digital Banking
FDBK06935,EMP0431,2026-03-13,4,0,Complaint Resolution
FDBK06936,EMP0218,2026-06-05,2,0,Product Satisfaction
FDBK06937,EMP0017,2026-08-27,4,0,Product Satisfaction
FDBK06938,EMP0118,2026-08-12,4,0,Digital Banking
FDBK06939,EMP0415,2025-11-20,4,0,Service Quality
FDBK06940,EMP0385,2026-02-26,4,0,Service Quality
FDBK06941,EMP0072,2025-11-03,5,0,Complaint Resolution
FDBK06942,EMP0094,2026-03-06,5,0,Product Satisfaction
FDBK06943,EMP0333,2026-06-22,4,0,Digital Banking
FDBK06944,EMP0442,2026-08-13,4,0,Staff Behaviour
FDBK06945,EMP0306,2026-07-26,4,1,Product Satisfaction
FDBK06946,EMP0186,2026-04-15,4,0,Service Quality
FDBK06947,EMP0075,2025-11-07,3,0,Staff Behaviour
FDBK06948,EMP0295,2026-06-15,2,0,Product Satisfaction
FDBK06949,EMP0403,2026-01-16,4,0,Staff Behaviour
FDBK06950,EMP0164,2026-05-01,4,2,Service Quality
FDBK06951,EMP0467,2026-03-09,4,0,Complaint Resolution
FDBK06952,EMP0480,2026-01-08,5,0,Staff Behaviour
FDBK06953,EMP0281,2026-09-13,4,0,Complaint Resolution
FDBK06954,EMP0015,2026-02-22,1,1,Digital Banking
FDBK06955,EMP0191,2026-05-12,4,0,Digital Banking
FDBK06956,EMP0092,2026-09-17,5,1,Product Satisfaction
FDBK06957,EMP0444,2026-08-08,1,1,Product Satisfaction
FDBK06958,EMP0084,2026-02-17,3,0,Service Quality
FDBK06959,EMP0455,2026-04-19,3,2,Digital Banking
FDBK06960,EMP0469,2026-04-18,5,1,Service Quality
FDBK06961,EMP0038,2026-06-13,4,0,Product Satisfaction
FDBK06962,EMP0196,2025-12-17,3,0,Service Quality
FDBK06963,EMP0069,2026-07-18,4,1,Complaint Resolution
FDBK06964,EMP0216,2026-01-25,3,0,Service Quality
FDBK06965,EMP0130,2025-11-28,3,0,Digital Banking
FDBK06966,EMP0287,2026-01-16,2,0,Digital Banking
FDBK06967,EMP0256,2026-03-28,3,2,Product Satisfaction
FDBK06968,EMP0430,2026-03-26,4,0,Product Satisfaction
FDBK06969,EMP0167,2026-07-10,1,0,Digital Banking
FDBK06970,EMP0183,2026-01-17,1,0,Staff Behaviour
FDBK06971,EMP0031,2026-09-08,4,0,Service Quality
FDBK06972,EMP0065,2026-01-24,4,0,Staff Behaviour
FDBK06973,EMP0031,2026-08-22,4,0,Digital Banking
FDBK06974,EMP0204,2026-06-11,5,0,Complaint Resolution
FDBK06975,EMP0013,2025-10-12,4,0,Product Satisfaction
FDBK06976,EMP0194,2026-08-03,5,0,Staff Behaviour
FDBK06977,EMP0124,2025-12-22,4,0,Product Satisfaction
FDBK06978,EMP0060,2026-03-12,4,2,Product Satisfaction
FDBK06979,EMP0047,2026-09-16,3,0,Service Quality
FDBK06980,EMP0245,2026-06-25,3,0,Product Satisfaction
FDBK06981,EMP0168,2026-03-08,2,1,Complaint Resolution
FDBK06982,EMP0180,2026-03-17,4,0,Complaint Resolution
FDBK06983,EMP0398,2026-05-27,5,0,Product Satisfaction
FDBK06984,EMP0325,2026-04-18,3,0,Service Quality
FDBK06985,EMP0416,2025-12-28,4,1,Digital Banking
FDBK06986,EMP0440,2026-04-08,5,0,Complaint Resolution
FDBK06987,EMP0274,2026-03-13,4,0,Product Satisfaction
FDBK06988,EMP0173,2025-12-28,4,0,Product Satisfaction
FDBK06989,EMP0236,2025-11-01,3,0,Service Quality
FDBK06990,EMP0125,2026-01-17,4,0,Service Quality
FDBK06991,EMP0461,2025-12-11,4,1,Staff Behaviour
FDBK06992,EMP0245,2026-08-04,3,0,Product Satisfaction
FDBK06993,EMP0440,2026-05-21,3,1,Product Satisfaction
FDBK06994,EMP0306,2026-08-18,1,0,Complaint Resolution
FDBK06995,EMP0240,2026-02-23,2,0,Staff Behaviour
FDBK06996,EMP0353,2026-02-21,5,0,Service Quality
FDBK06997,EMP0492,2026-08-04,3,0,Service Quality
FDBK06998,EMP0495,2026-09-15,5,0,Complaint Resolution
FDBK06999,EMP0386,2026-03-08,5,0,Staff Behaviour
FDBK07000,EMP0478,2025-11-13,3,1,Digital Banking
FDBK07001,EMP0340,2025-10-01,5,0,Product Satisfaction
FDBK07002,EMP0396,2026-09-03,4,1,Staff Behaviour
FDBK07003,EMP0196,2025-12-21,4,0,Digital Banking
FDBK07004,EMP0036,2026-04-15,4,0,Staff Behaviour
FDBK07005,EMP0017,2026-06-02,4,0,Product Satisfaction
FDBK07006,EMP0286,2026-09-04,4,0,Digital Banking
FDBK07007,EMP0091,2025-11-01,5,0,Product Satisfaction
FDBK07008,EMP0409,2026-01-25,5,0,Complaint Resolution
FDBK07009,EMP0222,2026-07-10,5,2,Staff Behaviour
FDBK07010,EMP0424,2025-12-11,4,2,Staff Behaviour
FDBK07011,EMP0042,2026-07-27,3,0,Service Quality
FDBK07012,EMP0388,2026-09-20,5,0,Digital Banking
FDBK07013,EMP0484,2025-11-22,3,0,Digital Banking
FDBK07014,EMP0002,2026-06-22,3,0,Product Satisfaction
FDBK07015,EMP0163,2025-10-10,4,1,Digital Banking
FDBK07016,EMP0022,2025-12-05,4,0,Staff Behaviour
FDBK07017,EMP0399,2025-12-18,5,1,Service Quality
FDBK07018,EMP0072,2025-12-02,4,0,Product Satisfaction
FDBK07019,EMP0081,2026-06-14,2,0,Digital Banking
FDBK07020,EMP0396,2026-03-09,4,1,Product Satisfaction
FDBK07021,EMP0290,2026-05-04,5,0,Digital Banking
FDBK07022,EMP0393,2026-05-18,3,0,Service Quality
FDBK07023,EMP0124,2025-12-22,4,0,Complaint Resolution
FDBK07024,EMP0179,2026-03-09,4,0,Digital Banking
FDBK07025,EMP0166,2026-08-07,4,0,Staff Behaviour
FDBK07026,EMP0094,2026-05-27,4,0,Service Quality
FDBK07027,EMP0013,2026-05-07,4,0,Complaint Resolution
FDBK07028,EMP0460,2025-11-25,3,0,Product Satisfaction
FDBK07029,EMP0379,2026-02-01,4,0,Product Satisfaction
FDBK07030,EMP0387,2026-01-02,5,1,Staff Behaviour
FDBK07031,EMP0413,2025-10-03,4,0,Product Satisfaction
FDBK07032,EMP0012,2026-02-14,5,0,Service Quality
FDBK07033,EMP0327,2026-08-05,5,1,Product Satisfaction
FDBK07034,EMP0164,2026-04-10,2,0,Digital Banking
FDBK07035,EMP0215,2026-02-09,5,1,Product Satisfaction
FDBK07036,EMP0422,2026-06-22,3,1,Complaint Resolution
FDBK07037,EMP0424,2026-07-11,3,0,Product Satisfaction
FDBK07038,EMP0204,2026-05-15,4,0,Product Satisfaction
FDBK07039,EMP0430,2026-09-16,5,0,Staff Behaviour
FDBK07040,EMP0148,2026-05-19,5,0,Complaint Resolution
FDBK07041,EMP0257,2026-09-11,2,0,Complaint Resolution
FDBK07042,EMP0059,2026-06-25,4,0,Service Quality
FDBK07043,EMP0372,2026-01-16,3,0,Complaint Resolution
FDBK07044,EMP0218,2026-03-25,5,1,Digital Banking
FDBK07045,EMP0341,2026-02-09,2,1,Service Quality
FDBK07046,EMP0137,2026-07-22,5,0,Complaint Resolution
FDBK07047,EMP0101,2026-05-10,4,0,Service Quality
FDBK07048,EMP0348,2026-06-21,3,0,Service Quality
FDBK07049,EMP0214,2026-07-15,4,0,Digital Banking
FDBK07050,EMP0473,2026-07-25,5,0,Digital Banking
FDBK07051,EMP0343,2026-07-02,3,0,Product Satisfaction
FDBK07052,EMP0134,2026-09-12,4,0,Product Satisfaction
FDBK07053,EMP0161,2026-07-09,4,0,Service Quality
FDBK07054,EMP0376,2026-01-17,5,0,Digital Banking
FDBK07055,EMP0175,2026-04-02,4,0,Digital Banking
FDBK07056,EMP0189,2026-02-17,5,0,Complaint Resolution
FDBK07057,EMP0048,2025-12-13,5,1,Complaint Resolution
FDBK07058,EMP0351,2026-06-20,4,3,Digital Banking
FDBK07059,EMP0021,2026-07-20,3,1,Complaint Resolution
FDBK07060,EMP0185,2026-01-13,4,0,Service Quality
FDBK07061,EMP0498,2026-08-18,5,0,Service Quality
FDBK07062,EMP0356,2025-12-17,5,0,Product Satisfaction
FDBK07063,EMP0357,2025-12-07,3,0,Staff Behaviour
FDBK07064,EMP0159,2026-08-16,4,0,Service Quality
FDBK07065,EMP0086,2026-05-15,5,0,Complaint Resolution
FDBK07066,EMP0109,2025-12-19,3,0,Service Quality
FDBK07067,EMP0437,2026-01-15,4,1,Complaint Resolution
FDBK07068,EMP0097,2026-04-10,2,0,Service Quality
FDBK07069,EMP0420,2026-07-27,4,0,Service Quality
FDBK07070,EMP0463,2026-03-02,3,0,Service Quality
FDBK07071,EMP0119,2026-08-26,4,0,Digital Banking
FDBK07072,EMP0369,2026-02-01,3,0,Service Quality
FDBK07073,EMP0096,2026-06-23,4,0,Complaint Resolution
FDBK07074,EMP0029,2026-08-11,3,0,Staff Behaviour
FDBK07075,EMP0353,2026-06-19,4,1,Product Satisfaction
FDBK07076,EMP0119,2026-05-02,4,0,Staff Behaviour
FDBK07077,EMP0150,2025-11-27,4,1,Complaint Resolution
FDBK07078,EMP0039,2025-12-04,4,2,Complaint Resolution
FDBK07079,EMP0161,2026-06-27,4,1,Complaint Resolution
FDBK07080,EMP0050,2026-07-16,3,1,Product Satisfaction
FDBK07081,EMP0077,2025-10-16,5,0,Digital Banking
FDBK07082,EMP0097,2026-03-14,5,0,Staff Behaviour
FDBK07083,EMP0287,2026-02-07,5,0,Product Satisfaction
FDBK07084,EMP0164,2026-01-10,2,0,Service Quality
FDBK07085,EMP0256,2025-10-01,5,0,Complaint Resolution
FDBK07086,EMP0500,2025-12-06,4,1,Digital Banking
FDBK07087,EMP0293,2026-04-21,4,1,Complaint Resolution
FDBK07088,EMP0041,2026-03-27,4,0,Staff Behaviour
FDBK07089,EMP0182,2026-08-24,5,0,Digital Banking
FDBK07090,EMP0440,2025-10-25,3,0,Product Satisfaction
FDBK07091,EMP0146,2025-11-02,5,1,Product Satisfaction
FDBK07092,EMP0190,2026-01-06,4,0,Complaint Resolution
FDBK07093,EMP0217,2026-07-23,5,0,Service Quality
FDBK07094,EMP0116,2026-01-15,5,0,Complaint Resolution
FDBK07095,EMP0441,2026-08-15,1,0,Digital Banking
FDBK07096,EMP0448,2026-08-14,1,1,Digital Banking
FDBK07097,EMP0398,2026-03-15,3,0,Complaint Resolution
FDBK07098,EMP0369,2025-10-01,4,0,Complaint Resolution
FDBK07099,EMP0205,2026-02-21,3,0,Product Satisfaction
FDBK07100,EMP0149,2025-12-22,4,0,Staff Behaviour
FDBK07101,EMP0064,2025-11-02,4,0,Complaint Resolution
FDBK07102,EMP0017,2025-10-27,3,0,Staff Behaviour
FDBK07103,EMP0434,2025-12-24,4,1,Product Satisfaction
FDBK07104,EMP0186,2025-11-07,4,1,Service Quality
FDBK07105,EMP0411,2026-09-26,2,0,Staff Behaviour
FDBK07106,EMP0001,2025-10-28,5,0,Complaint Resolution
FDBK07107,EMP0052,2025-10-07,5,1,Product Satisfaction
FDBK07108,EMP0434,2026-04-14,5,0,Complaint Resolution
FDBK07109,EMP0119,2025-12-10,5,0,Digital Banking
FDBK07110,EMP0420,2026-05-19,5,0,Complaint Resolution
FDBK07111,EMP0249,2026-04-23,2,0,Complaint Resolution
FDBK07112,EMP0443,2026-09-01,4,0,Product Satisfaction
FDBK07113,EMP0122,2026-01-16,2,1,Service Quality
FDBK07114,EMP0113,2026-01-07,3,0,Digital Banking
FDBK07115,EMP0352,2026-03-17,3,1,Digital Banking
FDBK07116,EMP0050,2025-12-09,2,2,Complaint Resolution
FDBK07117,EMP0299,2025-11-16,1,0,Service Quality
FDBK07118,EMP0119,2026-09-11,4,0,Staff Behaviour
FDBK07119,EMP0110,2025-12-22,2,0,Staff Behaviour
FDBK07120,EMP0469,2026-07-03,3,0,Staff Behaviour
FDBK07121,EMP0299,2026-03-28,3,3,Product Satisfaction
FDBK07122,EMP0376,2025-11-17,4,1,Complaint Resolution
FDBK07123,EMP0282,2026-05-02,2,2,Complaint Resolution
FDBK07124,EMP0476,2025-11-05,4,1,Complaint Resolution
FDBK07125,EMP0301,2026-04-16,5,0,Service Quality
FDBK07126,EMP0066,2026-04-02,2,0,Digital Banking
FDBK07127,EMP0084,2026-08-08,5,1,Staff Behaviour
FDBK07128,EMP0079,2025-10-10,5,0,Service Quality
FDBK07129,EMP0412,2026-03-13,5,0,Complaint Resolution
FDBK07130,EMP0028,2026-08-17,5,0,Product Satisfaction
FDBK07131,EMP0274,2025-12-24,4,0,Complaint Resolution
FDBK07132,EMP0070,2026-08-02,4,0,Digital Banking
FDBK07133,EMP0001,2026-07-25,4,0,Digital Banking
FDBK07134,EMP0192,2026-03-20,4,0,Product Satisfaction
FDBK07135,EMP0023,2026-09-19,5,0,Product Satisfaction
FDBK07136,EMP0477,2026-01-25,5,1,Staff Behaviour
FDBK07137,EMP0002,2026-06-18,5,1,Product Satisfaction
FDBK07138,EMP0219,2025-12-28,3,0,Digital Banking
FDBK07139,EMP0467,2025-12-20,3,1,Digital Banking
FDBK07140,EMP0348,2026-05-19,4,0,Service Quality
FDBK07141,EMP0131,2026-08-18,5,0,Staff Behaviour
FDBK07142,EMP0025,2026-09-07,5,0,Service Quality
FDBK07143,EMP0204,2026-04-07,4,0,Staff Behaviour
FDBK07144,EMP0283,2026-08-28,4,0,Product Satisfaction
FDBK07145,EMP0069,2026-05-14,1,0,Complaint Resolution
FDBK07146,EMP0452,2026-09-26,4,1,Digital Banking
FDBK07147,EMP0415,2025-11-02,3,0,Complaint Resolution
FDBK07148,EMP0108,2025-12-24,4,0,Staff Behaviour
FDBK07149,EMP0064,2025-12-04,4,0,Service Quality
FDBK07150,EMP0086,2025-10-16,4,0,Product Satisfaction
FDBK07151,EMP0434,2026-09-05,5,0,Product Satisfaction
FDBK07152,EMP0093,2026-03-15,4,0,Staff Behaviour
FDBK07153,EMP0338,2025-11-14,4,0,Product Satisfaction
FDBK07154,EMP0029,2025-10-17,4,1,Digital Banking
FDBK07155,EMP0136,2026-02-02,5,0,Complaint Resolution
FDBK07156,EMP0055,2026-04-25,5,0,Product Satisfaction
FDBK07157,EMP0256,2025-12-12,4,0,Digital Banking
FDBK07158,EMP0109,2026-07-08,2,0,Digital Banking
FDBK07159,EMP0262,2026-03-09,5,0,Product Satisfaction
FDBK07160,EMP0467,2026-05-07,3,0,Staff Behaviour
FDBK07161,EMP0405,2025-12-10,5,0,Digital Banking
FDBK07162,EMP0006,2026-04-12,3,1,Staff Behaviour
FDBK07163,EMP0452,2025-10-13,3,0,Complaint Resolution
FDBK07164,EMP0143,2026-09-08,5,3,Service Quality
FDBK07165,EMP0159,2026-09-20,2,0,Service Quality
FDBK07166,EMP0130,2025-11-12,4,0,Complaint Resolution
FDBK07167,EMP0163,2026-06-14,4,0,Product Satisfaction
FDBK07168,EMP0361,2025-11-22,4,0,Staff Behaviour
FDBK07169,EMP0314,2026-03-16,5,0,Digital Banking
FDBK07170,EMP0487,2026-03-28,5,0,Service Quality
FDBK07171,EMP0284,2026-01-21,4,1,Service Quality
FDBK07172,EMP0158,2026-06-20,3,0,Digital Banking
FDBK07173,EMP0354,2026-07-24,4,0,Product Satisfaction
FDBK07174,EMP0294,2026-07-11,5,0,Complaint Resolution
FDBK07175,EMP0354,2026-09-18,4,1,Service Quality
FDBK07176,EMP0051,2026-04-15,4,0,Staff Behaviour
FDBK07177,EMP0361,2026-03-19,5,0,Product Satisfaction
FDBK07178,EMP0447,2025-11-05,5,0,Digital Banking
FDBK07179,EMP0075,2026-06-03,5,0,Staff Behaviour
FDBK07180,EMP0482,2026-03-02,5,1,Complaint Resolution
FDBK07181,EMP0234,2025-12-10,4,2,Complaint Resolution
FDBK07182,EMP0050,2026-06-09,5,1,Staff Behaviour
FDBK07183,EMP0293,2026-09-15,5,1,Digital Banking
FDBK07184,EMP0095,2026-07-04,4,0,Product Satisfaction
FDBK07185,EMP0479,2026-01-23,3,0,Digital Banking
FDBK07186,EMP0081,2025-12-01,5,0,Digital Banking
FDBK07187,EMP0291,2025-10-06,5,0,Digital Banking
FDBK07188,EMP0253,2026-03-05,3,0,Staff Behaviour
FDBK07189,EMP0389,2025-11-06,4,0,Product Satisfaction
FDBK07190,EMP0094,2026-02-13,4,0,Service Quality
FDBK07191,EMP0093,2026-04-10,3,1,Product Satisfaction
FDBK07192,EMP0190,2026-06-20,5,0,Complaint Resolution
FDBK07193,EMP0075,2026-06-24,5,0,Complaint Resolution
FDBK07194,EMP0298,2026-09-05,4,0,Staff Behaviour
FDBK07195,EMP0206,2026-04-16,3,1,Digital Banking
FDBK07196,EMP0103,2026-05-22,5,0,Product Satisfaction
FDBK07197,EMP0358,2026-06-16,4,1,Product Satisfaction
FDBK07198,EMP0406,2026-02-24,3,0,Product Satisfaction
FDBK07199,EMP0200,2025-11-14,3,0,Service Quality
FDBK07200,EMP0464,2026-01-28,4,0,Complaint Resolution
FDBK07201,EMP0432,2026-01-13,4,0,Digital Banking
FDBK07202,EMP0359,2026-05-06,4,0,Product Satisfaction
FDBK07203,EMP0321,2025-10-25,5,0,Digital Banking
FDBK07204,EMP0028,2026-01-25,4,0,Product Satisfaction
FDBK07205,EMP0351,2026-07-20,5,0,Service Quality
FDBK07206,EMP0088,2026-07-04,4,0,Digital Banking
FDBK07207,EMP0495,2026-08-14,5,0,Complaint Resolution
FDBK07208,EMP0348,2026-09-20,5,1,Product Satisfaction
FDBK07209,EMP0067,2026-05-27,3,0,Staff Behaviour
FDBK07210,EMP0146,2026-02-03,4,0,Product Satisfaction
FDBK07211,EMP0156,2026-02-04,3,0,Digital Banking
FDBK07212,EMP0340,2025-11-05,3,0,Service Quality
FDBK07213,EMP0396,2026-01-11,2,2,Product Satisfaction
FDBK07214,EMP0182,2026-05-15,5,1,Staff Behaviour
FDBK07215,EMP0427,2026-06-06,5,1,Service Quality
FDBK07216,EMP0438,2025-12-21,4,0,Complaint Resolution
FDBK07217,EMP0459,2026-02-16,5,0,Service Quality
FDBK07218,EMP0418,2026-02-11,4,0,Product Satisfaction
FDBK07219,EMP0213,2025-10-26,3,1,Service Quality
FDBK07220,EMP0301,2025-11-20,3,1,Digital Banking
FDBK07221,EMP0197,2026-08-19,4,0,Digital Banking
FDBK07222,EMP0180,2026-09-14,4,0,Staff Behaviour
FDBK07223,EMP0208,2025-12-04,4,1,Digital Banking
FDBK07224,EMP0340,2026-05-07,3,0,Complaint Resolution
FDBK07225,EMP0273,2026-07-10,4,2,Product Satisfaction
FDBK07226,EMP0425,2025-10-20,4,0,Service Quality
FDBK07227,EMP0361,2025-11-15,5,0,Complaint Resolution
FDBK07228,EMP0472,2026-08-27,4,1,Complaint Resolution
FDBK07229,EMP0491,2025-12-18,5,0,Service Quality
FDBK07230,EMP0106,2026-04-26,4,1,Complaint Resolution
FDBK07231,EMP0246,2026-01-08,4,1,Digital Banking
FDBK07232,EMP0232,2026-03-20,5,0,Digital Banking
FDBK07233,EMP0338,2026-07-05,4,1,Service Quality
FDBK07234,EMP0387,2026-01-12,4,0,Service Quality
FDBK07235,EMP0303,2026-05-27,5,1,Complaint Resolution
FDBK07236,EMP0034,2026-07-27,3,0,Digital Banking
FDBK07237,EMP0334,2026-01-15,4,0,Product Satisfaction
FDBK07238,EMP0250,2026-03-27,1,0,Digital Banking
FDBK07239,EMP0098,2026-04-09,4,0,Staff Behaviour
FDBK07240,EMP0272,2026-06-24,5,0,Staff Behaviour
FDBK07241,EMP0097,2026-07-06,3,1,Staff Behaviour
FDBK07242,EMP0168,2026-06-20,4,0,Staff Behaviour
FDBK07243,EMP0448,2026-04-21,3,1,Service Quality
FDBK07244,EMP0153,2026-01-09,5,0,Digital Banking
FDBK07245,EMP0100,2026-04-18,5,0,Product Satisfaction
FDBK07246,EMP0287,2026-02-25,3,1,Service Quality
FDBK07247,EMP0364,2025-10-23,1,1,Service Quality
FDBK07248,EMP0320,2026-08-15,3,0,Service Quality
FDBK07249,EMP0228,2026-02-13,1,1,Product Satisfaction
FDBK07250,EMP0440,2025-11-11,2,0,Staff Behaviour
FDBK07251,EMP0095,2025-10-06,4,1,Complaint Resolution
FDBK07252,EMP0488,2025-12-06,4,0,Digital Banking
FDBK07253,EMP0264,2026-08-27,2,1,Complaint Resolution
FDBK07254,EMP0136,2025-12-03,5,0,Service Quality
FDBK07255,EMP0076,2026-03-12,4,0,Complaint Resolution
FDBK07256,EMP0194,2026-06-01,5,0,Digital Banking
FDBK07257,EMP0122,2025-12-17,5,0,Product Satisfaction
FDBK07258,EMP0254,2026-09-25,3,1,Staff Behaviour
FDBK07259,EMP0419,2026-01-19,2,0,Product Satisfaction
FDBK07260,EMP0022,2026-03-22,3,0,Digital Banking
FDBK07261,EMP0146,2026-02-26,1,0,Service Quality
FDBK07262,EMP0148,2026-02-11,3,0,Service Quality
FDBK07263,EMP0228,2025-12-13,4,2,Complaint Resolution
FDBK07264,EMP0276,2026-07-28,3,1,Product Satisfaction
FDBK07265,EMP0180,2025-12-28,4,0,Digital Banking
FDBK07266,EMP0320,2026-05-23,5,1,Staff Behaviour
FDBK07267,EMP0226,2026-07-12,3,0,Complaint Resolution
FDBK07268,EMP0147,2026-01-15,3,0,Service Quality
FDBK07269,EMP0379,2026-04-25,5,1,Digital Banking
FDBK07270,EMP0366,2026-06-22,5,1,Service Quality
FDBK07271,EMP0249,2025-11-28,5,3,Digital Banking
FDBK07272,EMP0163,2025-11-16,4,1,Product Satisfaction
FDBK07273,EMP0192,2026-03-06,4,0,Complaint Resolution
FDBK07274,EMP0202,2026-04-08,4,0,Complaint Resolution
FDBK07275,EMP0184,2025-11-11,3,1,Product Satisfaction
FDBK07276,EMP0173,2026-01-20,5,0,Service Quality
FDBK07277,EMP0356,2026-07-19,4,1,Product Satisfaction
FDBK07278,EMP0254,2026-08-22,5,0,Product Satisfaction
FDBK07279,EMP0316,2026-03-19,1,1,Service Quality
FDBK07280,EMP0062,2026-08-14,2,0,Service Quality
FDBK07281,EMP0011,2026-08-26,3,0,Digital Banking
FDBK07282,EMP0197,2026-02-26,1,0,Service Quality
FDBK07283,EMP0274,2025-12-14,5,1,Product Satisfaction
FDBK07284,EMP0491,2026-02-02,4,0,Digital Banking
FDBK07285,EMP0134,2026-02-11,3,0,Digital Banking
FDBK07286,EMP0200,2026-08-18,4,0,Service Quality
FDBK07287,EMP0424,2026-02-02,5,0,Product Satisfaction
FDBK07288,EMP0043,2026-08-05,3,0,Digital Banking
FDBK07289,EMP0261,2026-06-12,3,1,Complaint Resolution
FDBK07290,EMP0325,2026-02-21,5,2,Service Quality
FDBK07291,EMP0486,2025-12-04,5,1,Product Satisfaction
FDBK07292,EMP0082,2026-02-08,3,0,Service Quality
FDBK07293,EMP0360,2026-02-20,5,0,Service Quality
FDBK07294,EMP0281,2026-06-04,4,0,Digital Banking
FDBK07295,EMP0350,2026-07-21,4,0,Complaint Resolution
FDBK07296,EMP0422,2026-05-17,3,1,Staff Behaviour
FDBK07297,EMP0261,2025-11-15,3,1,Digital Banking
FDBK07298,EMP0083,2025-10-06,3,0,Service Quality
FDBK07299,EMP0492,2026-01-28,4,0,Digital Banking
FDBK07300,EMP0029,2026-06-23,5,0,Staff Behaviour
FDBK07301,EMP0084,2026-01-07,5,1,Product Satisfaction
FDBK07302,EMP0012,2026-03-18,4,0,Service Quality
FDBK07303,EMP0252,2026-02-21,4,1,Product Satisfaction
FDBK07304,EMP0108,2026-02-28,4,0,Digital Banking
FDBK07305,EMP0346,2026-06-27,4,1,Product Satisfaction
FDBK07306,EMP0137,2026-07-24,5,1,Complaint Resolution
FDBK07307,EMP0459,2026-02-15,1,0,Service Quality
FDBK07308,EMP0293,2025-12-22,4,0,Digital Banking
FDBK07309,EMP0404,2026-01-26,5,0,Service Quality
FDBK07310,EMP0169,2026-03-15,3,1,Product Satisfaction
FDBK07311,EMP0194,2026-07-26,3,0,Digital Banking
FDBK07312,EMP0472,2026-06-09,2,0,Service Quality
FDBK07313,EMP0080,2026-01-22,4,0,Digital Banking
FDBK07314,EMP0056,2026-09-07,3,0,Staff Behaviour
FDBK07315,EMP0253,2026-01-14,2,0,Product Satisfaction
FDBK07316,EMP0381,2026-09-20,3,0,Service Quality
FDBK07317,EMP0383,2025-10-22,5,1,Digital Banking
FDBK07318,EMP0210,2026-07-05,3,0,Product Satisfaction
FDBK07319,EMP0183,2026-06-11,5,0,Product Satisfaction
FDBK07320,EMP0161,2026-07-26,5,0,Staff Behaviour
FDBK07321,EMP0321,2026-06-23,5,0,Product Satisfaction
FDBK07322,EMP0104,2026-03-18,4,0,Staff Behaviour
FDBK07323,EMP0313,2026-05-13,5,0,Complaint Resolution
FDBK07324,EMP0477,2026-03-19,5,1,Staff Behaviour
FDBK07325,EMP0487,2026-05-04,3,1,Digital Banking
FDBK07326,EMP0003,2026-01-09,4,0,Complaint Resolution
FDBK07327,EMP0258,2026-06-05,3,0,Product Satisfaction
FDBK07328,EMP0337,2026-09-21,4,1,Staff Behaviour
FDBK07329,EMP0316,2025-11-10,3,1,Product Satisfaction
FDBK07330,EMP0262,2025-10-07,5,0,Digital Banking
FDBK07331,EMP0072,2026-03-24,4,0,Staff Behaviour
FDBK07332,EMP0472,2026-06-15,3,1,Staff Behaviour
FDBK07333,EMP0034,2026-06-12,5,1,Product Satisfaction
FDBK07334,EMP0247,2026-08-23,3,1,Product Satisfaction
FDBK07335,EMP0253,2026-01-01,5,0,Digital Banking
FDBK07336,EMP0124,2026-09-27,4,0,Product Satisfaction
FDBK07337,EMP0158,2025-11-19,4,2,Product Satisfaction
FDBK07338,EMP0378,2026-08-22,5,0,Service Quality
FDBK07339,EMP0270,2026-09-23,5,0,Complaint Resolution
FDBK07340,EMP0103,2026-07-23,4,0,Staff Behaviour
FDBK07341,EMP0142,2026-04-25,4,1,Service Quality
FDBK07342,EMP0116,2026-01-04,5,1,Complaint Resolution
FDBK07343,EMP0108,2026-03-04,3,0,Product Satisfaction
FDBK07344,EMP0472,2026-08-20,1,0,Staff Behaviour
FDBK07345,EMP0095,2026-04-06,3,0,Product Satisfaction
FDBK07346,EMP0008,2026-08-15,4,0,Digital Banking
FDBK07347,EMP0183,2026-05-03,4,0,Staff Behaviour
FDBK07348,EMP0308,2026-08-01,5,1,Product Satisfaction
FDBK07349,EMP0324,2026-07-26,4,1,Digital Banking
FDBK07350,EMP0180,2026-08-20,1,0,Digital Banking
FDBK07351,EMP0421,2025-12-23,4,0,Digital Banking
FDBK07352,EMP0339,2025-10-04,4,0,Staff Behaviour
FDBK07353,EMP0085,2026-04-26,5,0,Digital Banking
FDBK07354,EMP0353,2026-02-28,2,0,Product Satisfaction
FDBK07355,EMP0079,2025-12-21,4,0,Product Satisfaction
FDBK07356,EMP0104,2026-09-22,4,1,Staff Behaviour
FDBK07357,EMP0067,2025-12-04,5,0,Complaint Resolution
FDBK07358,EMP0047,2026-07-16,5,0,Staff Behaviour
FDBK07359,EMP0151,2025-12-13,3,0,Complaint Resolution
FDBK07360,EMP0206,2026-02-22,5,1,Digital Banking
FDBK07361,EMP0439,2025-11-26,4,0,Product Satisfaction
FDBK07362,EMP0129,2025-11-03,5,1,Service Quality
FDBK07363,EMP0364,2026-01-08,4,0,Digital Banking
FDBK07364,EMP0429,2026-01-07,4,1,Complaint Resolution
FDBK07365,EMP0199,2026-03-23,4,0,Digital Banking
FDBK07366,EMP0280,2025-10-20,4,1,Complaint Resolution
FDBK07367,EMP0211,2025-10-22,4,0,Staff Behaviour
FDBK07368,EMP0206,2026-05-21,4,0,Complaint Resolution
FDBK07369,EMP0266,2026-07-26,4,0,Digital Banking
FDBK07370,EMP0200,2026-03-21,3,0,Digital Banking
FDBK07371,EMP0348,2025-12-13,1,0,Complaint Resolution
FDBK07372,EMP0394,2026-08-06,3,3,Digital Banking
FDBK07373,EMP0397,2026-07-16,5,0,Digital Banking
FDBK07374,EMP0094,2026-03-17,4,0,Service Quality
FDBK07375,EMP0292,2026-05-25,4,1,Staff Behaviour
FDBK07376,EMP0494,2025-12-24,5,1,Complaint Resolution
FDBK07377,EMP0467,2025-12-05,1,0,Service Quality
FDBK07378,EMP0238,2025-12-06,3,0,Staff Behaviour
FDBK07379,EMP0091,2025-11-23,4,0,Complaint Resolution
FDBK07380,EMP0185,2026-03-15,5,0,Complaint Resolution
FDBK07381,EMP0343,2026-04-12,5,0,Digital Banking
FDBK07382,EMP0436,2025-11-25,5,1,Product Satisfaction
FDBK07383,EMP0114,2025-11-01,5,0,Product Satisfaction
FDBK07384,EMP0070,2026-07-22,3,0,Product Satisfaction
FDBK07385,EMP0267,2025-10-12,4,0,Product Satisfaction
FDBK07386,EMP0484,2026-08-24,2,0,Product Satisfaction
FDBK07387,EMP0035,2025-11-03,5,1,Staff Behaviour
FDBK07388,EMP0215,2026-03-28,5,3,Staff Behaviour
FDBK07389,EMP0122,2026-04-06,5,0,Digital Banking
FDBK07390,EMP0093,2025-10-10,3,1,Digital Banking
FDBK07391,EMP0257,2026-06-13,4,0,Complaint Resolution
FDBK07392,EMP0326,2026-06-05,4,0,Complaint Resolution
FDBK07393,EMP0244,2026-01-21,5,0,Digital Banking
FDBK07394,EMP0164,2026-05-10,4,0,Staff Behaviour
FDBK07395,EMP0181,2026-05-27,4,0,Digital Banking
FDBK07396,EMP0207,2025-10-01,5,0,Complaint Resolution
FDBK07397,EMP0178,2026-05-14,4,2,Digital Banking
FDBK07398,EMP0226,2026-03-27,5,0,Service Quality
FDBK07399,EMP0255,2026-02-24,5,1,Staff Behaviour
FDBK07400,EMP0089,2025-12-10,2,0,Service Quality
FDBK07401,EMP0070,2026-03-10,5,0,Product Satisfaction
FDBK07402,EMP0185,2026-01-17,4,0,Staff Behaviour
FDBK07403,EMP0404,2025-12-08,4,0,Complaint Resolution
FDBK07404,EMP0106,2026-06-02,3,1,Complaint Resolution
FDBK07405,EMP0081,2026-09-14,4,2,Digital Banking
FDBK07406,EMP0169,2026-01-03,3,0,Staff Behaviour
FDBK07407,EMP0035,2025-10-16,4,1,Staff Behaviour
FDBK07408,EMP0042,2025-12-16,4,0,Product Satisfaction
FDBK07409,EMP0322,2026-02-21,5,2,Product Satisfaction
FDBK07410,EMP0130,2025-11-15,5,0,Digital Banking
FDBK07411,EMP0467,2026-04-28,2,0,Staff Behaviour
FDBK07412,EMP0369,2026-09-19,5,0,Complaint Resolution
FDBK07413,EMP0090,2026-08-11,5,0,Staff Behaviour
FDBK07414,EMP0290,2026-07-02,2,0,Complaint Resolution
FDBK07415,EMP0191,2026-09-13,5,0,Staff Behaviour
FDBK07416,EMP0183,2025-10-11,3,0,Staff Behaviour
FDBK07417,EMP0375,2026-09-04,4,0,Complaint Resolution
FDBK07418,EMP0295,2026-08-18,5,1,Complaint Resolution
FDBK07419,EMP0295,2026-03-27,5,1,Service Quality
FDBK07420,EMP0140,2026-09-03,4,0,Staff Behaviour
FDBK07421,EMP0352,2026-07-21,4,0,Digital Banking
FDBK07422,EMP0129,2026-08-21,3,1,Staff Behaviour
FDBK07423,EMP0336,2026-09-07,4,0,Digital Banking
FDBK07424,EMP0317,2025-12-22,4,0,Complaint Resolution
FDBK07425,EMP0377,2025-10-12,4,1,Service Quality
FDBK07426,EMP0211,2026-06-17,2,0,Staff Behaviour
FDBK07427,EMP0111,2026-01-04,4,2,Staff Behaviour
FDBK07428,EMP0171,2026-09-08,4,0,Product Satisfaction
FDBK07429,EMP0347,2026-09-01,5,0,Product Satisfaction
FDBK07430,EMP0001,2026-04-19,5,0,Service Quality
FDBK07431,EMP0259,2025-11-18,3,1,Service Quality
FDBK07432,EMP0140,2026-08-27,4,0,Product Satisfaction
FDBK07433,EMP0458,2026-09-20,4,0,Product Satisfaction
FDBK07434,EMP0054,2026-02-26,4,0,Service Quality
FDBK07435,EMP0465,2026-05-01,4,0,Service Quality
FDBK07436,EMP0354,2026-08-08,4,0,Service Quality
FDBK07437,EMP0298,2026-09-07,4,1,Complaint Resolution
FDBK07438,EMP0205,2026-08-13,4,0,Digital Banking
FDBK07439,EMP0256,2026-02-28,4,0,Product Satisfaction
FDBK07440,EMP0020,2026-09-05,4,0,Service Quality
FDBK07441,EMP0104,2026-01-05,3,0,Product Satisfaction
FDBK07442,EMP0388,2025-12-27,4,1,Service Quality
FDBK07443,EMP0072,2025-11-20,2,3,Complaint Resolution
FDBK07444,EMP0243,2026-04-10,3,0,Complaint Resolution
FDBK07445,EMP0314,2026-02-06,2,0,Service Quality
FDBK07446,EMP0221,2025-12-10,4,0,Digital Banking
FDBK07447,EMP0091,2026-08-15,4,0,Digital Banking
FDBK07448,EMP0401,2026-02-12,3,0,Service Quality
FDBK07449,EMP0403,2026-06-14,4,1,Product Satisfaction
FDBK07450,EMP0097,2026-02-22,5,1,Product Satisfaction
FDBK07451,EMP0418,2026-07-16,5,2,Service Quality
FDBK07452,EMP0389,2025-12-23,3,0,Complaint Resolution
FDBK07453,EMP0025,2025-11-07,3,0,Staff Behaviour
FDBK07454,EMP0158,2026-03-26,5,0,Digital Banking
FDBK07455,EMP0239,2026-03-15,5,0,Digital Banking
FDBK07456,EMP0451,2025-11-12,3,0,Service Quality
FDBK07457,EMP0421,2025-10-11,3,0,Staff Behaviour
FDBK07458,EMP0324,2026-04-01,5,0,Product Satisfaction
FDBK07459,EMP0019,2025-12-25,5,0,Digital Banking
FDBK07460,EMP0095,2026-08-09,4,0,Staff Behaviour
FDBK07461,EMP0274,2025-10-19,4,0,Staff Behaviour
FDBK07462,EMP0403,2026-07-06,4,1,Complaint Resolution
FDBK07463,EMP0134,2026-09-16,2,0,Product Satisfaction
FDBK07464,EMP0481,2026-06-26,4,1,Digital Banking
FDBK07465,EMP0048,2026-01-28,5,1,Product Satisfaction
FDBK07466,EMP0283,2026-02-13,5,3,Digital Banking
FDBK07467,EMP0062,2026-07-08,1,1,Product Satisfaction
FDBK07468,EMP0271,2026-06-28,4,1,Staff Behaviour
FDBK07469,EMP0164,2025-11-02,4,0,Complaint Resolution
FDBK07470,EMP0437,2026-04-06,4,1,Digital Banking
FDBK07471,EMP0417,2025-10-05,4,1,Staff Behaviour
FDBK07472,EMP0058,2026-07-24,4,0,Service Quality
FDBK07473,EMP0065,2026-08-23,5,0,Complaint Resolution
FDBK07474,EMP0191,2026-01-08,4,0,Digital Banking
FDBK07475,EMP0290,2026-03-11,4,1,Service Quality
FDBK07476,EMP0357,2026-06-21,5,1,Digital Banking
FDBK07477,EMP0452,2026-03-09,5,1,Service Quality
FDBK07478,EMP0036,2026-05-09,4,2,Complaint Resolution
FDBK07479,EMP0449,2026-08-09,5,0,Complaint Resolution
FDBK07480,EMP0137,2025-12-17,3,0,Product Satisfaction
FDBK07481,EMP0237,2026-09-07,3,0,Service Quality
FDBK07482,EMP0125,2026-04-20,5,0,Digital Banking
FDBK07483,EMP0356,2026-03-02,4,0,Staff Behaviour
FDBK07484,EMP0236,2026-06-13,4,0,Service Quality
FDBK07485,EMP0234,2025-10-08,4,0,Complaint Resolution
FDBK07486,EMP0214,2026-03-18,4,1,Digital Banking
FDBK07487,EMP0411,2026-06-05,4,0,Complaint Resolution
FDBK07488,EMP0208,2025-12-23,2,0,Product Satisfaction
FDBK07489,EMP0145,2026-08-09,5,0,Digital Banking
FDBK07490,EMP0393,2025-12-25,5,0,Service Quality
FDBK07491,EMP0072,2026-05-21,4,0,Complaint Resolution
FDBK07492,EMP0499,2025-11-14,5,1,Complaint Resolution
FDBK07493,EMP0002,2025-11-25,5,0,Service Quality
FDBK07494,EMP0327,2025-10-25,1,0,Complaint Resolution
FDBK07495,EMP0278,2026-03-06,4,1,Digital Banking
FDBK07496,EMP0115,2025-10-26,2,0,Complaint Resolution
FDBK07497,EMP0013,2026-03-22,5,0,Service Quality
FDBK07498,EMP0497,2026-05-06,4,1,Staff Behaviour
FDBK07499,EMP0040,2026-02-11,3,2,Service Quality
FDBK07500,EMP0016,2025-10-22,3,1,Service Quality
FDBK07501,EMP0103,2026-03-26,4,1,Complaint Resolution
FDBK07502,EMP0229,2026-03-19,5,0,Staff Behaviour
FDBK07503,EMP0094,2026-05-14,1,0,Digital Banking
FDBK07504,EMP0176,2025-12-15,2,1,Service Quality
FDBK07505,EMP0213,2026-08-15,4,0,Service Quality
FDBK07506,EMP0030,2026-02-25,3,0,Digital Banking
FDBK07507,EMP0344,2026-08-26,4,1,Digital Banking
FDBK07508,EMP0102,2025-10-14,4,2,Product Satisfaction
FDBK07509,EMP0391,2025-10-21,3,0,Digital Banking
FDBK07510,EMP0320,2026-09-06,4,0,Staff Behaviour
FDBK07511,EMP0461,2026-08-01,3,0,Service Quality
FDBK07512,EMP0247,2026-01-12,3,2,Complaint Resolution
FDBK07513,EMP0228,2025-12-28,4,1,Service Quality
FDBK07514,EMP0052,2026-09-24,5,0,Staff Behaviour
FDBK07515,EMP0153,2026-01-13,4,1,Service Quality
FDBK07516,EMP0183,2026-03-17,1,0,Digital Banking
FDBK07517,EMP0029,2026-04-16,4,0,Product Satisfaction
FDBK07518,EMP0250,2026-04-13,4,0,Complaint Resolution
FDBK07519,EMP0097,2026-08-11,4,0,Complaint Resolution
FDBK07520,EMP0168,2026-02-06,4,0,Product Satisfaction
FDBK07521,EMP0289,2026-08-22,4,0,Service Quality
FDBK07522,EMP0484,2026-05-10,5,0,Product Satisfaction
FDBK07523,EMP0402,2026-02-19,4,2,Complaint Resolution
FDBK07524,EMP0127,2025-11-03,2,1,Staff Behaviour
FDBK07525,EMP0323,2026-04-28,5,0,Product Satisfaction
FDBK07526,EMP0044,2026-08-10,5,0,Service Quality
FDBK07527,EMP0276,2026-09-02,5,0,Digital Banking
FDBK07528,EMP0453,2026-04-01,3,0,Digital Banking
FDBK07529,EMP0324,2026-03-18,4,1,Complaint Resolution
FDBK07530,EMP0393,2026-08-08,2,1,Service Quality
FDBK07531,EMP0307,2026-09-18,5,0,Service Quality
FDBK07532,EMP0073,2026-06-28,5,0,Digital Banking
FDBK07533,EMP0130,2026-07-10,4,0,Staff Behaviour
FDBK07534,EMP0487,2026-04-07,4,0,Product Satisfaction
FDBK07535,EMP0215,2025-10-02,4,0,Service Quality
FDBK07536,EMP0239,2026-09-20,4,1,Staff Behaviour
FDBK07537,EMP0078,2026-01-04,5,0,Staff Behaviour
FDBK07538,EMP0344,2026-09-17,5,0,Staff Behaviour
FDBK07539,EMP0320,2025-10-04,2,0,Digital Banking
FDBK07540,EMP0442,2026-09-21,5,0,Service Quality
FDBK07541,EMP0421,2025-12-21,4,0,Digital Banking
FDBK07542,EMP0434,2026-04-03,4,0,Complaint Resolution
FDBK07543,EMP0006,2025-11-24,5,0,Product Satisfaction
FDBK07544,EMP0207,2026-05-07,4,1,Staff Behaviour
FDBK07545,EMP0471,2025-11-03,5,0,Complaint Resolution
FDBK07546,EMP0428,2026-06-03,4,0,Product Satisfaction
FDBK07547,EMP0258,2025-12-11,3,0,Product Satisfaction
FDBK07548,EMP0089,2026-02-19,4,0,Product Satisfaction
FDBK07549,EMP0264,2026-09-19,4,0,Service Quality
FDBK07550,EMP0344,2025-11-06,5,3,Staff Behaviour
FDBK07551,EMP0058,2026-06-02,4,0,Digital Banking
FDBK07552,EMP0036,2025-10-12,4,0,Digital Banking
FDBK07553,EMP0444,2026-06-17,5,1,Service Quality
FDBK07554,EMP0085,2026-09-26,4,1,Staff Behaviour
FDBK07555,EMP0402,2025-11-17,4,1,Digital Banking
FDBK07556,EMP0099,2026-06-18,5,0,Service Quality
FDBK07557,EMP0448,2025-10-20,5,1,Complaint Resolution
FDBK07558,EMP0099,2025-11-10,4,0,Staff Behaviour
FDBK07559,EMP0354,2026-06-11,4,0,Digital Banking
FDBK07560,EMP0494,2026-01-20,3,0,Digital Banking
FDBK07561,EMP0488,2026-09-14,5,0,Staff Behaviour
FDBK07562,EMP0255,2026-06-18,2,0,Digital Banking
FDBK07563,EMP0402,2026-01-25,3,0,Digital Banking
FDBK07564,EMP0118,2026-02-25,4,0,Product Satisfaction
FDBK07565,EMP0023,2026-03-05,4,1,Staff Behaviour
FDBK07566,EMP0228,2026-05-09,5,0,Complaint Resolution
FDBK07567,EMP0419,2026-08-20,4,0,Product Satisfaction
FDBK07568,EMP0198,2025-11-06,5,2,Complaint Resolution
FDBK07569,EMP0449,2026-09-03,4,0,Complaint Resolution
FDBK07570,EMP0277,2026-02-28,4,0,Service Quality
FDBK07571,EMP0157,2025-10-09,5,0,Staff Behaviour
FDBK07572,EMP0361,2026-06-16,5,0,Product Satisfaction
FDBK07573,EMP0432,2026-04-21,2,1,Staff Behaviour
FDBK07574,EMP0416,2025-12-09,3,0,Staff Behaviour
FDBK07575,EMP0368,2026-01-10,4,1,Complaint Resolution
FDBK07576,EMP0496,2025-12-23,4,2,Digital Banking
FDBK07577,EMP0490,2026-09-13,1,1,Service Quality
FDBK07578,EMP0426,2025-10-10,4,1,Service Quality
FDBK07579,EMP0154,2026-05-24,4,1,Staff Behaviour
FDBK07580,EMP0091,2026-01-10,1,0,Product Satisfaction
FDBK07581,EMP0192,2026-08-21,2,1,Complaint Resolution
FDBK07582,EMP0006,2025-11-15,4,1,Staff Behaviour
FDBK07583,EMP0089,2025-10-13,4,2,Service Quality
FDBK07584,EMP0392,2026-08-21,3,0,Product Satisfaction
FDBK07585,EMP0398,2025-10-10,5,0,Product Satisfaction
FDBK07586,EMP0327,2026-06-18,5,0,Complaint Resolution
FDBK07587,EMP0060,2026-02-12,4,0,Staff Behaviour
FDBK07588,EMP0021,2026-09-09,4,0,Complaint Resolution
FDBK07589,EMP0315,2025-10-26,5,0,Product Satisfaction
FDBK07590,EMP0280,2025-12-25,3,0,Staff Behaviour
FDBK07591,EMP0193,2026-09-12,4,0,Complaint Resolution
FDBK07592,EMP0392,2026-04-18,1,0,Digital Banking
FDBK07593,EMP0417,2026-02-24,4,1,Product Satisfaction
FDBK07594,EMP0317,2026-02-21,3,1,Digital Banking
FDBK07595,EMP0450,2025-10-20,4,0,Staff Behaviour
FDBK07596,EMP0273,2026-08-06,5,0,Complaint Resolution
FDBK07597,EMP0406,2026-09-04,5,0,Digital Banking
FDBK07598,EMP0472,2025-10-26,5,0,Staff Behaviour
FDBK07599,EMP0220,2026-01-07,5,1,Staff Behaviour
FDBK07600,EMP0494,2025-10-19,4,1,Product Satisfaction
FDBK07601,EMP0401,2026-08-17,5,0,Complaint Resolution
FDBK07602,EMP0192,2026-04-23,5,0,Product Satisfaction
FDBK07603,EMP0221,2026-01-17,5,0,Complaint Resolution
FDBK07604,EMP0104,2025-12-12,5,0,Complaint Resolution
FDBK07605,EMP0017,2026-08-15,2,3,Digital Banking
FDBK07606,EMP0280,2025-11-03,4,1,Service Quality
FDBK07607,EMP0265,2026-03-19,3,0,Digital Banking
FDBK07608,EMP0400,2026-08-12,3,0,Service Quality
FDBK07609,EMP0410,2026-05-28,3,0,Product Satisfaction
FDBK07610,EMP0432,2026-04-28,4,1,Product Satisfaction
FDBK07611,EMP0337,2026-07-22,1,0,Service Quality
FDBK07612,EMP0019,2025-12-25,5,0,Complaint Resolution
FDBK07613,EMP0273,2026-09-28,3,1,Service Quality
FDBK07614,EMP0489,2026-05-10,5,0,Staff Behaviour
FDBK07615,EMP0156,2026-08-05,4,0,Staff Behaviour
FDBK07616,EMP0430,2026-02-13,2,0,Service Quality
FDBK07617,EMP0018,2026-07-03,3,0,Service Quality
FDBK07618,EMP0299,2026-05-04,5,0,Digital Banking
FDBK07619,EMP0087,2025-11-05,3,0,Service Quality
FDBK07620,EMP0095,2026-03-06,5,1,Digital Banking
FDBK07621,EMP0458,2026-06-17,4,0,Complaint Resolution
FDBK07622,EMP0138,2026-06-10,1,0,Product Satisfaction
FDBK07623,EMP0435,2026-06-28,5,0,Staff Behaviour
FDBK07624,EMP0413,2026-08-01,5,0,Product Satisfaction
FDBK07625,EMP0141,2026-02-21,4,1,Product Satisfaction
FDBK07626,EMP0326,2026-02-18,2,1,Digital Banking
FDBK07627,EMP0018,2025-10-15,5,0,Product Satisfaction
FDBK07628,EMP0066,2026-06-21,4,0,Service Quality
FDBK07629,EMP0457,2026-06-02,3,0,Service Quality
FDBK07630,EMP0329,2026-02-18,4,0,Digital Banking
FDBK07631,EMP0111,2026-02-03,4,0,Service Quality
FDBK07632,EMP0150,2026-09-14,3,1,Digital Banking
FDBK07633,EMP0189,2026-05-03,4,0,Product Satisfaction
FDBK07634,EMP0049,2026-05-28,3,1,Product Satisfaction
FDBK07635,EMP0173,2026-04-10,4,0,Digital Banking
FDBK07636,EMP0457,2026-05-01,3,0,Digital Banking
FDBK07637,EMP0215,2026-06-19,3,2,Service Quality
FDBK07638,EMP0069,2025-10-06,1,1,Product Satisfaction
FDBK07639,EMP0358,2025-11-22,4,0,Service Quality
FDBK07640,EMP0411,2025-11-23,2,0,Staff Behaviour
FDBK07641,EMP0352,2026-07-09,1,0,Staff Behaviour
FDBK07642,EMP0401,2026-05-03,5,0,Service Quality
FDBK07643,EMP0408,2025-10-12,4,0,Digital Banking
FDBK07644,EMP0058,2026-09-06,4,0,Staff Behaviour
FDBK07645,EMP0446,2026-07-12,2,0,Product Satisfaction
FDBK07646,EMP0294,2026-04-05,4,0,Service Quality
FDBK07647,EMP0291,2025-11-09,4,0,Product Satisfaction
FDBK07648,EMP0213,2026-02-13,5,0,Product Satisfaction
FDBK07649,EMP0065,2026-07-20,3,0,Service Quality
FDBK07650,EMP0028,2025-12-24,4,0,Digital Banking
FDBK07651,EMP0494,2026-06-03,1,0,Complaint Resolution
FDBK07652,EMP0186,2026-05-28,5,1,Complaint Resolution
FDBK07653,EMP0456,2025-12-01,4,0,Service Quality
FDBK07654,EMP0244,2026-03-23,5,0,Digital Banking
FDBK07655,EMP0293,2025-12-06,1,0,Complaint Resolution
FDBK07656,EMP0487,2026-07-19,5,1,Digital Banking
FDBK07657,EMP0476,2026-06-02,5,0,Staff Behaviour
FDBK07658,EMP0447,2026-06-22,4,0,Product Satisfaction
FDBK07659,EMP0456,2026-01-16,1,1,Complaint Resolution
FDBK07660,EMP0468,2026-07-21,3,0,Product Satisfaction
FDBK07661,EMP0352,2026-03-16,5,0,Staff Behaviour
FDBK07662,EMP0059,2026-07-17,5,0,Digital Banking
FDBK07663,EMP0137,2025-11-08,3,1,Digital Banking
FDBK07664,EMP0094,2026-07-03,4,0,Staff Behaviour
FDBK07665,EMP0123,2026-07-28,5,0,Digital Banking
FDBK07666,EMP0019,2026-04-28,5,0,Staff Behaviour
FDBK07667,EMP0342,2026-05-17,5,0,Product Satisfaction
FDBK07668,EMP0061,2026-03-07,5,1,Service Quality
FDBK07669,EMP0291,2025-12-02,4,0,Staff Behaviour
FDBK07670,EMP0251,2025-10-28,5,0,Product Satisfaction
FDBK07671,EMP0458,2026-08-05,3,1,Service Quality
FDBK07672,EMP0091,2026-09-11,5,1,Staff Behaviour
FDBK07673,EMP0240,2026-09-08,4,0,Service Quality
FDBK07674,EMP0494,2025-10-18,4,0,Service Quality
FDBK07675,EMP0370,2026-03-24,5,0,Service Quality
FDBK07676,EMP0216,2026-05-15,4,1,Staff Behaviour
FDBK07677,EMP0420,2026-05-12,4,1,Product Satisfaction
FDBK07678,EMP0214,2025-11-27,4,1,Staff Behaviour
FDBK07679,EMP0323,2026-09-10,3,0,Staff Behaviour
FDBK07680,EMP0203,2026-05-03,2,0,Digital Banking
FDBK07681,EMP0257,2026-08-13,2,0,Staff Behaviour
FDBK07682,EMP0498,2026-08-26,4,1,Digital Banking
FDBK07683,EMP0336,2026-05-01,4,0,Staff Behaviour
FDBK07684,EMP0163,2025-10-12,4,0,Complaint Resolution
FDBK07685,EMP0014,2026-05-16,2,0,Complaint Resolution
FDBK07686,EMP0051,2026-08-22,4,2,Digital Banking
FDBK07687,EMP0204,2026-02-20,5,0,Product Satisfaction
FDBK07688,EMP0392,2026-02-13,4,0,Complaint Resolution
FDBK07689,EMP0465,2026-06-22,2,0,Complaint Resolution
FDBK07690,EMP0472,2026-02-07,4,2,Staff Behaviour
FDBK07691,EMP0335,2026-02-09,4,0,Product Satisfaction
FDBK07692,EMP0150,2026-06-02,3,1,Product Satisfaction
FDBK07693,EMP0353,2026-01-18,4,1,Service Quality
FDBK07694,EMP0183,2026-06-04,4,0,Digital Banking
FDBK07695,EMP0087,2026-08-10,2,0,Digital Banking
FDBK07696,EMP0221,2026-03-07,1,0,Product Satisfaction
FDBK07697,EMP0479,2026-08-02,5,0,Digital Banking
FDBK07698,EMP0324,2026-01-22,5,0,Staff Behaviour
FDBK07699,EMP0437,2026-01-22,3,1,Service Quality
FDBK07700,EMP0025,2026-08-20,4,0,Complaint Resolution
FDBK07701,EMP0316,2026-01-04,5,0,Product Satisfaction
FDBK07702,EMP0203,2026-03-10,4,0,Complaint Resolution
FDBK07703,EMP0436,2026-06-16,4,0,Product Satisfaction
FDBK07704,EMP0319,2026-05-05,1,0,Service Quality
FDBK07705,EMP0314,2025-10-08,5,0,Complaint Resolution
FDBK07706,EMP0173,2025-11-04,4,0,Complaint Resolution
FDBK07707,EMP0266,2025-11-03,3,0,Complaint Resolution
FDBK07708,EMP0061,2026-02-03,4,0,Staff Behaviour
FDBK07709,EMP0005,2026-08-06,5,1,Digital Banking
FDBK07710,EMP0288,2025-12-12,1,1,Service Quality
FDBK07711,EMP0083,2026-04-07,3,1,Service Quality
FDBK07712,EMP0347,2026-08-17,5,1,Product Satisfaction
FDBK07713,EMP0415,2026-02-13,4,0,Product Satisfaction
FDBK07714,EMP0324,2026-03-15,4,0,Product Satisfaction
FDBK07715,EMP0335,2025-12-23,4,2,Service Quality
FDBK07716,EMP0210,2026-07-27,5,2,Service Quality
FDBK07717,EMP0090,2025-10-09,4,1,Service Quality
FDBK07718,EMP0315,2026-06-05,4,0,Service Quality
FDBK07719,EMP0114,2026-01-28,2,1,Complaint Resolution
FDBK07720,EMP0105,2026-06-10,5,0,Product Satisfaction
FDBK07721,EMP0304,2026-03-21,4,0,Digital Banking
FDBK07722,EMP0383,2026-04-24,4,2,Digital Banking
FDBK07723,EMP0392,2026-07-01,3,0,Digital Banking
FDBK07724,EMP0005,2025-12-16,4,1,Complaint Resolution
FDBK07725,EMP0101,2026-05-26,4,1,Service Quality
FDBK07726,EMP0029,2025-12-24,5,0,Staff Behaviour
FDBK07727,EMP0107,2026-01-25,3,1,Service Quality
FDBK07728,EMP0437,2025-11-07,3,0,Product Satisfaction
FDBK07729,EMP0339,2026-06-15,5,1,Staff Behaviour
FDBK07730,EMP0322,2025-12-15,2,0,Digital Banking
FDBK07731,EMP0022,2026-03-24,5,1,Complaint Resolution
FDBK07732,EMP0415,2026-08-25,4,0,Digital Banking
FDBK07733,EMP0403,2026-07-06,4,0,Digital Banking
FDBK07734,EMP0006,2026-02-25,4,0,Service Quality
FDBK07735,EMP0409,2026-07-15,5,0,Service Quality
FDBK07736,EMP0345,2025-10-19,5,0,Staff Behaviour
FDBK07737,EMP0191,2026-04-19,4,1,Digital Banking
FDBK07738,EMP0033,2026-07-07,3,2,Staff Behaviour
FDBK07739,EMP0471,2026-09-12,3,0,Staff Behaviour
FDBK07740,EMP0409,2025-12-02,4,0,Complaint Resolution
FDBK07741,EMP0120,2026-07-27,4,0,Digital Banking
FDBK07742,EMP0256,2026-04-07,3,2,Digital Banking
FDBK07743,EMP0109,2026-02-13,4,0,Product Satisfaction
FDBK07744,EMP0301,2026-04-03,4,1,Digital Banking
FDBK07745,EMP0366,2025-11-18,5,0,Service Quality
FDBK07746,EMP0383,2025-12-04,4,0,Service Quality
FDBK07747,EMP0165,2026-02-14,4,0,Digital Banking
FDBK07748,EMP0475,2026-03-03,3,0,Service Quality
FDBK07749,EMP0432,2026-04-07,3,0,Product Satisfaction
FDBK07750,EMP0050,2026-04-23,4,0,Complaint Resolution
FDBK07751,EMP0019,2026-07-19,4,0,Digital Banking
FDBK07752,EMP0458,2025-10-20,2,1,Digital Banking
FDBK07753,EMP0310,2026-05-27,5,0,Complaint Resolution
FDBK07754,EMP0330,2025-12-16,5,0,Product Satisfaction
FDBK07755,EMP0149,2026-03-24,3,0,Product Satisfaction
FDBK07756,EMP0426,2026-03-02,5,0,Complaint Resolution
FDBK07757,EMP0132,2026-08-14,2,0,Complaint Resolution
FDBK07758,EMP0389,2026-09-09,3,0,Complaint Resolution
FDBK07759,EMP0332,2026-02-19,4,0,Complaint Resolution
FDBK07760,EMP0075,2026-01-27,5,0,Service Quality
FDBK07761,EMP0376,2025-11-13,3,0,Staff Behaviour
FDBK07762,EMP0222,2026-07-12,4,2,Complaint Resolution
FDBK07763,EMP0227,2025-10-03,4,0,Product Satisfaction
FDBK07764,EMP0139,2026-09-09,2,0,Complaint Resolution
FDBK07765,EMP0116,2026-02-04,4,0,Staff Behaviour
FDBK07766,EMP0136,2025-11-04,1,0,Complaint Resolution
FDBK07767,EMP0498,2026-01-27,4,1,Staff Behaviour
FDBK07768,EMP0435,2026-05-02,3,0,Complaint Resolution
FDBK07769,EMP0233,2025-12-16,4,1,Product Satisfaction
FDBK07770,EMP0336,2026-08-18,4,0,Staff Behaviour
FDBK07771,EMP0261,2026-08-14,5,0,Product Satisfaction
FDBK07772,EMP0198,2026-07-25,3,2,Service Quality
FDBK07773,EMP0345,2025-11-11,4,0,Complaint Resolution
FDBK07774,EMP0265,2026-06-02,5,0,Service Quality
FDBK07775,EMP0162,2026-04-17,5,0,Service Quality
FDBK07776,EMP0088,2026-05-15,5,0,Complaint Resolution
FDBK07777,EMP0262,2025-12-04,4,1,Service Quality
FDBK07778,EMP0038,2025-10-02,2,0,Digital Banking
FDBK07779,EMP0296,2026-06-28,4,0,Staff Behaviour
FDBK07780,EMP0248,2025-10-06,5,0,Digital Banking
FDBK07781,EMP0406,2026-03-23,1,0,Complaint Resolution
FDBK07782,EMP0252,2025-10-12,5,3,Digital Banking
FDBK07783,EMP0093,2025-10-19,5,1,Staff Behaviour
FDBK07784,EMP0232,2026-05-21,5,0,Digital Banking
FDBK07785,EMP0228,2025-11-09,5,0,Staff Behaviour
FDBK07786,EMP0261,2026-02-13,2,0,Staff Behaviour
FDBK07787,EMP0474,2025-12-14,3,0,Digital Banking
FDBK07788,EMP0292,2025-11-23,4,0,Product Satisfaction
FDBK07789,EMP0340,2025-10-12,5,0,Product Satisfaction
FDBK07790,EMP0264,2026-09-28,4,0,Staff Behaviour
FDBK07791,EMP0164,2026-05-10,5,0,Complaint Resolution
FDBK07792,EMP0471,2026-03-21,3,0,Product Satisfaction
FDBK07793,EMP0372,2026-04-14,4,0,Service Quality
FDBK07794,EMP0211,2026-07-26,4,0,Service Quality
FDBK07795,EMP0312,2026-08-28,3,1,Digital Banking
FDBK07796,EMP0410,2026-07-08,4,3,Staff Behaviour
FDBK07797,EMP0427,2025-12-11,3,0,Service Quality
FDBK07798,EMP0298,2025-12-20,3,0,Product Satisfaction
FDBK07799,EMP0258,2026-05-16,3,0,Service Quality
FDBK07800,EMP0459,2026-03-07,5,0,Digital Banking
FDBK07801,EMP0281,2025-10-26,5,0,Complaint Resolution
FDBK07802,EMP0255,2026-07-25,1,0,Complaint Resolution
FDBK07803,EMP0408,2026-06-16,4,0,Complaint Resolution
FDBK07804,EMP0072,2026-04-20,3,3,Complaint Resolution
FDBK07805,EMP0309,2026-04-20,1,0,Staff Behaviour
FDBK07806,EMP0465,2026-07-02,4,1,Service Quality
FDBK07807,EMP0201,2026-07-13,3,1,Complaint Resolution
FDBK07808,EMP0226,2026-04-18,4,0,Complaint Resolution
FDBK07809,EMP0213,2026-03-16,5,0,Product Satisfaction
FDBK07810,EMP0110,2025-10-01,4,0,Product Satisfaction
FDBK07811,EMP0405,2026-07-25,3,0,Complaint Resolution
FDBK07812,EMP0007,2026-07-24,4,1,Complaint Resolution
FDBK07813,EMP0141,2026-08-16,2,0,Product Satisfaction
FDBK07814,EMP0083,2026-04-18,4,1,Service Quality
FDBK07815,EMP0299,2025-12-09,2,0,Digital Banking
FDBK07816,EMP0393,2026-03-01,3,1,Service Quality
FDBK07817,EMP0097,2026-05-20,3,0,Digital Banking
FDBK07818,EMP0018,2025-11-16,3,0,Product Satisfaction
FDBK07819,EMP0088,2026-05-11,5,0,Product Satisfaction
FDBK07820,EMP0244,2026-03-21,4,0,Staff Behaviour
FDBK07821,EMP0104,2025-11-05,2,0,Staff Behaviour
FDBK07822,EMP0330,2026-04-11,4,1,Service Quality
FDBK07823,EMP0034,2026-06-25,4,0,Product Satisfaction
FDBK07824,EMP0341,2025-10-24,4,0,Complaint Resolution
FDBK07825,EMP0461,2025-12-17,2,1,Service Quality
FDBK07826,EMP0420,2025-11-21,4,0,Staff Behaviour
FDBK07827,EMP0123,2026-01-23,4,0,Complaint Resolution
FDBK07828,EMP0186,2026-01-04,4,0,Staff Behaviour
FDBK07829,EMP0270,2026-05-25,2,0,Product Satisfaction
FDBK07830,EMP0070,2026-02-12,5,1,Complaint Resolution
FDBK07831,EMP0065,2026-03-19,3,1,Complaint Resolution
FDBK07832,EMP0171,2026-03-03,4,0,Product Satisfaction
FDBK07833,EMP0208,2025-12-23,5,0,Complaint Resolution
FDBK07834,EMP0283,2025-10-26,2,2,Product Satisfaction
FDBK07835,EMP0342,2026-04-28,5,0,Product Satisfaction
FDBK07836,EMP0413,2026-01-17,2,0,Complaint Resolution
FDBK07837,EMP0447,2025-12-01,2,0,Complaint Resolution
FDBK07838,EMP0372,2026-05-16,3,1,Complaint Resolution
FDBK07839,EMP0064,2025-10-14,5,1,Complaint Resolution
FDBK07840,EMP0136,2025-12-07,3,0,Product Satisfaction
FDBK07841,EMP0046,2026-04-07,4,2,Complaint Resolution
FDBK07842,EMP0353,2026-08-01,4,0,Staff Behaviour
FDBK07843,EMP0421,2026-07-11,5,1,Staff Behaviour
FDBK07844,EMP0119,2026-01-10,4,0,Product Satisfaction
FDBK07845,EMP0069,2026-05-08,5,0,Staff Behaviour
FDBK07846,EMP0134,2026-06-18,4,0,Complaint Resolution
FDBK07847,EMP0403,2025-12-07,2,0,Complaint Resolution
FDBK07848,EMP0499,2025-12-05,4,0,Digital Banking
FDBK07849,EMP0243,2026-09-26,4,0,Service Quality
FDBK07850,EMP0440,2026-05-08,4,0,Complaint Resolution
FDBK07851,EMP0242,2026-03-02,4,0,Digital Banking
FDBK07852,EMP0155,2025-10-24,5,1,Complaint Resolution
FDBK07853,EMP0269,2026-02-26,1,0,Service Quality
FDBK07854,EMP0130,2025-11-16,5,1,Product Satisfaction
FDBK07855,EMP0381,2026-07-20,4,0,Staff Behaviour
FDBK07856,EMP0150,2026-08-17,1,1,Staff Behaviour
FDBK07857,EMP0458,2026-07-21,2,0,Staff Behaviour
FDBK07858,EMP0388,2026-04-22,5,0,Staff Behaviour
FDBK07859,EMP0456,2025-10-22,5,0,Staff Behaviour
FDBK07860,EMP0082,2026-07-23,4,0,Product Satisfaction
FDBK07861,EMP0441,2026-08-22,5,0,Staff Behaviour
FDBK07862,EMP0137,2025-11-01,4,0,Product Satisfaction
FDBK07863,EMP0174,2025-12-07,4,1,Staff Behaviour
FDBK07864,EMP0204,2026-02-11,5,1,Service Quality
FDBK07865,EMP0378,2025-11-15,3,0,Digital Banking
FDBK07866,EMP0065,2026-01-26,3,1,Product Satisfaction
FDBK07867,EMP0125,2026-05-27,4,0,Staff Behaviour
FDBK07868,EMP0152,2026-09-07,4,0,Complaint Resolution
FDBK07869,EMP0271,2025-12-12,1,1,Complaint Resolution
FDBK07870,EMP0337,2026-01-26,4,0,Staff Behaviour
FDBK07871,EMP0470,2026-06-10,4,0,Complaint Resolution
FDBK07872,EMP0020,2026-06-08,4,0,Service Quality
FDBK07873,EMP0299,2025-12-09,4,0,Digital Banking
FDBK07874,EMP0073,2025-11-20,4,0,Staff Behaviour
FDBK07875,EMP0173,2026-09-07,3,1,Staff Behaviour
FDBK07876,EMP0100,2025-12-24,3,0,Staff Behaviour
FDBK07877,EMP0391,2026-09-08,4,0,Service Quality
FDBK07878,EMP0390,2025-11-09,4,0,Service Quality
FDBK07879,EMP0355,2026-07-21,5,0,Staff Behaviour
FDBK07880,EMP0049,2026-01-08,4,0,Staff Behaviour
FDBK07881,EMP0384,2025-10-21,4,0,Service Quality
FDBK07882,EMP0114,2025-10-04,1,3,Staff Behaviour
FDBK07883,EMP0253,2026-04-03,5,0,Complaint Resolution
FDBK07884,EMP0383,2026-09-04,1,0,Digital Banking
FDBK07885,EMP0065,2025-10-01,2,0,Service Quality
FDBK07886,EMP0185,2025-11-12,4,1,Digital Banking
FDBK07887,EMP0117,2025-11-02,5,0,Complaint Resolution
FDBK07888,EMP0445,2025-12-01,4,0,Digital Banking
FDBK07889,EMP0209,2025-12-25,3,1,Staff Behaviour
FDBK07890,EMP0350,2026-07-16,5,0,Service Quality
FDBK07891,EMP0405,2026-07-25,4,1,Complaint Resolution
FDBK07892,EMP0441,2026-03-07,5,0,Complaint Resolution
FDBK07893,EMP0286,2026-03-06,4,0,Staff Behaviour
FDBK07894,EMP0215,2025-11-10,4,0,Service Quality
FDBK07895,EMP0468,2026-05-08,4,0,Complaint Resolution
FDBK07896,EMP0375,2025-12-20,2,1,Staff Behaviour
FDBK07897,EMP0438,2025-12-19,4,3,Digital Banking
FDBK07898,EMP0238,2026-03-18,5,0,Service Quality
FDBK07899,EMP0266,2025-10-07,3,0,Complaint Resolution
FDBK07900,EMP0204,2026-05-28,3,2,Service Quality
FDBK07901,EMP0446,2026-02-04,5,0,Service Quality
FDBK07902,EMP0263,2026-01-04,5,0,Complaint Resolution
FDBK07903,EMP0448,2026-01-11,5,0,Complaint Resolution
FDBK07904,EMP0286,2025-12-26,3,1,Service Quality
FDBK07905,EMP0097,2026-04-03,3,1,Product Satisfaction
FDBK07906,EMP0050,2025-12-26,4,0,Product Satisfaction
FDBK07907,EMP0094,2026-09-05,4,0,Service Quality
FDBK07908,EMP0118,2025-10-25,1,0,Service Quality
FDBK07909,EMP0186,2025-12-19,3,0,Staff Behaviour
FDBK07910,EMP0447,2026-07-11,5,0,Product Satisfaction
FDBK07911,EMP0232,2025-12-03,4,1,Complaint Resolution
FDBK07912,EMP0080,2025-10-02,4,1,Service Quality
FDBK07913,EMP0229,2026-07-16,5,2,Service Quality
FDBK07914,EMP0304,2026-03-12,3,0,Staff Behaviour
FDBK07915,EMP0012,2026-09-23,4,0,Product Satisfaction
FDBK07916,EMP0372,2026-04-28,4,0,Complaint Resolution
FDBK07917,EMP0032,2026-08-13,3,0,Service Quality
FDBK07918,EMP0070,2025-12-21,4,0,Service Quality
FDBK07919,EMP0165,2025-10-05,5,0,Product Satisfaction
FDBK07920,EMP0313,2025-11-03,4,0,Complaint Resolution
FDBK07921,EMP0241,2025-11-10,5,2,Complaint Resolution
FDBK07922,EMP0477,2026-08-16,5,0,Complaint Resolution
FDBK07923,EMP0060,2026-08-26,4,0,Complaint Resolution
FDBK07924,EMP0039,2026-04-16,4,1,Complaint Resolution
FDBK07925,EMP0450,2026-05-04,3,1,Complaint Resolution
FDBK07926,EMP0080,2025-11-12,4,2,Product Satisfaction
FDBK07927,EMP0264,2026-04-22,4,0,Service Quality
FDBK07928,EMP0361,2026-01-03,1,2,Digital Banking
FDBK07929,EMP0332,2026-06-01,4,0,Complaint Resolution
FDBK07930,EMP0264,2026-09-26,5,0,Digital Banking
FDBK07931,EMP0350,2026-08-25,4,0,Staff Behaviour
FDBK07932,EMP0310,2025-11-06,4,2,Product Satisfaction
FDBK07933,EMP0479,2026-02-28,4,1,Product Satisfaction
FDBK07934,EMP0176,2026-05-28,4,0,Digital Banking
FDBK07935,EMP0387,2026-09-05,4,0,Product Satisfaction
FDBK07936,EMP0294,2026-07-16,4,0,Digital Banking
FDBK07937,EMP0312,2025-10-02,4,0,Complaint Resolution
FDBK07938,EMP0037,2026-09-12,4,0,Service Quality
FDBK07939,EMP0431,2026-03-05,5,0,Staff Behaviour
FDBK07940,EMP0296,2026-04-06,5,2,Product Satisfaction
FDBK07941,EMP0496,2026-09-18,2,0,Staff Behaviour
FDBK07942,EMP0095,2026-02-28,3,0,Product Satisfaction
FDBK07943,EMP0092,2025-12-26,4,0,Complaint Resolution
FDBK07944,EMP0373,2026-03-27,3,0,Service Quality
FDBK07945,EMP0030,2026-07-26,5,0,Staff Behaviour
FDBK07946,EMP0296,2026-02-25,4,3,Digital Banking
FDBK07947,EMP0415,2026-01-14,3,0,Service Quality
FDBK07948,EMP0118,2026-02-25,5,2,Complaint Resolution
FDBK07949,EMP0499,2026-06-09,4,0,Product Satisfaction
FDBK07950,EMP0122,2026-04-03,5,0,Digital Banking
FDBK07951,EMP0492,2025-11-11,4,0,Digital Banking
FDBK07952,EMP0338,2026-07-15,3,1,Service Quality
FDBK07953,EMP0254,2025-12-24,5,0,Product Satisfaction
FDBK07954,EMP0331,2026-03-20,2,0,Complaint Resolution
FDBK07955,EMP0460,2026-05-19,4,0,Staff Behaviour
FDBK07956,EMP0155,2026-06-02,3,0,Service Quality
FDBK07957,EMP0191,2026-09-16,4,3,Complaint Resolution
FDBK07958,EMP0268,2026-01-17,4,0,Complaint Resolution
FDBK07959,EMP0373,2025-10-27,1,0,Complaint Resolution
FDBK07960,EMP0370,2026-03-21,4,1,Complaint Resolution
FDBK07961,EMP0201,2026-02-11,5,1,Complaint Resolution
FDBK07962,EMP0228,2026-08-05,4,0,Complaint Resolution
FDBK07963,EMP0016,2026-03-16,2,0,Complaint Resolution
FDBK07964,EMP0294,2026-07-03,3,0,Complaint Resolution
FDBK07965,EMP0088,2026-08-25,5,0,Product Satisfaction
FDBK07966,EMP0034,2026-07-06,1,1,Digital Banking
FDBK07967,EMP0128,2026-04-17,5,0,Product Satisfaction
FDBK07968,EMP0060,2025-10-02,1,0,Complaint Resolution
FDBK07969,EMP0209,2026-03-24,1,0,Product Satisfaction
FDBK07970,EMP0270,2026-05-27,4,0,Service Quality
FDBK07971,EMP0022,2026-02-03,5,1,Service Quality
FDBK07972,EMP0113,2026-07-21,2,0,Staff Behaviour
FDBK07973,EMP0365,2025-11-09,4,1,Complaint Resolution
FDBK07974,EMP0106,2026-02-28,4,0,Complaint Resolution
FDBK07975,EMP0190,2025-10-10,5,0,Product Satisfaction
FDBK07976,EMP0006,2026-07-13,4,0,Digital Banking
FDBK07977,EMP0367,2026-04-27,3,2,Service Quality
FDBK07978,EMP0325,2026-02-11,5,0,Service Quality
FDBK07979,EMP0047,2026-05-06,3,0,Service Quality
FDBK07980,EMP0425,2026-02-16,3,2,Service Quality
FDBK07981,EMP0337,2026-01-17,5,0,Complaint Resolution
FDBK07982,EMP0489,2025-10-01,5,2,Product Satisfaction
FDBK07983,EMP0060,2026-02-20,4,3,Service Quality
FDBK07984,EMP0486,2026-01-04,2,0,Staff Behaviour
FDBK07985,EMP0010,2026-07-23,5,0,Staff Behaviour
FDBK07986,EMP0018,2026-08-09,2,0,Staff Behaviour
FDBK07987,EMP0446,2026-02-01,3,2,Complaint Resolution
FDBK07988,EMP0463,2026-02-16,5,1,Product Satisfaction
FDBK07989,EMP0086,2026-02-07,4,0,Complaint Resolution
FDBK07990,EMP0157,2026-08-12,4,0,Digital Banking
FDBK07991,EMP0275,2025-11-08,4,0,Complaint Resolution
FDBK07992,EMP0402,2026-05-15,5,0,Staff Behaviour
FDBK07993,EMP0118,2026-05-17,4,0,Service Quality
FDBK07994,EMP0045,2026-06-10,4,1,Product Satisfaction
FDBK07995,EMP0246,2026-06-05,4,0,Service Quality
FDBK07996,EMP0146,2026-04-14,3,0,Complaint Resolution
FDBK07997,EMP0043,2026-02-09,5,0,Staff Behaviour
FDBK07998,EMP0129,2026-08-27,5,2,Product Satisfaction
FDBK07999,EMP0063,2026-07-06,5,2,Complaint Resolution
FDBK08000,EMP0187,2026-06-28,5,1,Staff Behaviour
