performance_id,employee_id,performance_date,sales_target,sales_achieved,customers_handled,new_accounts,loans_processed,cross_sell_count,performance_score
PERF_EMP0001_202510,EMP0001,2025-10-01,122,97,69,4,9,9,84.24
PERF_EMP0001_202511,EMP0001,2025-11-01,100,83,112,29,6,14,83.19
PERF_EMP0001_202512,EMP0001,2025-12-01,113,120,109,18,8,3,100.0
PERF_EMP0001_202601,EMP0001,2026-01-01,100,81,136,18,15,19,89.8
PERF_EMP0001_202602,EMP0001,2026-02-01,100,84,153,19,8,19,94.89
PERF_EMP0001_202603,EMP0001,2026-03-01,123,99,76,23,7,17,85.54
PERF_EMP0001_202604,EMP0001,2026-04-01,109,87,85,6,3,0,87.41
PERF_EMP0001_202605,EMP0001,2026-05-01,100,97,123,10,9,9,99.93
PERF_EMP0001_202606,EMP0001,2026-06-01,132,106,129,13,7,9,86.65
PERF_EMP0001_202607,EMP0001,2026-07-01,122,93,64,9,12,4,75.79
PERF_EMP0001_202608,EMP0001,2026-08-01,103,69,127,17,7,12,86.58
PERF_EMP0001_202609,EMP0001,2026-09-01,133,139,88,20,3,17,98.81
PERF_EMP0002_202510,EMP0002,2025-10-01,135,101,136,28,13,30,80.35
PERF_EMP0002_202511,EMP0002,2025-11-01,115,88,141,26,13,14,93.82
PERF_EMP0002_202512,EMP0002,2025-12-01,150,99,134,19,11,11,88.58
PERF_EMP0002_202601,EMP0002,2026-01-01,121,136,107,21,16,18,100.0
PERF_EMP0002_202602,EMP0002,2026-02-01,112,101,146,20,17,18,93.23
PERF_EMP0002_202603,EMP0002,2026-03-01,103,88,158,28,14,23,90.15
PERF_EMP0002_202604,EMP0002,2026-04-01,139,129,122,34,11,12,100.0
PERF_EMP0002_202605,EMP0002,2026-05-01,113,79,166,14,18,22,83.52
PERF_EMP0002_202606,EMP0002,2026-06-01,138,141,128,28,8,16,100.0
PERF_EMP0002_202607,EMP0002,2026-07-01,100,101,145,26,2,12,96.33
PERF_EMP0002_202608,EMP0002,2026-08-01,111,102,134,17,12,13,94.34
PERF_EMP0002_202609,EMP0002,2026-09-01,141,173,152,29,9,9,100.0
PERF_EMP0003_202510,EMP0003,2025-10-01,142,156,160,26,14,22,97.26
PERF_EMP0003_202511,EMP0003,2025-11-01,125,125,96,25,9,22,97.26
PERF_EMP0003_202512,EMP0003,2025-12-01,132,148,178,16,17,4,98.91
PERF_EMP0003_202601,EMP0003,2026-01-01,101,106,131,25,11,19,98.35
PERF_EMP0003_202602,EMP0003,2026-02-01,118,110,112,21,8,14,98.09
PERF_EMP0003_202603,EMP0003,2026-03-01,129,122,162,25,22,24,100.0
PERF_EMP0003_202604,EMP0003,2026-04-01,118,135,166,14,16,16,100.0
PERF_EMP0003_202605,EMP0003,2026-05-01,133,152,116,23,12,11,100.0
PERF_EMP0003_202606,EMP0003,2026-06-01,115,137,100,24,11,21,99.38
PERF_EMP0003_202607,EMP0003,2026-07-01,123,120,146,17,8,18,99.55
PERF_EMP0003_202608,EMP0003,2026-08-01,120,113,114,20,10,14,100.0
PERF_EMP0003_202609,EMP0003,2026-09-01,152,146,131,27,13,24,98.61
PERF_EMP0004_202510,EMP0004,2025-10-01,144,110,117,15,12,15,96.96
PERF_EMP0004_202511,EMP0004,2025-11-01,149,166,95,18,9,18,100.0
PERF_EMP0004_202512,EMP0004,2025-12-01,115,124,108,23,5,29,100.0
PERF_EMP0004_202601,EMP0004,2026-01-01,126,139,106,15,16,18,94.86
PERF_EMP0004_202602,EMP0004,2026-02-01,129,101,72,0,15,16,84.3
PERF_EMP0004_202603,EMP0004,2026-03-01,100,91,116,24,11,19,99.6
PERF_EMP0004_202604,EMP0004,2026-04-01,103,125,105,24,9,8,100.0
PERF_EMP0004_202605,EMP0004,2026-05-01,131,95,134,12,15,9,92.75
PERF_EMP0004_202606,EMP0004,2026-06-01,100,84,145,28,7,11,90.41
PERF_EMP0004_202607,EMP0004,2026-07-01,100,78,115,22,13,12,88.24
PERF_EMP0004_202608,EMP0004,2026-08-01,131,133,137,19,18,12,100.0
PERF_EMP0004_202609,EMP0004,2026-09-01,109,111,133,22,11,15,100.0
PERF_EMP0005_202510,EMP0005,2025-10-01,122,129,133,19,9,14,86.61
PERF_EMP0005_202511,EMP0005,2025-11-01,155,123,131,21,15,10,91.95
PERF_EMP0005_202512,EMP0005,2025-12-01,108,92,129,33,21,14,90.21
PERF_EMP0005_202601,EMP0005,2026-01-01,112,96,127,9,17,11,98.05
PERF_EMP0005_202602,EMP0005,2026-02-01,102,98,145,18,5,18,94.38
PERF_EMP0005_202603,EMP0005,2026-03-01,102,109,111,0,6,22,100.0
PERF_EMP0005_202604,EMP0005,2026-04-01,102,94,156,14,9,9,94.27
PERF_EMP0005_202605,EMP0005,2026-05-01,100,99,118,9,7,13,91.63
PERF_EMP0005_202606,EMP0005,2026-06-01,103,114,109,24,1,19,99.25
PERF_EMP0005_202607,EMP0005,2026-07-01,127,128,113,18,10,10,99.54
PERF_EMP0005_202608,EMP0005,2026-08-01,116,123,152,17,11,15,100.0
PERF_EMP0005_202609,EMP0005,2026-09-01,106,95,98,20,13,14,100.0
PERF_EMP0006_202510,EMP0006,2025-10-01,121,120,100,19,7,17,95.87
PERF_EMP0006_202511,EMP0006,2025-11-01,118,81,121,18,11,11,100.0
PERF_EMP0006_202512,EMP0006,2025-12-01,109,85,83,22,7,20,91.61
PERF_EMP0006_202601,EMP0006,2026-01-01,131,111,97,30,11,18,87.09
PERF_EMP0006_202602,EMP0006,2026-02-01,100,91,74,11,14,18,88.78
PERF_EMP0006_202603,EMP0006,2026-03-01,131,135,104,11,12,9,96.78
PERF_EMP0006_202604,EMP0006,2026-04-01,139,120,150,28,18,16,97.53
PERF_EMP0006_202605,EMP0006,2026-05-01,100,89,144,3,18,21,93.5
PERF_EMP0006_202606,EMP0006,2026-06-01,127,116,109,14,3,22,100.0
PERF_EMP0006_202607,EMP0006,2026-07-01,113,109,122,27,14,20,100.0
PERF_EMP0006_202608,EMP0006,2026-08-01,114,88,113,21,7,13,85.61
PERF_EMP0006_202609,EMP0006,2026-09-01,110,119,64,12,12,1,93.79
PERF_EMP0007_202510,EMP0007,2025-10-01,117,113,154,17,10,15,100.0
PERF_EMP0007_202511,EMP0007,2025-11-01,115,101,128,14,10,18,100.0
PERF_EMP0007_202512,EMP0007,2025-12-01,129,85,105,23,4,20,87.23
PERF_EMP0007_202601,EMP0007,2026-01-01,114,94,114,24,11,14,94.84
PERF_EMP0007_202602,EMP0007,2026-02-01,127,87,108,1,2,3,91.45
PERF_EMP0007_202603,EMP0007,2026-03-01,120,111,136,15,10,12,89.14
PERF_EMP0007_202604,EMP0007,2026-04-01,126,110,93,24,15,2,91.63
PERF_EMP0007_202605,EMP0007,2026-05-01,134,114,132,19,0,20,92.36
PERF_EMP0007_202606,EMP0007,2026-06-01,100,89,121,10,9,18,88.12
PERF_EMP0007_202607,EMP0007,2026-07-01,121,110,87,25,22,14,94.84
PERF_EMP0007_202608,EMP0007,2026-08-01,123,88,156,17,8,19,83.16
PERF_EMP0007_202609,EMP0007,2026-09-01,109,87,115,25,12,15,91.78
PERF_EMP0008_202510,EMP0008,2025-10-01,100,94,109,37,10,6,95.83
PERF_EMP0008_202511,EMP0008,2025-11-01,100,87,114,19,14,11,93.07
PERF_EMP0008_202512,EMP0008,2025-12-01,129,127,122,29,14,12,97.45
PERF_EMP0008_202601,EMP0008,2026-01-01,138,121,143,20,10,14,99.07
PERF_EMP0008_202602,EMP0008,2026-02-01,119,84,124,14,5,15,78.68
PERF_EMP0008_202603,EMP0008,2026-03-01,134,142,108,18,7,8,100.0
PERF_EMP0008_202604,EMP0008,2026-04-01,100,69,118,19,12,12,86.57
PERF_EMP0008_202605,EMP0008,2026-05-01,103,119,105,19,13,11,95.35
PERF_EMP0008_202606,EMP0008,2026-06-01,114,99,125,25,23,20,100.0
PERF_EMP0008_202607,EMP0008,2026-07-01,121,96,116,22,12,18,92.8
PERF_EMP0008_202608,EMP0008,2026-08-01,109,106,111,2,17,16,100.0
PERF_EMP0008_202609,EMP0008,2026-09-01,127,104,176,22,14,13,88.95
PERF_EMP0009_202510,EMP0009,2025-10-01,116,113,138,17,15,12,95.89
PERF_EMP0009_202511,EMP0009,2025-11-01,100,102,79,6,7,18,97.16
PERF_EMP0009_202512,EMP0009,2025-12-01,105,93,100,15,14,17,98.11
PERF_EMP0009_202601,EMP0009,2026-01-01,166,147,141,9,4,10,95.92
PERF_EMP0009_202602,EMP0009,2026-02-01,100,108,109,24,2,11,100.0
PERF_EMP0009_202603,EMP0009,2026-03-01,116,120,97,22,12,10,97.91
PERF_EMP0009_202604,EMP0009,2026-04-01,102,92,153,14,12,11,94.94
PERF_EMP0009_202605,EMP0009,2026-05-01,144,117,111,24,11,16,86.59
PERF_EMP0009_202606,EMP0009,2026-06-01,119,119,78,16,9,17,100.0
PERF_EMP0009_202607,EMP0009,2026-07-01,102,89,102,17,15,9,94.88
PERF_EMP0009_202608,EMP0009,2026-08-01,103,93,67,6,11,19,91.48
PERF_EMP0009_202609,EMP0009,2026-09-01,126,91,99,7,9,15,87.12
PERF_EMP0010_202510,EMP0010,2025-10-01,116,79,144,15,7,23,81.32
PERF_EMP0010_202511,EMP0010,2025-11-01,100,87,121,23,22,0,98.01
PERF_EMP0010_202512,EMP0010,2025-12-01,103,113,131,18,16,4,97.42
PERF_EMP0010_202601,EMP0010,2026-01-01,121,109,75,23,11,18,81.0
PERF_EMP0010_202602,EMP0010,2026-02-01,129,115,89,18,2,20,90.89
PERF_EMP0010_202603,EMP0010,2026-03-01,106,105,92,22,8,2,93.52
PERF_EMP0010_202604,EMP0010,2026-04-01,116,112,134,17,6,3,95.3
PERF_EMP0010_202605,EMP0010,2026-05-01,127,118,45,14,6,8,85.74
PERF_EMP0010_202606,EMP0010,2026-06-01,125,87,99,18,18,7,90.26
PERF_EMP0010_202607,EMP0010,2026-07-01,101,86,109,22,15,9,83.05
PERF_EMP0010_202608,EMP0010,2026-08-01,147,137,101,14,9,23,94.01
PERF_EMP0010_202609,EMP0010,2026-09-01,141,143,111,22,12,13,92.71
PERF_EMP0011_202510,EMP0011,2025-10-01,117,81,93,23,0,21,82.58
PERF_EMP0011_202511,EMP0011,2025-11-01,100,64,26,13,7,12,77.67
PERF_EMP0011_202512,EMP0011,2025-12-01,132,110,79,9,14,15,77.15
PERF_EMP0011_202601,EMP0011,2026-01-01,108,72,74,22,8,10,80.5
PERF_EMP0011_202602,EMP0011,2026-02-01,149,95,81,6,12,21,89.23
PERF_EMP0011_202603,EMP0011,2026-03-01,133,95,123,7,10,10,91.88
PERF_EMP0011_202604,EMP0011,2026-04-01,119,96,83,17,6,23,88.87
PERF_EMP0011_202605,EMP0011,2026-05-01,102,63,90,11,2,23,75.75
PERF_EMP0011_202606,EMP0011,2026-06-01,120,80,120,12,15,24,85.71
PERF_EMP0011_202607,EMP0011,2026-07-01,147,100,99,22,0,13,83.32
PERF_EMP0011_202608,EMP0011,2026-08-01,132,99,114,17,9,3,87.49
PERF_EMP0011_202609,EMP0011,2026-09-01,112,102,92,11,0,10,91.52
PERF_EMP0012_202510,EMP0012,2025-10-01,150,131,120,25,6,16,91.48
PERF_EMP0012_202511,EMP0012,2025-11-01,157,119,103,20,14,10,74.16
PERF_EMP0012_202512,EMP0012,2025-12-01,146,148,108,18,9,21,94.69
PERF_EMP0012_202601,EMP0012,2026-01-01,124,110,94,23,2,14,99.3
PERF_EMP0012_202602,EMP0012,2026-02-01,100,106,174,18,7,31,96.03
PERF_EMP0012_202603,EMP0012,2026-03-01,117,112,113,10,7,9,88.87
PERF_EMP0012_202604,EMP0012,2026-04-01,121,80,120,11,18,17,84.61
PERF_EMP0012_202605,EMP0012,2026-05-01,118,114,111,16,10,10,96.03
PERF_EMP0012_202606,EMP0012,2026-06-01,100,92,115,15,9,15,98.26
PERF_EMP0012_202607,EMP0012,2026-07-01,108,97,71,15,13,8,88.34
PERF_EMP0012_202608,EMP0012,2026-08-01,118,99,102,23,11,12,97.91
PERF_EMP0012_202609,EMP0012,2026-09-01,100,96,189,20,10,13,100.0
PERF_EMP0013_202510,EMP0013,2025-10-01,119,59,87,8,9,1,73.23
PERF_EMP0013_202511,EMP0013,2025-11-01,135,107,105,8,1,12,88.4
PERF_EMP0013_202512,EMP0013,2025-12-01,171,122,77,9,11,3,85.17
PERF_EMP0013_202601,EMP0013,2026-01-01,132,112,145,14,11,11,100.0
PERF_EMP0013_202602,EMP0013,2026-02-01,100,79,77,6,9,14,89.79
PERF_EMP0013_202603,EMP0013,2026-03-01,122,139,86,22,15,13,97.31
PERF_EMP0013_202604,EMP0013,2026-04-01,105,66,85,15,9,5,86.83
PERF_EMP0013_202605,EMP0013,2026-05-01,102,83,126,13,7,5,96.65
PERF_EMP0013_202606,EMP0013,2026-06-01,151,132,64,4,17,2,86.4
PERF_EMP0013_202607,EMP0013,2026-07-01,102,84,80,19,3,3,78.99
PERF_EMP0013_202608,EMP0013,2026-08-01,115,72,116,5,7,10,85.86
PERF_EMP0013_202609,EMP0013,2026-09-01,113,94,69,23,3,2,89.12
PERF_EMP0014_202510,EMP0014,2025-10-01,137,115,61,12,7,2,89.98
PERF_EMP0014_202511,EMP0014,2025-11-01,128,120,56,23,8,18,89.24
PERF_EMP0014_202512,EMP0014,2025-12-01,117,110,73,12,7,0,100.0
PERF_EMP0014_202601,EMP0014,2026-01-01,100,67,122,17,6,15,89.48
PERF_EMP0014_202602,EMP0014,2026-02-01,122,81,92,19,13,2,84.6
PERF_EMP0014_202603,EMP0014,2026-03-01,121,61,137,18,14,2,86.55
PERF_EMP0014_202604,EMP0014,2026-04-01,114,86,126,15,13,16,84.76
PERF_EMP0014_202605,EMP0014,2026-05-01,122,88,113,11,9,12,96.78
PERF_EMP0014_202606,EMP0014,2026-06-01,178,164,110,21,4,14,95.77
PERF_EMP0014_202607,EMP0014,2026-07-01,132,69,106,11,16,15,80.61
PERF_EMP0014_202608,EMP0014,2026-08-01,121,81,75,27,9,22,83.84
PERF_EMP0014_202609,EMP0014,2026-09-01,136,88,103,6,7,16,78.74
PERF_EMP0015_202510,EMP0015,2025-10-01,110,86,117,13,0,19,86.89
PERF_EMP0015_202511,EMP0015,2025-11-01,116,96,145,21,10,17,92.61
PERF_EMP0015_202512,EMP0015,2025-12-01,115,91,89,11,9,12,86.04
PERF_EMP0015_202601,EMP0015,2026-01-01,112,93,145,11,3,8,94.12
PERF_EMP0015_202602,EMP0015,2026-02-01,134,110,86,15,16,4,84.58
PERF_EMP0015_202603,EMP0015,2026-03-01,127,104,122,34,11,12,96.56
PERF_EMP0015_202604,EMP0015,2026-04-01,119,110,84,19,1,13,94.84
PERF_EMP0015_202605,EMP0015,2026-05-01,143,91,130,26,10,19,86.28
PERF_EMP0015_202606,EMP0015,2026-06-01,108,86,116,16,10,14,92.58
PERF_EMP0015_202607,EMP0015,2026-07-01,104,87,78,11,9,5,90.27
PERF_EMP0015_202608,EMP0015,2026-08-01,100,70,123,9,10,7,89.97
PERF_EMP0015_202609,EMP0015,2026-09-01,104,90,65,14,4,18,94.45
PERF_EMP0016_202510,EMP0016,2025-10-01,120,121,64,20,2,4,93.71
PERF_EMP0016_202511,EMP0016,2025-11-01,119,103,104,13,8,9,85.29
PERF_EMP0016_202512,EMP0016,2025-12-01,106,70,107,17,7,5,85.43
PERF_EMP0016_202601,EMP0016,2026-01-01,100,54,80,26,11,0,70.19
PERF_EMP0016_202602,EMP0016,2026-02-01,160,104,66,25,8,17,75.86
PERF_EMP0016_202603,EMP0016,2026-03-01,139,88,72,21,0,10,72.37
PERF_EMP0016_202604,EMP0016,2026-04-01,110,69,146,27,2,20,83.42
PERF_EMP0016_202605,EMP0016,2026-05-01,111,67,67,3,8,4,76.39
PERF_EMP0016_202606,EMP0016,2026-06-01,123,111,71,8,5,19,95.24
PERF_EMP0016_202607,EMP0016,2026-07-01,106,87,84,8,14,17,85.48
PERF_EMP0016_202608,EMP0016,2026-08-01,109,79,155,16,6,0,96.21
PERF_EMP0016_202609,EMP0016,2026-09-01,101,74,125,20,7,13,86.4
PERF_EMP0017_202510,EMP0017,2025-10-01,113,128,79,15,6,6,100.0
PERF_EMP0017_202511,EMP0017,2025-11-01,121,110,73,13,1,16,93.94
PERF_EMP0017_202512,EMP0017,2025-12-01,127,89,70,13,5,11,74.75
PERF_EMP0017_202601,EMP0017,2026-01-01,110,92,118,25,5,17,88.04
PERF_EMP0017_202602,EMP0017,2026-02-01,141,136,117,32,6,18,97.85
PERF_EMP0017_202603,EMP0017,2026-03-01,128,125,90,17,1,9,100.0
PERF_EMP0017_202604,EMP0017,2026-04-01,114,104,88,17,8,7,92.06
PERF_EMP0017_202605,EMP0017,2026-05-01,131,106,59,30,13,12,83.09
PERF_EMP0017_202606,EMP0017,2026-06-01,100,94,127,12,12,20,100.0
PERF_EMP0017_202607,EMP0017,2026-07-01,117,92,94,24,15,11,93.93
PERF_EMP0017_202608,EMP0017,2026-08-01,127,100,65,24,10,5,87.02
PERF_EMP0017_202609,EMP0017,2026-09-01,133,82,82,9,12,13,73.58
PERF_EMP0018_202510,EMP0018,2025-10-01,133,107,123,19,17,8,91.6
PERF_EMP0018_202511,EMP0018,2025-11-01,126,102,82,29,12,13,82.06
PERF_EMP0018_202512,EMP0018,2025-12-01,130,102,78,7,9,8,74.67
PERF_EMP0018_202601,EMP0018,2026-01-01,108,122,127,15,10,23,100.0
PERF_EMP0018_202602,EMP0018,2026-02-01,106,89,57,21,9,20,80.26
PERF_EMP0018_202603,EMP0018,2026-03-01,131,89,130,17,17,7,84.46
PERF_EMP0018_202604,EMP0018,2026-04-01,129,105,115,16,11,0,82.81
PERF_EMP0018_202605,EMP0018,2026-05-01,132,84,92,16,13,29,80.85
PERF_EMP0018_202606,EMP0018,2026-06-01,152,145,127,27,12,9,89.55
PERF_EMP0018_202607,EMP0018,2026-07-01,134,123,82,31,8,18,92.44
PERF_EMP0018_202608,EMP0018,2026-08-01,130,105,146,7,5,22,95.36
PERF_EMP0018_202609,EMP0018,2026-09-01,113,100,104,24,16,16,91.94
PERF_EMP0019_202510,EMP0019,2025-10-01,108,104,145,17,11,17,100.0
PERF_EMP0019_202511,EMP0019,2025-11-01,132,112,105,13,1,0,98.17
PERF_EMP0019_202512,EMP0019,2025-12-01,113,109,132,19,16,17,95.11
PERF_EMP0019_202601,EMP0019,2026-01-01,118,134,112,27,13,23,100.0
PERF_EMP0019_202602,EMP0019,2026-02-01,132,119,85,34,8,15,97.53
PERF_EMP0019_202603,EMP0019,2026-03-01,102,98,107,16,8,21,82.87
PERF_EMP0019_202604,EMP0019,2026-04-01,115,102,88,29,7,3,98.34
PERF_EMP0019_202605,EMP0019,2026-05-01,100,98,93,16,14,17,95.96
PERF_EMP0019_202606,EMP0019,2026-06-01,123,124,142,10,21,19,100.0
PERF_EMP0019_202607,EMP0019,2026-07-01,153,93,122,21,10,11,74.2
PERF_EMP0019_202608,EMP0019,2026-08-01,127,91,129,16,6,10,86.69
PERF_EMP0019_202609,EMP0019,2026-09-01,122,105,117,11,19,9,91.03
PERF_EMP0020_202510,EMP0020,2025-10-01,131,130,114,12,12,12,100.0
PERF_EMP0020_202511,EMP0020,2025-11-01,112,72,58,18,7,3,78.81
PERF_EMP0020_202512,EMP0020,2025-12-01,143,146,109,16,10,15,98.25
PERF_EMP0020_202601,EMP0020,2026-01-01,114,101,123,16,9,14,93.1
PERF_EMP0020_202602,EMP0020,2026-02-01,133,117,83,13,16,19,85.01
PERF_EMP0020_202603,EMP0020,2026-03-01,100,82,135,0,9,11,96.39
PERF_EMP0020_202604,EMP0020,2026-04-01,145,129,56,20,14,12,96.49
PERF_EMP0020_202605,EMP0020,2026-05-01,111,112,85,15,4,24,100.0
PERF_EMP0020_202606,EMP0020,2026-06-01,125,119,104,24,13,13,95.54
PERF_EMP0020_202607,EMP0020,2026-07-01,101,74,81,20,7,12,89.09
PERF_EMP0020_202608,EMP0020,2026-08-01,100,54,114,20,19,14,85.24
PERF_EMP0020_202609,EMP0020,2026-09-01,158,141,146,12,9,13,84.67
PERF_EMP0021_202510,EMP0021,2025-10-01,137,114,97,17,3,4,93.99
PERF_EMP0021_202511,EMP0021,2025-11-01,100,85,95,23,6,12,98.01
PERF_EMP0021_202512,EMP0021,2025-12-01,126,113,64,2,0,15,86.54
PERF_EMP0021_202601,EMP0021,2026-01-01,100,75,54,7,10,1,74.59
PERF_EMP0021_202602,EMP0021,2026-02-01,117,112,92,7,9,12,92.81
PERF_EMP0021_202603,EMP0021,2026-03-01,152,139,77,23,0,10,89.94
PERF_EMP0021_202604,EMP0021,2026-04-01,100,86,99,20,10,8,100.0
PERF_EMP0021_202605,EMP0021,2026-05-01,106,91,149,18,8,9,99.21
PERF_EMP0021_202606,EMP0021,2026-06-01,116,116,86,13,3,16,99.37
PERF_EMP0021_202607,EMP0021,2026-07-01,100,75,128,2,5,13,91.17
PERF_EMP0021_202608,EMP0021,2026-08-01,105,91,90,9,9,15,86.78
PERF_EMP0021_202609,EMP0021,2026-09-01,110,79,90,14,9,15,95.45
PERF_EMP0022_202510,EMP0022,2025-10-01,100,80,81,10,0,21,83.73
PERF_EMP0022_202511,EMP0022,2025-11-01,100,118,147,16,10,9,100.0
PERF_EMP0022_202512,EMP0022,2025-12-01,100,84,143,15,8,3,92.56
PERF_EMP0022_202601,EMP0022,2026-01-01,115,92,131,14,15,5,95.63
PERF_EMP0022_202602,EMP0022,2026-02-01,113,106,70,25,2,9,86.31
PERF_EMP0022_202603,EMP0022,2026-03-01,168,144,131,18,11,11,95.38
PERF_EMP0022_202604,EMP0022,2026-04-01,118,112,76,16,18,20,99.44
PERF_EMP0022_202605,EMP0022,2026-05-01,107,114,151,22,12,11,100.0
PERF_EMP0022_202606,EMP0022,2026-06-01,115,87,72,13,2,25,84.29
PERF_EMP0022_202607,EMP0022,2026-07-01,114,89,96,16,7,8,84.54
PERF_EMP0022_202608,EMP0022,2026-08-01,148,151,137,27,10,13,100.0
PERF_EMP0022_202609,EMP0022,2026-09-01,119,87,135,17,19,3,86.67
PERF_EMP0023_202510,EMP0023,2025-10-01,149,146,139,17,9,23,100.0
PERF_EMP0023_202511,EMP0023,2025-11-01,103,112,122,25,4,21,100.0
PERF_EMP0023_202512,EMP0023,2025-12-01,133,137,159,18,15,0,100.0
PERF_EMP0023_202601,EMP0023,2026-01-01,132,135,109,19,11,26,89.19
PERF_EMP0023_202602,EMP0023,2026-02-01,144,158,184,25,11,18,100.0
PERF_EMP0023_202603,EMP0023,2026-03-01,100,82,134,34,13,28,88.25
PERF_EMP0023_202604,EMP0023,2026-04-01,100,90,127,12,16,16,100.0
PERF_EMP0023_202605,EMP0023,2026-05-01,126,146,108,29,10,27,100.0
PERF_EMP0023_202606,EMP0023,2026-06-01,132,123,111,18,12,24,86.68
PERF_EMP0023_202607,EMP0023,2026-07-01,121,131,88,16,8,19,100.0
PERF_EMP0023_202608,EMP0023,2026-08-01,127,131,144,25,0,25,97.66
PERF_EMP0023_202609,EMP0023,2026-09-01,136,128,80,29,8,11,90.72
PERF_EMP0024_202510,EMP0024,2025-10-01,154,154,164,22,10,16,99.33
PERF_EMP0024_202511,EMP0024,2025-11-01,112,103,145,20,16,11,97.22
PERF_EMP0024_202512,EMP0024,2025-12-01,163,153,190,19,11,22,97.33
PERF_EMP0024_202601,EMP0024,2026-01-01,122,150,159,17,22,21,100.0
PERF_EMP0024_202602,EMP0024,2026-02-01,120,131,123,33,7,7,100.0
PERF_EMP0024_202603,EMP0024,2026-03-01,100,101,178,30,16,16,100.0
PERF_EMP0024_202604,EMP0024,2026-04-01,103,91,155,19,8,13,99.08
PERF_EMP0024_202605,EMP0024,2026-05-01,100,82,146,17,18,23,96.71
PERF_EMP0024_202606,EMP0024,2026-06-01,155,158,147,32,12,13,100.0
PERF_EMP0024_202607,EMP0024,2026-07-01,123,112,94,24,17,16,100.0
PERF_EMP0024_202608,EMP0024,2026-08-01,118,132,118,32,22,17,100.0
PERF_EMP0024_202609,EMP0024,2026-09-01,100,98,133,22,6,21,100.0
PERF_EMP0025_202510,EMP0025,2025-10-01,126,114,27,24,16,6,79.81
PERF_EMP0025_202511,EMP0025,2025-11-01,100,72,134,19,0,17,88.51
PERF_EMP0025_202512,EMP0025,2025-12-01,146,179,121,33,16,14,100.0
PERF_EMP0025_202601,EMP0025,2026-01-01,111,85,113,22,4,10,84.84
PERF_EMP0025_202602,EMP0025,2026-02-01,102,105,71,10,12,14,99.81
PERF_EMP0025_202603,EMP0025,2026-03-01,131,105,141,11,16,16,86.05
PERF_EMP0025_202604,EMP0025,2026-04-01,100,89,126,22,7,16,98.15
PERF_EMP0025_202605,EMP0025,2026-05-01,134,102,81,39,12,16,88.8
PERF_EMP0025_202606,EMP0025,2026-06-01,130,124,77,23,8,17,84.22
PERF_EMP0025_202607,EMP0025,2026-07-01,121,112,105,11,16,7,80.18
PERF_EMP0025_202608,EMP0025,2026-08-01,138,111,74,18,1,13,79.36
PERF_EMP0025_202609,EMP0025,2026-09-01,134,100,102,6,12,23,100.0
PERF_EMP0026_202510,EMP0026,2025-10-01,115,129,138,23,14,10,99.82
PERF_EMP0026_202511,EMP0026,2025-11-01,108,85,113,20,5,9,100.0
PERF_EMP0026_202512,EMP0026,2025-12-01,112,117,151,18,5,23,100.0
PERF_EMP0026_202601,EMP0026,2026-01-01,154,142,122,23,9,14,95.33
PERF_EMP0026_202602,EMP0026,2026-02-01,120,81,125,18,14,9,84.91
PERF_EMP0026_202603,EMP0026,2026-03-01,151,149,147,21,8,2,100.0
PERF_EMP0026_202604,EMP0026,2026-04-01,151,193,133,17,5,19,100.0
PERF_EMP0026_202605,EMP0026,2026-05-01,130,128,114,22,16,15,97.98
PERF_EMP0026_202606,EMP0026,2026-06-01,142,149,130,17,9,9,99.91
PERF_EMP0026_202607,EMP0026,2026-07-01,130,125,148,30,17,19,98.71
PERF_EMP0026_202608,EMP0026,2026-08-01,126,153,90,12,16,17,100.0
PERF_EMP0026_202609,EMP0026,2026-09-01,100,82,152,27,13,5,91.2
PERF_EMP0027_202510,EMP0027,2025-10-01,146,107,66,1,8,9,75.69
PERF_EMP0027_202511,EMP0027,2025-11-01,129,127,117,16,15,16,95.1
PERF_EMP0027_202512,EMP0027,2025-12-01,115,101,105,10,12,8,93.08
PERF_EMP0027_202601,EMP0027,2026-01-01,145,100,91,12,10,5,88.93
PERF_EMP0027_202602,EMP0027,2026-02-01,119,94,77,24,12,27,90.54
PERF_EMP0027_202603,EMP0027,2026-03-01,110,130,122,24,11,3,100.0
PERF_EMP0027_202604,EMP0027,2026-04-01,102,80,73,20,9,12,81.94
PERF_EMP0027_202605,EMP0027,2026-05-01,120,72,90,10,1,0,74.57
PERF_EMP0027_202606,EMP0027,2026-06-01,100,101,104,11,12,18,100.0
PERF_EMP0027_202607,EMP0027,2026-07-01,107,83,116,15,1,3,90.68
PERF_EMP0027_202608,EMP0027,2026-08-01,105,80,114,14,8,15,87.07
PERF_EMP0027_202609,EMP0027,2026-09-01,134,129,65,19,13,18,86.33
PERF_EMP0028_202510,EMP0028,2025-10-01,148,134,99,13,12,6,92.62
PERF_EMP0028_202511,EMP0028,2025-11-01,107,114,110,10,9,23,100.0
PERF_EMP0028_202512,EMP0028,2025-12-01,126,118,156,20,8,14,98.18
PERF_EMP0028_202601,EMP0028,2026-01-01,133,124,91,31,9,13,96.99
PERF_EMP0028_202602,EMP0028,2026-02-01,110,111,137,30,0,11,100.0
PERF_EMP0028_202603,EMP0028,2026-03-01,146,133,182,7,14,21,100.0
PERF_EMP0028_202604,EMP0028,2026-04-01,134,107,126,21,7,17,97.52
PERF_EMP0028_202605,EMP0028,2026-05-01,139,131,97,19,1,19,95.96
PERF_EMP0028_202606,EMP0028,2026-06-01,100,87,121,6,6,10,91.09
PERF_EMP0028_202607,EMP0028,2026-07-01,149,99,132,18,11,12,87.32
PERF_EMP0028_202608,EMP0028,2026-08-01,137,142,124,15,15,18,96.49
PERF_EMP0028_202609,EMP0028,2026-09-01,131,115,123,13,14,14,93.94
PERF_EMP0029_202510,EMP0029,2025-10-01,137,134,171,17,6,13,97.74
PERF_EMP0029_202511,EMP0029,2025-11-01,114,87,92,10,5,0,90.0
PERF_EMP0029_202512,EMP0029,2025-12-01,148,157,94,23,16,17,92.13
PERF_EMP0029_202601,EMP0029,2026-01-01,103,96,102,18,6,14,88.47
PERF_EMP0029_202602,EMP0029,2026-02-01,128,124,107,19,15,7,92.33
PERF_EMP0029_202603,EMP0029,2026-03-01,143,125,117,17,13,11,88.31
PERF_EMP0029_202604,EMP0029,2026-04-01,100,106,131,21,11,16,100.0
PERF_EMP0029_202605,EMP0029,2026-05-01,120,102,107,13,7,16,96.28
PERF_EMP0029_202606,EMP0029,2026-06-01,143,121,101,29,12,6,94.58
PERF_EMP0029_202607,EMP0029,2026-07-01,144,79,84,19,18,7,73.18
PERF_EMP0029_202608,EMP0029,2026-08-01,128,137,141,18,18,17,100.0
PERF_EMP0029_202609,EMP0029,2026-09-01,100,90,122,32,13,11,96.28
PERF_EMP0030_202510,EMP0030,2025-10-01,109,101,158,19,10,23,100.0
PERF_EMP0030_202511,EMP0030,2025-11-01,121,125,108,26,12,6,95.31
PERF_EMP0030_202512,EMP0030,2025-12-01,118,146,138,15,13,14,100.0
PERF_EMP0030_202601,EMP0030,2026-01-01,130,107,118,21,16,28,90.26
PERF_EMP0030_202602,EMP0030,2026-02-01,121,143,125,29,10,19,100.0
PERF_EMP0030_202603,EMP0030,2026-03-01,125,120,137,30,9,30,100.0
PERF_EMP0030_202604,EMP0030,2026-04-01,100,97,104,22,4,17,95.0
PERF_EMP0030_202605,EMP0030,2026-05-01,146,120,162,21,11,17,94.66
PERF_EMP0030_202606,EMP0030,2026-06-01,115,119,137,24,8,20,100.0
PERF_EMP0030_202607,EMP0030,2026-07-01,112,104,119,25,12,15,98.03
PERF_EMP0030_202608,EMP0030,2026-08-01,104,104,162,28,12,14,100.0
PERF_EMP0030_202609,EMP0030,2026-09-01,135,127,168,20,19,19,100.0
PERF_EMP0031_202510,EMP0031,2025-10-01,115,91,69,6,11,9,83.11
PERF_EMP0031_202511,EMP0031,2025-11-01,116,103,111,16,8,0,91.12
PERF_EMP0031_202512,EMP0031,2025-12-01,103,75,102,21,9,4,77.53
PERF_EMP0031_202601,EMP0031,2026-01-01,116,83,58,15,3,10,75.2
PERF_EMP0031_202602,EMP0031,2026-02-01,100,85,58,12,8,8,89.39
PERF_EMP0031_202603,EMP0031,2026-03-01,116,72,97,2,8,6,78.37
PERF_EMP0031_202604,EMP0031,2026-04-01,100,62,95,8,11,0,76.92
PERF_EMP0031_202605,EMP0031,2026-05-01,101,82,89,9,0,10,92.59
PERF_EMP0031_202606,EMP0031,2026-06-01,133,94,114,7,5,15,89.1
PERF_EMP0031_202607,EMP0031,2026-07-01,140,103,105,14,7,2,87.67
PERF_EMP0031_202608,EMP0031,2026-08-01,131,91,75,28,10,6,82.71
PERF_EMP0031_202609,EMP0031,2026-09-01,121,77,69,10,3,20,86.41
PERF_EMP0032_202510,EMP0032,2025-10-01,110,105,156,5,9,7,89.98
PERF_EMP0032_202511,EMP0032,2025-11-01,115,110,124,14,15,14,91.34
PERF_EMP0032_202512,EMP0032,2025-12-01,139,142,141,12,18,9,100.0
PERF_EMP0032_202601,EMP0032,2026-01-01,117,107,136,43,13,15,91.3
PERF_EMP0032_202602,EMP0032,2026-02-01,114,109,106,31,9,14,85.57
PERF_EMP0032_202603,EMP0032,2026-03-01,100,106,105,16,5,17,100.0
PERF_EMP0032_202604,EMP0032,2026-04-01,104,111,111,29,14,0,96.76
PERF_EMP0032_202605,EMP0032,2026-05-01,156,128,178,18,19,16,94.46
PERF_EMP0032_202606,EMP0032,2026-06-01,128,142,122,15,1,10,100.0
PERF_EMP0032_202607,EMP0032,2026-07-01,146,148,126,20,13,14,98.5
PERF_EMP0032_202608,EMP0032,2026-08-01,152,173,120,31,10,13,100.0
PERF_EMP0032_202609,EMP0032,2026-09-01,111,114,137,17,9,22,100.0
PERF_EMP0033_202510,EMP0033,2025-10-01,125,116,136,6,6,15,100.0
PERF_EMP0033_202511,EMP0033,2025-11-01,123,114,76,15,13,16,86.06
PERF_EMP0033_202512,EMP0033,2025-12-01,126,88,64,22,9,10,75.76
PERF_EMP0033_202601,EMP0033,2026-01-01,124,148,134,11,13,4,100.0
PERF_EMP0033_202602,EMP0033,2026-02-01,113,110,108,21,9,14,100.0
PERF_EMP0033_202603,EMP0033,2026-03-01,132,101,103,16,14,6,90.06
PERF_EMP0033_202604,EMP0033,2026-04-01,101,85,107,13,6,15,96.9
PERF_EMP0033_202605,EMP0033,2026-05-01,100,62,91,11,9,9,84.97
PERF_EMP0033_202606,EMP0033,2026-06-01,116,95,71,18,5,17,97.84
PERF_EMP0033_202607,EMP0033,2026-07-01,102,75,89,9,13,19,85.78
PERF_EMP0033_202608,EMP0033,2026-08-01,100,67,139,20,12,3,93.34
PERF_EMP0033_202609,EMP0033,2026-09-01,147,134,90,18,1,26,86.14
PERF_EMP0034_202510,EMP0034,2025-10-01,154,120,174,25,13,9,94.2
PERF_EMP0034_202511,EMP0034,2025-11-01,149,128,142,16,17,26,93.11
PERF_EMP0034_202512,EMP0034,2025-12-01,109,95,144,25,15,15,100.0
PERF_EMP0034_202601,EMP0034,2026-01-01,140,122,151,16,10,14,90.0
PERF_EMP0034_202602,EMP0034,2026-02-01,138,123,103,10,13,24,100.0
PERF_EMP0034_202603,EMP0034,2026-03-01,114,88,108,20,11,27,90.06
PERF_EMP0034_202604,EMP0034,2026-04-01,100,85,138,20,16,16,92.61
PERF_EMP0034_202605,EMP0034,2026-05-01,136,133,66,20,17,19,94.8
PERF_EMP0034_202606,EMP0034,2026-06-01,127,141,121,23,11,9,93.27
PERF_EMP0034_202607,EMP0034,2026-07-01,115,118,171,5,8,14,100.0
PERF_EMP0034_202608,EMP0034,2026-08-01,135,119,156,9,9,14,96.02
PERF_EMP0034_202609,EMP0034,2026-09-01,100,85,113,24,12,14,93.3
PERF_EMP0035_202510,EMP0035,2025-10-01,136,113,74,26,0,3,84.85
PERF_EMP0035_202511,EMP0035,2025-11-01,114,109,115,6,1,18,92.05
PERF_EMP0035_202512,EMP0035,2025-12-01,132,128,67,22,8,12,82.41
PERF_EMP0035_202601,EMP0035,2026-01-01,114,90,58,6,10,14,83.32
PERF_EMP0035_202602,EMP0035,2026-02-01,135,134,102,20,8,2,92.58
PERF_EMP0035_202603,EMP0035,2026-03-01,134,96,108,15,9,13,79.17
PERF_EMP0035_202604,EMP0035,2026-04-01,101,78,98,16,11,12,77.37
PERF_EMP0035_202605,EMP0035,2026-05-01,123,93,109,30,0,10,83.02
PERF_EMP0035_202606,EMP0035,2026-06-01,131,129,102,15,9,19,92.93
PERF_EMP0035_202607,EMP0035,2026-07-01,100,90,100,18,8,14,89.73
PERF_EMP0035_202608,EMP0035,2026-08-01,100,73,104,13,6,0,91.38
PERF_EMP0035_202609,EMP0035,2026-09-01,115,109,106,19,6,0,100.0
PERF_EMP0036_202510,EMP0036,2025-10-01,135,125,121,14,6,21,94.76
PERF_EMP0036_202511,EMP0036,2025-11-01,142,147,152,4,17,14,100.0
PERF_EMP0036_202512,EMP0036,2025-12-01,133,123,78,2,11,16,86.93
PERF_EMP0036_202601,EMP0036,2026-01-01,131,107,123,12,0,10,93.2
PERF_EMP0036_202602,EMP0036,2026-02-01,142,144,85,9,12,17,98.24
PERF_EMP0036_202603,EMP0036,2026-03-01,104,89,118,22,10,15,94.46
PERF_EMP0036_202604,EMP0036,2026-04-01,128,114,115,26,10,9,99.62
PERF_EMP0036_202605,EMP0036,2026-05-01,129,90,96,13,7,19,88.5
PERF_EMP0036_202606,EMP0036,2026-06-01,107,102,104,15,11,9,94.46
PERF_EMP0036_202607,EMP0036,2026-07-01,105,115,88,16,16,10,99.24
PERF_EMP0036_202608,EMP0036,2026-08-01,145,119,84,19,3,16,100.0
PERF_EMP0036_202609,EMP0036,2026-09-01,128,104,99,8,12,9,79.3
PERF_EMP0037_202510,EMP0037,2025-10-01,115,93,98,26,3,25,87.55
PERF_EMP0037_202511,EMP0037,2025-11-01,131,125,100,12,6,22,97.69
PERF_EMP0037_202512,EMP0037,2025-12-01,105,95,128,18,13,26,93.82
PERF_EMP0037_202601,EMP0037,2026-01-01,100,93,114,22,6,13,89.54
PERF_EMP0037_202602,EMP0037,2026-02-01,122,121,102,0,15,18,100.0
PERF_EMP0037_202603,EMP0037,2026-03-01,117,101,75,14,13,4,92.1
PERF_EMP0037_202604,EMP0037,2026-04-01,138,146,114,23,10,16,100.0
PERF_EMP0037_202605,EMP0037,2026-05-01,127,127,158,17,18,11,100.0
PERF_EMP0037_202606,EMP0037,2026-06-01,148,132,155,19,15,14,100.0
PERF_EMP0037_202607,EMP0037,2026-07-01,100,85,120,19,11,18,89.24
PERF_EMP0037_202608,EMP0037,2026-08-01,134,105,125,27,10,22,90.14
PERF_EMP0037_202609,EMP0037,2026-09-01,100,91,97,8,7,14,96.86
PERF_EMP0038_202510,EMP0038,2025-10-01,112,116,121,13,10,13,100.0
PERF_EMP0038_202511,EMP0038,2025-11-01,133,119,119,20,12,3,94.3
PERF_EMP0038_202512,EMP0038,2025-12-01,116,107,107,19,11,14,94.76
PERF_EMP0038_202601,EMP0038,2026-01-01,123,99,145,10,5,18,100.0
PERF_EMP0038_202602,EMP0038,2026-02-01,126,132,141,4,4,16,93.54
PERF_EMP0038_202603,EMP0038,2026-03-01,144,121,164,32,9,11,97.36
PERF_EMP0038_202604,EMP0038,2026-04-01,111,85,106,17,15,16,96.28
PERF_EMP0038_202605,EMP0038,2026-05-01,133,127,152,21,19,17,100.0
PERF_EMP0038_202606,EMP0038,2026-06-01,118,127,59,8,13,14,98.54
PERF_EMP0038_202607,EMP0038,2026-07-01,124,115,75,14,9,20,88.72
PERF_EMP0038_202608,EMP0038,2026-08-01,105,107,92,17,15,10,99.4
PERF_EMP0038_202609,EMP0038,2026-09-01,127,109,136,28,5,25,93.0
PERF_EMP0039_202510,EMP0039,2025-10-01,126,95,114,23,4,21,87.61
PERF_EMP0039_202511,EMP0039,2025-11-01,141,125,104,17,12,13,93.14
PERF_EMP0039_202512,EMP0039,2025-12-01,100,62,108,23,9,16,85.76
PERF_EMP0039_202601,EMP0039,2026-01-01,100,92,112,16,16,8,100.0
PERF_EMP0039_202602,EMP0039,2026-02-01,100,83,141,13,11,17,94.02
PERF_EMP0039_202603,EMP0039,2026-03-01,103,108,120,12,8,16,100.0
PERF_EMP0039_202604,EMP0039,2026-04-01,101,84,98,6,10,14,93.92
PERF_EMP0039_202605,EMP0039,2026-05-01,141,153,123,17,11,11,93.42
PERF_EMP0039_202606,EMP0039,2026-06-01,100,77,103,21,11,20,90.42
PERF_EMP0039_202607,EMP0039,2026-07-01,150,120,109,11,14,10,88.99
PERF_EMP0039_202608,EMP0039,2026-08-01,115,94,123,20,7,10,88.05
PERF_EMP0039_202609,EMP0039,2026-09-01,112,91,67,15,12,11,84.42
PERF_EMP0040_202510,EMP0040,2025-10-01,123,73,129,22,11,20,80.55
PERF_EMP0040_202511,EMP0040,2025-11-01,100,102,112,16,7,12,100.0
PERF_EMP0040_202512,EMP0040,2025-12-01,137,143,139,22,12,21,100.0
PERF_EMP0040_202601,EMP0040,2026-01-01,139,127,115,8,9,9,93.63
PERF_EMP0040_202602,EMP0040,2026-02-01,111,96,121,8,3,17,90.93
PERF_EMP0040_202603,EMP0040,2026-03-01,102,77,117,15,13,19,90.37
PERF_EMP0040_202604,EMP0040,2026-04-01,136,129,104,26,12,24,96.63
PERF_EMP0040_202605,EMP0040,2026-05-01,112,108,154,29,10,15,100.0
PERF_EMP0040_202606,EMP0040,2026-06-01,119,128,104,16,9,12,100.0
PERF_EMP0040_202607,EMP0040,2026-07-01,119,93,87,12,7,17,83.37
PERF_EMP0040_202608,EMP0040,2026-08-01,100,98,127,22,9,13,99.21
PERF_EMP0040_202609,EMP0040,2026-09-01,113,88,132,15,6,14,86.79
PERF_EMP0041_202510,EMP0041,2025-10-01,103,105,102,15,7,13,99.94
PERF_EMP0041_202511,EMP0041,2025-11-01,131,70,143,21,4,10,78.3
PERF_EMP0041_202512,EMP0041,2025-12-01,126,88,81,15,7,10,78.93
PERF_EMP0041_202601,EMP0041,2026-01-01,110,92,88,22,1,11,88.71
PERF_EMP0041_202602,EMP0041,2026-02-01,120,107,84,12,10,7,92.14
PERF_EMP0041_202603,EMP0041,2026-03-01,100,84,132,2,5,0,94.07
PERF_EMP0041_202604,EMP0041,2026-04-01,122,99,121,18,2,17,90.68
PERF_EMP0041_202605,EMP0041,2026-05-01,124,83,62,23,11,12,88.03
PERF_EMP0041_202606,EMP0041,2026-06-01,116,90,111,12,12,0,84.92
PERF_EMP0041_202607,EMP0041,2026-07-01,129,95,93,18,15,8,86.95
PERF_EMP0041_202608,EMP0041,2026-08-01,112,64,102,11,6,13,85.87
PERF_EMP0041_202609,EMP0041,2026-09-01,117,83,116,18,11,8,79.31
PERF_EMP0042_202510,EMP0042,2025-10-01,145,119,118,21,6,0,94.49
PERF_EMP0042_202511,EMP0042,2025-11-01,161,119,78,10,15,8,80.28
PERF_EMP0042_202512,EMP0042,2025-12-01,158,124,92,12,6,0,90.14
PERF_EMP0042_202601,EMP0042,2026-01-01,116,86,92,9,13,25,82.9
PERF_EMP0042_202602,EMP0042,2026-02-01,135,107,133,24,9,10,87.11
PERF_EMP0042_202603,EMP0042,2026-03-01,123,97,123,27,0,15,84.49
PERF_EMP0042_202604,EMP0042,2026-04-01,144,116,89,10,3,19,86.64
PERF_EMP0042_202605,EMP0042,2026-05-01,100,97,116,7,10,13,96.05
PERF_EMP0042_202606,EMP0042,2026-06-01,110,89,139,16,0,11,92.94
PERF_EMP0042_202607,EMP0042,2026-07-01,117,75,94,21,8,11,82.82
PERF_EMP0042_202608,EMP0042,2026-08-01,130,78,134,17,8,14,82.29
PERF_EMP0042_202609,EMP0042,2026-09-01,143,90,76,25,16,9,88.08
PERF_EMP0043_202510,EMP0043,2025-10-01,108,93,105,10,6,10,91.51
PERF_EMP0043_202511,EMP0043,2025-11-01,125,81,91,18,6,0,87.63
PERF_EMP0043_202512,EMP0043,2025-12-01,128,110,123,6,14,17,88.84
PERF_EMP0043_202601,EMP0043,2026-01-01,114,86,97,4,9,14,90.58
PERF_EMP0043_202602,EMP0043,2026-02-01,120,91,52,10,9,3,87.82
PERF_EMP0043_202603,EMP0043,2026-03-01,157,131,59,11,10,13,75.83
PERF_EMP0043_202604,EMP0043,2026-04-01,131,125,81,22,0,11,90.87
PERF_EMP0043_202605,EMP0043,2026-05-01,138,75,53,17,6,12,82.69
PERF_EMP0043_202606,EMP0043,2026-06-01,100,84,67,18,7,16,81.64
PERF_EMP0043_202607,EMP0043,2026-07-01,126,98,56,19,3,0,87.09
PERF_EMP0043_202608,EMP0043,2026-08-01,126,119,95,15,7,4,93.75
PERF_EMP0043_202609,EMP0043,2026-09-01,129,71,96,13,10,5,76.59
PERF_EMP0044_202510,EMP0044,2025-10-01,122,116,98,28,13,18,91.56
PERF_EMP0044_202511,EMP0044,2025-11-01,104,92,107,27,7,11,94.68
PERF_EMP0044_202512,EMP0044,2025-12-01,141,114,96,16,4,11,87.4
PERF_EMP0044_202601,EMP0044,2026-01-01,108,101,142,16,8,19,93.24
PERF_EMP0044_202602,EMP0044,2026-02-01,100,115,115,26,18,16,99.6
PERF_EMP0044_202603,EMP0044,2026-03-01,127,138,119,20,10,16,100.0
PERF_EMP0044_202604,EMP0044,2026-04-01,104,93,170,26,6,21,99.13
PERF_EMP0044_202605,EMP0044,2026-05-01,149,161,149,23,5,15,100.0
PERF_EMP0044_202606,EMP0044,2026-06-01,145,147,145,12,10,20,100.0
PERF_EMP0044_202607,EMP0044,2026-07-01,100,109,126,16,7,14,100.0
PERF_EMP0044_202608,EMP0044,2026-08-01,131,131,93,31,7,15,100.0
PERF_EMP0044_202609,EMP0044,2026-09-01,100,87,120,29,15,17,90.7
PERF_EMP0045_202510,EMP0045,2025-10-01,133,118,104,16,5,17,97.84
PERF_EMP0045_202511,EMP0045,2025-11-01,119,143,136,26,7,14,100.0
PERF_EMP0045_202512,EMP0045,2025-12-01,103,94,116,24,13,9,94.27
PERF_EMP0045_202601,EMP0045,2026-01-01,113,110,123,16,16,26,100.0
PERF_EMP0045_202602,EMP0045,2026-02-01,107,106,108,20,9,11,100.0
PERF_EMP0045_202603,EMP0045,2026-03-01,134,132,92,22,15,19,91.43
PERF_EMP0045_202604,EMP0045,2026-04-01,130,131,122,9,11,21,100.0
PERF_EMP0045_202605,EMP0045,2026-05-01,123,115,121,25,21,17,96.39
PERF_EMP0045_202606,EMP0045,2026-06-01,107,110,134,24,14,5,100.0
PERF_EMP0045_202607,EMP0045,2026-07-01,100,94,87,24,4,17,94.97
PERF_EMP0045_202608,EMP0045,2026-08-01,167,157,140,22,10,13,92.04
PERF_EMP0045_202609,EMP0045,2026-09-01,115,127,140,27,10,12,98.8
PERF_EMP0046_202510,EMP0046,2025-10-01,116,122,169,16,6,19,99.4
PERF_EMP0046_202511,EMP0046,2025-11-01,120,122,186,20,13,7,100.0
PERF_EMP0046_202512,EMP0046,2025-12-01,130,129,134,31,9,28,96.48
PERF_EMP0046_202601,EMP0046,2026-01-01,128,136,117,14,25,14,100.0
PERF_EMP0046_202602,EMP0046,2026-02-01,128,83,140,14,14,11,81.96
PERF_EMP0046_202603,EMP0046,2026-03-01,100,77,161,13,11,21,87.79
PERF_EMP0046_202604,EMP0046,2026-04-01,100,95,136,16,10,8,98.73
PERF_EMP0046_202605,EMP0046,2026-05-01,129,150,98,21,14,16,91.56
PERF_EMP0046_202606,EMP0046,2026-06-01,151,170,151,24,9,16,100.0
PERF_EMP0046_202607,EMP0046,2026-07-01,133,145,120,42,6,10,100.0
PERF_EMP0046_202608,EMP0046,2026-08-01,139,140,127,26,13,23,100.0
PERF_EMP0046_202609,EMP0046,2026-09-01,119,138,173,11,12,13,100.0
PERF_EMP0047_202510,EMP0047,2025-10-01,100,109,135,29,10,3,100.0
PERF_EMP0047_202511,EMP0047,2025-11-01,151,131,102,26,5,10,87.17
PERF_EMP0047_202512,EMP0047,2025-12-01,115,125,117,9,15,25,100.0
PERF_EMP0047_202601,EMP0047,2026-01-01,133,118,85,25,18,15,83.12
PERF_EMP0047_202602,EMP0047,2026-02-01,137,114,137,13,11,14,96.58
PERF_EMP0047_202603,EMP0047,2026-03-01,119,108,100,21,13,13,98.51
PERF_EMP0047_202604,EMP0047,2026-04-01,129,126,90,29,15,21,97.34
PERF_EMP0047_202605,EMP0047,2026-05-01,118,102,109,14,5,9,84.24
PERF_EMP0047_202606,EMP0047,2026-06-01,115,104,153,23,11,14,100.0
PERF_EMP0047_202607,EMP0047,2026-07-01,100,95,109,16,15,11,100.0
PERF_EMP0047_202608,EMP0047,2026-08-01,123,119,137,27,9,16,92.45
PERF_EMP0047_202609,EMP0047,2026-09-01,128,119,90,13,14,8,91.62
PERF_EMP0048_202510,EMP0048,2025-10-01,102,67,100,20,0,19,81.23
PERF_EMP0048_202511,EMP0048,2025-11-01,155,83,30,15,10,10,73.32
PERF_EMP0048_202512,EMP0048,2025-12-01,102,77,125,17,10,4,92.35
PERF_EMP0048_202601,EMP0048,2026-01-01,106,75,90,9,7,13,89.49
PERF_EMP0048_202602,EMP0048,2026-02-01,116,83,140,19,2,11,87.16
PERF_EMP0048_202603,EMP0048,2026-03-01,152,123,19,21,12,8,83.57
PERF_EMP0048_202604,EMP0048,2026-04-01,103,75,82,3,4,13,81.36
PERF_EMP0048_202605,EMP0048,2026-05-01,172,137,82,22,8,14,86.28
PERF_EMP0048_202606,EMP0048,2026-06-01,119,80,109,4,5,16,87.19
PERF_EMP0048_202607,EMP0048,2026-07-01,149,97,74,9,6,6,82.85
PERF_EMP0048_202608,EMP0048,2026-08-01,138,119,52,22,8,3,94.81
PERF_EMP0048_202609,EMP0048,2026-09-01,107,67,75,8,3,17,85.69
PERF_EMP0049_202510,EMP0049,2025-10-01,123,91,94,28,13,16,76.73
PERF_EMP0049_202511,EMP0049,2025-11-01,115,79,122,21,10,12,92.56
PERF_EMP0049_202512,EMP0049,2025-12-01,100,72,90,12,8,4,85.73
PERF_EMP0049_202601,EMP0049,2026-01-01,139,113,60,21,4,7,85.17
PERF_EMP0049_202602,EMP0049,2026-02-01,119,79,160,14,10,2,86.28
PERF_EMP0049_202603,EMP0049,2026-03-01,100,65,77,25,3,2,90.23
PERF_EMP0049_202604,EMP0049,2026-04-01,100,91,130,14,13,9,89.49
PERF_EMP0049_202605,EMP0049,2026-05-01,101,92,117,25,9,9,100.0
PERF_EMP0049_202606,EMP0049,2026-06-01,131,122,89,6,0,19,85.51
PERF_EMP0049_202607,EMP0049,2026-07-01,127,91,89,18,3,9,84.78
PERF_EMP0049_202608,EMP0049,2026-08-01,100,97,115,20,7,12,96.52
PERF_EMP0049_202609,EMP0049,2026-09-01,118,110,129,19,11,20,93.98
PERF_EMP0050_202510,EMP0050,2025-10-01,128,107,133,12,8,20,100.0
PERF_EMP0050_202511,EMP0050,2025-11-01,115,111,135,19,12,9,100.0
PERF_EMP0050_202512,EMP0050,2025-12-01,111,79,124,25,14,28,86.24
PERF_EMP0050_202601,EMP0050,2026-01-01,100,93,96,2,6,24,96.32
PERF_EMP0050_202602,EMP0050,2026-02-01,155,139,96,6,8,14,91.12
PERF_EMP0050_202603,EMP0050,2026-03-01,145,107,122,9,16,14,94.45
PERF_EMP0050_202604,EMP0050,2026-04-01,100,117,102,18,6,4,100.0
PERF_EMP0050_202605,EMP0050,2026-05-01,105,91,101,22,1,8,84.24
PERF_EMP0050_202606,EMP0050,2026-06-01,139,117,122,9,16,26,96.46
PERF_EMP0050_202607,EMP0050,2026-07-01,112,114,120,12,9,8,100.0
PERF_EMP0050_202608,EMP0050,2026-08-01,115,75,106,22,17,14,83.7
PERF_EMP0050_202609,EMP0050,2026-09-01,114,92,86,24,5,8,91.98
PERF_EMP0051_202510,EMP0051,2025-10-01,126,88,74,7,0,20,77.36
PERF_EMP0051_202511,EMP0051,2025-11-01,100,98,86,13,3,0,94.48
PERF_EMP0051_202512,EMP0051,2025-12-01,160,149,119,17,10,24,92.39
PERF_EMP0051_202601,EMP0051,2026-01-01,148,130,121,28,8,1,93.83
PERF_EMP0051_202602,EMP0051,2026-02-01,144,97,108,25,12,17,85.04
PERF_EMP0051_202603,EMP0051,2026-03-01,114,57,111,13,12,13,78.2
PERF_EMP0051_202604,EMP0051,2026-04-01,142,114,89,20,4,7,88.38
PERF_EMP0051_202605,EMP0051,2026-05-01,100,75,93,11,6,11,87.92
PERF_EMP0051_202606,EMP0051,2026-06-01,118,66,97,6,6,9,81.15
PERF_EMP0051_202607,EMP0051,2026-07-01,100,98,82,9,4,7,91.64
PERF_EMP0051_202608,EMP0051,2026-08-01,118,85,82,23,14,9,80.92
PERF_EMP0051_202609,EMP0051,2026-09-01,136,101,78,8,3,13,77.91
PERF_EMP0052_202510,EMP0052,2025-10-01,107,97,94,18,17,17,94.55
PERF_EMP0052_202511,EMP0052,2025-11-01,145,138,92,12,14,9,95.72
PERF_EMP0052_202512,EMP0052,2025-12-01,143,142,118,22,10,17,97.93
PERF_EMP0052_202601,EMP0052,2026-01-01,123,107,124,10,6,9,100.0
PERF_EMP0052_202602,EMP0052,2026-02-01,147,103,114,7,0,10,89.42
PERF_EMP0052_202603,EMP0052,2026-03-01,150,131,117,11,6,11,89.54
PERF_EMP0052_202604,EMP0052,2026-04-01,124,95,133,16,0,18,85.34
PERF_EMP0052_202605,EMP0052,2026-05-01,106,127,99,26,14,16,100.0
PERF_EMP0052_202606,EMP0052,2026-06-01,100,74,97,21,12,13,90.21
PERF_EMP0052_202607,EMP0052,2026-07-01,134,150,107,15,12,21,100.0
PERF_EMP0052_202608,EMP0052,2026-08-01,112,110,140,20,18,13,100.0
PERF_EMP0052_202609,EMP0052,2026-09-01,123,94,72,26,10,16,87.43
PERF_EMP0053_202510,EMP0053,2025-10-01,115,87,84,24,0,10,86.98
PERF_EMP0053_202511,EMP0053,2025-11-01,143,135,126,17,17,14,90.72
PERF_EMP0053_202512,EMP0053,2025-12-01,124,77,127,10,4,12,87.32
PERF_EMP0053_202601,EMP0053,2026-01-01,113,97,84,13,3,11,95.56
PERF_EMP0053_202602,EMP0053,2026-02-01,119,104,86,27,8,11,94.62
PERF_EMP0053_202603,EMP0053,2026-03-01,120,89,124,19,7,7,83.39
PERF_EMP0053_202604,EMP0053,2026-04-01,138,139,94,14,11,21,99.23
PERF_EMP0053_202605,EMP0053,2026-05-01,100,76,108,12,4,6,96.74
PERF_EMP0053_202606,EMP0053,2026-06-01,128,108,116,28,8,19,90.35
PERF_EMP0053_202607,EMP0053,2026-07-01,123,123,146,14,5,5,100.0
PERF_EMP0053_202608,EMP0053,2026-08-01,100,85,93,16,11,15,90.25
PERF_EMP0053_202609,EMP0053,2026-09-01,150,146,85,20,0,17,91.81
PERF_EMP0054_202510,EMP0054,2025-10-01,100,100,97,11,11,14,100.0
PERF_EMP0054_202511,EMP0054,2025-11-01,100,107,124,17,5,1,98.0
PERF_EMP0054_202512,EMP0054,2025-12-01,131,156,159,13,1,30,100.0
PERF_EMP0054_202601,EMP0054,2026-01-01,127,105,120,27,14,12,98.3
PERF_EMP0054_202602,EMP0054,2026-02-01,124,110,126,15,1,14,95.17
PERF_EMP0054_202603,EMP0054,2026-03-01,138,142,146,8,10,14,99.9
PERF_EMP0054_202604,EMP0054,2026-04-01,100,66,97,33,11,11,87.44
PERF_EMP0054_202605,EMP0054,2026-05-01,108,133,119,27,9,12,100.0
PERF_EMP0054_202606,EMP0054,2026-06-01,143,190,102,25,12,5,100.0
PERF_EMP0054_202607,EMP0054,2026-07-01,143,136,131,20,17,14,100.0
PERF_EMP0054_202608,EMP0054,2026-08-01,114,118,58,20,9,9,91.17
PERF_EMP0054_202609,EMP0054,2026-09-01,125,133,153,29,20,13,99.07
PERF_EMP0055_202510,EMP0055,2025-10-01,133,156,120,22,6,28,100.0
PERF_EMP0055_202511,EMP0055,2025-11-01,109,124,91,29,9,11,100.0
PERF_EMP0055_202512,EMP0055,2025-12-01,153,126,108,17,8,16,91.68
PERF_EMP0055_202601,EMP0055,2026-01-01,111,99,91,16,5,14,86.91
PERF_EMP0055_202602,EMP0055,2026-02-01,115,120,130,19,7,17,100.0
PERF_EMP0055_202603,EMP0055,2026-03-01,120,85,137,21,9,17,90.6
PERF_EMP0055_202604,EMP0055,2026-04-01,102,95,177,25,11,11,97.0
PERF_EMP0055_202605,EMP0055,2026-05-01,120,130,131,32,0,18,100.0
PERF_EMP0055_202606,EMP0055,2026-06-01,144,134,135,14,12,23,94.51
PERF_EMP0055_202607,EMP0055,2026-07-01,109,98,136,16,19,7,100.0
PERF_EMP0055_202608,EMP0055,2026-08-01,115,106,144,23,11,18,97.0
PERF_EMP0055_202609,EMP0055,2026-09-01,111,115,138,23,9,6,100.0
PERF_EMP0056_202510,EMP0056,2025-10-01,115,109,105,19,8,15,94.07
PERF_EMP0056_202511,EMP0056,2025-11-01,123,111,158,16,1,11,100.0
PERF_EMP0056_202512,EMP0056,2025-12-01,110,104,149,19,14,14,100.0
PERF_EMP0056_202601,EMP0056,2026-01-01,110,84,123,11,14,15,97.98
PERF_EMP0056_202602,EMP0056,2026-02-01,100,94,82,11,10,23,94.84
PERF_EMP0056_202603,EMP0056,2026-03-01,100,102,114,26,16,5,97.46
PERF_EMP0056_202604,EMP0056,2026-04-01,143,172,91,27,13,12,100.0
PERF_EMP0056_202605,EMP0056,2026-05-01,119,102,119,29,12,18,87.92
PERF_EMP0056_202606,EMP0056,2026-06-01,100,95,121,9,11,12,100.0
PERF_EMP0056_202607,EMP0056,2026-07-01,105,102,129,29,17,15,96.59
PERF_EMP0056_202608,EMP0056,2026-08-01,127,129,130,36,7,24,100.0
PERF_EMP0056_202609,EMP0056,2026-09-01,143,125,149,20,5,7,94.67
PERF_EMP0057_202510,EMP0057,2025-10-01,126,108,108,20,4,5,94.89
PERF_EMP0057_202511,EMP0057,2025-11-01,106,104,111,21,7,19,100.0
PERF_EMP0057_202512,EMP0057,2025-12-01,100,88,121,8,12,8,100.0
PERF_EMP0057_202601,EMP0057,2026-01-01,100,108,116,15,0,9,100.0
PERF_EMP0057_202602,EMP0057,2026-02-01,107,90,91,12,3,19,88.21
PERF_EMP0057_202603,EMP0057,2026-03-01,139,100,88,7,6,12,83.58
PERF_EMP0057_202604,EMP0057,2026-04-01,135,108,83,16,5,14,78.08
PERF_EMP0057_202605,EMP0057,2026-05-01,100,65,79,20,21,15,76.53
PERF_EMP0057_202606,EMP0057,2026-06-01,114,91,74,31,0,8,83.15
PERF_EMP0057_202607,EMP0057,2026-07-01,146,121,88,21,8,9,78.72
PERF_EMP0057_202608,EMP0057,2026-08-01,100,82,89,5,19,16,93.18
PERF_EMP0057_202609,EMP0057,2026-09-01,107,80,118,13,2,2,92.43
PERF_EMP0058_202510,EMP0058,2025-10-01,100,103,34,8,7,8,85.16
PERF_EMP0058_202511,EMP0058,2025-11-01,155,119,116,17,13,0,88.87
PERF_EMP0058_202512,EMP0058,2025-12-01,107,88,57,9,1,7,92.1
PERF_EMP0058_202601,EMP0058,2026-01-01,140,100,109,19,6,2,87.39
PERF_EMP0058_202602,EMP0058,2026-02-01,101,79,114,20,8,9,85.81
PERF_EMP0058_202603,EMP0058,2026-03-01,100,59,107,19,6,11,83.0
PERF_EMP0058_202604,EMP0058,2026-04-01,101,109,109,12,3,10,100.0
PERF_EMP0058_202605,EMP0058,2026-05-01,121,80,59,12,10,5,77.89
PERF_EMP0058_202606,EMP0058,2026-06-01,118,87,128,16,0,20,90.88
PERF_EMP0058_202607,EMP0058,2026-07-01,100,77,84,19,6,4,86.47
PERF_EMP0058_202608,EMP0058,2026-08-01,112,100,84,25,6,9,86.95
PERF_EMP0058_202609,EMP0058,2026-09-01,100,48,102,1,9,8,81.86
PERF_EMP0059_202510,EMP0059,2025-10-01,120,139,118,8,8,27,98.79
PERF_EMP0059_202511,EMP0059,2025-11-01,119,118,118,11,13,23,100.0
PERF_EMP0059_202512,EMP0059,2025-12-01,108,86,143,31,9,10,94.38
PERF_EMP0059_202601,EMP0059,2026-01-01,134,120,111,22,26,23,94.3
PERF_EMP0059_202602,EMP0059,2026-02-01,121,102,155,19,13,14,97.29
PERF_EMP0059_202603,EMP0059,2026-03-01,116,117,150,18,18,23,100.0
PERF_EMP0059_202604,EMP0059,2026-04-01,120,140,154,14,13,4,100.0
PERF_EMP0059_202605,EMP0059,2026-05-01,128,125,156,17,14,9,100.0
PERF_EMP0059_202606,EMP0059,2026-06-01,114,98,140,25,5,13,94.54
PERF_EMP0059_202607,EMP0059,2026-07-01,107,101,119,23,7,9,94.41
PERF_EMP0059_202608,EMP0059,2026-08-01,102,126,148,21,9,23,100.0
PERF_EMP0059_202609,EMP0059,2026-09-01,107,116,153,25,9,21,100.0
PERF_EMP0060_202510,EMP0060,2025-10-01,163,172,122,16,10,30,100.0
PERF_EMP0060_202511,EMP0060,2025-11-01,113,118,157,18,9,27,100.0
PERF_EMP0060_202512,EMP0060,2025-12-01,134,144,187,22,15,8,98.93
PERF_EMP0060_202601,EMP0060,2026-01-01,105,100,171,25,8,23,98.2
PERF_EMP0060_202602,EMP0060,2026-02-01,129,120,130,22,8,28,90.0
PERF_EMP0060_202603,EMP0060,2026-03-01,102,92,120,12,13,8,98.22
PERF_EMP0060_202604,EMP0060,2026-04-01,100,97,153,27,13,22,100.0
PERF_EMP0060_202605,EMP0060,2026-05-01,110,91,127,15,14,10,92.75
PERF_EMP0060_202606,EMP0060,2026-06-01,100,127,98,40,15,14,100.0
PERF_EMP0060_202607,EMP0060,2026-07-01,100,102,154,31,15,14,100.0
PERF_EMP0060_202608,EMP0060,2026-08-01,103,97,103,26,4,25,92.2
PERF_EMP0060_202609,EMP0060,2026-09-01,150,106,158,30,14,20,91.06
PERF_EMP0061_202510,EMP0061,2025-10-01,148,115,97,10,1,7,89.52
PERF_EMP0061_202511,EMP0061,2025-11-01,129,106,82,18,15,15,92.46
PERF_EMP0061_202512,EMP0061,2025-12-01,126,98,101,26,11,19,89.4
PERF_EMP0061_202601,EMP0061,2026-01-01,100,67,129,20,10,19,77.08
PERF_EMP0061_202602,EMP0061,2026-02-01,116,88,108,19,6,10,88.94
PERF_EMP0061_202603,EMP0061,2026-03-01,100,91,101,20,10,12,93.21
PERF_EMP0061_202604,EMP0061,2026-04-01,128,116,88,16,6,16,89.24
PERF_EMP0061_202605,EMP0061,2026-05-01,101,81,85,20,3,5,82.29
PERF_EMP0061_202606,EMP0061,2026-06-01,148,104,102,11,0,3,80.29
PERF_EMP0061_202607,EMP0061,2026-07-01,102,74,108,16,8,20,91.01
PERF_EMP0061_202608,EMP0061,2026-08-01,100,53,82,0,3,2,78.48
PERF_EMP0061_202609,EMP0061,2026-09-01,120,102,138,17,5,3,89.49
PERF_EMP0062_202510,EMP0062,2025-10-01,129,138,114,13,11,12,100.0
PERF_EMP0062_202511,EMP0062,2025-11-01,146,145,134,22,16,7,92.98
PERF_EMP0062_202512,EMP0062,2025-12-01,113,120,88,28,11,17,100.0
PERF_EMP0062_202601,EMP0062,2026-01-01,137,110,121,22,6,14,91.42
PERF_EMP0062_202602,EMP0062,2026-02-01,122,128,120,16,11,25,97.77
PERF_EMP0062_202603,EMP0062,2026-03-01,128,110,136,9,22,19,86.16
PERF_EMP0062_202604,EMP0062,2026-04-01,100,88,141,14,2,15,92.47
PERF_EMP0062_202605,EMP0062,2026-05-01,103,86,140,17,15,15,91.2
PERF_EMP0062_202606,EMP0062,2026-06-01,117,114,119,8,8,10,96.68
PERF_EMP0062_202607,EMP0062,2026-07-01,140,155,138,27,8,10,100.0
PERF_EMP0062_202608,EMP0062,2026-08-01,131,106,142,26,20,24,88.05
PERF_EMP0062_202609,EMP0062,2026-09-01,100,67,123,21,9,24,91.98
PERF_EMP0063_202510,EMP0063,2025-10-01,100,74,91,9,9,14,89.68
PERF_EMP0063_202511,EMP0063,2025-11-01,117,85,105,20,4,16,82.92
PERF_EMP0063_202512,EMP0063,2025-12-01,119,84,84,0,7,17,86.82
PERF_EMP0063_202601,EMP0063,2026-01-01,113,112,117,18,5,16,91.05
PERF_EMP0063_202602,EMP0063,2026-02-01,110,98,109,17,7,15,89.56
PERF_EMP0063_202603,EMP0063,2026-03-01,111,60,92,13,3,0,70.48
PERF_EMP0063_202604,EMP0063,2026-04-01,159,112,125,10,15,11,84.99
PERF_EMP0063_202605,EMP0063,2026-05-01,110,55,95,21,4,6,67.57
PERF_EMP0063_202606,EMP0063,2026-06-01,124,97,79,11,12,16,85.37
PERF_EMP0063_202607,EMP0063,2026-07-01,135,115,48,18,2,17,95.91
PERF_EMP0063_202608,EMP0063,2026-08-01,115,95,110,17,5,8,84.6
PERF_EMP0063_202609,EMP0063,2026-09-01,112,68,88,12,10,8,74.48
PERF_EMP0064_202510,EMP0064,2025-10-01,112,94,112,13,5,22,98.42
PERF_EMP0064_202511,EMP0064,2025-11-01,125,115,89,18,5,7,85.12
PERF_EMP0064_202512,EMP0064,2025-12-01,100,85,116,27,9,19,97.36
PERF_EMP0064_202601,EMP0064,2026-01-01,148,142,95,20,3,12,90.5
PERF_EMP0064_202602,EMP0064,2026-02-01,117,120,109,14,2,17,95.87
PERF_EMP0064_202603,EMP0064,2026-03-01,121,101,52,31,0,14,87.9
PERF_EMP0064_202604,EMP0064,2026-04-01,141,123,69,22,18,8,87.64
PERF_EMP0064_202605,EMP0064,2026-05-01,114,95,93,12,8,14,88.72
PERF_EMP0064_202606,EMP0064,2026-06-01,115,100,99,23,7,13,95.9
PERF_EMP0064_202607,EMP0064,2026-07-01,100,82,122,15,1,11,87.45
PERF_EMP0064_202608,EMP0064,2026-08-01,118,134,100,12,5,11,100.0
PERF_EMP0064_202609,EMP0064,2026-09-01,145,132,69,21,4,22,85.98
PERF_EMP0065_202510,EMP0065,2025-10-01,133,130,121,26,9,11,97.6
PERF_EMP0065_202511,EMP0065,2025-11-01,159,144,152,7,17,14,98.84
PERF_EMP0065_202512,EMP0065,2025-12-01,117,100,72,18,6,11,87.85
PERF_EMP0065_202601,EMP0065,2026-01-01,100,105,103,31,10,8,100.0
PERF_EMP0065_202602,EMP0065,2026-02-01,116,120,98,5,16,22,91.9
PERF_EMP0065_202603,EMP0065,2026-03-01,100,96,122,13,16,13,97.58
PERF_EMP0065_202604,EMP0065,2026-04-01,108,88,115,17,9,16,92.48
PERF_EMP0065_202605,EMP0065,2026-05-01,122,82,119,22,12,20,87.9
PERF_EMP0065_202606,EMP0065,2026-06-01,122,68,106,26,9,11,81.36
PERF_EMP0065_202607,EMP0065,2026-07-01,100,83,82,13,4,6,83.75
PERF_EMP0065_202608,EMP0065,2026-08-01,136,177,129,16,14,13,100.0
PERF_EMP0065_202609,EMP0065,2026-09-01,103,72,104,11,9,18,91.16
PERF_EMP0066_202510,EMP0066,2025-10-01,100,93,133,21,13,8,100.0
PERF_EMP0066_202511,EMP0066,2025-11-01,119,123,123,23,17,19,100.0
PERF_EMP0066_202512,EMP0066,2025-12-01,100,95,144,16,15,15,100.0
PERF_EMP0066_202601,EMP0066,2026-01-01,123,133,134,23,11,17,100.0
PERF_EMP0066_202602,EMP0066,2026-02-01,138,118,139,21,12,11,85.12
PERF_EMP0066_202603,EMP0066,2026-03-01,126,131,99,14,9,17,97.41
PERF_EMP0066_202604,EMP0066,2026-04-01,128,157,176,19,24,17,100.0
PERF_EMP0066_202605,EMP0066,2026-05-01,141,161,131,19,8,15,100.0
PERF_EMP0066_202606,EMP0066,2026-06-01,151,166,106,11,13,17,100.0
PERF_EMP0066_202607,EMP0066,2026-07-01,100,101,99,28,15,20,91.52
PERF_EMP0066_202608,EMP0066,2026-08-01,129,120,122,26,6,12,97.44
PERF_EMP0066_202609,EMP0066,2026-09-01,141,115,93,27,10,11,98.33
PERF_EMP0067_202510,EMP0067,2025-10-01,109,50,102,9,13,18,77.52
PERF_EMP0067_202511,EMP0067,2025-11-01,125,125,118,17,11,12,100.0
PERF_EMP0067_202512,EMP0067,2025-12-01,134,126,120,10,15,0,99.64
PERF_EMP0067_202601,EMP0067,2026-01-01,123,102,114,3,13,10,97.59
PERF_EMP0067_202602,EMP0067,2026-02-01,137,142,71,13,1,13,92.27
PERF_EMP0067_202603,EMP0067,2026-03-01,100,76,89,35,0,16,99.04
PERF_EMP0067_202604,EMP0067,2026-04-01,126,85,132,22,1,10,81.04
PERF_EMP0067_202605,EMP0067,2026-05-01,119,100,114,14,15,18,92.34
PERF_EMP0067_202606,EMP0067,2026-06-01,108,108,123,18,16,15,99.56
PERF_EMP0067_202607,EMP0067,2026-07-01,142,132,75,30,10,16,84.17
PERF_EMP0067_202608,EMP0067,2026-08-01,133,128,68,23,14,7,100.0
PERF_EMP0067_202609,EMP0067,2026-09-01,111,108,92,10,13,11,96.0
PERF_EMP0068_202510,EMP0068,2025-10-01,100,80,75,21,12,1,82.6
PERF_EMP0068_202511,EMP0068,2025-11-01,115,85,130,0,14,9,89.28
PERF_EMP0068_202512,EMP0068,2025-12-01,100,69,93,9,4,10,87.83
PERF_EMP0068_202601,EMP0068,2026-01-01,108,69,54,23,7,10,76.88
PERF_EMP0068_202602,EMP0068,2026-02-01,123,106,111,19,19,23,88.91
PERF_EMP0068_202603,EMP0068,2026-03-01,100,95,90,7,14,21,100.0
PERF_EMP0068_202604,EMP0068,2026-04-01,148,115,148,20,10,12,91.11
PERF_EMP0068_202605,EMP0068,2026-05-01,100,77,127,6,15,13,94.76
PERF_EMP0068_202606,EMP0068,2026-06-01,102,76,104,19,12,15,87.92
PERF_EMP0068_202607,EMP0068,2026-07-01,115,97,64,5,11,19,96.77
PERF_EMP0068_202608,EMP0068,2026-08-01,146,144,85,25,13,19,100.0
PERF_EMP0068_202609,EMP0068,2026-09-01,100,86,58,17,9,8,81.53
PERF_EMP0069_202510,EMP0069,2025-10-01,130,110,143,17,14,12,100.0
PERF_EMP0069_202511,EMP0069,2025-11-01,128,109,173,16,6,21,94.48
PERF_EMP0069_202512,EMP0069,2025-12-01,111,98,141,21,10,13,97.79
PERF_EMP0069_202601,EMP0069,2026-01-01,115,93,122,20,14,10,90.09
PERF_EMP0069_202602,EMP0069,2026-02-01,129,125,146,31,4,13,98.62
PERF_EMP0069_202603,EMP0069,2026-03-01,131,110,125,12,5,22,100.0
PERF_EMP0069_202604,EMP0069,2026-04-01,140,136,139,16,20,10,100.0
PERF_EMP0069_202605,EMP0069,2026-05-01,129,107,172,12,16,19,93.18
PERF_EMP0069_202606,EMP0069,2026-06-01,124,80,96,28,2,18,87.27
PERF_EMP0069_202607,EMP0069,2026-07-01,146,143,78,39,10,15,100.0
PERF_EMP0069_202608,EMP0069,2026-08-01,121,126,113,19,8,17,98.46
PERF_EMP0069_202609,EMP0069,2026-09-01,100,89,135,13,10,22,96.39
PERF_EMP0070_202510,EMP0070,2025-10-01,126,140,151,9,9,19,99.9
PERF_EMP0070_202511,EMP0070,2025-11-01,100,74,67,26,14,15,83.76
PERF_EMP0070_202512,EMP0070,2025-12-01,116,99,158,21,12,17,97.52
PERF_EMP0070_202601,EMP0070,2026-01-01,140,145,106,23,9,14,97.41
PERF_EMP0070_202602,EMP0070,2026-02-01,100,90,113,11,11,9,100.0
PERF_EMP0070_202603,EMP0070,2026-03-01,150,151,126,23,17,20,100.0
PERF_EMP0070_202604,EMP0070,2026-04-01,122,109,98,24,0,11,90.86
PERF_EMP0070_202605,EMP0070,2026-05-01,131,97,129,20,21,16,89.21
PERF_EMP0070_202606,EMP0070,2026-06-01,130,128,137,34,12,13,91.62
PERF_EMP0070_202607,EMP0070,2026-07-01,129,129,98,19,13,13,95.27
PERF_EMP0070_202608,EMP0070,2026-08-01,109,94,115,20,10,10,84.32
PERF_EMP0070_202609,EMP0070,2026-09-01,136,137,131,17,7,9,93.02
PERF_EMP0071_202510,EMP0071,2025-10-01,100,76,85,17,15,11,74.78
PERF_EMP0071_202511,EMP0071,2025-11-01,117,104,109,17,11,11,92.03
PERF_EMP0071_202512,EMP0071,2025-12-01,133,88,112,16,18,19,82.35
PERF_EMP0071_202601,EMP0071,2026-01-01,133,135,122,20,9,10,100.0
PERF_EMP0071_202602,EMP0071,2026-02-01,102,122,69,15,5,15,91.81
PERF_EMP0071_202603,EMP0071,2026-03-01,127,76,81,18,11,8,80.53
PERF_EMP0071_202604,EMP0071,2026-04-01,110,91,60,23,7,17,91.13
PERF_EMP0071_202605,EMP0071,2026-05-01,135,122,172,7,10,11,97.4
PERF_EMP0071_202606,EMP0071,2026-06-01,122,92,111,11,9,18,88.9
PERF_EMP0071_202607,EMP0071,2026-07-01,125,112,140,21,10,17,98.33
PERF_EMP0071_202608,EMP0071,2026-08-01,137,108,97,27,6,13,93.14
PERF_EMP0071_202609,EMP0071,2026-09-01,126,118,108,19,6,8,99.95
PERF_EMP0072_202510,EMP0072,2025-10-01,134,143,129,23,14,20,97.48
PERF_EMP0072_202511,EMP0072,2025-11-01,126,90,101,15,5,16,85.89
PERF_EMP0072_202512,EMP0072,2025-12-01,104,75,138,25,14,7,89.51
PERF_EMP0072_202601,EMP0072,2026-01-01,127,135,101,25,6,13,84.93
PERF_EMP0072_202602,EMP0072,2026-02-01,127,139,97,27,21,20,100.0
PERF_EMP0072_202603,EMP0072,2026-03-01,100,89,79,15,14,18,90.98
PERF_EMP0072_202604,EMP0072,2026-04-01,112,86,110,16,6,23,83.88
PERF_EMP0072_202605,EMP0072,2026-05-01,103,98,132,30,8,25,94.38
PERF_EMP0072_202606,EMP0072,2026-06-01,129,134,132,13,12,12,96.73
PERF_EMP0072_202607,EMP0072,2026-07-01,120,106,128,25,18,17,91.02
PERF_EMP0072_202608,EMP0072,2026-08-01,111,85,125,14,6,11,100.0
PERF_EMP0072_202609,EMP0072,2026-09-01,100,119,142,7,15,20,100.0
PERF_EMP0073_202510,EMP0073,2025-10-01,100,81,71,27,10,1,88.3
PERF_EMP0073_202511,EMP0073,2025-11-01,100,83,83,10,2,10,94.18
PERF_EMP0073_202512,EMP0073,2025-12-01,130,108,134,20,15,20,94.73
PERF_EMP0073_202601,EMP0073,2026-01-01,130,129,75,28,12,34,100.0
PERF_EMP0073_202602,EMP0073,2026-02-01,119,108,103,20,17,19,90.85
PERF_EMP0073_202603,EMP0073,2026-03-01,146,117,100,25,13,12,81.58
PERF_EMP0073_202604,EMP0073,2026-04-01,110,110,138,12,12,10,92.72
PERF_EMP0073_202605,EMP0073,2026-05-01,109,82,131,14,5,19,87.39
PERF_EMP0073_202606,EMP0073,2026-06-01,119,96,134,3,10,18,98.93
PERF_EMP0073_202607,EMP0073,2026-07-01,133,120,120,11,12,19,99.85
PERF_EMP0073_202608,EMP0073,2026-08-01,100,70,111,12,8,15,91.04
PERF_EMP0073_202609,EMP0073,2026-09-01,130,114,114,16,11,14,90.43
PERF_EMP0074_202510,EMP0074,2025-10-01,113,112,139,14,9,6,95.05
PERF_EMP0074_202511,EMP0074,2025-11-01,117,110,128,19,9,18,100.0
PERF_EMP0074_202512,EMP0074,2025-12-01,107,124,79,19,16,15,97.44
PERF_EMP0074_202601,EMP0074,2026-01-01,112,125,175,4,13,7,100.0
PERF_EMP0074_202602,EMP0074,2026-02-01,148,169,187,23,14,15,100.0
PERF_EMP0074_202603,EMP0074,2026-03-01,119,133,190,31,18,15,100.0
PERF_EMP0074_202604,EMP0074,2026-04-01,136,137,135,26,20,18,100.0
PERF_EMP0074_202605,EMP0074,2026-05-01,103,102,175,18,12,19,94.94
PERF_EMP0074_202606,EMP0074,2026-06-01,124,120,180,30,13,19,98.88
PERF_EMP0074_202607,EMP0074,2026-07-01,120,150,118,20,8,24,100.0
PERF_EMP0074_202608,EMP0074,2026-08-01,108,120,149,19,8,21,100.0
PERF_EMP0074_202609,EMP0074,2026-09-01,112,114,121,21,0,12,98.05
PERF_EMP0075_202510,EMP0075,2025-10-01,100,88,96,19,9,12,93.67
PERF_EMP0075_202511,EMP0075,2025-11-01,156,168,79,1,0,19,97.91
PERF_EMP0075_202512,EMP0075,2025-12-01,125,103,84,8,4,19,89.9
PERF_EMP0075_202601,EMP0075,2026-01-01,122,97,116,18,8,12,86.08
PERF_EMP0075_202602,EMP0075,2026-02-01,130,121,119,16,3,22,100.0
PERF_EMP0075_202603,EMP0075,2026-03-01,134,114,96,16,7,18,94.95
PERF_EMP0075_202604,EMP0075,2026-04-01,115,77,100,19,14,13,86.51
PERF_EMP0075_202605,EMP0075,2026-05-01,109,93,78,16,13,6,82.42
PERF_EMP0075_202606,EMP0075,2026-06-01,106,90,84,16,8,10,88.71
PERF_EMP0075_202607,EMP0075,2026-07-01,162,174,87,28,5,0,96.1
PERF_EMP0075_202608,EMP0075,2026-08-01,118,85,85,25,4,15,76.1
PERF_EMP0075_202609,EMP0075,2026-09-01,106,91,68,11,13,4,89.56
PERF_EMP0076_202510,EMP0076,2025-10-01,134,123,97,18,0,23,90.93
PERF_EMP0076_202511,EMP0076,2025-11-01,118,115,142,12,20,7,100.0
PERF_EMP0076_202512,EMP0076,2025-12-01,119,110,121,10,4,7,96.59
PERF_EMP0076_202601,EMP0076,2026-01-01,160,126,93,21,6,17,84.53
PERF_EMP0076_202602,EMP0076,2026-02-01,111,79,74,21,0,7,89.77
PERF_EMP0076_202603,EMP0076,2026-03-01,118,104,50,14,14,10,82.89
PERF_EMP0076_202604,EMP0076,2026-04-01,132,113,91,11,11,10,91.55
PERF_EMP0076_202605,EMP0076,2026-05-01,137,100,67,20,9,2,74.34
PERF_EMP0076_202606,EMP0076,2026-06-01,100,90,142,18,6,20,97.75
PERF_EMP0076_202607,EMP0076,2026-07-01,107,95,105,24,6,12,97.86
PERF_EMP0076_202608,EMP0076,2026-08-01,153,97,73,16,9,12,76.76
PERF_EMP0076_202609,EMP0076,2026-09-01,121,113,74,27,6,16,91.26
PERF_EMP0077_202510,EMP0077,2025-10-01,129,109,168,9,17,22,100.0
PERF_EMP0077_202511,EMP0077,2025-11-01,100,93,155,17,7,16,99.77
PERF_EMP0077_202512,EMP0077,2025-12-01,116,112,126,9,0,11,99.81
PERF_EMP0077_202601,EMP0077,2026-01-01,123,133,109,10,9,9,100.0
PERF_EMP0077_202602,EMP0077,2026-02-01,100,100,106,19,8,19,100.0
PERF_EMP0077_202603,EMP0077,2026-03-01,139,159,110,16,13,18,100.0
PERF_EMP0077_202604,EMP0077,2026-04-01,101,92,142,16,14,14,93.19
PERF_EMP0077_202605,EMP0077,2026-05-01,126,153,119,11,14,25,100.0
PERF_EMP0077_202606,EMP0077,2026-06-01,156,151,138,21,8,18,100.0
PERF_EMP0077_202607,EMP0077,2026-07-01,125,100,113,13,13,21,97.96
PERF_EMP0077_202608,EMP0077,2026-08-01,145,110,146,32,8,1,85.58
PERF_EMP0077_202609,EMP0077,2026-09-01,114,113,64,15,10,8,94.04
PERF_EMP0078_202510,EMP0078,2025-10-01,106,58,90,5,0,12,77.57
PERF_EMP0078_202511,EMP0078,2025-11-01,130,85,89,15,7,22,72.6
PERF_EMP0078_202512,EMP0078,2025-12-01,125,93,57,7,3,17,81.36
PERF_EMP0078_202601,EMP0078,2026-01-01,142,126,85,21,5,5,99.74
PERF_EMP0078_202602,EMP0078,2026-02-01,134,114,106,22,9,11,85.67
PERF_EMP0078_202603,EMP0078,2026-03-01,115,95,127,6,11,9,89.99
PERF_EMP0078_202604,EMP0078,2026-04-01,108,91,84,19,2,15,91.41
PERF_EMP0078_202605,EMP0078,2026-05-01,124,110,87,12,16,14,98.72
PERF_EMP0078_202606,EMP0078,2026-06-01,121,84,62,23,5,12,82.12
PERF_EMP0078_202607,EMP0078,2026-07-01,151,115,107,19,4,7,96.63
PERF_EMP0078_202608,EMP0078,2026-08-01,102,93,83,12,12,1,91.89
PERF_EMP0078_202609,EMP0078,2026-09-01,122,80,83,12,5,23,79.63
PERF_EMP0079_202510,EMP0079,2025-10-01,115,98,120,21,14,7,94.38
PERF_EMP0079_202511,EMP0079,2025-11-01,100,79,100,14,8,20,89.05
PERF_EMP0079_202512,EMP0079,2025-12-01,122,122,99,13,10,17,100.0
PERF_EMP0079_202601,EMP0079,2026-01-01,117,96,147,10,2,12,98.68
PERF_EMP0079_202602,EMP0079,2026-02-01,128,96,122,10,3,6,91.91
PERF_EMP0079_202603,EMP0079,2026-03-01,132,77,72,13,2,26,81.85
PERF_EMP0079_202604,EMP0079,2026-04-01,132,120,95,18,6,13,87.66
PERF_EMP0079_202605,EMP0079,2026-05-01,143,103,90,15,11,18,82.85
PERF_EMP0079_202606,EMP0079,2026-06-01,145,155,127,13,10,0,100.0
PERF_EMP0079_202607,EMP0079,2026-07-01,120,85,100,5,16,19,83.74
PERF_EMP0079_202608,EMP0079,2026-08-01,144,113,127,15,21,12,92.08
PERF_EMP0079_202609,EMP0079,2026-09-01,122,127,62,6,2,17,98.75
PERF_EMP0080_202510,EMP0080,2025-10-01,134,86,76,8,1,9,74.21
PERF_EMP0080_202511,EMP0080,2025-11-01,116,92,104,6,7,0,91.22
PERF_EMP0080_202512,EMP0080,2025-12-01,141,99,63,15,1,7,87.19
PERF_EMP0080_202601,EMP0080,2026-01-01,131,75,40,23,8,20,66.36
PERF_EMP0080_202602,EMP0080,2026-02-01,159,124,112,14,2,20,87.22
PERF_EMP0080_202603,EMP0080,2026-03-01,140,66,110,13,14,6,70.77
PERF_EMP0080_202604,EMP0080,2026-04-01,111,56,85,15,6,12,76.29
PERF_EMP0080_202605,EMP0080,2026-05-01,115,65,117,7,1,11,80.96
PERF_EMP0080_202606,EMP0080,2026-06-01,112,114,115,12,7,18,89.0
PERF_EMP0080_202607,EMP0080,2026-07-01,150,131,66,16,2,9,89.99
PERF_EMP0080_202608,EMP0080,2026-08-01,104,74,68,17,13,17,76.58
PERF_EMP0080_202609,EMP0080,2026-09-01,129,109,102,8,13,15,89.77
PERF_EMP0081_202510,EMP0081,2025-10-01,100,69,99,6,14,18,87.23
PERF_EMP0081_202511,EMP0081,2025-11-01,133,82,138,19,15,17,84.65
PERF_EMP0081_202512,EMP0081,2025-12-01,100,78,89,14,11,17,92.58
PERF_EMP0081_202601,EMP0081,2026-01-01,135,129,87,4,8,5,94.4
PERF_EMP0081_202602,EMP0081,2026-02-01,104,82,112,8,9,25,94.98
PERF_EMP0081_202603,EMP0081,2026-03-01,117,103,97,16,10,9,94.92
PERF_EMP0081_202604,EMP0081,2026-04-01,124,106,83,15,2,16,79.34
PERF_EMP0081_202605,EMP0081,2026-05-01,155,118,118,21,4,18,88.25
PERF_EMP0081_202606,EMP0081,2026-06-01,120,117,93,17,17,11,95.03
PERF_EMP0081_202607,EMP0081,2026-07-01,123,107,91,16,0,19,84.9
PERF_EMP0081_202608,EMP0081,2026-08-01,108,62,108,18,6,8,78.32
PERF_EMP0081_202609,EMP0081,2026-09-01,137,104,58,21,7,15,88.98
PERF_EMP0082_202510,EMP0082,2025-10-01,139,111,132,14,13,17,85.26
PERF_EMP0082_202511,EMP0082,2025-11-01,155,113,134,25,19,19,89.37
PERF_EMP0082_202512,EMP0082,2025-12-01,133,111,127,19,9,14,89.26
PERF_EMP0082_202601,EMP0082,2026-01-01,114,100,139,18,15,24,99.65
PERF_EMP0082_202602,EMP0082,2026-02-01,122,127,130,18,20,19,100.0
PERF_EMP0082_202603,EMP0082,2026-03-01,117,89,149,15,7,4,93.61
PERF_EMP0082_202604,EMP0082,2026-04-01,106,104,134,14,10,9,96.87
PERF_EMP0082_202605,EMP0082,2026-05-01,151,113,140,15,6,22,90.54
PERF_EMP0082_202606,EMP0082,2026-06-01,176,157,142,10,15,25,95.47
PERF_EMP0082_202607,EMP0082,2026-07-01,119,104,129,23,2,15,100.0
PERF_EMP0082_202608,EMP0082,2026-08-01,139,117,121,19,6,14,92.48
PERF_EMP0082_202609,EMP0082,2026-09-01,121,105,135,18,20,14,98.33
PERF_EMP0083_202510,EMP0083,2025-10-01,109,107,115,21,15,20,100.0
PERF_EMP0083_202511,EMP0083,2025-11-01,131,125,166,25,17,19,93.7
PERF_EMP0083_202512,EMP0083,2025-12-01,114,118,100,24,0,22,93.48
PERF_EMP0083_202601,EMP0083,2026-01-01,114,113,139,32,6,22,100.0
PERF_EMP0083_202602,EMP0083,2026-02-01,117,119,160,17,8,24,98.56
PERF_EMP0083_202603,EMP0083,2026-03-01,116,129,160,17,11,11,100.0
PERF_EMP0083_202604,EMP0083,2026-04-01,136,146,105,23,16,16,100.0
PERF_EMP0083_202605,EMP0083,2026-05-01,106,93,167,22,5,10,95.43
PERF_EMP0083_202606,EMP0083,2026-06-01,100,101,153,23,16,13,100.0
PERF_EMP0083_202607,EMP0083,2026-07-01,115,87,119,5,7,20,91.04
PERF_EMP0083_202608,EMP0083,2026-08-01,120,109,143,23,13,15,97.93
PERF_EMP0083_202609,EMP0083,2026-09-01,129,140,142,24,6,14,93.39
PERF_EMP0084_202510,EMP0084,2025-10-01,100,97,95,2,5,10,100.0
PERF_EMP0084_202511,EMP0084,2025-11-01,126,129,106,23,13,6,100.0
PERF_EMP0084_202512,EMP0084,2025-12-01,137,140,82,18,6,8,96.47
PERF_EMP0084_202601,EMP0084,2026-01-01,103,76,100,15,13,6,97.87
PERF_EMP0084_202602,EMP0084,2026-02-01,108,92,125,23,8,15,87.44
PERF_EMP0084_202603,EMP0084,2026-03-01,126,139,95,23,11,21,100.0
PERF_EMP0084_202604,EMP0084,2026-04-01,110,82,77,18,17,11,87.48
PERF_EMP0084_202605,EMP0084,2026-05-01,100,87,100,24,4,16,88.42
PERF_EMP0084_202606,EMP0084,2026-06-01,105,110,95,10,18,16,100.0
PERF_EMP0084_202607,EMP0084,2026-07-01,159,152,112,21,7,21,95.3
PERF_EMP0084_202608,EMP0084,2026-08-01,114,95,138,22,11,13,88.36
PERF_EMP0084_202609,EMP0084,2026-09-01,100,64,111,20,16,19,87.97
PERF_EMP0085_202510,EMP0085,2025-10-01,118,140,136,29,18,20,100.0
PERF_EMP0085_202511,EMP0085,2025-11-01,126,116,109,24,14,18,97.73
PERF_EMP0085_202512,EMP0085,2025-12-01,114,114,141,26,19,20,100.0
PERF_EMP0085_202601,EMP0085,2026-01-01,122,139,163,28,8,20,99.22
PERF_EMP0085_202602,EMP0085,2026-02-01,113,127,165,17,20,21,100.0
PERF_EMP0085_202603,EMP0085,2026-03-01,138,132,177,31,18,27,99.4
PERF_EMP0085_202604,EMP0085,2026-04-01,103,111,170,27,0,10,92.37
PERF_EMP0085_202605,EMP0085,2026-05-01,125,113,111,24,22,28,97.93
PERF_EMP0085_202606,EMP0085,2026-06-01,111,130,100,24,10,22,93.51
PERF_EMP0085_202607,EMP0085,2026-07-01,114,129,153,31,14,18,100.0
PERF_EMP0085_202608,EMP0085,2026-08-01,116,114,99,34,12,16,96.64
PERF_EMP0085_202609,EMP0085,2026-09-01,138,134,129,29,13,10,99.59
PERF_EMP0086_202510,EMP0086,2025-10-01,100,83,81,13,13,7,92.21
PERF_EMP0086_202511,EMP0086,2025-11-01,100,56,80,8,5,10,81.25
PERF_EMP0086_202512,EMP0086,2025-12-01,106,69,49,15,5,17,70.24
PERF_EMP0086_202601,EMP0086,2026-01-01,155,101,50,5,9,21,85.88
PERF_EMP0086_202602,EMP0086,2026-02-01,132,83,97,19,0,4,86.9
PERF_EMP0086_202603,EMP0086,2026-03-01,108,93,111,12,8,7,100.0
PERF_EMP0086_202604,EMP0086,2026-04-01,122,107,56,27,9,14,86.64
PERF_EMP0086_202605,EMP0086,2026-05-01,112,90,69,23,3,9,84.27
PERF_EMP0086_202606,EMP0086,2026-06-01,110,122,127,12,9,3,100.0
PERF_EMP0086_202607,EMP0086,2026-07-01,123,89,128,17,4,14,87.73
PERF_EMP0086_202608,EMP0086,2026-08-01,153,127,83,20,12,21,88.55
PERF_EMP0086_202609,EMP0086,2026-09-01,100,88,104,18,8,20,97.6
PERF_EMP0087_202510,EMP0087,2025-10-01,140,116,171,2,12,8,95.24
PERF_EMP0087_202511,EMP0087,2025-11-01,111,84,198,22,12,9,91.83
PERF_EMP0087_202512,EMP0087,2025-12-01,116,103,173,24,11,24,87.61
PERF_EMP0087_202601,EMP0087,2026-01-01,118,131,157,11,13,26,100.0
PERF_EMP0087_202602,EMP0087,2026-02-01,132,73,132,28,10,12,81.54
PERF_EMP0087_202603,EMP0087,2026-03-01,110,125,153,25,4,13,100.0
PERF_EMP0087_202604,EMP0087,2026-04-01,121,104,125,7,14,15,89.17
PERF_EMP0087_202605,EMP0087,2026-05-01,116,114,90,20,2,6,93.54
PERF_EMP0087_202606,EMP0087,2026-06-01,140,97,96,44,11,22,90.01
PERF_EMP0087_202607,EMP0087,2026-07-01,100,104,134,23,12,17,100.0
PERF_EMP0087_202608,EMP0087,2026-08-01,100,92,141,13,4,11,95.85
PERF_EMP0087_202609,EMP0087,2026-09-01,114,74,137,6,12,11,87.22
PERF_EMP0088_202510,EMP0088,2025-10-01,124,135,130,14,8,16,100.0
PERF_EMP0088_202511,EMP0088,2025-11-01,113,123,193,18,16,12,100.0
PERF_EMP0088_202512,EMP0088,2025-12-01,126,93,156,16,11,20,89.73
PERF_EMP0088_202601,EMP0088,2026-01-01,104,86,135,24,9,21,95.49
PERF_EMP0088_202602,EMP0088,2026-02-01,100,101,130,22,14,18,99.91
PERF_EMP0088_202603,EMP0088,2026-03-01,100,90,131,16,16,12,97.28
PERF_EMP0088_202604,EMP0088,2026-04-01,156,165,167,27,10,12,94.33
PERF_EMP0088_202605,EMP0088,2026-05-01,117,79,149,27,13,9,89.14
PERF_EMP0088_202606,EMP0088,2026-06-01,104,114,147,22,6,12,94.87
PERF_EMP0088_202607,EMP0088,2026-07-01,103,119,101,16,5,8,100.0
PERF_EMP0088_202608,EMP0088,2026-08-01,136,118,149,15,8,21,99.26
PERF_EMP0088_202609,EMP0088,2026-09-01,122,106,164,4,8,13,80.59
PERF_EMP0089_202510,EMP0089,2025-10-01,137,180,115,21,4,14,100.0
PERF_EMP0089_202511,EMP0089,2025-11-01,136,123,119,15,8,19,95.62
PERF_EMP0089_202512,EMP0089,2025-12-01,136,105,125,18,12,11,92.03
PERF_EMP0089_202601,EMP0089,2026-01-01,116,88,121,26,3,23,89.75
PERF_EMP0089_202602,EMP0089,2026-02-01,108,77,74,19,11,14,84.79
PERF_EMP0089_202603,EMP0089,2026-03-01,100,56,122,15,8,11,83.68
PERF_EMP0089_202604,EMP0089,2026-04-01,116,109,87,10,14,7,90.75
PERF_EMP0089_202605,EMP0089,2026-05-01,146,112,154,28,12,3,87.92
PERF_EMP0089_202606,EMP0089,2026-06-01,100,111,99,17,16,11,96.06
PERF_EMP0089_202607,EMP0089,2026-07-01,106,71,109,17,5,24,85.58
PERF_EMP0089_202608,EMP0089,2026-08-01,148,139,110,16,8,18,89.12
PERF_EMP0089_202609,EMP0089,2026-09-01,157,100,129,11,9,21,80.5
PERF_EMP0090_202510,EMP0090,2025-10-01,112,105,141,10,9,14,95.13
PERF_EMP0090_202511,EMP0090,2025-11-01,107,90,99,26,8,17,100.0
PERF_EMP0090_202512,EMP0090,2025-12-01,138,126,133,10,6,11,100.0
PERF_EMP0090_202601,EMP0090,2026-01-01,122,117,102,27,9,4,95.46
PERF_EMP0090_202602,EMP0090,2026-02-01,102,89,93,15,11,17,83.76
PERF_EMP0090_202603,EMP0090,2026-03-01,122,103,151,27,16,11,88.99
PERF_EMP0090_202604,EMP0090,2026-04-01,114,68,140,14,15,24,81.04
PERF_EMP0090_202605,EMP0090,2026-05-01,112,118,108,30,13,12,100.0
PERF_EMP0090_202606,EMP0090,2026-06-01,121,98,141,15,6,20,87.46
PERF_EMP0090_202607,EMP0090,2026-07-01,100,93,106,27,8,21,93.14
PERF_EMP0090_202608,EMP0090,2026-08-01,121,120,148,19,11,21,100.0
PERF_EMP0090_202609,EMP0090,2026-09-01,141,122,99,25,6,7,93.56
PERF_EMP0091_202510,EMP0091,2025-10-01,100,90,117,17,16,11,99.03
PERF_EMP0091_202511,EMP0091,2025-11-01,152,118,123,14,9,22,95.09
PERF_EMP0091_202512,EMP0091,2025-12-01,100,93,127,16,21,18,96.22
PERF_EMP0091_202601,EMP0091,2026-01-01,113,113,120,24,6,20,96.5
PERF_EMP0091_202602,EMP0091,2026-02-01,120,70,132,4,10,5,79.29
PERF_EMP0091_202603,EMP0091,2026-03-01,117,104,89,16,12,11,87.19
PERF_EMP0091_202604,EMP0091,2026-04-01,100,87,134,9,4,21,87.67
PERF_EMP0091_202605,EMP0091,2026-05-01,134,124,92,16,6,11,88.93
PERF_EMP0091_202606,EMP0091,2026-06-01,133,126,99,28,12,4,93.15
PERF_EMP0091_202607,EMP0091,2026-07-01,164,131,120,25,7,19,100.0
PERF_EMP0091_202608,EMP0091,2026-08-01,173,142,122,25,8,22,100.0
PERF_EMP0091_202609,EMP0091,2026-09-01,126,96,82,23,3,17,80.45
PERF_EMP0092_202510,EMP0092,2025-10-01,101,85,38,21,13,0,81.79
PERF_EMP0092_202511,EMP0092,2025-11-01,128,97,65,14,3,10,90.15
PERF_EMP0092_202512,EMP0092,2025-12-01,137,101,124,14,2,4,93.56
PERF_EMP0092_202601,EMP0092,2026-01-01,122,86,84,14,0,16,81.43
PERF_EMP0092_202602,EMP0092,2026-02-01,136,132,80,11,4,8,99.59
PERF_EMP0092_202603,EMP0092,2026-03-01,137,95,102,11,7,12,85.68
PERF_EMP0092_202604,EMP0092,2026-04-01,152,104,88,11,5,13,90.47
PERF_EMP0092_202605,EMP0092,2026-05-01,105,121,95,11,15,9,100.0
PERF_EMP0092_202606,EMP0092,2026-06-01,145,119,125,28,2,19,85.9
PERF_EMP0092_202607,EMP0092,2026-07-01,120,93,97,19,11,18,97.25
PERF_EMP0092_202608,EMP0092,2026-08-01,115,69,85,20,13,9,94.41
PERF_EMP0092_202609,EMP0092,2026-09-01,113,72,106,15,8,11,79.35
PERF_EMP0093_202510,EMP0093,2025-10-01,115,83,148,25,10,6,97.38
PERF_EMP0093_202511,EMP0093,2025-11-01,100,85,111,22,15,16,98.46
PERF_EMP0093_202512,EMP0093,2025-12-01,118,87,80,21,8,13,82.85
PERF_EMP0093_202601,EMP0093,2026-01-01,147,148,128,18,4,10,97.73
PERF_EMP0093_202602,EMP0093,2026-02-01,123,87,149,17,6,4,91.91
PERF_EMP0093_202603,EMP0093,2026-03-01,101,84,110,13,2,30,85.3
PERF_EMP0093_202604,EMP0093,2026-04-01,178,168,109,11,17,20,90.37
PERF_EMP0093_202605,EMP0093,2026-05-01,125,115,121,29,0,15,100.0
PERF_EMP0093_202606,EMP0093,2026-06-01,100,83,121,27,8,21,92.79
PERF_EMP0093_202607,EMP0093,2026-07-01,133,85,98,1,18,16,81.27
PERF_EMP0093_202608,EMP0093,2026-08-01,109,99,136,25,5,6,96.74
PERF_EMP0093_202609,EMP0093,2026-09-01,142,157,108,9,7,8,100.0
PERF_EMP0094_202510,EMP0094,2025-10-01,106,57,105,17,11,8,76.04
PERF_EMP0094_202511,EMP0094,2025-11-01,129,127,126,9,16,6,100.0
PERF_EMP0094_202512,EMP0094,2025-12-01,125,73,90,31,7,20,75.07
PERF_EMP0094_202601,EMP0094,2026-01-01,100,80,99,23,1,17,89.88
PERF_EMP0094_202602,EMP0094,2026-02-01,100,69,128,10,6,13,85.94
PERF_EMP0094_202603,EMP0094,2026-03-01,100,84,115,5,7,16,78.5
PERF_EMP0094_202604,EMP0094,2026-04-01,100,61,151,17,5,13,83.76
PERF_EMP0094_202605,EMP0094,2026-05-01,138,87,98,27,7,18,84.94
PERF_EMP0094_202606,EMP0094,2026-06-01,120,74,91,17,17,14,84.39
PERF_EMP0094_202607,EMP0094,2026-07-01,163,132,126,22,1,14,93.18
PERF_EMP0094_202608,EMP0094,2026-08-01,135,85,143,24,7,7,91.01
PERF_EMP0094_202609,EMP0094,2026-09-01,107,74,111,24,11,12,88.39
PERF_EMP0095_202510,EMP0095,2025-10-01,132,112,124,17,19,14,100.0
PERF_EMP0095_202511,EMP0095,2025-11-01,134,100,88,20,7,15,92.49
PERF_EMP0095_202512,EMP0095,2025-12-01,118,85,106,14,14,0,80.15
PERF_EMP0095_202601,EMP0095,2026-01-01,118,107,76,9,18,10,86.19
PERF_EMP0095_202602,EMP0095,2026-02-01,126,119,99,15,16,4,98.21
PERF_EMP0095_202603,EMP0095,2026-03-01,111,98,75,22,6,18,84.79
PERF_EMP0095_202604,EMP0095,2026-04-01,129,88,115,8,22,22,97.69
PERF_EMP0095_202605,EMP0095,2026-05-01,123,79,104,27,1,25,89.41
PERF_EMP0095_202606,EMP0095,2026-06-01,100,87,107,14,10,19,92.67
PERF_EMP0095_202607,EMP0095,2026-07-01,116,132,99,10,12,13,96.12
PERF_EMP0095_202608,EMP0095,2026-08-01,107,118,68,19,20,14,91.55
PERF_EMP0095_202609,EMP0095,2026-09-01,100,69,98,28,10,15,86.36
PERF_EMP0096_202510,EMP0096,2025-10-01,155,127,96,23,11,17,90.94
PERF_EMP0096_202511,EMP0096,2025-11-01,127,120,147,27,11,5,100.0
PERF_EMP0096_202512,EMP0096,2025-12-01,109,106,81,26,3,13,95.43
PERF_EMP0096_202601,EMP0096,2026-01-01,107,121,97,16,5,8,100.0
PERF_EMP0096_202602,EMP0096,2026-02-01,112,71,152,21,12,13,89.57
PERF_EMP0096_202603,EMP0096,2026-03-01,138,132,84,22,12,11,89.86
PERF_EMP0096_202604,EMP0096,2026-04-01,127,137,127,14,8,19,100.0
PERF_EMP0096_202605,EMP0096,2026-05-01,105,123,125,16,14,20,100.0
PERF_EMP0096_202606,EMP0096,2026-06-01,113,120,135,19,8,12,100.0
PERF_EMP0096_202607,EMP0096,2026-07-01,100,81,129,19,9,9,100.0
PERF_EMP0096_202608,EMP0096,2026-08-01,128,99,162,26,11,12,84.4
PERF_EMP0096_202609,EMP0096,2026-09-01,139,134,131,17,7,23,97.47
PERF_EMP0097_202510,EMP0097,2025-10-01,110,87,87,8,0,15,74.63
PERF_EMP0097_202511,EMP0097,2025-11-01,129,113,122,20,17,24,100.0
PERF_EMP0097_202512,EMP0097,2025-12-01,111,86,82,22,10,15,91.02
PERF_EMP0097_202601,EMP0097,2026-01-01,111,132,117,19,7,17,100.0
PERF_EMP0097_202602,EMP0097,2026-02-01,133,129,121,14,6,17,95.5
PERF_EMP0097_202603,EMP0097,2026-03-01,131,85,103,29,12,7,89.16
PERF_EMP0097_202604,EMP0097,2026-04-01,105,106,149,17,11,24,100.0
PERF_EMP0097_202605,EMP0097,2026-05-01,121,116,125,17,12,17,100.0
PERF_EMP0097_202606,EMP0097,2026-06-01,124,117,120,24,9,21,93.36
PERF_EMP0097_202607,EMP0097,2026-07-01,101,124,108,22,7,9,100.0
PERF_EMP0097_202608,EMP0097,2026-08-01,117,89,95,28,11,9,84.45
PERF_EMP0097_202609,EMP0097,2026-09-01,112,98,140,21,13,16,90.35
PERF_EMP0098_202510,EMP0098,2025-10-01,144,121,113,19,12,12,93.12
PERF_EMP0098_202511,EMP0098,2025-11-01,100,91,129,16,8,16,94.17
PERF_EMP0098_202512,EMP0098,2025-12-01,114,117,127,19,14,13,100.0
PERF_EMP0098_202601,EMP0098,2026-01-01,113,112,156,8,4,15,100.0
PERF_EMP0098_202602,EMP0098,2026-02-01,111,123,114,17,12,22,100.0
PERF_EMP0098_202603,EMP0098,2026-03-01,135,137,172,23,1,20,92.91
PERF_EMP0098_202604,EMP0098,2026-04-01,135,120,158,15,9,8,100.0
PERF_EMP0098_202605,EMP0098,2026-05-01,108,135,169,7,5,18,100.0
PERF_EMP0098_202606,EMP0098,2026-06-01,109,105,149,35,15,17,96.91
PERF_EMP0098_202607,EMP0098,2026-07-01,148,124,131,23,5,7,89.07
PERF_EMP0098_202608,EMP0098,2026-08-01,123,118,145,20,13,19,96.16
PERF_EMP0098_202609,EMP0098,2026-09-01,114,114,125,23,11,6,100.0
PERF_EMP0099_202510,EMP0099,2025-10-01,123,101,106,14,4,16,88.2
PERF_EMP0099_202511,EMP0099,2025-11-01,131,140,131,3,13,22,100.0
PERF_EMP0099_202512,EMP0099,2025-12-01,130,103,80,8,14,14,87.83
PERF_EMP0099_202601,EMP0099,2026-01-01,111,113,90,20,10,11,87.66
PERF_EMP0099_202602,EMP0099,2026-02-01,144,111,121,16,0,20,77.24
PERF_EMP0099_202603,EMP0099,2026-03-01,110,104,112,17,9,16,96.97
PERF_EMP0099_202604,EMP0099,2026-04-01,111,84,67,4,11,7,83.03
PERF_EMP0099_202605,EMP0099,2026-05-01,109,100,119,16,6,12,99.18
PERF_EMP0099_202606,EMP0099,2026-06-01,100,80,150,17,8,13,93.92
PERF_EMP0099_202607,EMP0099,2026-07-01,118,129,114,29,5,11,100.0
PERF_EMP0099_202608,EMP0099,2026-08-01,136,120,116,29,1,6,82.78
PERF_EMP0099_202609,EMP0099,2026-09-01,110,84,77,17,7,8,86.18
PERF_EMP0100_202510,EMP0100,2025-10-01,157,142,86,23,3,7,88.0
PERF_EMP0100_202511,EMP0100,2025-11-01,117,120,132,12,8,20,99.11
PERF_EMP0100_202512,EMP0100,2025-12-01,121,99,134,11,10,24,94.43
PERF_EMP0100_202601,EMP0100,2026-01-01,118,86,116,9,8,25,88.53
PERF_EMP0100_202602,EMP0100,2026-02-01,164,167,112,22,8,6,100.0
PERF_EMP0100_202603,EMP0100,2026-03-01,142,138,70,19,8,20,97.99
PERF_EMP0100_202604,EMP0100,2026-04-01,126,131,125,13,10,11,100.0
PERF_EMP0100_202605,EMP0100,2026-05-01,116,121,112,14,9,13,100.0
PERF_EMP0100_202606,EMP0100,2026-06-01,139,134,106,7,10,11,99.62
PERF_EMP0100_202607,EMP0100,2026-07-01,121,116,145,25,15,14,100.0
PERF_EMP0100_202608,EMP0100,2026-08-01,124,116,104,12,13,5,100.0
PERF_EMP0100_202609,EMP0100,2026-09-01,126,110,102,19,8,11,100.0
PERF_EMP0101_202510,EMP0101,2025-10-01,109,93,173,9,7,15,86.51
PERF_EMP0101_202511,EMP0101,2025-11-01,132,157,131,18,23,21,100.0
PERF_EMP0101_202512,EMP0101,2025-12-01,150,170,84,20,19,14,100.0
PERF_EMP0101_202601,EMP0101,2026-01-01,136,183,181,22,9,17,100.0
PERF_EMP0101_202602,EMP0101,2026-02-01,100,121,121,20,11,15,100.0
PERF_EMP0101_202603,EMP0101,2026-03-01,127,109,192,13,9,23,99.37
PERF_EMP0101_202604,EMP0101,2026-04-01,126,139,123,19,16,9,93.47
PERF_EMP0101_202605,EMP0101,2026-05-01,114,124,100,28,11,35,90.14
PERF_EMP0101_202606,EMP0101,2026-06-01,144,176,170,15,18,19,100.0
PERF_EMP0101_202607,EMP0101,2026-07-01,116,125,129,31,11,15,100.0
PERF_EMP0101_202608,EMP0101,2026-08-01,127,125,136,4,12,6,93.33
PERF_EMP0101_202609,EMP0101,2026-09-01,108,117,140,8,12,18,100.0
PERF_EMP0102_202510,EMP0102,2025-10-01,145,133,110,27,18,11,90.86
PERF_EMP0102_202511,EMP0102,2025-11-01,100,77,49,18,0,11,75.2
PERF_EMP0102_202512,EMP0102,2025-12-01,119,108,127,10,7,17,89.42
PERF_EMP0102_202601,EMP0102,2026-01-01,109,79,74,10,4,14,91.12
PERF_EMP0102_202602,EMP0102,2026-02-01,128,120,92,11,11,2,83.45
PERF_EMP0102_202603,EMP0102,2026-03-01,129,110,118,22,1,19,96.64
PERF_EMP0102_202604,EMP0102,2026-04-01,100,67,106,8,5,15,82.23
PERF_EMP0102_202605,EMP0102,2026-05-01,142,121,135,22,6,20,95.52
PERF_EMP0102_202606,EMP0102,2026-06-01,156,140,89,24,19,17,83.51
PERF_EMP0102_202607,EMP0102,2026-07-01,136,107,129,15,10,14,95.05
PERF_EMP0102_202608,EMP0102,2026-08-01,119,115,108,11,4,16,95.06
PERF_EMP0102_202609,EMP0102,2026-09-01,137,103,74,29,4,14,86.22
PERF_EMP0103_202510,EMP0103,2025-10-01,100,100,155,31,15,11,100.0
PERF_EMP0103_202511,EMP0103,2025-11-01,127,87,67,32,7,12,75.42
PERF_EMP0103_202512,EMP0103,2025-12-01,124,90,103,27,11,14,88.21
PERF_EMP0103_202601,EMP0103,2026-01-01,106,93,133,25,9,15,97.04
PERF_EMP0103_202602,EMP0103,2026-02-01,113,89,93,9,13,13,87.2
PERF_EMP0103_202603,EMP0103,2026-03-01,100,87,114,6,10,7,90.31
PERF_EMP0103_202604,EMP0103,2026-04-01,121,108,131,22,23,9,97.04
PERF_EMP0103_202605,EMP0103,2026-05-01,110,116,180,22,7,7,100.0
PERF_EMP0103_202606,EMP0103,2026-06-01,124,94,132,4,3,16,93.14
PERF_EMP0103_202607,EMP0103,2026-07-01,117,120,74,28,11,15,100.0
PERF_EMP0103_202608,EMP0103,2026-08-01,106,79,148,25,16,14,91.17
PERF_EMP0103_202609,EMP0103,2026-09-01,131,142,92,16,11,8,99.14
PERF_EMP0104_202510,EMP0104,2025-10-01,111,77,120,28,9,20,84.69
PERF_EMP0104_202511,EMP0104,2025-11-01,108,79,117,20,17,21,95.29
PERF_EMP0104_202512,EMP0104,2025-12-01,104,114,134,21,10,6,100.0
PERF_EMP0104_202601,EMP0104,2026-01-01,104,71,122,31,14,19,87.82
PERF_EMP0104_202602,EMP0104,2026-02-01,126,128,161,22,10,10,100.0
PERF_EMP0104_202603,EMP0104,2026-03-01,115,136,185,23,10,16,100.0
PERF_EMP0104_202604,EMP0104,2026-04-01,123,115,83,19,8,15,96.59
PERF_EMP0104_202605,EMP0104,2026-05-01,126,119,88,22,20,15,85.95
PERF_EMP0104_202606,EMP0104,2026-06-01,100,105,135,18,9,14,100.0
PERF_EMP0104_202607,EMP0104,2026-07-01,125,122,92,8,8,17,92.12
PERF_EMP0104_202608,EMP0104,2026-08-01,132,104,105,19,19,0,92.01
PERF_EMP0104_202609,EMP0104,2026-09-01,107,95,130,19,19,16,100.0
PERF_EMP0105_202510,EMP0105,2025-10-01,118,94,135,4,17,1,91.27
PERF_EMP0105_202511,EMP0105,2025-11-01,132,108,131,24,9,6,91.84
PERF_EMP0105_202512,EMP0105,2025-12-01,117,102,129,25,14,20,84.5
PERF_EMP0105_202601,EMP0105,2026-01-01,106,107,115,17,9,11,98.55
PERF_EMP0105_202602,EMP0105,2026-02-01,152,152,126,13,9,9,98.13
PERF_EMP0105_202603,EMP0105,2026-03-01,100,73,117,13,11,20,96.84
PERF_EMP0105_202604,EMP0105,2026-04-01,116,120,95,25,14,22,100.0
PERF_EMP0105_202605,EMP0105,2026-05-01,131,117,106,7,0,18,93.24
PERF_EMP0105_202606,EMP0105,2026-06-01,119,101,100,15,6,18,85.08
PERF_EMP0105_202607,EMP0105,2026-07-01,123,106,112,13,14,26,94.49
PERF_EMP0105_202608,EMP0105,2026-08-01,176,151,147,1,0,11,100.0
PERF_EMP0105_202609,EMP0105,2026-09-01,120,120,154,13,12,15,100.0
PERF_EMP0106_202510,EMP0106,2025-10-01,107,91,111,8,10,18,96.36
PERF_EMP0106_202511,EMP0106,2025-11-01,100,97,114,24,5,9,94.32
PERF_EMP0106_202512,EMP0106,2025-12-01,122,84,108,26,8,13,96.32
PERF_EMP0106_202601,EMP0106,2026-01-01,139,130,101,29,11,20,96.29
PERF_EMP0106_202602,EMP0106,2026-02-01,100,94,78,21,3,18,94.24
PERF_EMP0106_202603,EMP0106,2026-03-01,133,104,54,9,6,20,87.59
PERF_EMP0106_202604,EMP0106,2026-04-01,116,88,80,3,8,4,85.45
PERF_EMP0106_202605,EMP0106,2026-05-01,136,116,105,13,7,6,96.57
PERF_EMP0106_202606,EMP0106,2026-06-01,100,89,120,12,12,0,89.16
PERF_EMP0106_202607,EMP0106,2026-07-01,115,92,70,7,9,15,79.87
PERF_EMP0106_202608,EMP0106,2026-08-01,148,134,121,8,12,17,93.15
PERF_EMP0106_202609,EMP0106,2026-09-01,114,81,107,19,9,2,84.09
PERF_EMP0107_202510,EMP0107,2025-10-01,116,115,113,19,11,20,95.67
PERF_EMP0107_202511,EMP0107,2025-11-01,107,115,136,16,7,11,96.61
PERF_EMP0107_202512,EMP0107,2025-12-01,142,122,103,14,8,10,91.49
PERF_EMP0107_202601,EMP0107,2026-01-01,145,144,92,19,16,13,86.17
PERF_EMP0107_202602,EMP0107,2026-02-01,117,132,135,16,5,15,100.0
PERF_EMP0107_202603,EMP0107,2026-03-01,100,82,120,20,4,17,88.89
PERF_EMP0107_202604,EMP0107,2026-04-01,110,120,128,30,17,21,94.51
PERF_EMP0107_202605,EMP0107,2026-05-01,100,103,113,31,7,3,89.43
PERF_EMP0107_202606,EMP0107,2026-06-01,105,118,88,22,13,9,100.0
PERF_EMP0107_202607,EMP0107,2026-07-01,113,133,129,25,17,10,100.0
PERF_EMP0107_202608,EMP0107,2026-08-01,115,95,106,9,11,12,97.17
PERF_EMP0107_202609,EMP0107,2026-09-01,100,95,114,28,13,24,85.11
PERF_EMP0108_202510,EMP0108,2025-10-01,138,114,139,23,11,18,99.74
PERF_EMP0108_202511,EMP0108,2025-11-01,100,105,109,30,3,25,98.9
PERF_EMP0108_202512,EMP0108,2025-12-01,118,96,98,22,6,10,83.03
PERF_EMP0108_202601,EMP0108,2026-01-01,113,135,112,21,15,20,100.0
PERF_EMP0108_202602,EMP0108,2026-02-01,129,91,116,4,17,6,87.04
PERF_EMP0108_202603,EMP0108,2026-03-01,117,103,102,18,4,16,81.59
PERF_EMP0108_202604,EMP0108,2026-04-01,110,124,131,26,11,0,100.0
PERF_EMP0108_202605,EMP0108,2026-05-01,136,123,97,18,8,17,92.93
PERF_EMP0108_202606,EMP0108,2026-06-01,107,89,142,20,7,14,100.0
PERF_EMP0108_202607,EMP0108,2026-07-01,130,105,142,35,6,7,93.45
PERF_EMP0108_202608,EMP0108,2026-08-01,112,110,145,20,10,19,95.36
PERF_EMP0108_202609,EMP0108,2026-09-01,120,111,121,18,10,7,94.64
PERF_EMP0109_202510,EMP0109,2025-10-01,117,105,120,22,19,18,88.5
PERF_EMP0109_202511,EMP0109,2025-11-01,105,98,96,26,17,2,87.26
PERF_EMP0109_202512,EMP0109,2025-12-01,150,117,108,23,10,17,93.07
PERF_EMP0109_202601,EMP0109,2026-01-01,108,106,57,5,7,15,98.27
PERF_EMP0109_202602,EMP0109,2026-02-01,121,92,120,11,10,16,97.98
PERF_EMP0109_202603,EMP0109,2026-03-01,141,93,106,12,14,18,87.26
PERF_EMP0109_202604,EMP0109,2026-04-01,100,84,76,39,15,14,95.06
PERF_EMP0109_202605,EMP0109,2026-05-01,130,106,84,29,13,30,85.83
PERF_EMP0109_202606,EMP0109,2026-06-01,106,78,109,17,9,23,88.27
PERF_EMP0109_202607,EMP0109,2026-07-01,104,84,103,19,10,14,90.91
PERF_EMP0109_202608,EMP0109,2026-08-01,128,96,138,24,12,18,86.43
PERF_EMP0109_202609,EMP0109,2026-09-01,109,84,144,15,12,26,87.3
PERF_EMP0110_202510,EMP0110,2025-10-01,146,127,118,16,14,15,89.73
PERF_EMP0110_202511,EMP0110,2025-11-01,132,129,113,24,12,25,97.96
PERF_EMP0110_202512,EMP0110,2025-12-01,130,149,105,18,10,0,100.0
PERF_EMP0110_202601,EMP0110,2026-01-01,135,126,145,18,10,9,89.63
PERF_EMP0110_202602,EMP0110,2026-02-01,106,86,138,21,4,23,100.0
PERF_EMP0110_202603,EMP0110,2026-03-01,100,85,131,11,2,15,85.82
PERF_EMP0110_202604,EMP0110,2026-04-01,123,113,155,12,5,9,98.49
PERF_EMP0110_202605,EMP0110,2026-05-01,150,114,93,19,20,8,86.98
PERF_EMP0110_202606,EMP0110,2026-06-01,101,108,116,13,10,14,100.0
PERF_EMP0110_202607,EMP0110,2026-07-01,131,119,152,24,8,14,100.0
PERF_EMP0110_202608,EMP0110,2026-08-01,100,63,128,22,7,22,84.49
PERF_EMP0110_202609,EMP0110,2026-09-01,100,92,171,5,9,17,97.3
PERF_EMP0111_202510,EMP0111,2025-10-01,100,86,98,14,11,2,90.66
PERF_EMP0111_202511,EMP0111,2025-11-01,100,103,94,0,13,14,99.57
PERF_EMP0111_202512,EMP0111,2025-12-01,121,103,162,22,14,13,95.83
PERF_EMP0111_202601,EMP0111,2026-01-01,100,65,132,12,5,13,82.83
PERF_EMP0111_202602,EMP0111,2026-02-01,145,134,108,17,19,18,99.85
PERF_EMP0111_202603,EMP0111,2026-03-01,113,100,107,38,6,9,97.47
PERF_EMP0111_202604,EMP0111,2026-04-01,106,99,100,22,0,9,94.06
PERF_EMP0111_202605,EMP0111,2026-05-01,116,111,126,14,16,13,100.0
PERF_EMP0111_202606,EMP0111,2026-06-01,106,108,115,12,9,11,96.13
PERF_EMP0111_202607,EMP0111,2026-07-01,117,113,80,15,14,11,97.96
PERF_EMP0111_202608,EMP0111,2026-08-01,100,73,140,33,1,7,93.45
PERF_EMP0111_202609,EMP0111,2026-09-01,133,94,111,4,2,8,90.23
PERF_EMP0112_202510,EMP0112,2025-10-01,100,62,40,20,10,20,72.95
PERF_EMP0112_202511,EMP0112,2025-11-01,149,112,50,6,12,14,88.26
PERF_EMP0112_202512,EMP0112,2025-12-01,129,106,112,18,7,12,91.68
PERF_EMP0112_202601,EMP0112,2026-01-01,139,83,75,22,8,12,72.4
PERF_EMP0112_202602,EMP0112,2026-02-01,101,78,84,13,4,7,81.36
PERF_EMP0112_202603,EMP0112,2026-03-01,104,75,64,3,9,13,90.52
PERF_EMP0112_202604,EMP0112,2026-04-01,146,137,58,24,5,15,91.12
PERF_EMP0112_202605,EMP0112,2026-05-01,111,64,123,21,8,10,85.37
PERF_EMP0112_202606,EMP0112,2026-06-01,105,72,132,32,15,13,86.02
PERF_EMP0112_202607,EMP0112,2026-07-01,158,155,101,6,11,9,86.1
PERF_EMP0112_202608,EMP0112,2026-08-01,119,88,100,1,0,6,91.54
PERF_EMP0112_202609,EMP0112,2026-09-01,146,114,97,15,8,12,78.71
PERF_EMP0113_202510,EMP0113,2025-10-01,156,103,117,6,7,12,91.53
PERF_EMP0113_202511,EMP0113,2025-11-01,115,96,108,23,2,17,89.35
PERF_EMP0113_202512,EMP0113,2025-12-01,121,121,81,8,11,5,91.37
PERF_EMP0113_202601,EMP0113,2026-01-01,100,67,92,15,13,5,80.39
PERF_EMP0113_202602,EMP0113,2026-02-01,155,169,72,3,6,12,93.82
PERF_EMP0113_202603,EMP0113,2026-03-01,114,103,85,11,6,4,84.15
PERF_EMP0113_202604,EMP0113,2026-04-01,150,121,74,17,7,16,86.48
PERF_EMP0113_202605,EMP0113,2026-05-01,130,61,116,11,6,13,68.53
PERF_EMP0113_202606,EMP0113,2026-06-01,121,115,122,25,13,14,96.0
PERF_EMP0113_202607,EMP0113,2026-07-01,116,86,101,11,10,9,83.76
PERF_EMP0113_202608,EMP0113,2026-08-01,115,95,91,18,7,19,84.6
PERF_EMP0113_202609,EMP0113,2026-09-01,114,93,108,20,2,10,92.01
PERF_EMP0114_202510,EMP0114,2025-10-01,143,132,94,4,5,8,96.86
PERF_EMP0114_202511,EMP0114,2025-11-01,143,150,110,9,7,12,100.0
PERF_EMP0114_202512,EMP0114,2025-12-01,110,96,113,4,16,15,100.0
PERF_EMP0114_202601,EMP0114,2026-01-01,113,77,63,19,10,5,76.51
PERF_EMP0114_202602,EMP0114,2026-02-01,116,104,78,17,9,14,91.03
PERF_EMP0114_202603,EMP0114,2026-03-01,159,121,104,21,0,14,84.63
PERF_EMP0114_202604,EMP0114,2026-04-01,135,120,122,29,6,23,100.0
PERF_EMP0114_202605,EMP0114,2026-05-01,116,122,78,18,5,13,100.0
PERF_EMP0114_202606,EMP0114,2026-06-01,123,117,71,18,12,10,85.79
PERF_EMP0114_202607,EMP0114,2026-07-01,100,78,89,7,10,12,84.38
PERF_EMP0114_202608,EMP0114,2026-08-01,130,68,140,17,15,7,83.6
PERF_EMP0114_202609,EMP0114,2026-09-01,100,92,149,7,8,18,97.07
PERF_EMP0115_202510,EMP0115,2025-10-01,120,86,107,28,7,6,86.43
PERF_EMP0115_202511,EMP0115,2025-11-01,116,78,65,22,0,7,71.11
PERF_EMP0115_202512,EMP0115,2025-12-01,100,92,151,32,8,19,98.53
PERF_EMP0115_202601,EMP0115,2026-01-01,122,132,114,29,5,0,100.0
PERF_EMP0115_202602,EMP0115,2026-02-01,100,90,91,2,17,12,87.14
PERF_EMP0115_202603,EMP0115,2026-03-01,131,94,127,10,6,17,94.97
PERF_EMP0115_202604,EMP0115,2026-04-01,133,104,131,15,17,10,100.0
PERF_EMP0115_202605,EMP0115,2026-05-01,102,84,98,21,2,21,90.9
PERF_EMP0115_202606,EMP0115,2026-06-01,129,115,99,18,8,11,98.62
PERF_EMP0115_202607,EMP0115,2026-07-01,123,115,98,32,0,18,98.53
PERF_EMP0115_202608,EMP0115,2026-08-01,142,120,81,22,7,4,86.43
PERF_EMP0115_202609,EMP0115,2026-09-01,108,134,117,23,13,5,100.0
PERF_EMP0116_202510,EMP0116,2025-10-01,102,122,122,10,8,13,100.0
PERF_EMP0116_202511,EMP0116,2025-11-01,115,102,112,29,15,11,89.31
PERF_EMP0116_202512,EMP0116,2025-12-01,100,113,140,29,12,2,100.0
PERF_EMP0116_202601,EMP0116,2026-01-01,144,153,141,17,9,17,100.0
PERF_EMP0116_202602,EMP0116,2026-02-01,118,111,100,10,13,13,98.3
PERF_EMP0116_202603,EMP0116,2026-03-01,125,127,127,21,1,21,94.25
PERF_EMP0116_202604,EMP0116,2026-04-01,130,120,105,27,11,17,100.0
PERF_EMP0116_202605,EMP0116,2026-05-01,112,80,91,22,7,22,79.38
PERF_EMP0116_202606,EMP0116,2026-06-01,100,105,104,19,9,7,99.62
PERF_EMP0116_202607,EMP0116,2026-07-01,114,111,116,17,4,2,100.0
PERF_EMP0116_202608,EMP0116,2026-08-01,120,101,115,15,9,17,88.17
PERF_EMP0116_202609,EMP0116,2026-09-01,134,128,104,23,10,25,96.11
PERF_EMP0117_202510,EMP0117,2025-10-01,100,109,135,14,9,12,95.06
PERF_EMP0117_202511,EMP0117,2025-11-01,152,111,77,8,6,7,89.23
PERF_EMP0117_202512,EMP0117,2025-12-01,118,98,78,7,6,10,78.55
PERF_EMP0117_202601,EMP0117,2026-01-01,117,79,63,1,13,13,83.78
PERF_EMP0117_202602,EMP0117,2026-02-01,125,99,53,4,8,10,84.24
PERF_EMP0117_202603,EMP0117,2026-03-01,102,101,82,20,5,10,92.67
PERF_EMP0117_202604,EMP0117,2026-04-01,132,116,100,7,13,5,89.56
PERF_EMP0117_202605,EMP0117,2026-05-01,117,62,99,15,3,13,74.36
PERF_EMP0117_202606,EMP0117,2026-06-01,125,107,106,21,9,4,92.04
PERF_EMP0117_202607,EMP0117,2026-07-01,100,89,70,11,7,0,88.35
PERF_EMP0117_202608,EMP0117,2026-08-01,117,99,93,9,7,4,90.73
PERF_EMP0117_202609,EMP0117,2026-09-01,101,68,73,18,12,7,81.67
PERF_EMP0118_202510,EMP0118,2025-10-01,100,83,135,25,7,11,89.81
PERF_EMP0118_202511,EMP0118,2025-11-01,100,106,111,16,15,19,100.0
PERF_EMP0118_202512,EMP0118,2025-12-01,112,75,148,16,4,11,82.85
PERF_EMP0118_202601,EMP0118,2026-01-01,135,126,130,18,16,17,89.22
PERF_EMP0118_202602,EMP0118,2026-02-01,100,105,133,16,11,20,100.0
PERF_EMP0118_202603,EMP0118,2026-03-01,100,93,79,26,7,13,92.48
PERF_EMP0118_202604,EMP0118,2026-04-01,141,138,134,19,5,9,100.0
PERF_EMP0118_202605,EMP0118,2026-05-01,170,172,82,12,21,12,96.08
PERF_EMP0118_202606,EMP0118,2026-06-01,130,86,103,17,10,13,85.12
PERF_EMP0118_202607,EMP0118,2026-07-01,113,87,102,19,10,16,93.35
PERF_EMP0118_202608,EMP0118,2026-08-01,144,91,86,19,8,15,80.65
PERF_EMP0118_202609,EMP0118,2026-09-01,118,134,134,20,8,24,100.0
PERF_EMP0119_202510,EMP0119,2025-10-01,128,144,88,16,0,5,100.0
PERF_EMP0119_202511,EMP0119,2025-11-01,109,83,53,13,8,10,72.6
PERF_EMP0119_202512,EMP0119,2025-12-01,133,86,137,11,11,4,89.55
PERF_EMP0119_202601,EMP0119,2026-01-01,103,78,66,0,12,0,86.71
PERF_EMP0119_202602,EMP0119,2026-02-01,120,91,104,22,2,11,91.6
PERF_EMP0119_202603,EMP0119,2026-03-01,121,79,64,11,6,10,83.84
PERF_EMP0119_202604,EMP0119,2026-04-01,123,101,56,1,5,2,74.44
PERF_EMP0119_202605,EMP0119,2026-05-01,110,86,118,11,0,15,93.61
PERF_EMP0119_202606,EMP0119,2026-06-01,163,119,69,21,0,24,87.3
PERF_EMP0119_202607,EMP0119,2026-07-01,100,73,65,7,11,0,84.86
PERF_EMP0119_202608,EMP0119,2026-08-01,121,82,113,22,0,16,90.62
PERF_EMP0119_202609,EMP0119,2026-09-01,127,111,87,5,4,2,89.76
PERF_EMP0120_202510,EMP0120,2025-10-01,123,128,123,17,15,16,91.15
PERF_EMP0120_202511,EMP0120,2025-11-01,120,81,83,13,11,21,74.66
PERF_EMP0120_202512,EMP0120,2025-12-01,131,121,143,17,12,9,100.0
PERF_EMP0120_202601,EMP0120,2026-01-01,155,193,140,20,6,20,100.0
PERF_EMP0120_202602,EMP0120,2026-02-01,134,135,98,25,5,10,97.0
PERF_EMP0120_202603,EMP0120,2026-03-01,146,133,61,17,21,17,84.92
PERF_EMP0120_202604,EMP0120,2026-04-01,130,104,112,19,16,12,91.02
PERF_EMP0120_202605,EMP0120,2026-05-01,114,106,69,17,16,23,94.74
PERF_EMP0120_202606,EMP0120,2026-06-01,142,146,118,5,15,11,100.0
PERF_EMP0120_202607,EMP0120,2026-07-01,116,93,121,24,17,24,90.75
PERF_EMP0120_202608,EMP0120,2026-08-01,104,94,105,10,3,16,98.17
PERF_EMP0120_202609,EMP0120,2026-09-01,124,114,147,24,11,12,87.51
PERF_EMP0121_202510,EMP0121,2025-10-01,124,103,67,11,0,20,80.38
PERF_EMP0121_202511,EMP0121,2025-11-01,125,147,105,12,0,16,100.0
PERF_EMP0121_202512,EMP0121,2025-12-01,100,89,75,6,10,16,87.13
PERF_EMP0121_202601,EMP0121,2026-01-01,100,70,104,21,9,22,84.51
PERF_EMP0121_202602,EMP0121,2026-02-01,106,78,78,15,3,5,71.47
PERF_EMP0121_202603,EMP0121,2026-03-01,121,94,76,0,4,16,90.35
PERF_EMP0121_202604,EMP0121,2026-04-01,132,121,63,10,4,18,83.92
PERF_EMP0121_202605,EMP0121,2026-05-01,129,104,69,7,4,24,83.96
PERF_EMP0121_202606,EMP0121,2026-06-01,134,122,102,24,10,22,86.35
PERF_EMP0121_202607,EMP0121,2026-07-01,133,79,76,1,16,10,89.33
PERF_EMP0121_202608,EMP0121,2026-08-01,127,98,102,25,2,15,88.41
PERF_EMP0121_202609,EMP0121,2026-09-01,123,115,118,6,5,10,100.0
PERF_EMP0122_202510,EMP0122,2025-10-01,112,75,106,22,8,10,78.29
PERF_EMP0122_202511,EMP0122,2025-11-01,105,102,86,11,13,3,84.26
PERF_EMP0122_202512,EMP0122,2025-12-01,130,125,123,24,15,0,100.0
PERF_EMP0122_202601,EMP0122,2026-01-01,100,62,119,20,10,7,88.43
PERF_EMP0122_202602,EMP0122,2026-02-01,143,115,97,15,10,9,74.9
PERF_EMP0122_202603,EMP0122,2026-03-01,116,113,105,11,2,18,100.0
PERF_EMP0122_202604,EMP0122,2026-04-01,100,94,55,11,17,18,86.77
PERF_EMP0122_202605,EMP0122,2026-05-01,100,86,92,7,10,11,92.79
PERF_EMP0122_202606,EMP0122,2026-06-01,151,143,130,26,27,13,100.0
PERF_EMP0122_202607,EMP0122,2026-07-01,107,79,106,18,1,15,86.66
PERF_EMP0122_202608,EMP0122,2026-08-01,100,69,104,2,7,2,92.76
PERF_EMP0122_202609,EMP0122,2026-09-01,114,89,107,12,8,13,95.43
PERF_EMP0123_202510,EMP0123,2025-10-01,115,108,97,21,13,19,95.27
PERF_EMP0123_202511,EMP0123,2025-11-01,115,100,77,6,12,18,93.33
PERF_EMP0123_202512,EMP0123,2025-12-01,127,102,52,9,8,12,78.55
PERF_EMP0123_202601,EMP0123,2026-01-01,142,111,93,15,16,16,92.93
PERF_EMP0123_202602,EMP0123,2026-02-01,129,101,60,16,20,14,82.83
PERF_EMP0123_202603,EMP0123,2026-03-01,115,101,120,10,9,9,90.62
PERF_EMP0123_202604,EMP0123,2026-04-01,136,68,55,38,5,21,71.74
PERF_EMP0123_202605,EMP0123,2026-05-01,113,80,71,29,4,18,80.54
PERF_EMP0123_202606,EMP0123,2026-06-01,129,114,148,26,12,13,100.0
PERF_EMP0123_202607,EMP0123,2026-07-01,133,80,79,11,7,11,77.66
PERF_EMP0123_202608,EMP0123,2026-08-01,123,93,86,16,9,10,82.9
PERF_EMP0123_202609,EMP0123,2026-09-01,114,71,110,23,2,15,78.55
PERF_EMP0124_202510,EMP0124,2025-10-01,132,111,113,12,3,21,95.53
PERF_EMP0124_202511,EMP0124,2025-11-01,111,107,61,8,9,12,94.28
PERF_EMP0124_202512,EMP0124,2025-12-01,114,112,71,26,3,17,91.66
PERF_EMP0124_202601,EMP0124,2026-01-01,119,116,137,8,2,5,94.75
PERF_EMP0124_202602,EMP0124,2026-02-01,121,131,108,8,10,17,100.0
PERF_EMP0124_202603,EMP0124,2026-03-01,125,130,100,4,12,25,100.0
PERF_EMP0124_202604,EMP0124,2026-04-01,129,111,93,9,18,10,95.63
PERF_EMP0124_202605,EMP0124,2026-05-01,148,125,93,16,8,2,98.26
PERF_EMP0124_202606,EMP0124,2026-06-01,108,83,113,12,11,13,89.77
PERF_EMP0124_202607,EMP0124,2026-07-01,107,106,159,21,16,17,97.03
PERF_EMP0124_202608,EMP0124,2026-08-01,106,83,106,16,10,2,88.57
PERF_EMP0124_202609,EMP0124,2026-09-01,112,81,125,13,10,11,88.95
PERF_EMP0125_202510,EMP0125,2025-10-01,100,103,175,24,9,12,100.0
PERF_EMP0125_202511,EMP0125,2025-11-01,106,83,108,29,14,5,89.51
PERF_EMP0125_202512,EMP0125,2025-12-01,122,119,124,22,11,14,96.0
PERF_EMP0125_202601,EMP0125,2026-01-01,125,100,85,27,10,19,90.44
PERF_EMP0125_202602,EMP0125,2026-02-01,102,83,151,18,13,11,97.1
PERF_EMP0125_202603,EMP0125,2026-03-01,120,93,96,16,15,22,86.77
PERF_EMP0125_202604,EMP0125,2026-04-01,117,106,80,10,1,14,88.03
PERF_EMP0125_202605,EMP0125,2026-05-01,100,102,117,10,10,22,100.0
PERF_EMP0125_202606,EMP0125,2026-06-01,108,102,138,19,15,14,93.46
PERF_EMP0125_202607,EMP0125,2026-07-01,100,102,88,29,3,28,100.0
PERF_EMP0125_202608,EMP0125,2026-08-01,120,96,98,17,7,27,86.83
PERF_EMP0125_202609,EMP0125,2026-09-01,100,96,115,28,7,13,100.0
PERF_EMP0126_202510,EMP0126,2025-10-01,129,125,105,13,11,23,96.81
PERF_EMP0126_202511,EMP0126,2025-11-01,107,80,114,26,13,2,93.17
PERF_EMP0126_202512,EMP0126,2025-12-01,100,86,137,9,14,2,88.8
PERF_EMP0126_202601,EMP0126,2026-01-01,142,137,86,7,7,18,94.44
PERF_EMP0126_202602,EMP0126,2026-02-01,100,84,127,21,7,12,91.69
PERF_EMP0126_202603,EMP0126,2026-03-01,109,91,103,15,10,15,80.96
PERF_EMP0126_202604,EMP0126,2026-04-01,125,110,101,6,7,13,90.38
PERF_EMP0126_202605,EMP0126,2026-05-01,148,141,145,30,5,20,90.62
PERF_EMP0126_202606,EMP0126,2026-06-01,107,102,122,25,14,15,94.36
PERF_EMP0126_202607,EMP0126,2026-07-01,159,123,103,21,15,18,79.48
PERF_EMP0126_202608,EMP0126,2026-08-01,119,74,139,23,18,8,80.26
PERF_EMP0126_202609,EMP0126,2026-09-01,124,132,133,8,9,8,100.0
PERF_EMP0127_202510,EMP0127,2025-10-01,131,106,92,17,0,20,86.41
PERF_EMP0127_202511,EMP0127,2025-11-01,100,83,50,17,6,7,83.01
PERF_EMP0127_202512,EMP0127,2025-12-01,107,83,109,0,4,15,88.16
PERF_EMP0127_202601,EMP0127,2026-01-01,128,121,119,29,14,7,98.52
PERF_EMP0127_202602,EMP0127,2026-02-01,100,72,84,9,10,13,84.87
PERF_EMP0127_202603,EMP0127,2026-03-01,134,73,80,20,6,1,72.49
PERF_EMP0127_202604,EMP0127,2026-04-01,107,81,90,24,8,9,89.73
PERF_EMP0127_202605,EMP0127,2026-05-01,139,97,79,24,18,21,76.24
PERF_EMP0127_202606,EMP0127,2026-06-01,114,115,94,3,3,13,98.53
PERF_EMP0127_202607,EMP0127,2026-07-01,110,79,45,11,6,21,77.29
PERF_EMP0127_202608,EMP0127,2026-08-01,106,75,71,6,6,21,79.79
PERF_EMP0127_202609,EMP0127,2026-09-01,100,45,62,0,7,17,71.65
PERF_EMP0128_202510,EMP0128,2025-10-01,104,99,133,21,18,14,93.7
PERF_EMP0128_202511,EMP0128,2025-11-01,100,94,124,18,18,19,100.0
PERF_EMP0128_202512,EMP0128,2025-12-01,142,122,103,25,5,14,96.14
PERF_EMP0128_202601,EMP0128,2026-01-01,110,143,99,16,9,14,100.0
PERF_EMP0128_202602,EMP0128,2026-02-01,131,133,175,21,10,14,92.88
PERF_EMP0128_202603,EMP0128,2026-03-01,124,153,114,20,17,18,100.0
PERF_EMP0128_202604,EMP0128,2026-04-01,121,78,94,22,18,8,83.03
PERF_EMP0128_202605,EMP0128,2026-05-01,134,155,159,33,16,17,100.0
PERF_EMP0128_202606,EMP0128,2026-06-01,131,126,113,13,16,22,96.73
PERF_EMP0128_202607,EMP0128,2026-07-01,114,133,105,31,14,20,100.0
PERF_EMP0128_202608,EMP0128,2026-08-01,154,152,112,27,10,20,97.31
PERF_EMP0128_202609,EMP0128,2026-09-01,111,105,121,26,16,20,97.55
PERF_EMP0129_202510,EMP0129,2025-10-01,100,97,105,21,9,17,97.05
PERF_EMP0129_202511,EMP0129,2025-11-01,124,149,139,17,5,12,100.0
PERF_EMP0129_202512,EMP0129,2025-12-01,124,87,99,20,13,9,83.53
PERF_EMP0129_202601,EMP0129,2026-01-01,123,111,53,35,9,12,85.17
PERF_EMP0129_202602,EMP0129,2026-02-01,134,123,127,21,5,17,98.4
PERF_EMP0129_202603,EMP0129,2026-03-01,139,127,129,10,9,12,97.14
PERF_EMP0129_202604,EMP0129,2026-04-01,115,119,141,12,0,15,100.0
PERF_EMP0129_202605,EMP0129,2026-05-01,108,78,126,17,8,7,83.19
PERF_EMP0129_202606,EMP0129,2026-06-01,147,117,119,0,8,17,93.13
PERF_EMP0129_202607,EMP0129,2026-07-01,106,103,148,18,12,27,89.77
PERF_EMP0129_202608,EMP0129,2026-08-01,141,154,103,28,9,15,100.0
PERF_EMP0129_202609,EMP0129,2026-09-01,104,101,80,28,3,18,97.86
PERF_EMP0130_202510,EMP0130,2025-10-01,112,99,188,28,19,10,96.52
PERF_EMP0130_202511,EMP0130,2025-11-01,153,128,184,24,13,14,91.84
PERF_EMP0130_202512,EMP0130,2025-12-01,140,125,122,24,7,19,94.4
PERF_EMP0130_202601,EMP0130,2026-01-01,130,142,139,23,12,9,100.0
PERF_EMP0130_202602,EMP0130,2026-02-01,108,114,161,16,13,6,100.0
PERF_EMP0130_202603,EMP0130,2026-03-01,146,143,122,28,11,21,99.14
PERF_EMP0130_202604,EMP0130,2026-04-01,141,134,105,30,18,22,88.89
PERF_EMP0130_202605,EMP0130,2026-05-01,142,152,108,19,19,19,100.0
PERF_EMP0130_202606,EMP0130,2026-06-01,130,111,110,28,17,31,91.66
PERF_EMP0130_202607,EMP0130,2026-07-01,108,127,158,17,10,13,98.1
PERF_EMP0130_202608,EMP0130,2026-08-01,123,129,187,29,20,19,97.28
PERF_EMP0130_202609,EMP0130,2026-09-01,103,92,112,23,7,15,99.29
PERF_EMP0131_202510,EMP0131,2025-10-01,121,106,90,22,12,19,90.91
PERF_EMP0131_202511,EMP0131,2025-11-01,112,100,76,20,18,9,86.66
PERF_EMP0131_202512,EMP0131,2025-12-01,120,102,114,15,4,6,90.1
PERF_EMP0131_202601,EMP0131,2026-01-01,124,131,121,25,14,18,100.0
PERF_EMP0131_202602,EMP0131,2026-02-01,119,106,127,19,13,8,100.0
PERF_EMP0131_202603,EMP0131,2026-03-01,118,95,116,9,9,14,93.9
PERF_EMP0131_202604,EMP0131,2026-04-01,130,121,107,27,4,11,100.0
PERF_EMP0131_202605,EMP0131,2026-05-01,100,98,110,15,6,8,99.59
PERF_EMP0131_202606,EMP0131,2026-06-01,114,99,66,25,13,21,85.37
PERF_EMP0131_202607,EMP0131,2026-07-01,122,97,71,0,4,23,84.37
PERF_EMP0131_202608,EMP0131,2026-08-01,128,137,101,26,10,10,86.21
PERF_EMP0131_202609,EMP0131,2026-09-01,100,110,70,17,0,10,99.66
PERF_EMP0132_202510,EMP0132,2025-10-01,100,101,137,15,6,14,95.97
PERF_EMP0132_202511,EMP0132,2025-11-01,142,142,132,19,13,15,100.0
PERF_EMP0132_202512,EMP0132,2025-12-01,140,113,111,7,20,22,92.26
PERF_EMP0132_202601,EMP0132,2026-01-01,139,147,58,14,5,15,84.67
PERF_EMP0132_202602,EMP0132,2026-02-01,108,100,120,11,16,11,100.0
PERF_EMP0132_202603,EMP0132,2026-03-01,149,114,87,12,11,23,94.6
PERF_EMP0132_202604,EMP0132,2026-04-01,124,118,123,19,8,13,94.82
PERF_EMP0132_202605,EMP0132,2026-05-01,100,94,112,24,8,18,99.58
PERF_EMP0132_202606,EMP0132,2026-06-01,116,89,95,30,11,12,86.07
PERF_EMP0132_202607,EMP0132,2026-07-01,148,145,151,17,11,12,92.96
PERF_EMP0132_202608,EMP0132,2026-08-01,162,146,104,18,8,9,97.21
PERF_EMP0132_202609,EMP0132,2026-09-01,125,96,150,16,9,13,82.18
PERF_EMP0133_202510,EMP0133,2025-10-01,146,114,107,29,13,19,84.38
PERF_EMP0133_202511,EMP0133,2025-11-01,112,95,152,19,17,16,90.4
PERF_EMP0133_202512,EMP0133,2025-12-01,105,111,144,24,13,17,100.0
PERF_EMP0133_202601,EMP0133,2026-01-01,130,141,92,19,1,12,100.0
PERF_EMP0133_202602,EMP0133,2026-02-01,106,103,100,19,7,16,100.0
PERF_EMP0133_202603,EMP0133,2026-03-01,119,100,99,6,12,25,92.98
PERF_EMP0133_202604,EMP0133,2026-04-01,107,101,105,12,9,19,96.1
PERF_EMP0133_202605,EMP0133,2026-05-01,137,118,116,26,9,21,92.1
PERF_EMP0133_202606,EMP0133,2026-06-01,121,126,156,8,9,21,100.0
PERF_EMP0133_202607,EMP0133,2026-07-01,126,113,129,25,9,30,100.0
PERF_EMP0133_202608,EMP0133,2026-08-01,119,108,114,15,11,18,100.0
PERF_EMP0133_202609,EMP0133,2026-09-01,126,84,129,37,17,16,83.44
PERF_EMP0134_202510,EMP0134,2025-10-01,127,99,107,15,12,17,94.16
PERF_EMP0134_202511,EMP0134,2025-11-01,135,116,107,17,14,11,87.88
PERF_EMP0134_202512,EMP0134,2025-12-01,112,111,105,14,14,21,97.49
PERF_EMP0134_202601,EMP0134,2026-01-01,108,119,127,13,9,14,100.0
PERF_EMP0134_202602,EMP0134,2026-02-01,162,157,138,18,6,9,99.71
PERF_EMP0134_202603,EMP0134,2026-03-01,114,112,111,17,5,14,100.0
PERF_EMP0134_202604,EMP0134,2026-04-01,100,84,69,7,9,16,82.69
PERF_EMP0134_202605,EMP0134,2026-05-01,100,80,125,19,14,12,86.25
PERF_EMP0134_202606,EMP0134,2026-06-01,133,84,156,21,5,18,82.63
PERF_EMP0134_202607,EMP0134,2026-07-01,139,130,76,13,21,16,96.98
PERF_EMP0134_202608,EMP0134,2026-08-01,115,80,87,23,8,14,84.92
PERF_EMP0134_202609,EMP0134,2026-09-01,130,128,136,8,11,24,99.07
PERF_EMP0135_202510,EMP0135,2025-10-01,101,118,133,23,2,20,100.0
PERF_EMP0135_202511,EMP0135,2025-11-01,138,119,92,28,17,14,89.3
PERF_EMP0135_202512,EMP0135,2025-12-01,100,84,109,23,0,19,89.83
PERF_EMP0135_202601,EMP0135,2026-01-01,100,84,85,19,7,15,98.09
PERF_EMP0135_202602,EMP0135,2026-02-01,110,100,106,8,14,10,100.0
PERF_EMP0135_202603,EMP0135,2026-03-01,100,82,104,24,6,18,95.02
PERF_EMP0135_202604,EMP0135,2026-04-01,100,87,111,25,11,12,93.29
PERF_EMP0135_202605,EMP0135,2026-05-01,105,74,142,14,9,16,91.36
PERF_EMP0135_202606,EMP0135,2026-06-01,155,142,166,23,6,12,97.01
PERF_EMP0135_202607,EMP0135,2026-07-01,126,118,95,10,19,20,91.62
PERF_EMP0135_202608,EMP0135,2026-08-01,105,107,148,23,1,9,100.0
PERF_EMP0135_202609,EMP0135,2026-09-01,123,107,111,21,12,9,94.28
PERF_EMP0136_202510,EMP0136,2025-10-01,100,79,128,25,2,7,93.1
PERF_EMP0136_202511,EMP0136,2025-11-01,126,104,88,19,5,25,96.71
PERF_EMP0136_202512,EMP0136,2025-12-01,135,122,132,21,11,19,98.76
PERF_EMP0136_202601,EMP0136,2026-01-01,109,75,81,9,7,8,82.86
PERF_EMP0136_202602,EMP0136,2026-02-01,115,99,137,27,12,21,95.45
PERF_EMP0136_202603,EMP0136,2026-03-01,116,96,131,17,11,17,89.48
PERF_EMP0136_202604,EMP0136,2026-04-01,128,99,132,27,20,12,92.04
PERF_EMP0136_202605,EMP0136,2026-05-01,126,104,121,26,7,13,88.93
PERF_EMP0136_202606,EMP0136,2026-06-01,100,92,77,18,2,15,94.25
PERF_EMP0136_202607,EMP0136,2026-07-01,116,96,109,11,14,18,91.04
PERF_EMP0136_202608,EMP0136,2026-08-01,100,75,131,20,18,12,88.32
PERF_EMP0136_202609,EMP0136,2026-09-01,141,89,137,20,12,23,91.17
PERF_EMP0137_202510,EMP0137,2025-10-01,128,125,120,17,4,19,98.21
PERF_EMP0137_202511,EMP0137,2025-11-01,117,110,119,14,8,24,100.0
PERF_EMP0137_202512,EMP0137,2025-12-01,136,132,69,9,11,11,97.7
PERF_EMP0137_202601,EMP0137,2026-01-01,100,80,169,10,10,5,100.0
PERF_EMP0137_202602,EMP0137,2026-02-01,131,95,98,20,13,23,83.95
PERF_EMP0137_202603,EMP0137,2026-03-01,100,86,145,10,12,21,92.95
PERF_EMP0137_202604,EMP0137,2026-04-01,135,132,109,25,4,9,100.0
PERF_EMP0137_202605,EMP0137,2026-05-01,117,131,93,23,12,13,100.0
PERF_EMP0137_202606,EMP0137,2026-06-01,123,111,140,26,10,11,99.82
PERF_EMP0137_202607,EMP0137,2026-07-01,115,94,160,29,19,19,92.88
PERF_EMP0137_202608,EMP0137,2026-08-01,149,123,106,23,7,14,83.27
PERF_EMP0137_202609,EMP0137,2026-09-01,130,105,151,20,5,19,89.72
PERF_EMP0138_202510,EMP0138,2025-10-01,149,121,77,16,5,10,80.24
PERF_EMP0138_202511,EMP0138,2025-11-01,114,96,85,17,10,10,80.72
PERF_EMP0138_202512,EMP0138,2025-12-01,121,80,133,10,9,7,76.59
PERF_EMP0138_202601,EMP0138,2026-01-01,111,103,105,16,0,19,96.5
PERF_EMP0138_202602,EMP0138,2026-02-01,132,80,94,15,7,13,70.67
PERF_EMP0138_202603,EMP0138,2026-03-01,127,83,87,14,0,1,85.05
PERF_EMP0138_202604,EMP0138,2026-04-01,100,76,94,28,4,17,87.21
PERF_EMP0138_202605,EMP0138,2026-05-01,115,97,109,16,4,9,96.12
PERF_EMP0138_202606,EMP0138,2026-06-01,119,94,89,13,15,9,89.37
PERF_EMP0138_202607,EMP0138,2026-07-01,124,100,97,9,10,1,98.64
PERF_EMP0138_202608,EMP0138,2026-08-01,133,98,79,13,6,8,84.52
PERF_EMP0138_202609,EMP0138,2026-09-01,154,97,93,11,3,7,89.34
PERF_EMP0139_202510,EMP0139,2025-10-01,107,58,150,23,5,14,79.97
PERF_EMP0139_202511,EMP0139,2025-11-01,100,89,152,13,7,12,97.07
PERF_EMP0139_202512,EMP0139,2025-12-01,104,67,92,12,7,11,83.61
PERF_EMP0139_202601,EMP0139,2026-01-01,100,75,116,21,3,15,83.87
PERF_EMP0139_202602,EMP0139,2026-02-01,162,116,147,11,2,6,88.78
PERF_EMP0139_202603,EMP0139,2026-03-01,125,117,74,18,17,7,87.66
PERF_EMP0139_202604,EMP0139,2026-04-01,103,92,84,14,13,21,99.88
PERF_EMP0139_202605,EMP0139,2026-05-01,147,148,113,15,10,15,100.0
PERF_EMP0139_202606,EMP0139,2026-06-01,113,95,72,29,9,7,79.71
PERF_EMP0139_202607,EMP0139,2026-07-01,153,133,93,18,19,15,89.15
PERF_EMP0139_202608,EMP0139,2026-08-01,109,90,110,18,9,13,100.0
PERF_EMP0139_202609,EMP0139,2026-09-01,107,77,68,6,3,14,82.84
PERF_EMP0140_202510,EMP0140,2025-10-01,101,83,52,8,5,14,85.26
PERF_EMP0140_202511,EMP0140,2025-11-01,153,76,55,5,0,6,75.28
PERF_EMP0140_202512,EMP0140,2025-12-01,114,58,61,10,10,0,70.91
PERF_EMP0140_202601,EMP0140,2026-01-01,100,91,61,16,4,1,90.25
PERF_EMP0140_202602,EMP0140,2026-02-01,100,58,112,16,9,16,84.85
PERF_EMP0140_202603,EMP0140,2026-03-01,125,73,76,3,7,8,73.72
PERF_EMP0140_202604,EMP0140,2026-04-01,113,62,82,6,11,16,76.1
PERF_EMP0140_202605,EMP0140,2026-05-01,137,87,50,10,19,3,80.9
PERF_EMP0140_202606,EMP0140,2026-06-01,146,95,93,3,17,12,80.69
PERF_EMP0140_202607,EMP0140,2026-07-01,100,72,78,16,4,5,83.72
PERF_EMP0140_202608,EMP0140,2026-08-01,114,80,46,14,7,5,84.87
PERF_EMP0140_202609,EMP0140,2026-09-01,171,135,81,26,0,8,84.58
PERF_EMP0141_202510,EMP0141,2025-10-01,114,69,131,16,24,11,84.85
PERF_EMP0141_202511,EMP0141,2025-11-01,131,96,112,27,6,11,100.0
PERF_EMP0141_202512,EMP0141,2025-12-01,135,96,166,13,20,5,93.71
PERF_EMP0141_202601,EMP0141,2026-01-01,142,125,93,19,11,7,94.07
PERF_EMP0141_202602,EMP0141,2026-02-01,112,89,107,26,10,16,88.83
PERF_EMP0141_202603,EMP0141,2026-03-01,141,114,138,27,14,12,94.05
PERF_EMP0141_202604,EMP0141,2026-04-01,100,87,102,12,16,19,94.19
PERF_EMP0141_202605,EMP0141,2026-05-01,107,90,107,25,20,22,96.48
PERF_EMP0141_202606,EMP0141,2026-06-01,132,128,112,17,16,8,89.67
PERF_EMP0141_202607,EMP0141,2026-07-01,100,94,86,43,10,14,87.23
PERF_EMP0141_202608,EMP0141,2026-08-01,100,104,105,8,8,7,96.76
PERF_EMP0141_202609,EMP0141,2026-09-01,100,88,69,20,7,17,92.96
PERF_EMP0142_202510,EMP0142,2025-10-01,116,79,120,11,0,0,83.07
PERF_EMP0142_202511,EMP0142,2025-11-01,113,85,64,9,13,15,84.68
PERF_EMP0142_202512,EMP0142,2025-12-01,124,89,69,13,9,6,75.83
PERF_EMP0142_202601,EMP0142,2026-01-01,100,67,82,20,9,13,77.36
PERF_EMP0142_202602,EMP0142,2026-02-01,114,85,90,12,10,19,88.58
PERF_EMP0142_202603,EMP0142,2026-03-01,100,74,121,16,12,13,96.55
PERF_EMP0142_202604,EMP0142,2026-04-01,119,87,50,8,12,17,79.78
PERF_EMP0142_202605,EMP0142,2026-05-01,128,115,119,6,6,1,99.85
PERF_EMP0142_202606,EMP0142,2026-06-01,133,141,115,10,3,9,100.0
PERF_EMP0142_202607,EMP0142,2026-07-01,100,88,110,22,13,12,87.37
PERF_EMP0142_202608,EMP0142,2026-08-01,100,60,123,8,4,24,75.78
PERF_EMP0142_202609,EMP0142,2026-09-01,103,68,135,17,11,11,88.16
PERF_EMP0143_202510,EMP0143,2025-10-01,147,173,121,27,0,24,100.0
PERF_EMP0143_202511,EMP0143,2025-11-01,129,115,130,18,11,24,93.97
PERF_EMP0143_202512,EMP0143,2025-12-01,105,81,134,4,16,16,81.53
PERF_EMP0143_202601,EMP0143,2026-01-01,152,160,109,14,0,9,96.2
PERF_EMP0143_202602,EMP0143,2026-02-01,158,146,158,23,10,26,90.61
PERF_EMP0143_202603,EMP0143,2026-03-01,150,115,121,17,7,19,98.85
PERF_EMP0143_202604,EMP0143,2026-04-01,155,148,141,17,20,18,100.0
PERF_EMP0143_202605,EMP0143,2026-05-01,131,125,108,26,16,13,100.0
PERF_EMP0143_202606,EMP0143,2026-06-01,120,121,152,31,18,14,100.0
PERF_EMP0143_202607,EMP0143,2026-07-01,129,127,83,22,7,8,98.99
PERF_EMP0143_202608,EMP0143,2026-08-01,110,85,155,34,7,17,84.41
PERF_EMP0143_202609,EMP0143,2026-09-01,113,118,142,24,9,8,100.0
PERF_EMP0144_202510,EMP0144,2025-10-01,136,165,109,10,18,16,100.0
PERF_EMP0144_202511,EMP0144,2025-11-01,109,85,134,10,16,8,92.56
PERF_EMP0144_202512,EMP0144,2025-12-01,137,116,90,18,4,13,88.83
PERF_EMP0144_202601,EMP0144,2026-01-01,104,92,161,16,10,17,100.0
PERF_EMP0144_202602,EMP0144,2026-02-01,129,114,107,13,16,14,93.39
PERF_EMP0144_202603,EMP0144,2026-03-01,100,93,157,19,12,16,100.0
PERF_EMP0144_202604,EMP0144,2026-04-01,116,98,89,22,8,10,87.3
PERF_EMP0144_202605,EMP0144,2026-05-01,130,117,97,14,13,20,90.99
PERF_EMP0144_202606,EMP0144,2026-06-01,159,154,113,26,15,0,98.02
PERF_EMP0144_202607,EMP0144,2026-07-01,131,120,127,23,2,19,93.15
PERF_EMP0144_202608,EMP0144,2026-08-01,110,71,154,21,8,7,79.81
PERF_EMP0144_202609,EMP0144,2026-09-01,156,137,95,22,4,25,99.21
PERF_EMP0145_202510,EMP0145,2025-10-01,126,125,79,24,12,10,89.22
PERF_EMP0145_202511,EMP0145,2025-11-01,126,106,89,16,8,8,91.95
PERF_EMP0145_202512,EMP0145,2025-12-01,107,89,85,21,0,10,90.61
PERF_EMP0145_202601,EMP0145,2026-01-01,112,60,116,7,9,6,81.1
PERF_EMP0145_202602,EMP0145,2026-02-01,122,106,94,22,8,17,86.84
PERF_EMP0145_202603,EMP0145,2026-03-01,113,87,129,27,9,0,90.09
PERF_EMP0145_202604,EMP0145,2026-04-01,123,123,139,7,13,17,98.23
PERF_EMP0145_202605,EMP0145,2026-05-01,100,76,108,25,11,7,98.04
PERF_EMP0145_202606,EMP0145,2026-06-01,125,105,49,22,0,17,78.41
PERF_EMP0145_202607,EMP0145,2026-07-01,100,82,107,21,0,13,89.49
PERF_EMP0145_202608,EMP0145,2026-08-01,125,114,67,17,14,6,96.97
PERF_EMP0145_202609,EMP0145,2026-09-01,101,99,96,11,15,19,100.0
PERF_EMP0146_202510,EMP0146,2025-10-01,141,165,125,16,6,21,100.0
PERF_EMP0146_202511,EMP0146,2025-11-01,104,95,132,21,14,7,96.01
PERF_EMP0146_202512,EMP0146,2025-12-01,142,150,114,40,17,9,100.0
PERF_EMP0146_202601,EMP0146,2026-01-01,100,75,117,14,7,15,92.73
PERF_EMP0146_202602,EMP0146,2026-02-01,118,110,106,18,13,25,87.18
PERF_EMP0146_202603,EMP0146,2026-03-01,141,108,116,21,21,28,83.96
PERF_EMP0146_202604,EMP0146,2026-04-01,123,123,126,13,6,6,90.21
PERF_EMP0146_202605,EMP0146,2026-05-01,153,112,97,13,15,25,81.18
PERF_EMP0146_202606,EMP0146,2026-06-01,100,91,118,17,13,9,92.12
PERF_EMP0146_202607,EMP0146,2026-07-01,118,77,130,22,6,20,81.45
PERF_EMP0146_202608,EMP0146,2026-08-01,125,133,150,18,13,25,97.7
PERF_EMP0146_202609,EMP0146,2026-09-01,100,94,111,22,19,14,85.39
PERF_EMP0147_202510,EMP0147,2025-10-01,128,95,134,23,17,27,94.46
PERF_EMP0147_202511,EMP0147,2025-11-01,132,109,164,28,5,24,91.68
PERF_EMP0147_202512,EMP0147,2025-12-01,101,111,126,11,7,9,100.0
PERF_EMP0147_202601,EMP0147,2026-01-01,113,130,126,26,16,9,100.0
PERF_EMP0147_202602,EMP0147,2026-02-01,104,99,111,21,12,13,100.0
PERF_EMP0147_202603,EMP0147,2026-03-01,129,131,131,31,3,14,100.0
PERF_EMP0147_202604,EMP0147,2026-04-01,118,108,157,15,10,19,93.89
PERF_EMP0147_202605,EMP0147,2026-05-01,108,131,96,30,15,26,100.0
PERF_EMP0147_202606,EMP0147,2026-06-01,143,102,149,5,17,27,97.29
PERF_EMP0147_202607,EMP0147,2026-07-01,113,129,148,25,23,13,100.0
PERF_EMP0147_202608,EMP0147,2026-08-01,114,122,131,32,5,13,100.0
PERF_EMP0147_202609,EMP0147,2026-09-01,144,158,145,17,16,17,95.47
PERF_EMP0148_202510,EMP0148,2025-10-01,110,112,91,15,17,15,92.07
PERF_EMP0148_202511,EMP0148,2025-11-01,122,109,119,25,13,16,100.0
PERF_EMP0148_202512,EMP0148,2025-12-01,111,114,125,25,20,8,100.0
PERF_EMP0148_202601,EMP0148,2026-01-01,108,105,127,27,13,30,98.67
PERF_EMP0148_202602,EMP0148,2026-02-01,124,119,120,15,6,12,100.0
PERF_EMP0148_202603,EMP0148,2026-03-01,137,136,143,30,5,12,97.26
PERF_EMP0148_202604,EMP0148,2026-04-01,122,124,106,29,10,19,100.0
PERF_EMP0148_202605,EMP0148,2026-05-01,116,97,179,19,10,16,94.54
PERF_EMP0148_202606,EMP0148,2026-06-01,108,100,144,8,13,19,100.0
PERF_EMP0148_202607,EMP0148,2026-07-01,141,146,119,31,15,12,94.41
PERF_EMP0148_202608,EMP0148,2026-08-01,112,86,85,15,12,19,81.8
PERF_EMP0148_202609,EMP0148,2026-09-01,137,107,76,13,10,15,77.84
PERF_EMP0149_202510,EMP0149,2025-10-01,112,115,148,23,0,13,100.0
PERF_EMP0149_202511,EMP0149,2025-11-01,119,99,86,13,9,10,84.84
PERF_EMP0149_202512,EMP0149,2025-12-01,116,103,109,9,14,17,91.25
PERF_EMP0149_202601,EMP0149,2026-01-01,104,85,107,29,10,19,89.88
PERF_EMP0149_202602,EMP0149,2026-02-01,116,97,140,24,3,16,97.91
PERF_EMP0149_202603,EMP0149,2026-03-01,135,104,102,14,6,18,83.51
PERF_EMP0149_202604,EMP0149,2026-04-01,142,101,133,5,12,16,89.69
PERF_EMP0149_202605,EMP0149,2026-05-01,105,108,115,18,11,22,99.12
PERF_EMP0149_202606,EMP0149,2026-06-01,125,115,139,18,8,21,94.46
PERF_EMP0149_202607,EMP0149,2026-07-01,120,142,145,19,10,13,100.0
PERF_EMP0149_202608,EMP0149,2026-08-01,100,78,140,10,14,21,89.9
PERF_EMP0149_202609,EMP0149,2026-09-01,100,71,114,30,10,6,84.77
PERF_EMP0150_202510,EMP0150,2025-10-01,149,144,100,26,4,20,100.0
PERF_EMP0150_202511,EMP0150,2025-11-01,100,100,107,22,19,9,97.81
PERF_EMP0150_202512,EMP0150,2025-12-01,106,96,111,19,5,13,84.9
PERF_EMP0150_202601,EMP0150,2026-01-01,128,136,103,22,10,15,100.0
PERF_EMP0150_202602,EMP0150,2026-02-01,113,101,98,13,10,14,98.49
PERF_EMP0150_202603,EMP0150,2026-03-01,108,73,135,13,10,14,88.3
PERF_EMP0150_202604,EMP0150,2026-04-01,134,136,130,9,11,19,95.98
PERF_EMP0150_202605,EMP0150,2026-05-01,105,102,107,15,3,13,94.63
PERF_EMP0150_202606,EMP0150,2026-06-01,112,80,76,9,8,14,84.42
PERF_EMP0150_202607,EMP0150,2026-07-01,117,108,103,20,9,18,90.81
PERF_EMP0150_202608,EMP0150,2026-08-01,101,89,83,11,7,16,93.55
PERF_EMP0150_202609,EMP0150,2026-09-01,115,100,124,18,11,6,96.49
PERF_EMP0151_202510,EMP0151,2025-10-01,103,84,53,3,19,2,92.87
PERF_EMP0151_202511,EMP0151,2025-11-01,108,93,92,21,10,21,92.06
PERF_EMP0151_202512,EMP0151,2025-12-01,122,93,77,11,9,16,87.96
PERF_EMP0151_202601,EMP0151,2026-01-01,100,64,64,17,15,0,77.84
PERF_EMP0151_202602,EMP0151,2026-02-01,127,101,129,14,14,7,92.21
PERF_EMP0151_202603,EMP0151,2026-03-01,113,91,60,7,7,14,94.14
PERF_EMP0151_202604,EMP0151,2026-04-01,154,156,68,1,4,5,90.26
PERF_EMP0151_202605,EMP0151,2026-05-01,139,110,83,20,5,9,86.41
PERF_EMP0151_202606,EMP0151,2026-06-01,136,117,73,22,7,2,80.55
PERF_EMP0151_202607,EMP0151,2026-07-01,123,86,95,9,2,7,91.3
PERF_EMP0151_202608,EMP0151,2026-08-01,100,70,87,2,8,8,74.53
PERF_EMP0151_202609,EMP0151,2026-09-01,122,99,78,10,3,2,81.7
PERF_EMP0152_202510,EMP0152,2025-10-01,113,119,55,31,9,18,94.37
PERF_EMP0152_202511,EMP0152,2025-11-01,154,133,115,7,12,19,95.21
PERF_EMP0152_202512,EMP0152,2025-12-01,110,98,77,20,4,11,93.63
PERF_EMP0152_202601,EMP0152,2026-01-01,152,120,114,11,3,11,84.13
PERF_EMP0152_202602,EMP0152,2026-02-01,124,111,101,22,13,21,95.23
PERF_EMP0152_202603,EMP0152,2026-03-01,129,82,56,20,12,8,79.47
PERF_EMP0152_202604,EMP0152,2026-04-01,124,88,106,24,7,13,87.77
PERF_EMP0152_202605,EMP0152,2026-05-01,132,97,132,20,4,22,90.25
PERF_EMP0152_202606,EMP0152,2026-06-01,102,66,117,16,11,22,84.51
PERF_EMP0152_202607,EMP0152,2026-07-01,115,82,100,21,3,5,85.77
PERF_EMP0152_202608,EMP0152,2026-08-01,139,128,96,25,17,15,92.22
PERF_EMP0152_202609,EMP0152,2026-09-01,100,69,103,15,13,3,78.44
PERF_EMP0153_202510,EMP0153,2025-10-01,108,103,58,30,8,13,100.0
PERF_EMP0153_202511,EMP0153,2025-11-01,100,93,146,18,1,12,90.44
PERF_EMP0153_202512,EMP0153,2025-12-01,125,115,105,19,9,23,96.41
PERF_EMP0153_202601,EMP0153,2026-01-01,119,78,67,17,5,10,84.4
PERF_EMP0153_202602,EMP0153,2026-02-01,130,139,114,22,14,17,100.0
PERF_EMP0153_202603,EMP0153,2026-03-01,117,91,88,21,12,30,86.47
PERF_EMP0153_202604,EMP0153,2026-04-01,117,105,95,21,14,7,92.09
PERF_EMP0153_202605,EMP0153,2026-05-01,106,78,117,17,10,23,100.0
PERF_EMP0153_202606,EMP0153,2026-06-01,113,103,88,24,10,12,90.37
PERF_EMP0153_202607,EMP0153,2026-07-01,141,117,73,19,5,4,83.55
PERF_EMP0153_202608,EMP0153,2026-08-01,100,78,119,22,11,12,90.12
PERF_EMP0153_202609,EMP0153,2026-09-01,100,70,94,19,10,0,88.0
PERF_EMP0154_202510,EMP0154,2025-10-01,100,70,119,10,6,20,89.2
PERF_EMP0154_202511,EMP0154,2025-11-01,123,93,68,32,4,18,91.38
PERF_EMP0154_202512,EMP0154,2025-12-01,113,82,132,22,14,7,81.68
PERF_EMP0154_202601,EMP0154,2026-01-01,103,109,133,8,13,11,94.61
PERF_EMP0154_202602,EMP0154,2026-02-01,111,71,124,38,11,16,85.58
PERF_EMP0154_202603,EMP0154,2026-03-01,100,83,116,8,13,9,85.78
PERF_EMP0154_202604,EMP0154,2026-04-01,131,126,96,15,7,18,96.06
PERF_EMP0154_202605,EMP0154,2026-05-01,120,130,121,16,8,25,100.0
PERF_EMP0154_202606,EMP0154,2026-06-01,133,120,147,8,18,19,98.81
PERF_EMP0154_202607,EMP0154,2026-07-01,131,101,130,11,0,13,92.14
PERF_EMP0154_202608,EMP0154,2026-08-01,112,116,126,21,7,5,98.97
PERF_EMP0154_202609,EMP0154,2026-09-01,115,111,92,20,7,5,94.55
PERF_EMP0155_202510,EMP0155,2025-10-01,161,140,105,11,16,10,91.14
PERF_EMP0155_202511,EMP0155,2025-11-01,100,71,122,21,12,18,88.7
PERF_EMP0155_202512,EMP0155,2025-12-01,114,124,138,15,0,19,100.0
PERF_EMP0155_202601,EMP0155,2026-01-01,124,116,122,24,6,17,93.01
PERF_EMP0155_202602,EMP0155,2026-02-01,146,120,158,31,14,24,93.75
PERF_EMP0155_202603,EMP0155,2026-03-01,113,103,68,12,6,11,94.12
PERF_EMP0155_202604,EMP0155,2026-04-01,129,116,108,19,8,22,84.21
PERF_EMP0155_202605,EMP0155,2026-05-01,116,128,150,20,11,21,100.0
PERF_EMP0155_202606,EMP0155,2026-06-01,119,106,111,14,15,8,93.7
PERF_EMP0155_202607,EMP0155,2026-07-01,144,155,144,18,8,9,94.34
PERF_EMP0155_202608,EMP0155,2026-08-01,122,111,136,28,12,16,93.12
PERF_EMP0155_202609,EMP0155,2026-09-01,100,75,113,29,3,18,92.08
PERF_EMP0156_202510,EMP0156,2025-10-01,145,82,135,13,16,19,77.44
PERF_EMP0156_202511,EMP0156,2025-11-01,120,92,72,18,11,12,80.8
PERF_EMP0156_202512,EMP0156,2025-12-01,125,82,117,16,19,4,92.99
PERF_EMP0156_202601,EMP0156,2026-01-01,145,166,110,7,13,13,99.5
PERF_EMP0156_202602,EMP0156,2026-02-01,103,62,64,13,12,21,84.37
PERF_EMP0156_202603,EMP0156,2026-03-01,122,118,161,6,7,16,100.0
PERF_EMP0156_202604,EMP0156,2026-04-01,106,105,107,27,16,5,100.0
PERF_EMP0156_202605,EMP0156,2026-05-01,110,114,108,23,6,15,100.0
PERF_EMP0156_202606,EMP0156,2026-06-01,105,86,102,17,0,12,88.81
PERF_EMP0156_202607,EMP0156,2026-07-01,138,155,123,8,7,17,100.0
PERF_EMP0156_202608,EMP0156,2026-08-01,103,102,86,15,9,5,100.0
PERF_EMP0156_202609,EMP0156,2026-09-01,114,99,141,13,15,11,95.11
PERF_EMP0157_202510,EMP0157,2025-10-01,126,141,140,23,13,19,100.0
PERF_EMP0157_202511,EMP0157,2025-11-01,130,103,118,15,29,20,86.32
PERF_EMP0157_202512,EMP0157,2025-12-01,109,93,96,18,5,15,92.5
PERF_EMP0157_202601,EMP0157,2026-01-01,103,110,167,18,11,9,96.78
PERF_EMP0157_202602,EMP0157,2026-02-01,141,159,150,17,8,19,100.0
PERF_EMP0157_202603,EMP0157,2026-03-01,120,106,121,23,7,22,100.0
PERF_EMP0157_202604,EMP0157,2026-04-01,131,128,103,22,1,19,94.82
PERF_EMP0157_202605,EMP0157,2026-05-01,111,128,149,15,15,14,100.0
PERF_EMP0157_202606,EMP0157,2026-06-01,122,113,106,15,10,17,100.0
PERF_EMP0157_202607,EMP0157,2026-07-01,100,94,188,9,10,23,100.0
PERF_EMP0157_202608,EMP0157,2026-08-01,100,99,154,16,10,10,100.0
PERF_EMP0157_202609,EMP0157,2026-09-01,144,126,151,19,4,14,97.31
PERF_EMP0158_202510,EMP0158,2025-10-01,100,80,140,26,16,21,90.24
PERF_EMP0158_202511,EMP0158,2025-11-01,121,125,143,14,10,14,99.76
PERF_EMP0158_202512,EMP0158,2025-12-01,138,127,141,23,13,18,95.6
PERF_EMP0158_202601,EMP0158,2026-01-01,127,102,109,28,10,17,97.36
PERF_EMP0158_202602,EMP0158,2026-02-01,109,80,138,17,0,16,90.97
PERF_EMP0158_202603,EMP0158,2026-03-01,108,112,117,10,3,14,89.18
PERF_EMP0158_202604,EMP0158,2026-04-01,119,92,116,26,5,8,99.51
PERF_EMP0158_202605,EMP0158,2026-05-01,125,112,152,20,14,15,95.68
PERF_EMP0158_202606,EMP0158,2026-06-01,111,108,149,11,8,5,99.76
PERF_EMP0158_202607,EMP0158,2026-07-01,100,93,133,10,8,15,98.74
PERF_EMP0158_202608,EMP0158,2026-08-01,100,89,107,18,8,6,92.21
PERF_EMP0158_202609,EMP0158,2026-09-01,112,135,116,12,19,18,100.0
PERF_EMP0159_202510,EMP0159,2025-10-01,102,68,108,17,6,9,89.03
PERF_EMP0159_202511,EMP0159,2025-11-01,112,106,94,15,10,14,91.21
PERF_EMP0159_202512,EMP0159,2025-12-01,127,102,57,22,3,12,85.02
PERF_EMP0159_202601,EMP0159,2026-01-01,120,100,114,16,12,21,93.58
PERF_EMP0159_202602,EMP0159,2026-02-01,152,149,109,24,12,14,100.0
PERF_EMP0159_202603,EMP0159,2026-03-01,100,81,88,20,10,11,92.19
PERF_EMP0159_202604,EMP0159,2026-04-01,100,65,95,16,6,11,76.02
PERF_EMP0159_202605,EMP0159,2026-05-01,131,99,64,19,5,14,82.7
PERF_EMP0159_202606,EMP0159,2026-06-01,115,92,70,23,16,17,87.67
PERF_EMP0159_202607,EMP0159,2026-07-01,123,91,95,8,7,15,88.22
PERF_EMP0159_202608,EMP0159,2026-08-01,120,101,131,16,11,7,96.81
PERF_EMP0159_202609,EMP0159,2026-09-01,143,94,92,9,12,10,86.58
PERF_EMP0160_202510,EMP0160,2025-10-01,100,74,81,17,8,5,73.78
PERF_EMP0160_202511,EMP0160,2025-11-01,106,94,59,1,5,9,86.28
PERF_EMP0160_202512,EMP0160,2025-12-01,104,95,86,21,9,4,82.57
PERF_EMP0160_202601,EMP0160,2026-01-01,109,104,89,5,6,18,90.14
PERF_EMP0160_202602,EMP0160,2026-02-01,133,87,48,8,9,13,79.01
PERF_EMP0160_202603,EMP0160,2026-03-01,100,84,94,17,6,24,85.97
PERF_EMP0160_202604,EMP0160,2026-04-01,130,102,78,15,9,22,82.06
PERF_EMP0160_202605,EMP0160,2026-05-01,119,109,39,5,10,0,82.82
PERF_EMP0160_202606,EMP0160,2026-06-01,138,93,77,18,9,12,74.93
PERF_EMP0160_202607,EMP0160,2026-07-01,120,118,73,22,17,12,90.85
PERF_EMP0160_202608,EMP0160,2026-08-01,126,108,68,3,11,13,88.1
PERF_EMP0160_202609,EMP0160,2026-09-01,124,87,108,9,11,10,82.13
PERF_EMP0161_202510,EMP0161,2025-10-01,172,117,93,14,15,14,86.18
PERF_EMP0161_202511,EMP0161,2025-11-01,124,99,82,17,12,10,85.08
PERF_EMP0161_202512,EMP0161,2025-12-01,118,80,103,17,7,6,88.03
PERF_EMP0161_202601,EMP0161,2026-01-01,129,102,111,4,5,9,90.14
PERF_EMP0161_202602,EMP0161,2026-02-01,115,74,85,11,9,21,82.99
PERF_EMP0161_202603,EMP0161,2026-03-01,125,85,111,18,8,14,88.02
PERF_EMP0161_202604,EMP0161,2026-04-01,132,78,110,16,3,18,73.35
PERF_EMP0161_202605,EMP0161,2026-05-01,122,92,20,18,12,15,81.19
PERF_EMP0161_202606,EMP0161,2026-06-01,149,121,70,8,10,6,86.02
PERF_EMP0161_202607,EMP0161,2026-07-01,131,106,127,25,3,22,98.56
PERF_EMP0161_202608,EMP0161,2026-08-01,100,95,43,16,8,20,92.68
PERF_EMP0161_202609,EMP0161,2026-09-01,140,105,77,18,8,4,94.0
PERF_EMP0162_202510,EMP0162,2025-10-01,104,108,92,22,11,13,98.34
PERF_EMP0162_202511,EMP0162,2025-11-01,100,77,99,12,7,4,83.46
PERF_EMP0162_202512,EMP0162,2025-12-01,143,94,88,12,11,12,81.78
PERF_EMP0162_202601,EMP0162,2026-01-01,140,118,64,3,14,2,90.61
PERF_EMP0162_202602,EMP0162,2026-02-01,116,92,66,15,18,18,82.34
PERF_EMP0162_202603,EMP0162,2026-03-01,100,69,101,12,3,15,84.84
PERF_EMP0162_202604,EMP0162,2026-04-01,100,57,125,15,7,11,77.25
PERF_EMP0162_202605,EMP0162,2026-05-01,100,71,100,9,15,6,83.15
PERF_EMP0162_202606,EMP0162,2026-06-01,132,96,112,9,11,12,81.21
PERF_EMP0162_202607,EMP0162,2026-07-01,133,64,97,20,12,7,81.8
PERF_EMP0162_202608,EMP0162,2026-08-01,124,90,121,13,0,13,93.35
PERF_EMP0162_202609,EMP0162,2026-09-01,101,103,117,15,15,2,96.89
PERF_EMP0163_202510,EMP0163,2025-10-01,109,100,141,19,12,18,94.76
PERF_EMP0163_202511,EMP0163,2025-11-01,112,119,127,21,8,18,100.0
PERF_EMP0163_202512,EMP0163,2025-12-01,100,79,144,9,4,11,92.96
PERF_EMP0163_202601,EMP0163,2026-01-01,117,133,139,17,21,18,100.0
PERF_EMP0163_202602,EMP0163,2026-02-01,132,150,160,24,15,13,100.0
PERF_EMP0163_202603,EMP0163,2026-03-01,119,104,133,22,9,24,100.0
PERF_EMP0163_202604,EMP0163,2026-04-01,143,146,172,18,7,12,95.96
PERF_EMP0163_202605,EMP0163,2026-05-01,152,147,82,7,21,12,90.9
PERF_EMP0163_202606,EMP0163,2026-06-01,140,115,156,14,9,13,77.67
PERF_EMP0163_202607,EMP0163,2026-07-01,136,152,85,15,12,17,100.0
PERF_EMP0163_202608,EMP0163,2026-08-01,139,135,134,13,4,14,100.0
PERF_EMP0163_202609,EMP0163,2026-09-01,108,112,142,30,14,13,96.64
PERF_EMP0164_202510,EMP0164,2025-10-01,104,85,118,8,5,16,94.16
PERF_EMP0164_202511,EMP0164,2025-11-01,121,86,80,19,8,26,82.51
PERF_EMP0164_202512,EMP0164,2025-12-01,111,130,132,23,8,18,100.0
PERF_EMP0164_202601,EMP0164,2026-01-01,149,154,155,21,11,17,100.0
PERF_EMP0164_202602,EMP0164,2026-02-01,144,140,59,25,4,20,95.86
PERF_EMP0164_202603,EMP0164,2026-03-01,140,161,91,22,6,9,100.0
PERF_EMP0164_202604,EMP0164,2026-04-01,118,102,99,13,7,8,94.85
PERF_EMP0164_202605,EMP0164,2026-05-01,129,126,115,12,17,14,94.23
PERF_EMP0164_202606,EMP0164,2026-06-01,138,111,135,16,0,13,100.0
PERF_EMP0164_202607,EMP0164,2026-07-01,123,138,99,19,14,10,100.0
PERF_EMP0164_202608,EMP0164,2026-08-01,100,104,123,16,9,15,100.0
PERF_EMP0164_202609,EMP0164,2026-09-01,122,138,99,7,17,9,100.0
PERF_EMP0165_202510,EMP0165,2025-10-01,113,90,134,20,15,12,91.83
PERF_EMP0165_202511,EMP0165,2025-11-01,124,101,115,14,11,11,89.65
PERF_EMP0165_202512,EMP0165,2025-12-01,102,81,128,15,15,9,91.2
PERF_EMP0165_202601,EMP0165,2026-01-01,104,99,127,17,10,0,95.84
PERF_EMP0165_202602,EMP0165,2026-02-01,143,117,140,25,6,14,87.22
PERF_EMP0165_202603,EMP0165,2026-03-01,117,125,112,11,11,15,100.0
PERF_EMP0165_202604,EMP0165,2026-04-01,146,113,126,20,8,17,95.62
PERF_EMP0165_202605,EMP0165,2026-05-01,116,97,99,35,4,19,81.83
PERF_EMP0165_202606,EMP0165,2026-06-01,113,98,113,28,15,26,95.02
PERF_EMP0165_202607,EMP0165,2026-07-01,103,48,83,15,10,6,72.81
PERF_EMP0165_202608,EMP0165,2026-08-01,140,157,137,25,12,18,98.7
PERF_EMP0165_202609,EMP0165,2026-09-01,142,149,104,17,4,14,100.0
PERF_EMP0166_202510,EMP0166,2025-10-01,134,136,113,16,16,12,100.0
PERF_EMP0166_202511,EMP0166,2025-11-01,122,100,82,10,8,26,85.3
PERF_EMP0166_202512,EMP0166,2025-12-01,132,118,108,15,13,5,90.45
PERF_EMP0166_202601,EMP0166,2026-01-01,122,151,98,19,5,26,100.0
PERF_EMP0166_202602,EMP0166,2026-02-01,113,96,136,31,14,20,92.38
PERF_EMP0166_202603,EMP0166,2026-03-01,100,89,112,24,14,8,100.0
PERF_EMP0166_202604,EMP0166,2026-04-01,123,123,127,24,13,7,100.0
PERF_EMP0166_202605,EMP0166,2026-05-01,123,116,143,28,12,18,98.44
PERF_EMP0166_202606,EMP0166,2026-06-01,144,148,124,35,15,6,100.0
PERF_EMP0166_202607,EMP0166,2026-07-01,113,87,70,17,7,13,81.85
PERF_EMP0166_202608,EMP0166,2026-08-01,110,98,169,26,11,16,92.14
PERF_EMP0166_202609,EMP0166,2026-09-01,119,91,132,15,20,22,82.49
PERF_EMP0167_202510,EMP0167,2025-10-01,123,73,122,12,11,14,82.62
PERF_EMP0167_202511,EMP0167,2025-11-01,137,105,77,7,7,19,86.18
PERF_EMP0167_202512,EMP0167,2025-12-01,120,116,99,30,11,16,90.78
PERF_EMP0167_202601,EMP0167,2026-01-01,111,80,123,23,11,8,90.7
PERF_EMP0167_202602,EMP0167,2026-02-01,100,85,79,25,1,4,88.55
PERF_EMP0167_202603,EMP0167,2026-03-01,100,111,108,10,9,10,99.36
PERF_EMP0167_202604,EMP0167,2026-04-01,145,135,130,6,8,12,91.53
PERF_EMP0167_202605,EMP0167,2026-05-01,100,90,137,17,15,28,96.49
PERF_EMP0167_202606,EMP0167,2026-06-01,129,125,124,24,14,13,96.27
PERF_EMP0167_202607,EMP0167,2026-07-01,126,123,125,23,13,14,99.26
PERF_EMP0167_202608,EMP0167,2026-08-01,122,86,86,36,11,14,83.69
PERF_EMP0167_202609,EMP0167,2026-09-01,139,113,125,26,17,18,100.0
PERF_EMP0168_202510,EMP0168,2025-10-01,124,83,59,12,2,14,69.46
PERF_EMP0168_202511,EMP0168,2025-11-01,118,92,50,21,8,5,82.01
PERF_EMP0168_202512,EMP0168,2025-12-01,107,61,112,12,13,2,78.43
PERF_EMP0168_202601,EMP0168,2026-01-01,137,123,95,15,2,17,86.85
PERF_EMP0168_202602,EMP0168,2026-02-01,139,121,89,22,2,17,87.14
PERF_EMP0168_202603,EMP0168,2026-03-01,119,58,103,19,5,8,76.85
PERF_EMP0168_202604,EMP0168,2026-04-01,144,137,68,2,2,8,79.95
PERF_EMP0168_202605,EMP0168,2026-05-01,144,126,141,17,13,8,94.21
PERF_EMP0168_202606,EMP0168,2026-06-01,111,71,93,14,14,25,75.9
PERF_EMP0168_202607,EMP0168,2026-07-01,124,78,88,12,8,5,82.04
PERF_EMP0168_202608,EMP0168,2026-08-01,100,68,81,18,13,15,86.12
PERF_EMP0168_202609,EMP0168,2026-09-01,123,91,71,1,5,9,84.79
PERF_EMP0169_202510,EMP0169,2025-10-01,135,96,101,35,2,12,93.37
PERF_EMP0169_202511,EMP0169,2025-11-01,142,93,97,7,2,10,77.35
PERF_EMP0169_202512,EMP0169,2025-12-01,120,73,76,8,13,6,85.81
PERF_EMP0169_202601,EMP0169,2026-01-01,122,104,84,14,2,17,94.99
PERF_EMP0169_202602,EMP0169,2026-02-01,132,122,54,17,4,21,89.12
PERF_EMP0169_202603,EMP0169,2026-03-01,148,114,69,18,6,0,87.45
PERF_EMP0169_202604,EMP0169,2026-04-01,101,67,75,9,0,11,82.64
PERF_EMP0169_202605,EMP0169,2026-05-01,112,57,106,22,2,4,81.42
PERF_EMP0169_202606,EMP0169,2026-06-01,105,93,79,9,6,17,94.2
PERF_EMP0169_202607,EMP0169,2026-07-01,123,94,82,18,9,5,88.74
PERF_EMP0169_202608,EMP0169,2026-08-01,116,79,72,17,5,23,84.16
PERF_EMP0169_202609,EMP0169,2026-09-01,120,103,113,10,1,6,92.07
PERF_EMP0170_202510,EMP0170,2025-10-01,120,89,125,4,19,17,94.79
PERF_EMP0170_202511,EMP0170,2025-11-01,134,118,93,18,12,5,91.23
PERF_EMP0170_202512,EMP0170,2025-12-01,104,115,78,21,18,20,100.0
PERF_EMP0170_202601,EMP0170,2026-01-01,123,117,122,30,11,8,100.0
PERF_EMP0170_202602,EMP0170,2026-02-01,137,112,101,15,11,20,93.81
PERF_EMP0170_202603,EMP0170,2026-03-01,144,144,136,25,7,8,98.44
PERF_EMP0170_202604,EMP0170,2026-04-01,139,87,120,24,8,10,86.44
PERF_EMP0170_202605,EMP0170,2026-05-01,120,118,118,17,8,28,100.0
PERF_EMP0170_202606,EMP0170,2026-06-01,152,120,87,18,11,22,85.15
PERF_EMP0170_202607,EMP0170,2026-07-01,114,106,107,17,8,10,100.0
PERF_EMP0170_202608,EMP0170,2026-08-01,108,90,153,6,14,11,90.88
PERF_EMP0170_202609,EMP0170,2026-09-01,116,73,99,24,2,7,80.45
PERF_EMP0171_202510,EMP0171,2025-10-01,119,111,135,15,18,12,100.0
PERF_EMP0171_202511,EMP0171,2025-11-01,154,119,97,30,3,15,83.67
PERF_EMP0171_202512,EMP0171,2025-12-01,107,115,82,30,15,21,99.79
PERF_EMP0171_202601,EMP0171,2026-01-01,111,93,66,28,3,15,75.58
PERF_EMP0171_202602,EMP0171,2026-02-01,159,117,128,2,9,0,89.99
PERF_EMP0171_202603,EMP0171,2026-03-01,100,103,104,24,10,15,96.26
PERF_EMP0171_202604,EMP0171,2026-04-01,146,90,107,28,11,13,78.97
PERF_EMP0171_202605,EMP0171,2026-05-01,118,102,80,8,7,13,87.36
PERF_EMP0171_202606,EMP0171,2026-06-01,101,83,74,24,11,12,79.52
PERF_EMP0171_202607,EMP0171,2026-07-01,100,118,56,17,1,8,95.98
PERF_EMP0171_202608,EMP0171,2026-08-01,115,104,93,13,14,13,100.0
PERF_EMP0171_202609,EMP0171,2026-09-01,100,98,134,29,11,20,100.0
PERF_EMP0172_202510,EMP0172,2025-10-01,101,101,77,27,8,16,100.0
PERF_EMP0172_202511,EMP0172,2025-11-01,100,76,120,18,10,7,96.37
PERF_EMP0172_202512,EMP0172,2025-12-01,123,91,125,23,12,10,94.15
PERF_EMP0172_202601,EMP0172,2026-01-01,154,152,135,12,10,12,99.59
PERF_EMP0172_202602,EMP0172,2026-02-01,100,87,87,21,9,2,97.66
PERF_EMP0172_202603,EMP0172,2026-03-01,100,85,123,29,9,13,100.0
PERF_EMP0172_202604,EMP0172,2026-04-01,122,93,110,24,1,20,91.16
PERF_EMP0172_202605,EMP0172,2026-05-01,129,103,84,10,10,13,80.38
PERF_EMP0172_202606,EMP0172,2026-06-01,150,116,103,14,3,9,82.5
PERF_EMP0172_202607,EMP0172,2026-07-01,106,84,110,13,4,16,91.42
PERF_EMP0172_202608,EMP0172,2026-08-01,101,82,87,17,7,13,88.16
PERF_EMP0172_202609,EMP0172,2026-09-01,100,80,86,21,2,18,90.43
PERF_EMP0173_202510,EMP0173,2025-10-01,122,118,156,21,7,19,88.2
PERF_EMP0173_202511,EMP0173,2025-11-01,140,142,95,30,8,14,96.25
PERF_EMP0173_202512,EMP0173,2025-12-01,120,131,130,25,13,13,98.66
PERF_EMP0173_202601,EMP0173,2026-01-01,105,104,107,10,6,8,100.0
PERF_EMP0173_202602,EMP0173,2026-02-01,107,85,136,15,7,24,100.0
PERF_EMP0173_202603,EMP0173,2026-03-01,126,148,85,18,11,27,100.0
PERF_EMP0173_202604,EMP0173,2026-04-01,100,114,130,23,16,21,100.0
PERF_EMP0173_202605,EMP0173,2026-05-01,123,122,128,24,13,4,100.0
PERF_EMP0173_202606,EMP0173,2026-06-01,141,147,134,26,8,22,98.82
PERF_EMP0173_202607,EMP0173,2026-07-01,140,159,60,19,8,10,90.33
PERF_EMP0173_202608,EMP0173,2026-08-01,116,102,77,9,8,10,87.19
PERF_EMP0173_202609,EMP0173,2026-09-01,147,133,96,14,15,13,87.49
PERF_EMP0174_202510,EMP0174,2025-10-01,118,97,160,37,5,7,93.15
PERF_EMP0174_202511,EMP0174,2025-11-01,109,112,148,12,11,16,100.0
PERF_EMP0174_202512,EMP0174,2025-12-01,132,126,138,14,7,18,94.19
PERF_EMP0174_202601,EMP0174,2026-01-01,120,126,113,18,11,16,99.79
PERF_EMP0174_202602,EMP0174,2026-02-01,113,95,120,23,2,9,89.77
PERF_EMP0174_202603,EMP0174,2026-03-01,138,139,110,27,0,25,100.0
PERF_EMP0174_202604,EMP0174,2026-04-01,130,126,128,13,5,15,100.0
PERF_EMP0174_202605,EMP0174,2026-05-01,100,88,128,19,8,6,95.45
PERF_EMP0174_202606,EMP0174,2026-06-01,113,111,140,23,5,11,88.17
PERF_EMP0174_202607,EMP0174,2026-07-01,112,117,175,15,12,16,100.0
PERF_EMP0174_202608,EMP0174,2026-08-01,113,136,108,20,11,13,100.0
PERF_EMP0174_202609,EMP0174,2026-09-01,100,63,80,30,1,8,73.05
PERF_EMP0175_202510,EMP0175,2025-10-01,111,121,73,16,11,7,100.0
PERF_EMP0175_202511,EMP0175,2025-11-01,103,85,81,27,18,12,87.09
PERF_EMP0175_202512,EMP0175,2025-12-01,118,81,98,12,11,24,84.07
PERF_EMP0175_202601,EMP0175,2026-01-01,106,110,116,15,0,12,100.0
PERF_EMP0175_202602,EMP0175,2026-02-01,105,79,93,16,12,11,89.72
PERF_EMP0175_202603,EMP0175,2026-03-01,100,99,126,13,8,18,100.0
PERF_EMP0175_202604,EMP0175,2026-04-01,130,106,139,15,15,9,90.37
PERF_EMP0175_202605,EMP0175,2026-05-01,146,96,82,17,0,10,75.74
PERF_EMP0175_202606,EMP0175,2026-06-01,108,108,94,12,7,6,90.51
PERF_EMP0175_202607,EMP0175,2026-07-01,100,84,94,12,8,13,85.11
PERF_EMP0175_202608,EMP0175,2026-08-01,121,107,103,7,15,13,91.56
PERF_EMP0175_202609,EMP0175,2026-09-01,152,139,141,13,12,8,98.23
PERF_EMP0176_202510,EMP0176,2025-10-01,135,117,171,20,0,13,92.46
PERF_EMP0176_202511,EMP0176,2025-11-01,109,102,96,18,8,15,100.0
PERF_EMP0176_202512,EMP0176,2025-12-01,114,94,170,15,8,25,98.07
PERF_EMP0176_202601,EMP0176,2026-01-01,103,62,168,12,11,13,88.59
PERF_EMP0176_202602,EMP0176,2026-02-01,104,105,133,12,2,15,85.92
PERF_EMP0176_202603,EMP0176,2026-03-01,151,166,129,21,0,10,100.0
PERF_EMP0176_202604,EMP0176,2026-04-01,113,111,81,24,5,16,100.0
PERF_EMP0176_202605,EMP0176,2026-05-01,107,86,111,16,12,19,83.6
PERF_EMP0176_202606,EMP0176,2026-06-01,102,78,77,7,8,17,87.51
PERF_EMP0176_202607,EMP0176,2026-07-01,112,115,89,6,13,3,90.11
PERF_EMP0176_202608,EMP0176,2026-08-01,105,69,136,13,10,20,93.38
PERF_EMP0176_202609,EMP0176,2026-09-01,143,169,128,25,5,13,100.0
PERF_EMP0177_202510,EMP0177,2025-10-01,149,106,123,23,12,21,91.78
PERF_EMP0177_202511,EMP0177,2025-11-01,112,134,129,24,5,15,100.0
PERF_EMP0177_202512,EMP0177,2025-12-01,110,116,76,19,5,11,84.24
PERF_EMP0177_202601,EMP0177,2026-01-01,126,101,94,30,20,12,94.41
PERF_EMP0177_202602,EMP0177,2026-02-01,132,145,118,23,14,21,100.0
PERF_EMP0177_202603,EMP0177,2026-03-01,145,145,116,17,9,10,99.38
PERF_EMP0177_202604,EMP0177,2026-04-01,105,101,121,20,7,8,93.66
PERF_EMP0177_202605,EMP0177,2026-05-01,100,67,115,26,5,16,88.91
PERF_EMP0177_202606,EMP0177,2026-06-01,137,134,86,29,13,7,90.89
PERF_EMP0177_202607,EMP0177,2026-07-01,115,106,134,22,13,11,95.62
PERF_EMP0177_202608,EMP0177,2026-08-01,106,83,150,15,20,13,96.61
PERF_EMP0177_202609,EMP0177,2026-09-01,114,116,130,13,11,20,90.35
PERF_EMP0178_202510,EMP0178,2025-10-01,109,102,120,27,13,11,100.0
PERF_EMP0178_202511,EMP0178,2025-11-01,105,103,122,10,8,19,100.0
PERF_EMP0178_202512,EMP0178,2025-12-01,100,81,109,11,17,9,95.31
PERF_EMP0178_202601,EMP0178,2026-01-01,120,133,61,17,5,3,91.11
PERF_EMP0178_202602,EMP0178,2026-02-01,107,80,87,11,13,17,84.74
PERF_EMP0178_202603,EMP0178,2026-03-01,148,124,88,26,10,10,92.17
PERF_EMP0178_202604,EMP0178,2026-04-01,115,80,94,29,19,30,86.71
PERF_EMP0178_202605,EMP0178,2026-05-01,154,139,118,8,11,18,95.49
PERF_EMP0178_202606,EMP0178,2026-06-01,115,114,177,28,0,30,100.0
PERF_EMP0178_202607,EMP0178,2026-07-01,121,134,147,24,9,20,100.0
PERF_EMP0178_202608,EMP0178,2026-08-01,100,105,106,9,5,13,95.8
PERF_EMP0178_202609,EMP0178,2026-09-01,120,106,91,19,14,10,91.69
PERF_EMP0179_202510,EMP0179,2025-10-01,100,94,85,28,2,14,82.32
PERF_EMP0179_202511,EMP0179,2025-11-01,104,106,100,25,9,8,94.97
PERF_EMP0179_202512,EMP0179,2025-12-01,126,124,117,19,12,20,99.34
PERF_EMP0179_202601,EMP0179,2026-01-01,103,105,85,15,3,16,100.0
PERF_EMP0179_202602,EMP0179,2026-02-01,104,61,148,10,10,22,77.74
PERF_EMP0179_202603,EMP0179,2026-03-01,173,132,112,10,6,17,83.35
PERF_EMP0179_202604,EMP0179,2026-04-01,117,89,91,22,14,22,89.23
PERF_EMP0179_202605,EMP0179,2026-05-01,125,81,132,19,13,0,85.73
PERF_EMP0179_202606,EMP0179,2026-06-01,118,97,119,11,9,10,100.0
PERF_EMP0179_202607,EMP0179,2026-07-01,147,135,109,19,0,9,97.36
PERF_EMP0179_202608,EMP0179,2026-08-01,132,127,120,28,5,8,100.0
PERF_EMP0179_202609,EMP0179,2026-09-01,132,123,129,9,13,5,87.44
PERF_EMP0180_202510,EMP0180,2025-10-01,136,137,87,18,5,9,93.17
PERF_EMP0180_202511,EMP0180,2025-11-01,118,114,85,2,16,18,93.95
PERF_EMP0180_202512,EMP0180,2025-12-01,104,100,73,13,11,7,89.57
PERF_EMP0180_202601,EMP0180,2026-01-01,112,77,161,1,8,15,83.7
PERF_EMP0180_202602,EMP0180,2026-02-01,162,123,82,16,6,18,86.72
PERF_EMP0180_202603,EMP0180,2026-03-01,100,84,120,17,10,9,100.0
PERF_EMP0180_202604,EMP0180,2026-04-01,100,88,136,22,7,25,95.22
PERF_EMP0180_202605,EMP0180,2026-05-01,130,114,111,24,8,12,87.69
PERF_EMP0180_202606,EMP0180,2026-06-01,132,130,89,18,11,17,98.64
PERF_EMP0180_202607,EMP0180,2026-07-01,132,142,97,6,14,6,100.0
PERF_EMP0180_202608,EMP0180,2026-08-01,125,113,149,30,19,13,96.88
PERF_EMP0180_202609,EMP0180,2026-09-01,120,107,105,11,14,12,94.6
PERF_EMP0181_202510,EMP0181,2025-10-01,112,119,94,15,8,4,100.0
PERF_EMP0181_202511,EMP0181,2025-11-01,113,107,85,20,17,8,94.9
PERF_EMP0181_202512,EMP0181,2025-12-01,145,123,102,8,16,13,91.19
PERF_EMP0181_202601,EMP0181,2026-01-01,103,92,117,30,23,20,96.77
PERF_EMP0181_202602,EMP0181,2026-02-01,140,155,77,11,5,5,94.27
PERF_EMP0181_202603,EMP0181,2026-03-01,135,91,116,25,6,16,94.46
PERF_EMP0181_202604,EMP0181,2026-04-01,137,107,93,12,6,21,96.37
PERF_EMP0181_202605,EMP0181,2026-05-01,129,95,105,18,5,22,87.32
PERF_EMP0181_202606,EMP0181,2026-06-01,100,62,67,18,11,21,81.44
PERF_EMP0181_202607,EMP0181,2026-07-01,103,107,92,19,14,15,95.67
PERF_EMP0181_202608,EMP0181,2026-08-01,100,84,133,23,9,20,100.0
PERF_EMP0181_202609,EMP0181,2026-09-01,118,85,98,25,18,2,86.55
PERF_EMP0182_202510,EMP0182,2025-10-01,134,120,116,11,12,19,96.18
PERF_EMP0182_202511,EMP0182,2025-11-01,120,120,99,9,11,11,100.0
PERF_EMP0182_202512,EMP0182,2025-12-01,100,93,110,17,14,10,100.0
PERF_EMP0182_202601,EMP0182,2026-01-01,144,97,118,22,8,15,85.08
PERF_EMP0182_202602,EMP0182,2026-02-01,112,101,107,15,7,18,92.6
PERF_EMP0182_202603,EMP0182,2026-03-01,138,134,127,17,8,15,100.0
PERF_EMP0182_202604,EMP0182,2026-04-01,121,105,143,23,2,23,81.31
PERF_EMP0182_202605,EMP0182,2026-05-01,163,144,95,14,8,22,90.39
PERF_EMP0182_202606,EMP0182,2026-06-01,132,116,79,24,8,6,100.0
PERF_EMP0182_202607,EMP0182,2026-07-01,156,158,124,14,17,21,100.0
PERF_EMP0182_202608,EMP0182,2026-08-01,129,112,115,12,10,14,88.48
PERF_EMP0182_202609,EMP0182,2026-09-01,151,147,128,11,18,22,94.76
PERF_EMP0183_202510,EMP0183,2025-10-01,100,87,95,19,10,32,95.3
PERF_EMP0183_202511,EMP0183,2025-11-01,149,129,84,9,4,13,93.04
PERF_EMP0183_202512,EMP0183,2025-12-01,107,80,101,34,0,11,91.4
PERF_EMP0183_202601,EMP0183,2026-01-01,105,76,85,21,11,18,93.37
PERF_EMP0183_202602,EMP0183,2026-02-01,120,75,46,27,11,15,83.38
PERF_EMP0183_202603,EMP0183,2026-03-01,115,82,66,7,14,7,79.33
PERF_EMP0183_202604,EMP0183,2026-04-01,145,113,106,4,0,25,95.81
PERF_EMP0183_202605,EMP0183,2026-05-01,146,143,106,19,7,17,99.04
PERF_EMP0183_202606,EMP0183,2026-06-01,121,60,90,7,11,16,74.06
PERF_EMP0183_202607,EMP0183,2026-07-01,132,103,75,13,3,16,77.64
PERF_EMP0183_202608,EMP0183,2026-08-01,153,146,126,14,11,6,95.56
PERF_EMP0183_202609,EMP0183,2026-09-01,120,89,89,8,4,16,86.87
PERF_EMP0184_202510,EMP0184,2025-10-01,100,92,122,12,8,0,100.0
PERF_EMP0184_202511,EMP0184,2025-11-01,146,95,99,14,13,0,92.55
PERF_EMP0184_202512,EMP0184,2025-12-01,113,108,110,5,9,8,92.5
PERF_EMP0184_202601,EMP0184,2026-01-01,133,127,88,10,3,10,95.22
PERF_EMP0184_202602,EMP0184,2026-02-01,106,88,60,24,0,3,91.33
PERF_EMP0184_202603,EMP0184,2026-03-01,136,120,94,13,1,14,91.67
PERF_EMP0184_202604,EMP0184,2026-04-01,131,125,95,13,5,18,95.49
PERF_EMP0184_202605,EMP0184,2026-05-01,140,105,93,8,3,8,95.16
PERF_EMP0184_202606,EMP0184,2026-06-01,159,155,105,21,9,2,94.07
PERF_EMP0184_202607,EMP0184,2026-07-01,134,80,121,23,0,17,76.91
PERF_EMP0184_202608,EMP0184,2026-08-01,138,133,125,10,11,8,100.0
PERF_EMP0184_202609,EMP0184,2026-09-01,124,120,76,17,0,11,98.75
PERF_EMP0185_202510,EMP0185,2025-10-01,125,105,74,16,3,15,81.55
PERF_EMP0185_202511,EMP0185,2025-11-01,101,77,117,14,14,6,86.03
PERF_EMP0185_202512,EMP0185,2025-12-01,100,90,137,14,11,15,100.0
PERF_EMP0185_202601,EMP0185,2026-01-01,106,120,96,9,2,19,98.0
PERF_EMP0185_202602,EMP0185,2026-02-01,117,103,126,20,4,13,93.93
PERF_EMP0185_202603,EMP0185,2026-03-01,132,118,99,11,1,0,93.58
PERF_EMP0185_202604,EMP0185,2026-04-01,151,164,114,9,8,14,97.57
PERF_EMP0185_202605,EMP0185,2026-05-01,149,118,95,10,5,18,90.93
PERF_EMP0185_202606,EMP0185,2026-06-01,116,79,99,11,4,8,84.53
PERF_EMP0185_202607,EMP0185,2026-07-01,127,104,85,4,9,15,92.25
PERF_EMP0185_202608,EMP0185,2026-08-01,134,89,114,6,9,10,86.52
PERF_EMP0185_202609,EMP0185,2026-09-01,126,104,70,8,6,9,81.8
PERF_EMP0186_202510,EMP0186,2025-10-01,109,96,115,27,18,15,100.0
PERF_EMP0186_202511,EMP0186,2025-11-01,120,110,82,13,13,5,92.63
PERF_EMP0186_202512,EMP0186,2025-12-01,156,126,143,14,8,17,93.06
PERF_EMP0186_202601,EMP0186,2026-01-01,105,78,90,14,9,20,86.45
PERF_EMP0186_202602,EMP0186,2026-02-01,122,139,82,11,1,14,91.47
PERF_EMP0186_202603,EMP0186,2026-03-01,104,111,156,18,7,24,100.0
PERF_EMP0186_202604,EMP0186,2026-04-01,130,116,77,11,3,17,84.53
PERF_EMP0186_202605,EMP0186,2026-05-01,106,78,71,18,13,20,81.1
PERF_EMP0186_202606,EMP0186,2026-06-01,120,107,110,19,0,9,90.16
PERF_EMP0186_202607,EMP0186,2026-07-01,108,107,125,13,14,13,100.0
PERF_EMP0186_202608,EMP0186,2026-08-01,117,109,99,29,11,10,92.51
PERF_EMP0186_202609,EMP0186,2026-09-01,132,119,102,25,7,10,100.0
PERF_EMP0187_202510,EMP0187,2025-10-01,108,96,88,21,0,6,92.27
PERF_EMP0187_202511,EMP0187,2025-11-01,118,130,128,19,8,7,100.0
PERF_EMP0187_202512,EMP0187,2025-12-01,100,95,144,17,19,26,99.4
PERF_EMP0187_202601,EMP0187,2026-01-01,131,99,181,22,9,23,86.54
PERF_EMP0187_202602,EMP0187,2026-02-01,132,120,104,12,9,13,99.62
PERF_EMP0187_202603,EMP0187,2026-03-01,122,130,120,24,13,13,100.0
PERF_EMP0187_202604,EMP0187,2026-04-01,102,67,125,29,4,16,91.45
PERF_EMP0187_202605,EMP0187,2026-05-01,155,156,115,22,17,20,100.0
PERF_EMP0187_202606,EMP0187,2026-06-01,100,101,100,34,20,19,100.0
PERF_EMP0187_202607,EMP0187,2026-07-01,123,77,94,26,19,9,82.8
PERF_EMP0187_202608,EMP0187,2026-08-01,128,118,89,18,13,21,100.0
PERF_EMP0187_202609,EMP0187,2026-09-01,118,106,97,15,7,17,89.18
PERF_EMP0188_202510,EMP0188,2025-10-01,100,72,99,15,16,14,88.51
PERF_EMP0188_202511,EMP0188,2025-11-01,119,112,77,14,10,11,85.4
PERF_EMP0188_202512,EMP0188,2025-12-01,121,102,106,15,5,21,93.66
PERF_EMP0188_202601,EMP0188,2026-01-01,135,136,42,10,7,17,92.85
PERF_EMP0188_202602,EMP0188,2026-02-01,132,112,158,7,9,11,99.04
PERF_EMP0188_202603,EMP0188,2026-03-01,100,96,143,16,11,5,98.78
PERF_EMP0188_202604,EMP0188,2026-04-01,119,112,134,25,2,14,100.0
PERF_EMP0188_202605,EMP0188,2026-05-01,113,83,134,22,3,13,86.87
PERF_EMP0188_202606,EMP0188,2026-06-01,126,112,82,28,4,25,91.6
PERF_EMP0188_202607,EMP0188,2026-07-01,100,85,123,22,8,30,93.37
PERF_EMP0188_202608,EMP0188,2026-08-01,138,139,77,20,11,33,81.84
PERF_EMP0188_202609,EMP0188,2026-09-01,115,97,91,12,13,9,87.63
PERF_EMP0189_202510,EMP0189,2025-10-01,143,124,92,18,0,21,90.2
PERF_EMP0189_202511,EMP0189,2025-11-01,131,120,68,14,13,3,91.84
PERF_EMP0189_202512,EMP0189,2025-12-01,100,72,99,10,6,19,80.55
PERF_EMP0189_202601,EMP0189,2026-01-01,100,79,111,13,7,11,93.05
PERF_EMP0189_202602,EMP0189,2026-02-01,125,97,127,6,9,11,88.27
PERF_EMP0189_202603,EMP0189,2026-03-01,148,134,116,21,10,7,99.12
PERF_EMP0189_202604,EMP0189,2026-04-01,135,107,118,18,5,8,89.12
PERF_EMP0189_202605,EMP0189,2026-05-01,121,94,139,21,4,0,89.49
PERF_EMP0189_202606,EMP0189,2026-06-01,117,94,112,2,6,2,89.29
PERF_EMP0189_202607,EMP0189,2026-07-01,100,83,129,15,10,9,87.93
PERF_EMP0189_202608,EMP0189,2026-08-01,131,118,100,8,14,15,100.0
PERF_EMP0189_202609,EMP0189,2026-09-01,132,111,120,14,15,10,90.13
PERF_EMP0190_202510,EMP0190,2025-10-01,136,134,126,33,14,13,100.0
PERF_EMP0190_202511,EMP0190,2025-11-01,111,105,147,19,12,6,97.64
PERF_EMP0190_202512,EMP0190,2025-12-01,133,108,133,30,8,6,94.22
PERF_EMP0190_202601,EMP0190,2026-01-01,153,125,105,17,8,27,88.24
PERF_EMP0190_202602,EMP0190,2026-02-01,105,107,154,14,5,20,99.49
PERF_EMP0190_202603,EMP0190,2026-03-01,104,99,91,19,8,8,98.78
PERF_EMP0190_202604,EMP0190,2026-04-01,120,85,88,29,6,23,77.81
PERF_EMP0190_202605,EMP0190,2026-05-01,153,120,138,24,28,9,88.32
PERF_EMP0190_202606,EMP0190,2026-06-01,140,116,107,16,12,21,84.66
PERF_EMP0190_202607,EMP0190,2026-07-01,127,112,73,11,10,14,88.23
PERF_EMP0190_202608,EMP0190,2026-08-01,100,83,153,27,14,18,97.95
PERF_EMP0190_202609,EMP0190,2026-09-01,137,126,165,21,7,9,100.0
PERF_EMP0191_202510,EMP0191,2025-10-01,154,141,76,11,10,21,94.64
PERF_EMP0191_202511,EMP0191,2025-11-01,131,89,93,24,15,15,81.02
PERF_EMP0191_202512,EMP0191,2025-12-01,106,98,94,18,12,14,96.25
PERF_EMP0191_202601,EMP0191,2026-01-01,112,97,96,15,9,5,88.74
PERF_EMP0191_202602,EMP0191,2026-02-01,126,106,77,16,7,14,86.9
PERF_EMP0191_202603,EMP0191,2026-03-01,101,87,80,22,6,11,82.25
PERF_EMP0191_202604,EMP0191,2026-04-01,133,101,111,29,3,19,92.75
PERF_EMP0191_202605,EMP0191,2026-05-01,114,78,129,6,15,16,97.42
PERF_EMP0191_202606,EMP0191,2026-06-01,129,100,70,28,10,18,80.62
PERF_EMP0191_202607,EMP0191,2026-07-01,118,112,99,19,17,13,100.0
PERF_EMP0191_202608,EMP0191,2026-08-01,100,75,67,18,5,22,85.91
PERF_EMP0191_202609,EMP0191,2026-09-01,124,118,137,14,6,16,100.0
PERF_EMP0192_202510,EMP0192,2025-10-01,100,78,94,22,8,11,88.27
PERF_EMP0192_202511,EMP0192,2025-11-01,131,150,59,19,15,7,100.0
PERF_EMP0192_202512,EMP0192,2025-12-01,114,81,75,9,15,15,89.15
PERF_EMP0192_202601,EMP0192,2026-01-01,106,69,56,13,12,13,72.26
PERF_EMP0192_202602,EMP0192,2026-02-01,103,92,72,13,7,4,88.23
PERF_EMP0192_202603,EMP0192,2026-03-01,115,95,63,7,9,8,87.43
PERF_EMP0192_202604,EMP0192,2026-04-01,129,121,133,19,8,12,95.27
PERF_EMP0192_202605,EMP0192,2026-05-01,136,90,133,14,22,7,87.99
PERF_EMP0192_202606,EMP0192,2026-06-01,131,94,108,25,4,8,77.24
PERF_EMP0192_202607,EMP0192,2026-07-01,109,99,80,12,6,7,98.5
PERF_EMP0192_202608,EMP0192,2026-08-01,137,101,104,16,19,14,88.17
PERF_EMP0192_202609,EMP0192,2026-09-01,108,118,93,21,7,14,91.42
PERF_EMP0193_202510,EMP0193,2025-10-01,134,127,121,30,10,17,98.01
PERF_EMP0193_202511,EMP0193,2025-11-01,105,115,168,19,17,16,100.0
PERF_EMP0193_202512,EMP0193,2025-12-01,106,97,132,18,5,8,90.47
PERF_EMP0193_202601,EMP0193,2026-01-01,110,90,95,23,15,21,95.27
PERF_EMP0193_202602,EMP0193,2026-02-01,109,91,131,9,13,28,90.66
PERF_EMP0193_202603,EMP0193,2026-03-01,113,103,159,24,9,8,91.31
PERF_EMP0193_202604,EMP0193,2026-04-01,123,122,111,14,0,23,97.84
PERF_EMP0193_202605,EMP0193,2026-05-01,116,111,124,16,12,13,100.0
PERF_EMP0193_202606,EMP0193,2026-06-01,146,144,130,23,15,19,94.08
PERF_EMP0193_202607,EMP0193,2026-07-01,141,127,178,11,17,6,100.0
PERF_EMP0193_202608,EMP0193,2026-08-01,100,100,147,28,8,7,100.0
PERF_EMP0193_202609,EMP0193,2026-09-01,115,118,145,24,16,10,100.0
PERF_EMP0194_202510,EMP0194,2025-10-01,115,104,106,26,14,9,95.59
PERF_EMP0194_202511,EMP0194,2025-11-01,142,135,129,21,8,30,94.12
PERF_EMP0194_202512,EMP0194,2025-12-01,118,123,133,15,10,21,100.0
PERF_EMP0194_202601,EMP0194,2026-01-01,117,111,113,7,18,24,89.09
PERF_EMP0194_202602,EMP0194,2026-02-01,148,148,126,29,15,15,100.0
PERF_EMP0194_202603,EMP0194,2026-03-01,130,103,127,17,7,13,80.26
PERF_EMP0194_202604,EMP0194,2026-04-01,100,98,148,19,14,12,91.58
PERF_EMP0194_202605,EMP0194,2026-05-01,100,106,126,14,3,29,100.0
PERF_EMP0194_202606,EMP0194,2026-06-01,113,103,132,34,18,14,100.0
PERF_EMP0194_202607,EMP0194,2026-07-01,128,120,128,26,16,13,93.05
PERF_EMP0194_202608,EMP0194,2026-08-01,141,126,135,19,11,17,100.0
PERF_EMP0194_202609,EMP0194,2026-09-01,134,149,146,28,5,15,100.0
PERF_EMP0195_202510,EMP0195,2025-10-01,128,86,31,14,15,0,74.6
PERF_EMP0195_202511,EMP0195,2025-11-01,104,95,51,10,15,6,86.29
PERF_EMP0195_202512,EMP0195,2025-12-01,122,107,70,16,1,11,85.83
PERF_EMP0195_202601,EMP0195,2026-01-01,100,78,66,6,12,19,87.24
PERF_EMP0195_202602,EMP0195,2026-02-01,121,101,125,21,12,1,90.0
PERF_EMP0195_202603,EMP0195,2026-03-01,100,89,51,21,8,20,90.97
PERF_EMP0195_202604,EMP0195,2026-04-01,133,106,96,12,8,6,80.15
PERF_EMP0195_202605,EMP0195,2026-05-01,130,92,21,16,8,13,65.71
PERF_EMP0195_202606,EMP0195,2026-06-01,132,134,90,14,7,8,98.63
PERF_EMP0195_202607,EMP0195,2026-07-01,138,143,76,3,11,21,98.68
PERF_EMP0195_202608,EMP0195,2026-08-01,135,82,75,3,9,14,80.51
PERF_EMP0195_202609,EMP0195,2026-09-01,100,56,75,13,18,7,82.29
PERF_EMP0196_202510,EMP0196,2025-10-01,112,94,109,14,11,13,94.84
PERF_EMP0196_202511,EMP0196,2025-11-01,129,132,87,19,10,10,100.0
PERF_EMP0196_202512,EMP0196,2025-12-01,121,114,125,18,10,15,100.0
PERF_EMP0196_202601,EMP0196,2026-01-01,124,112,125,19,7,17,96.45
PERF_EMP0196_202602,EMP0196,2026-02-01,119,133,136,19,11,2,100.0
PERF_EMP0196_202603,EMP0196,2026-03-01,100,79,74,15,11,16,85.58
PERF_EMP0196_202604,EMP0196,2026-04-01,100,56,102,13,14,14,88.52
PERF_EMP0196_202605,EMP0196,2026-05-01,105,114,106,14,4,14,100.0
PERF_EMP0196_202606,EMP0196,2026-06-01,115,96,102,19,5,24,91.02
PERF_EMP0196_202607,EMP0196,2026-07-01,101,69,103,22,17,11,84.71
PERF_EMP0196_202608,EMP0196,2026-08-01,100,77,140,4,13,22,95.15
PERF_EMP0196_202609,EMP0196,2026-09-01,120,78,86,15,5,2,77.59
PERF_EMP0197_202510,EMP0197,2025-10-01,131,103,71,15,7,26,87.68
PERF_EMP0197_202511,EMP0197,2025-11-01,100,100,102,14,5,16,96.82
PERF_EMP0197_202512,EMP0197,2025-12-01,114,99,124,3,10,20,100.0
PERF_EMP0197_202601,EMP0197,2026-01-01,100,66,61,17,5,9,79.68
PERF_EMP0197_202602,EMP0197,2026-02-01,155,112,91,15,6,20,84.9
PERF_EMP0197_202603,EMP0197,2026-03-01,100,77,79,11,12,8,86.63
PERF_EMP0197_202604,EMP0197,2026-04-01,160,96,147,11,6,16,83.25
PERF_EMP0197_202605,EMP0197,2026-05-01,118,61,121,8,9,20,79.36
PERF_EMP0197_202606,EMP0197,2026-06-01,124,124,94,30,0,7,94.47
PERF_EMP0197_202607,EMP0197,2026-07-01,128,115,86,23,0,27,87.28
PERF_EMP0197_202608,EMP0197,2026-08-01,103,97,58,20,8,15,90.35
PERF_EMP0197_202609,EMP0197,2026-09-01,108,61,38,27,2,5,71.25
PERF_EMP0198_202510,EMP0198,2025-10-01,131,119,104,10,16,17,85.62
PERF_EMP0198_202511,EMP0198,2025-11-01,146,109,49,14,0,6,78.14
PERF_EMP0198_202512,EMP0198,2025-12-01,121,94,90,3,2,9,71.98
PERF_EMP0198_202601,EMP0198,2026-01-01,130,121,85,18,10,3,92.3
PERF_EMP0198_202602,EMP0198,2026-02-01,119,107,140,9,6,11,91.39
PERF_EMP0198_202603,EMP0198,2026-03-01,118,97,112,15,4,11,87.91
PERF_EMP0198_202604,EMP0198,2026-04-01,100,82,77,16,10,0,90.89
PERF_EMP0198_202605,EMP0198,2026-05-01,125,116,100,20,10,13,100.0
PERF_EMP0198_202606,EMP0198,2026-06-01,127,104,113,21,1,20,89.43
PERF_EMP0198_202607,EMP0198,2026-07-01,115,83,86,3,4,4,83.51
PERF_EMP0198_202608,EMP0198,2026-08-01,126,122,88,26,3,10,96.98
PERF_EMP0198_202609,EMP0198,2026-09-01,123,110,123,14,14,7,91.07
PERF_EMP0199_202510,EMP0199,2025-10-01,127,132,116,10,12,23,99.77
PERF_EMP0199_202511,EMP0199,2025-11-01,113,86,146,24,7,18,85.87
PERF_EMP0199_202512,EMP0199,2025-12-01,134,123,174,11,17,20,93.21
PERF_EMP0199_202601,EMP0199,2026-01-01,108,83,118,32,9,18,90.94
PERF_EMP0199_202602,EMP0199,2026-02-01,153,155,145,12,19,18,100.0
PERF_EMP0199_202603,EMP0199,2026-03-01,145,136,160,24,18,24,88.96
PERF_EMP0199_202604,EMP0199,2026-04-01,130,130,153,20,15,17,97.98
PERF_EMP0199_202605,EMP0199,2026-05-01,100,99,131,26,9,21,100.0
PERF_EMP0199_202606,EMP0199,2026-06-01,138,143,138,19,16,19,100.0
PERF_EMP0199_202607,EMP0199,2026-07-01,115,117,159,27,12,24,97.11
PERF_EMP0199_202608,EMP0199,2026-08-01,138,142,122,27,10,25,96.51
PERF_EMP0199_202609,EMP0199,2026-09-01,122,121,105,0,11,19,100.0
PERF_EMP0200_202510,EMP0200,2025-10-01,138,77,111,15,16,10,84.06
PERF_EMP0200_202511,EMP0200,2025-11-01,112,112,127,16,4,20,100.0
PERF_EMP0200_202512,EMP0200,2025-12-01,100,112,87,18,10,9,89.77
PERF_EMP0200_202601,EMP0200,2026-01-01,117,107,150,14,7,4,95.82
PERF_EMP0200_202602,EMP0200,2026-02-01,116,83,118,16,10,10,85.12
PERF_EMP0200_202603,EMP0200,2026-03-01,100,87,109,21,7,13,93.94
PERF_EMP0200_202604,EMP0200,2026-04-01,130,123,70,21,5,26,91.82
PERF_EMP0200_202605,EMP0200,2026-05-01,147,153,105,9,1,7,100.0
PERF_EMP0200_202606,EMP0200,2026-06-01,150,154,154,13,14,18,100.0
PERF_EMP0200_202607,EMP0200,2026-07-01,112,95,129,17,7,11,84.2
PERF_EMP0200_202608,EMP0200,2026-08-01,100,98,135,27,2,9,100.0
PERF_EMP0200_202609,EMP0200,2026-09-01,140,130,69,18,12,15,88.94
PERF_EMP0201_202510,EMP0201,2025-10-01,105,107,132,18,13,17,100.0
PERF_EMP0201_202511,EMP0201,2025-11-01,103,107,136,25,16,16,99.98
PERF_EMP0201_202512,EMP0201,2025-12-01,128,134,88,12,4,16,100.0
PERF_EMP0201_202601,EMP0201,2026-01-01,116,111,147,18,9,5,100.0
PERF_EMP0201_202602,EMP0201,2026-02-01,132,128,83,22,6,12,99.03
PERF_EMP0201_202603,EMP0201,2026-03-01,131,119,109,20,6,15,93.51
PERF_EMP0201_202604,EMP0201,2026-04-01,100,127,132,17,11,16,100.0
PERF_EMP0201_202605,EMP0201,2026-05-01,115,112,95,38,14,7,83.61
PERF_EMP0201_202606,EMP0201,2026-06-01,100,81,105,19,10,19,93.95
PERF_EMP0201_202607,EMP0201,2026-07-01,130,139,141,18,1,15,99.58
PERF_EMP0201_202608,EMP0201,2026-08-01,135,124,145,5,10,2,97.8
PERF_EMP0201_202609,EMP0201,2026-09-01,119,104,129,15,10,23,91.03
PERF_EMP0202_202510,EMP0202,2025-10-01,112,98,47,22,8,15,85.66
PERF_EMP0202_202511,EMP0202,2025-11-01,114,112,100,12,13,10,94.37
PERF_EMP0202_202512,EMP0202,2025-12-01,106,75,99,26,3,22,78.56
PERF_EMP0202_202601,EMP0202,2026-01-01,145,77,100,14,9,10,72.36
PERF_EMP0202_202602,EMP0202,2026-02-01,121,72,133,2,4,6,78.75
PERF_EMP0202_202603,EMP0202,2026-03-01,156,106,117,24,6,7,89.83
PERF_EMP0202_202604,EMP0202,2026-04-01,132,142,99,7,8,13,100.0
PERF_EMP0202_202605,EMP0202,2026-05-01,134,108,88,14,11,0,88.51
PERF_EMP0202_202606,EMP0202,2026-06-01,128,110,122,24,18,7,91.53
PERF_EMP0202_202607,EMP0202,2026-07-01,128,118,127,14,10,13,97.08
PERF_EMP0202_202608,EMP0202,2026-08-01,105,60,94,25,0,10,83.19
PERF_EMP0202_202609,EMP0202,2026-09-01,111,77,124,6,16,12,82.61
PERF_EMP0203_202510,EMP0203,2025-10-01,134,81,120,36,1,26,87.93
PERF_EMP0203_202511,EMP0203,2025-11-01,112,120,134,26,8,18,100.0
PERF_EMP0203_202512,EMP0203,2025-12-01,103,87,61,26,12,2,85.77
PERF_EMP0203_202601,EMP0203,2026-01-01,143,119,104,15,9,6,93.09
PERF_EMP0203_202602,EMP0203,2026-02-01,100,92,70,28,10,16,92.67
PERF_EMP0203_202603,EMP0203,2026-03-01,112,121,95,11,8,12,100.0
PERF_EMP0203_202604,EMP0203,2026-04-01,144,145,121,29,15,18,100.0
PERF_EMP0203_202605,EMP0203,2026-05-01,100,87,163,7,4,11,90.17
PERF_EMP0203_202606,EMP0203,2026-06-01,107,90,107,19,6,4,91.85
PERF_EMP0203_202607,EMP0203,2026-07-01,132,87,120,15,9,7,92.41
PERF_EMP0203_202608,EMP0203,2026-08-01,125,131,63,19,13,12,99.83
PERF_EMP0203_202609,EMP0203,2026-09-01,129,100,77,21,9,8,82.31
PERF_EMP0204_202510,EMP0204,2025-10-01,123,127,162,18,12,21,100.0
PERF_EMP0204_202511,EMP0204,2025-11-01,158,136,136,23,7,23,100.0
PERF_EMP0204_202512,EMP0204,2025-12-01,100,97,130,27,21,9,99.62
PERF_EMP0204_202601,EMP0204,2026-01-01,123,131,123,21,1,14,100.0
PERF_EMP0204_202602,EMP0204,2026-02-01,104,109,110,22,3,21,100.0
PERF_EMP0204_202603,EMP0204,2026-03-01,105,103,142,13,9,17,100.0
PERF_EMP0204_202604,EMP0204,2026-04-01,107,99,157,15,21,10,87.15
PERF_EMP0204_202605,EMP0204,2026-05-01,107,115,156,19,8,17,100.0
PERF_EMP0204_202606,EMP0204,2026-06-01,134,131,164,27,12,17,90.14
PERF_EMP0204_202607,EMP0204,2026-07-01,110,116,105,15,12,13,100.0
PERF_EMP0204_202608,EMP0204,2026-08-01,118,139,113,23,15,12,100.0
PERF_EMP0204_202609,EMP0204,2026-09-01,100,101,134,27,5,21,90.14
PERF_EMP0205_202510,EMP0205,2025-10-01,113,115,126,10,14,23,99.16
PERF_EMP0205_202511,EMP0205,2025-11-01,152,124,108,20,14,9,93.11
PERF_EMP0205_202512,EMP0205,2025-12-01,116,91,156,7,12,14,84.14
PERF_EMP0205_202601,EMP0205,2026-01-01,117,122,150,30,5,11,97.33
PERF_EMP0205_202602,EMP0205,2026-02-01,131,109,106,23,22,10,95.34
PERF_EMP0205_202603,EMP0205,2026-03-01,126,132,160,23,5,11,100.0
PERF_EMP0205_202604,EMP0205,2026-04-01,148,139,178,15,14,17,89.44
PERF_EMP0205_202605,EMP0205,2026-05-01,108,99,169,20,9,17,97.94
PERF_EMP0205_202606,EMP0205,2026-06-01,134,113,129,23,12,15,87.6
PERF_EMP0205_202607,EMP0205,2026-07-01,116,110,140,21,9,18,97.21
PERF_EMP0205_202608,EMP0205,2026-08-01,136,131,112,31,11,13,100.0
PERF_EMP0205_202609,EMP0205,2026-09-01,113,102,99,13,2,18,89.05
PERF_EMP0206_202510,EMP0206,2025-10-01,146,154,124,18,10,15,100.0
PERF_EMP0206_202511,EMP0206,2025-11-01,126,116,69,19,15,7,87.14
PERF_EMP0206_202512,EMP0206,2025-12-01,145,102,105,17,0,27,87.44
PERF_EMP0206_202601,EMP0206,2026-01-01,100,78,68,10,14,2,85.39
PERF_EMP0206_202602,EMP0206,2026-02-01,100,63,71,27,1,21,73.89
PERF_EMP0206_202603,EMP0206,2026-03-01,141,132,60,14,0,14,90.99
PERF_EMP0206_202604,EMP0206,2026-04-01,137,131,140,26,0,19,98.12
PERF_EMP0206_202605,EMP0206,2026-05-01,142,87,60,21,7,1,76.75
PERF_EMP0206_202606,EMP0206,2026-06-01,112,102,65,16,7,12,80.96
PERF_EMP0206_202607,EMP0206,2026-07-01,120,107,144,21,11,20,94.22
PERF_EMP0206_202608,EMP0206,2026-08-01,154,135,153,18,6,7,93.47
PERF_EMP0206_202609,EMP0206,2026-09-01,122,92,105,15,12,16,90.44
PERF_EMP0207_202510,EMP0207,2025-10-01,119,101,94,11,9,12,92.65
PERF_EMP0207_202511,EMP0207,2025-11-01,148,145,99,5,10,17,92.95
PERF_EMP0207_202512,EMP0207,2025-12-01,149,118,108,19,4,22,90.17
PERF_EMP0207_202601,EMP0207,2026-01-01,114,97,122,15,7,13,100.0
PERF_EMP0207_202602,EMP0207,2026-02-01,102,105,132,9,2,20,100.0
PERF_EMP0207_202603,EMP0207,2026-03-01,106,95,102,0,11,15,93.31
PERF_EMP0207_202604,EMP0207,2026-04-01,133,118,96,6,5,17,99.02
PERF_EMP0207_202605,EMP0207,2026-05-01,135,102,122,12,5,13,95.74
PERF_EMP0207_202606,EMP0207,2026-06-01,124,139,86,23,10,4,93.31
PERF_EMP0207_202607,EMP0207,2026-07-01,106,113,110,7,8,18,100.0
PERF_EMP0207_202608,EMP0207,2026-08-01,140,103,80,18,8,10,83.12
PERF_EMP0207_202609,EMP0207,2026-09-01,100,72,129,12,18,16,84.92
PERF_EMP0208_202510,EMP0208,2025-10-01,149,148,106,13,8,14,97.93
PERF_EMP0208_202511,EMP0208,2025-11-01,111,90,106,16,10,10,88.67
PERF_EMP0208_202512,EMP0208,2025-12-01,127,82,126,13,8,11,89.29
PERF_EMP0208_202601,EMP0208,2026-01-01,120,89,37,12,16,14,74.05
PERF_EMP0208_202602,EMP0208,2026-02-01,124,91,117,20,4,9,84.83
PERF_EMP0208_202603,EMP0208,2026-03-01,124,110,93,5,2,17,89.68
PERF_EMP0208_202604,EMP0208,2026-04-01,114,76,116,16,2,13,87.24
PERF_EMP0208_202605,EMP0208,2026-05-01,127,98,88,22,1,4,90.91
PERF_EMP0208_202606,EMP0208,2026-06-01,132,95,75,28,6,10,89.85
PERF_EMP0208_202607,EMP0208,2026-07-01,102,85,68,17,14,0,84.96
PERF_EMP0208_202608,EMP0208,2026-08-01,113,57,113,4,12,7,75.04
PERF_EMP0208_202609,EMP0208,2026-09-01,100,73,132,19,10,17,93.81
PERF_EMP0209_202510,EMP0209,2025-10-01,100,84,97,22,9,19,89.31
PERF_EMP0209_202511,EMP0209,2025-11-01,132,113,102,14,9,12,94.77
PERF_EMP0209_202512,EMP0209,2025-12-01,138,90,109,21,8,28,82.39
PERF_EMP0209_202601,EMP0209,2026-01-01,123,103,151,14,13,16,91.22
PERF_EMP0209_202602,EMP0209,2026-02-01,112,88,123,15,16,11,85.43
PERF_EMP0209_202603,EMP0209,2026-03-01,110,109,119,13,11,21,95.55
PERF_EMP0209_202604,EMP0209,2026-04-01,113,104,146,23,16,0,92.88
PERF_EMP0209_202605,EMP0209,2026-05-01,123,104,34,23,15,25,84.12
PERF_EMP0209_202606,EMP0209,2026-06-01,131,118,129,26,7,22,100.0
PERF_EMP0209_202607,EMP0209,2026-07-01,106,79,99,28,9,20,87.06
PERF_EMP0209_202608,EMP0209,2026-08-01,101,115,124,12,13,8,96.88
PERF_EMP0209_202609,EMP0209,2026-09-01,131,95,110,28,11,17,85.57
PERF_EMP0210_202510,EMP0210,2025-10-01,141,86,75,13,13,8,74.27
PERF_EMP0210_202511,EMP0210,2025-11-01,116,83,96,6,0,24,86.46
PERF_EMP0210_202512,EMP0210,2025-12-01,100,76,78,10,4,6,88.77
PERF_EMP0210_202601,EMP0210,2026-01-01,100,54,62,16,0,12,77.9
PERF_EMP0210_202602,EMP0210,2026-02-01,147,150,121,12,7,15,100.0
PERF_EMP0210_202603,EMP0210,2026-03-01,133,81,77,20,3,13,86.19
PERF_EMP0210_202604,EMP0210,2026-04-01,100,71,116,9,0,18,90.34
PERF_EMP0210_202605,EMP0210,2026-05-01,107,57,106,22,6,16,77.97
PERF_EMP0210_202606,EMP0210,2026-06-01,100,75,68,25,20,9,88.08
PERF_EMP0210_202607,EMP0210,2026-07-01,126,95,88,16,6,9,81.29
PERF_EMP0210_202608,EMP0210,2026-08-01,117,79,93,15,10,11,86.95
PERF_EMP0210_202609,EMP0210,2026-09-01,126,118,117,14,1,15,99.93
PERF_EMP0211_202510,EMP0211,2025-10-01,127,84,90,16,3,3,79.06
PERF_EMP0211_202511,EMP0211,2025-11-01,103,48,59,5,0,7,71.45
PERF_EMP0211_202512,EMP0211,2025-12-01,124,78,101,15,2,5,84.84
PERF_EMP0211_202601,EMP0211,2026-01-01,117,98,60,14,6,10,78.42
PERF_EMP0211_202602,EMP0211,2026-02-01,125,98,94,9,10,8,84.79
PERF_EMP0211_202603,EMP0211,2026-03-01,122,82,71,13,5,4,81.42
PERF_EMP0211_202604,EMP0211,2026-04-01,107,84,45,9,6,12,77.43
PERF_EMP0211_202605,EMP0211,2026-05-01,140,75,72,12,7,3,73.16
PERF_EMP0211_202606,EMP0211,2026-06-01,122,79,46,8,6,0,79.86
PERF_EMP0211_202607,EMP0211,2026-07-01,136,71,83,9,3,4,80.7
PERF_EMP0211_202608,EMP0211,2026-08-01,100,66,92,15,6,9,86.36
PERF_EMP0211_202609,EMP0211,2026-09-01,100,82,79,18,0,7,72.42
PERF_EMP0212_202510,EMP0212,2025-10-01,119,91,88,16,2,6,86.52
PERF_EMP0212_202511,EMP0212,2025-11-01,135,121,101,13,10,12,90.62
PERF_EMP0212_202512,EMP0212,2025-12-01,147,112,82,13,20,10,81.7
PERF_EMP0212_202601,EMP0212,2026-01-01,109,105,112,9,0,11,96.02
PERF_EMP0212_202602,EMP0212,2026-02-01,100,85,104,7,8,11,96.49
PERF_EMP0212_202603,EMP0212,2026-03-01,133,118,67,22,0,17,96.1
PERF_EMP0212_202604,EMP0212,2026-04-01,148,109,120,7,2,9,89.64
PERF_EMP0212_202605,EMP0212,2026-05-01,146,141,76,6,6,21,98.28
PERF_EMP0212_202606,EMP0212,2026-06-01,108,83,81,18,11,9,81.36
PERF_EMP0212_202607,EMP0212,2026-07-01,100,67,62,18,13,9,80.81
PERF_EMP0212_202608,EMP0212,2026-08-01,133,109,138,14,7,9,95.81
PERF_EMP0212_202609,EMP0212,2026-09-01,149,96,86,9,10,10,72.13
PERF_EMP0213_202510,EMP0213,2025-10-01,146,108,54,27,7,13,85.52
PERF_EMP0213_202511,EMP0213,2025-11-01,141,95,135,11,6,6,85.16
PERF_EMP0213_202512,EMP0213,2025-12-01,100,75,91,2,19,19,84.24
PERF_EMP0213_202601,EMP0213,2026-01-01,110,49,86,23,0,11,72.31
PERF_EMP0213_202602,EMP0213,2026-02-01,151,102,158,18,5,8,86.31
PERF_EMP0213_202603,EMP0213,2026-03-01,122,131,61,32,5,7,94.24
PERF_EMP0213_202604,EMP0213,2026-04-01,134,104,83,26,11,6,84.3
PERF_EMP0213_202605,EMP0213,2026-05-01,115,80,85,1,17,4,81.8
PERF_EMP0213_202606,EMP0213,2026-06-01,100,79,104,22,8,14,90.8
PERF_EMP0213_202607,EMP0213,2026-07-01,110,85,113,7,4,13,96.27
PERF_EMP0213_202608,EMP0213,2026-08-01,101,101,98,11,18,6,98.04
PERF_EMP0213_202609,EMP0213,2026-09-01,100,92,88,4,19,17,94.29
PERF_EMP0214_202510,EMP0214,2025-10-01,107,96,95,14,16,18,90.32
PERF_EMP0214_202511,EMP0214,2025-11-01,122,132,185,13,16,11,97.84
PERF_EMP0214_202512,EMP0214,2025-12-01,112,100,127,9,8,14,100.0
PERF_EMP0214_202601,EMP0214,2026-01-01,120,136,182,38,5,9,100.0
PERF_EMP0214_202602,EMP0214,2026-02-01,119,91,127,12,3,10,92.87
PERF_EMP0214_202603,EMP0214,2026-03-01,121,132,148,22,12,16,100.0
PERF_EMP0214_202604,EMP0214,2026-04-01,109,103,152,22,18,13,100.0
PERF_EMP0214_202605,EMP0214,2026-05-01,112,106,127,12,6,17,94.84
PERF_EMP0214_202606,EMP0214,2026-06-01,127,147,87,12,9,10,100.0
PERF_EMP0214_202607,EMP0214,2026-07-01,117,128,141,15,5,11,100.0
PERF_EMP0214_202608,EMP0214,2026-08-01,100,91,153,7,5,15,91.45
PERF_EMP0214_202609,EMP0214,2026-09-01,114,128,172,6,19,26,100.0
PERF_EMP0215_202510,EMP0215,2025-10-01,108,65,107,19,8,8,88.84
PERF_EMP0215_202511,EMP0215,2025-11-01,104,105,104,13,7,13,100.0
PERF_EMP0215_202512,EMP0215,2025-12-01,114,84,94,7,6,22,86.35
PERF_EMP0215_202601,EMP0215,2026-01-01,116,118,122,16,13,15,94.79
PERF_EMP0215_202602,EMP0215,2026-02-01,100,92,129,16,13,9,95.1
PERF_EMP0215_202603,EMP0215,2026-03-01,127,114,160,16,7,15,100.0
PERF_EMP0215_202604,EMP0215,2026-04-01,100,94,125,12,3,7,100.0
PERF_EMP0215_202605,EMP0215,2026-05-01,126,143,78,24,17,14,96.32
PERF_EMP0215_202606,EMP0215,2026-06-01,109,67,114,21,19,5,83.34
PERF_EMP0215_202607,EMP0215,2026-07-01,112,86,100,14,15,3,87.87
PERF_EMP0215_202608,EMP0215,2026-08-01,123,108,98,30,11,18,98.0
PERF_EMP0215_202609,EMP0215,2026-09-01,169,128,122,10,9,16,91.27
PERF_EMP0216_202510,EMP0216,2025-10-01,102,95,121,17,11,6,96.13
PERF_EMP0216_202511,EMP0216,2025-11-01,121,85,102,6,3,2,92.22
PERF_EMP0216_202512,EMP0216,2025-12-01,157,148,57,10,6,13,91.07
PERF_EMP0216_202601,EMP0216,2026-01-01,143,140,83,9,15,0,90.12
PERF_EMP0216_202602,EMP0216,2026-02-01,139,106,72,19,5,4,85.18
PERF_EMP0216_202603,EMP0216,2026-03-01,112,60,42,20,0,10,62.6
PERF_EMP0216_202604,EMP0216,2026-04-01,102,80,95,10,12,4,73.63
PERF_EMP0216_202605,EMP0216,2026-05-01,143,131,52,9,11,7,88.93
PERF_EMP0216_202606,EMP0216,2026-06-01,124,106,96,23,4,21,91.47
PERF_EMP0216_202607,EMP0216,2026-07-01,102,90,102,12,3,11,89.98
PERF_EMP0216_202608,EMP0216,2026-08-01,115,81,77,10,8,17,78.45
PERF_EMP0216_202609,EMP0216,2026-09-01,108,81,138,8,4,13,89.64
PERF_EMP0217_202510,EMP0217,2025-10-01,117,85,119,14,18,9,89.71
PERF_EMP0217_202511,EMP0217,2025-11-01,100,69,91,20,3,19,82.32
PERF_EMP0217_202512,EMP0217,2025-12-01,150,113,95,8,20,8,90.49
PERF_EMP0217_202601,EMP0217,2026-01-01,100,78,62,26,4,15,86.42
PERF_EMP0217_202602,EMP0217,2026-02-01,137,95,66,11,9,9,82.89
PERF_EMP0217_202603,EMP0217,2026-03-01,100,85,126,18,11,13,97.66
PERF_EMP0217_202604,EMP0217,2026-04-01,120,114,96,20,14,13,90.07
PERF_EMP0217_202605,EMP0217,2026-05-01,126,101,128,21,18,3,85.64
PERF_EMP0217_202606,EMP0217,2026-06-01,121,88,107,9,9,23,94.61
PERF_EMP0217_202607,EMP0217,2026-07-01,108,82,117,16,9,3,86.45
PERF_EMP0217_202608,EMP0217,2026-08-01,125,92,125,9,4,8,91.17
PERF_EMP0217_202609,EMP0217,2026-09-01,101,76,61,6,4,10,90.41
PERF_EMP0218_202510,EMP0218,2025-10-01,112,78,70,13,11,10,78.67
PERF_EMP0218_202511,EMP0218,2025-11-01,150,116,74,11,8,9,80.59
PERF_EMP0218_202512,EMP0218,2025-12-01,125,89,70,20,0,19,82.93
PERF_EMP0218_202601,EMP0218,2026-01-01,132,104,72,9,9,27,99.36
PERF_EMP0218_202602,EMP0218,2026-02-01,106,90,65,12,14,9,85.71
PERF_EMP0218_202603,EMP0218,2026-03-01,133,111,91,21,0,11,86.42
PERF_EMP0218_202604,EMP0218,2026-04-01,128,107,58,20,8,17,91.4
PERF_EMP0218_202605,EMP0218,2026-05-01,119,80,74,34,5,15,80.2
PERF_EMP0218_202606,EMP0218,2026-06-01,131,86,153,18,6,6,86.78
PERF_EMP0218_202607,EMP0218,2026-07-01,136,94,93,6,1,24,95.04
PERF_EMP0218_202608,EMP0218,2026-08-01,114,86,111,24,8,9,81.86
PERF_EMP0218_202609,EMP0218,2026-09-01,114,90,87,11,3,14,81.58
PERF_EMP0219_202510,EMP0219,2025-10-01,145,140,101,13,14,15,95.04
PERF_EMP0219_202511,EMP0219,2025-11-01,100,90,81,24,11,27,89.99
PERF_EMP0219_202512,EMP0219,2025-12-01,132,143,137,17,4,10,94.72
PERF_EMP0219_202601,EMP0219,2026-01-01,102,95,80,16,20,12,83.93
PERF_EMP0219_202602,EMP0219,2026-02-01,139,149,108,15,16,26,100.0
PERF_EMP0219_202603,EMP0219,2026-03-01,101,74,96,22,11,3,94.45
PERF_EMP0219_202604,EMP0219,2026-04-01,100,88,67,29,3,5,89.07
PERF_EMP0219_202605,EMP0219,2026-05-01,118,113,133,4,10,26,95.43
PERF_EMP0219_202606,EMP0219,2026-06-01,127,119,83,17,3,7,98.63
PERF_EMP0219_202607,EMP0219,2026-07-01,156,153,126,8,17,21,93.05
PERF_EMP0219_202608,EMP0219,2026-08-01,140,136,144,16,9,10,94.6
PERF_EMP0219_202609,EMP0219,2026-09-01,112,78,119,4,8,10,90.71
PERF_EMP0220_202510,EMP0220,2025-10-01,127,122,89,23,22,11,88.65
PERF_EMP0220_202511,EMP0220,2025-11-01,110,109,71,7,12,17,83.07
PERF_EMP0220_202512,EMP0220,2025-12-01,113,92,78,19,6,22,88.1
PERF_EMP0220_202601,EMP0220,2026-01-01,103,77,116,22,0,11,98.92
PERF_EMP0220_202602,EMP0220,2026-02-01,105,69,113,23,8,2,74.46
PERF_EMP0220_202603,EMP0220,2026-03-01,113,106,85,18,2,17,100.0
PERF_EMP0220_202604,EMP0220,2026-04-01,116,103,140,21,15,11,97.88
PERF_EMP0220_202605,EMP0220,2026-05-01,100,104,112,29,6,3,100.0
PERF_EMP0220_202606,EMP0220,2026-06-01,129,124,154,16,1,21,99.73
PERF_EMP0220_202607,EMP0220,2026-07-01,121,111,144,14,11,14,100.0
PERF_EMP0220_202608,EMP0220,2026-08-01,121,108,112,21,17,11,91.47
PERF_EMP0220_202609,EMP0220,2026-09-01,109,75,120,26,10,5,88.15
PERF_EMP0221_202510,EMP0221,2025-10-01,124,127,161,12,12,13,100.0
PERF_EMP0221_202511,EMP0221,2025-11-01,142,113,117,26,8,13,81.75
PERF_EMP0221_202512,EMP0221,2025-12-01,124,66,117,21,9,8,85.67
PERF_EMP0221_202601,EMP0221,2026-01-01,132,112,102,22,8,8,93.85
PERF_EMP0221_202602,EMP0221,2026-02-01,148,147,127,17,8,26,100.0
PERF_EMP0221_202603,EMP0221,2026-03-01,100,108,143,9,12,20,100.0
PERF_EMP0221_202604,EMP0221,2026-04-01,138,105,110,14,14,18,92.27
PERF_EMP0221_202605,EMP0221,2026-05-01,148,128,108,22,6,7,84.32
PERF_EMP0221_202606,EMP0221,2026-06-01,130,121,107,20,5,20,100.0
PERF_EMP0221_202607,EMP0221,2026-07-01,128,101,91,19,12,13,86.18
PERF_EMP0221_202608,EMP0221,2026-08-01,137,127,188,11,8,28,94.67
PERF_EMP0221_202609,EMP0221,2026-09-01,135,112,75,29,7,9,85.44
PERF_EMP0222_202510,EMP0222,2025-10-01,134,123,113,26,10,24,92.21
PERF_EMP0222_202511,EMP0222,2025-11-01,120,90,121,23,3,11,92.94
PERF_EMP0222_202512,EMP0222,2025-12-01,114,107,151,13,9,15,100.0
PERF_EMP0222_202601,EMP0222,2026-01-01,109,88,115,26,12,16,93.66
PERF_EMP0222_202602,EMP0222,2026-02-01,135,137,137,22,16,1,100.0
PERF_EMP0222_202603,EMP0222,2026-03-01,133,149,140,11,11,13,100.0
PERF_EMP0222_202604,EMP0222,2026-04-01,137,149,110,18,9,18,100.0
PERF_EMP0222_202605,EMP0222,2026-05-01,119,112,135,17,7,3,98.46
PERF_EMP0222_202606,EMP0222,2026-06-01,135,144,80,16,15,24,93.69
PERF_EMP0222_202607,EMP0222,2026-07-01,100,107,111,30,8,13,100.0
PERF_EMP0222_202608,EMP0222,2026-08-01,137,137,87,22,5,17,100.0
PERF_EMP0222_202609,EMP0222,2026-09-01,100,87,111,17,12,6,88.05
PERF_EMP0223_202510,EMP0223,2025-10-01,107,97,147,11,6,14,100.0
PERF_EMP0223_202511,EMP0223,2025-11-01,100,62,108,9,22,17,84.63
PERF_EMP0223_202512,EMP0223,2025-12-01,114,131,72,21,5,18,100.0
PERF_EMP0223_202601,EMP0223,2026-01-01,141,141,121,22,16,16,99.59
PERF_EMP0223_202602,EMP0223,2026-02-01,131,119,133,23,9,8,98.28
PERF_EMP0223_202603,EMP0223,2026-03-01,124,103,116,18,8,15,100.0
PERF_EMP0223_202604,EMP0223,2026-04-01,141,128,98,19,17,24,100.0
PERF_EMP0223_202605,EMP0223,2026-05-01,157,109,69,15,17,7,81.54
PERF_EMP0223_202606,EMP0223,2026-06-01,150,111,99,25,0,26,80.53
PERF_EMP0223_202607,EMP0223,2026-07-01,112,110,123,24,16,20,94.6
PERF_EMP0223_202608,EMP0223,2026-08-01,104,83,116,24,9,9,91.07
PERF_EMP0223_202609,EMP0223,2026-09-01,112,89,102,20,13,22,97.69
PERF_EMP0224_202510,EMP0224,2025-10-01,105,103,169,12,10,10,99.42
PERF_EMP0224_202511,EMP0224,2025-11-01,116,96,144,20,7,20,90.68
PERF_EMP0224_202512,EMP0224,2025-12-01,129,110,93,1,19,9,92.66
PERF_EMP0224_202601,EMP0224,2026-01-01,108,81,125,25,9,11,88.39
PERF_EMP0224_202602,EMP0224,2026-02-01,103,81,106,13,8,14,89.89
PERF_EMP0224_202603,EMP0224,2026-03-01,100,101,114,8,18,12,100.0
PERF_EMP0224_202604,EMP0224,2026-04-01,145,129,147,19,11,16,93.91
PERF_EMP0224_202605,EMP0224,2026-05-01,111,99,130,19,16,21,100.0
PERF_EMP0224_202606,EMP0224,2026-06-01,114,112,79,12,15,25,95.41
PERF_EMP0224_202607,EMP0224,2026-07-01,128,76,126,12,15,2,80.64
PERF_EMP0224_202608,EMP0224,2026-08-01,136,126,97,26,12,17,89.83
PERF_EMP0224_202609,EMP0224,2026-09-01,109,97,166,23,7,19,95.86
PERF_EMP0225_202510,EMP0225,2025-10-01,126,127,150,7,11,4,98.52
PERF_EMP0225_202511,EMP0225,2025-11-01,135,118,102,25,6,17,92.09
PERF_EMP0225_202512,EMP0225,2025-12-01,118,122,142,27,15,18,100.0
PERF_EMP0225_202601,EMP0225,2026-01-01,132,136,108,20,18,21,89.01
PERF_EMP0225_202602,EMP0225,2026-02-01,129,114,86,21,21,21,81.1
PERF_EMP0225_202603,EMP0225,2026-03-01,133,106,89,25,11,12,91.08
PERF_EMP0225_202604,EMP0225,2026-04-01,111,117,125,22,10,21,94.51
PERF_EMP0225_202605,EMP0225,2026-05-01,100,111,146,24,11,25,100.0
PERF_EMP0225_202606,EMP0225,2026-06-01,127,138,158,16,7,14,100.0
PERF_EMP0225_202607,EMP0225,2026-07-01,104,107,90,26,2,13,90.61
PERF_EMP0225_202608,EMP0225,2026-08-01,113,99,114,16,8,11,91.33
PERF_EMP0225_202609,EMP0225,2026-09-01,113,95,106,19,7,27,94.92
PERF_EMP0226_202510,EMP0226,2025-10-01,136,100,166,6,5,14,100.0
PERF_EMP0226_202511,EMP0226,2025-11-01,115,106,100,10,21,0,100.0
PERF_EMP0226_202512,EMP0226,2025-12-01,100,69,73,11,9,8,71.72
PERF_EMP0226_202601,EMP0226,2026-01-01,100,82,118,12,10,9,87.02
PERF_EMP0226_202602,EMP0226,2026-02-01,121,122,69,29,0,15,98.11
PERF_EMP0226_202603,EMP0226,2026-03-01,110,127,126,13,15,17,100.0
PERF_EMP0226_202604,EMP0226,2026-04-01,143,64,91,5,6,12,68.39
PERF_EMP0226_202605,EMP0226,2026-05-01,147,87,91,7,5,23,81.35
PERF_EMP0226_202606,EMP0226,2026-06-01,125,92,114,6,11,21,97.83
PERF_EMP0226_202607,EMP0226,2026-07-01,120,123,114,26,11,12,100.0
PERF_EMP0226_202608,EMP0226,2026-08-01,103,73,86,19,9,22,76.51
PERF_EMP0226_202609,EMP0226,2026-09-01,133,136,123,23,6,16,100.0
PERF_EMP0227_202510,EMP0227,2025-10-01,116,102,74,9,18,7,87.74
PERF_EMP0227_202511,EMP0227,2025-11-01,142,96,81,20,13,18,82.23
PERF_EMP0227_202512,EMP0227,2025-12-01,112,106,47,13,0,2,95.46
PERF_EMP0227_202601,EMP0227,2026-01-01,100,94,83,7,9,21,98.01
PERF_EMP0227_202602,EMP0227,2026-02-01,100,76,125,9,0,11,98.67
PERF_EMP0227_202603,EMP0227,2026-03-01,110,99,57,25,3,13,88.11
PERF_EMP0227_202604,EMP0227,2026-04-01,106,94,76,7,13,5,89.64
PERF_EMP0227_202605,EMP0227,2026-05-01,100,106,115,7,5,9,100.0
PERF_EMP0227_202606,EMP0227,2026-06-01,148,125,64,8,0,15,85.22
PERF_EMP0227_202607,EMP0227,2026-07-01,100,66,51,11,7,15,76.45
PERF_EMP0227_202608,EMP0227,2026-08-01,125,142,119,25,10,14,100.0
PERF_EMP0227_202609,EMP0227,2026-09-01,118,87,91,7,10,6,86.17
PERF_EMP0228_202510,EMP0228,2025-10-01,123,140,113,19,12,15,97.98
PERF_EMP0228_202511,EMP0228,2025-11-01,100,88,125,24,5,10,100.0
PERF_EMP0228_202512,EMP0228,2025-12-01,130,110,133,19,13,13,86.71
PERF_EMP0228_202601,EMP0228,2026-01-01,132,130,150,11,6,19,97.85
PERF_EMP0228_202602,EMP0228,2026-02-01,100,74,139,12,9,16,93.05
PERF_EMP0228_202603,EMP0228,2026-03-01,121,111,133,29,17,18,100.0
PERF_EMP0228_202604,EMP0228,2026-04-01,111,93,117,9,5,28,98.8
PERF_EMP0228_202605,EMP0228,2026-05-01,140,159,121,25,6,11,99.6
PERF_EMP0228_202606,EMP0228,2026-06-01,100,85,133,24,14,22,99.98
PERF_EMP0228_202607,EMP0228,2026-07-01,129,111,135,33,5,16,99.73
PERF_EMP0228_202608,EMP0228,2026-08-01,101,94,166,19,19,18,100.0
PERF_EMP0228_202609,EMP0228,2026-09-01,124,117,136,16,0,22,100.0
PERF_EMP0229_202510,EMP0229,2025-10-01,122,61,88,9,6,4,83.83
PERF_EMP0229_202511,EMP0229,2025-11-01,134,82,54,17,5,10,73.14
PERF_EMP0229_202512,EMP0229,2025-12-01,123,70,73,19,3,2,73.19
PERF_EMP0229_202601,EMP0229,2026-01-01,118,83,97,10,12,12,90.59
PERF_EMP0229_202602,EMP0229,2026-02-01,105,99,119,14,9,3,91.72
PERF_EMP0229_202603,EMP0229,2026-03-01,100,90,98,20,12,12,100.0
PERF_EMP0229_202604,EMP0229,2026-04-01,100,53,92,8,9,10,73.24
PERF_EMP0229_202605,EMP0229,2026-05-01,126,100,118,7,7,8,90.15
PERF_EMP0229_202606,EMP0229,2026-06-01,125,63,139,27,16,7,81.67
PERF_EMP0229_202607,EMP0229,2026-07-01,130,148,118,14,6,14,100.0
PERF_EMP0229_202608,EMP0229,2026-08-01,119,92,72,19,6,4,76.2
PERF_EMP0229_202609,EMP0229,2026-09-01,135,60,117,16,5,9,76.09
PERF_EMP0230_202510,EMP0230,2025-10-01,100,85,34,15,7,16,80.11
PERF_EMP0230_202511,EMP0230,2025-11-01,107,89,138,13,14,7,79.2
PERF_EMP0230_202512,EMP0230,2025-12-01,130,81,120,6,4,17,78.81
PERF_EMP0230_202601,EMP0230,2026-01-01,135,121,72,29,14,11,87.34
PERF_EMP0230_202602,EMP0230,2026-02-01,100,60,81,21,8,14,82.89
PERF_EMP0230_202603,EMP0230,2026-03-01,133,112,39,14,12,14,78.55
PERF_EMP0230_202604,EMP0230,2026-04-01,100,76,145,19,9,21,92.39
PERF_EMP0230_202605,EMP0230,2026-05-01,118,104,115,14,12,7,100.0
PERF_EMP0230_202606,EMP0230,2026-06-01,100,89,122,21,8,18,89.29
PERF_EMP0230_202607,EMP0230,2026-07-01,139,120,60,3,7,12,86.09
PERF_EMP0230_202608,EMP0230,2026-08-01,124,127,110,26,6,11,100.0
PERF_EMP0230_202609,EMP0230,2026-09-01,118,102,134,20,11,7,91.18
PERF_EMP0231_202510,EMP0231,2025-10-01,116,89,156,16,11,10,88.69
PERF_EMP0231_202511,EMP0231,2025-11-01,138,122,131,14,3,5,100.0
PERF_EMP0231_202512,EMP0231,2025-12-01,131,111,109,10,2,3,95.97
PERF_EMP0231_202601,EMP0231,2026-01-01,139,116,126,20,9,14,92.91
PERF_EMP0231_202602,EMP0231,2026-02-01,136,95,118,13,7,9,87.3
PERF_EMP0231_202603,EMP0231,2026-03-01,119,95,144,21,17,15,97.62
PERF_EMP0231_202604,EMP0231,2026-04-01,130,111,176,31,11,6,89.29
PERF_EMP0231_202605,EMP0231,2026-05-01,100,68,106,18,12,11,80.21
PERF_EMP0231_202606,EMP0231,2026-06-01,102,102,123,6,13,18,100.0
PERF_EMP0231_202607,EMP0231,2026-07-01,116,91,90,20,16,11,85.88
PERF_EMP0231_202608,EMP0231,2026-08-01,105,99,108,18,13,6,99.41
PERF_EMP0231_202609,EMP0231,2026-09-01,134,118,154,19,8,12,94.63
PERF_EMP0232_202510,EMP0232,2025-10-01,125,96,132,11,6,15,95.31
PERF_EMP0232_202511,EMP0232,2025-11-01,108,85,94,19,5,18,88.26
PERF_EMP0232_202512,EMP0232,2025-12-01,114,88,124,19,12,9,92.1
PERF_EMP0232_202601,EMP0232,2026-01-01,100,83,72,23,11,13,84.67
PERF_EMP0232_202602,EMP0232,2026-02-01,143,114,109,15,0,18,81.49
PERF_EMP0232_202603,EMP0232,2026-03-01,111,64,73,18,7,11,72.76
PERF_EMP0232_202604,EMP0232,2026-04-01,100,74,109,19,9,14,91.56
PERF_EMP0232_202605,EMP0232,2026-05-01,105,88,82,12,8,13,88.95
PERF_EMP0232_202606,EMP0232,2026-06-01,130,105,117,27,0,20,99.14
PERF_EMP0232_202607,EMP0232,2026-07-01,120,93,66,11,8,14,79.4
PERF_EMP0232_202608,EMP0232,2026-08-01,140,114,111,7,8,12,87.68
PERF_EMP0232_202609,EMP0232,2026-09-01,112,89,122,19,7,6,98.67
PERF_EMP0233_202510,EMP0233,2025-10-01,130,130,106,26,10,10,100.0
PERF_EMP0233_202511,EMP0233,2025-11-01,102,94,109,15,19,10,93.03
PERF_EMP0233_202512,EMP0233,2025-12-01,144,110,126,22,12,28,94.47
PERF_EMP0233_202601,EMP0233,2026-01-01,106,108,105,10,11,20,92.53
PERF_EMP0233_202602,EMP0233,2026-02-01,100,104,148,27,11,19,100.0
PERF_EMP0233_202603,EMP0233,2026-03-01,100,102,148,26,13,19,100.0
PERF_EMP0233_202604,EMP0233,2026-04-01,147,117,125,34,12,16,90.07
PERF_EMP0233_202605,EMP0233,2026-05-01,134,134,180,13,8,14,96.79
PERF_EMP0233_202606,EMP0233,2026-06-01,107,97,129,32,19,22,97.57
PERF_EMP0233_202607,EMP0233,2026-07-01,100,89,107,18,9,12,100.0
PERF_EMP0233_202608,EMP0233,2026-08-01,115,129,105,15,12,12,100.0
PERF_EMP0233_202609,EMP0233,2026-09-01,100,84,109,15,5,11,91.59
PERF_EMP0234_202510,EMP0234,2025-10-01,136,125,141,10,3,10,100.0
PERF_EMP0234_202511,EMP0234,2025-11-01,121,121,54,18,10,14,83.77
PERF_EMP0234_202512,EMP0234,2025-12-01,117,114,149,11,2,17,100.0
PERF_EMP0234_202601,EMP0234,2026-01-01,132,97,149,10,6,17,89.28
PERF_EMP0234_202602,EMP0234,2026-02-01,114,84,82,0,5,20,89.01
PERF_EMP0234_202603,EMP0234,2026-03-01,100,94,134,23,4,7,100.0
PERF_EMP0234_202604,EMP0234,2026-04-01,119,107,70,10,11,17,91.09
PERF_EMP0234_202605,EMP0234,2026-05-01,100,104,106,20,11,19,100.0
PERF_EMP0234_202606,EMP0234,2026-06-01,100,73,47,16,17,13,80.52
PERF_EMP0234_202607,EMP0234,2026-07-01,147,95,78,15,7,15,75.93
PERF_EMP0234_202608,EMP0234,2026-08-01,166,155,63,9,2,22,85.12
PERF_EMP0234_202609,EMP0234,2026-09-01,123,88,138,13,15,31,84.57
PERF_EMP0235_202510,EMP0235,2025-10-01,118,117,115,21,11,10,97.79
PERF_EMP0235_202511,EMP0235,2025-11-01,141,116,116,17,4,17,96.51
PERF_EMP0235_202512,EMP0235,2025-12-01,111,92,75,18,4,15,89.1
PERF_EMP0235_202601,EMP0235,2026-01-01,142,124,141,22,19,13,87.74
PERF_EMP0235_202602,EMP0235,2026-02-01,130,108,112,6,16,13,92.37
PERF_EMP0235_202603,EMP0235,2026-03-01,148,139,71,19,12,7,90.84
PERF_EMP0235_202604,EMP0235,2026-04-01,114,73,93,30,12,14,79.39
PERF_EMP0235_202605,EMP0235,2026-05-01,100,96,99,22,15,18,96.36
PERF_EMP0235_202606,EMP0235,2026-06-01,118,133,108,22,7,19,100.0
PERF_EMP0235_202607,EMP0235,2026-07-01,117,120,117,24,3,17,98.65
PERF_EMP0235_202608,EMP0235,2026-08-01,122,72,82,15,14,19,83.07
PERF_EMP0235_202609,EMP0235,2026-09-01,131,96,142,10,13,7,98.53
PERF_EMP0236_202510,EMP0236,2025-10-01,141,97,91,21,4,17,84.81
PERF_EMP0236_202511,EMP0236,2025-11-01,133,118,97,10,11,8,98.83
PERF_EMP0236_202512,EMP0236,2025-12-01,129,123,145,22,18,14,95.1
PERF_EMP0236_202601,EMP0236,2026-01-01,112,85,118,28,11,12,83.67
PERF_EMP0236_202602,EMP0236,2026-02-01,118,67,143,9,8,17,89.27
PERF_EMP0236_202603,EMP0236,2026-03-01,117,81,38,19,8,3,70.62
PERF_EMP0236_202604,EMP0236,2026-04-01,133,142,84,19,13,15,97.18
PERF_EMP0236_202605,EMP0236,2026-05-01,126,102,110,10,16,22,94.99
PERF_EMP0236_202606,EMP0236,2026-06-01,123,91,135,14,5,19,85.85
PERF_EMP0236_202607,EMP0236,2026-07-01,149,159,124,17,8,8,100.0
PERF_EMP0236_202608,EMP0236,2026-08-01,100,80,131,32,16,21,87.99
PERF_EMP0236_202609,EMP0236,2026-09-01,100,93,106,24,8,11,85.59
PERF_EMP0237_202510,EMP0237,2025-10-01,125,104,110,23,10,23,98.85
PERF_EMP0237_202511,EMP0237,2025-11-01,110,116,107,17,5,11,100.0
PERF_EMP0237_202512,EMP0237,2025-12-01,100,80,144,12,4,9,89.1
PERF_EMP0237_202601,EMP0237,2026-01-01,100,100,100,23,11,9,100.0
PERF_EMP0237_202602,EMP0237,2026-02-01,124,132,127,25,17,13,100.0
PERF_EMP0237_202603,EMP0237,2026-03-01,121,71,109,19,7,9,73.55
PERF_EMP0237_202604,EMP0237,2026-04-01,125,127,135,26,11,15,100.0
PERF_EMP0237_202605,EMP0237,2026-05-01,120,96,137,7,15,18,95.81
PERF_EMP0237_202606,EMP0237,2026-06-01,138,129,98,21,5,16,100.0
PERF_EMP0237_202607,EMP0237,2026-07-01,100,72,99,24,8,19,88.07
PERF_EMP0237_202608,EMP0237,2026-08-01,115,65,86,17,5,10,85.63
PERF_EMP0237_202609,EMP0237,2026-09-01,127,106,137,19,15,17,91.06
PERF_EMP0238_202510,EMP0238,2025-10-01,123,88,95,23,14,15,92.54
PERF_EMP0238_202511,EMP0238,2025-11-01,100,83,65,29,3,7,89.13
PERF_EMP0238_202512,EMP0238,2025-12-01,100,87,121,20,12,1,92.85
PERF_EMP0238_202601,EMP0238,2026-01-01,108,59,123,5,11,6,89.42
PERF_EMP0238_202602,EMP0238,2026-02-01,101,91,87,12,8,6,91.01
PERF_EMP0238_202603,EMP0238,2026-03-01,149,162,124,13,11,20,100.0
PERF_EMP0238_202604,EMP0238,2026-04-01,107,88,99,28,10,12,93.91
PERF_EMP0238_202605,EMP0238,2026-05-01,122,102,73,23,11,5,98.21
PERF_EMP0238_202606,EMP0238,2026-06-01,100,72,61,25,14,17,84.53
PERF_EMP0238_202607,EMP0238,2026-07-01,118,84,159,17,2,10,92.46
PERF_EMP0238_202608,EMP0238,2026-08-01,130,91,108,18,11,12,78.91
PERF_EMP0238_202609,EMP0238,2026-09-01,129,90,109,15,7,5,87.36
PERF_EMP0239_202510,EMP0239,2025-10-01,109,105,106,8,12,23,96.78
PERF_EMP0239_202511,EMP0239,2025-11-01,140,146,117,13,10,25,100.0
PERF_EMP0239_202512,EMP0239,2025-12-01,133,94,119,17,10,13,82.63
PERF_EMP0239_202601,EMP0239,2026-01-01,106,86,155,16,13,18,88.05
PERF_EMP0239_202602,EMP0239,2026-02-01,118,112,109,36,17,12,100.0
PERF_EMP0239_202603,EMP0239,2026-03-01,142,91,131,22,2,21,94.62
PERF_EMP0239_202604,EMP0239,2026-04-01,100,78,99,19,11,11,87.41
PERF_EMP0239_202605,EMP0239,2026-05-01,108,109,73,27,8,14,97.39
PERF_EMP0239_202606,EMP0239,2026-06-01,115,82,123,16,12,19,83.29
PERF_EMP0239_202607,EMP0239,2026-07-01,125,106,95,10,6,12,95.5
PERF_EMP0239_202608,EMP0239,2026-08-01,102,111,136,18,8,3,100.0
PERF_EMP0239_202609,EMP0239,2026-09-01,111,96,106,30,11,16,90.1
PERF_EMP0240_202510,EMP0240,2025-10-01,131,135,140,19,1,13,100.0
PERF_EMP0240_202511,EMP0240,2025-11-01,100,90,77,16,6,10,86.62
PERF_EMP0240_202512,EMP0240,2025-12-01,115,100,116,19,4,12,95.52
PERF_EMP0240_202601,EMP0240,2026-01-01,123,103,105,5,10,14,92.99
PERF_EMP0240_202602,EMP0240,2026-02-01,126,117,101,23,6,11,94.14
PERF_EMP0240_202603,EMP0240,2026-03-01,116,117,82,16,9,6,96.04
PERF_EMP0240_202604,EMP0240,2026-04-01,111,88,121,23,7,13,96.48
PERF_EMP0240_202605,EMP0240,2026-05-01,127,112,57,16,22,15,90.71
PERF_EMP0240_202606,EMP0240,2026-06-01,130,97,127,29,9,16,94.19
PERF_EMP0240_202607,EMP0240,2026-07-01,100,73,92,16,12,7,90.84
PERF_EMP0240_202608,EMP0240,2026-08-01,109,105,112,25,9,14,98.7
PERF_EMP0240_202609,EMP0240,2026-09-01,147,128,84,10,7,15,92.72
PERF_EMP0241_202510,EMP0241,2025-10-01,145,100,93,22,16,17,81.25
PERF_EMP0241_202511,EMP0241,2025-11-01,100,99,192,6,14,12,100.0
PERF_EMP0241_202512,EMP0241,2025-12-01,119,105,123,27,12,15,93.17
PERF_EMP0241_202601,EMP0241,2026-01-01,127,94,99,6,9,16,82.73
PERF_EMP0241_202602,EMP0241,2026-02-01,160,146,71,21,11,11,91.77
PERF_EMP0241_202603,EMP0241,2026-03-01,164,144,89,19,3,18,90.06
PERF_EMP0241_202604,EMP0241,2026-04-01,126,117,113,8,10,24,97.77
PERF_EMP0241_202605,EMP0241,2026-05-01,122,98,136,23,7,12,97.11
PERF_EMP0241_202606,EMP0241,2026-06-01,136,113,126,30,10,9,89.42
PERF_EMP0241_202607,EMP0241,2026-07-01,129,95,105,19,5,18,92.1
PERF_EMP0241_202608,EMP0241,2026-08-01,144,140,107,8,11,10,100.0
PERF_EMP0241_202609,EMP0241,2026-09-01,105,87,87,11,20,16,82.46
PERF_EMP0242_202510,EMP0242,2025-10-01,100,103,57,18,12,5,95.7
PERF_EMP0242_202511,EMP0242,2025-11-01,135,141,85,30,4,12,100.0
PERF_EMP0242_202512,EMP0242,2025-12-01,108,110,112,15,13,11,98.81
PERF_EMP0242_202601,EMP0242,2026-01-01,134,122,85,11,13,10,89.11
PERF_EMP0242_202602,EMP0242,2026-02-01,117,117,98,23,12,4,98.76
PERF_EMP0242_202603,EMP0242,2026-03-01,129,97,89,11,0,13,98.11
PERF_EMP0242_202604,EMP0242,2026-04-01,125,124,89,21,9,15,98.31
PERF_EMP0242_202605,EMP0242,2026-05-01,110,103,107,23,8,20,86.31
PERF_EMP0242_202606,EMP0242,2026-06-01,139,106,94,11,11,18,96.0
PERF_EMP0242_202607,EMP0242,2026-07-01,113,104,116,30,17,5,98.2
PERF_EMP0242_202608,EMP0242,2026-08-01,101,102,122,13,6,9,100.0
PERF_EMP0242_202609,EMP0242,2026-09-01,133,94,114,27,7,19,87.87
PERF_EMP0243_202510,EMP0243,2025-10-01,100,96,116,14,7,4,100.0
PERF_EMP0243_202511,EMP0243,2025-11-01,122,104,85,11,7,10,89.11
PERF_EMP0243_202512,EMP0243,2025-12-01,120,104,82,31,22,12,84.99
PERF_EMP0243_202601,EMP0243,2026-01-01,117,100,90,4,16,18,90.09
PERF_EMP0243_202602,EMP0243,2026-02-01,135,131,79,25,18,20,97.03
PERF_EMP0243_202603,EMP0243,2026-03-01,105,84,89,20,10,21,92.32
PERF_EMP0243_202604,EMP0243,2026-04-01,100,88,70,19,10,1,83.86
PERF_EMP0243_202605,EMP0243,2026-05-01,134,143,90,9,9,18,100.0
PERF_EMP0243_202606,EMP0243,2026-06-01,120,145,113,16,7,12,100.0
PERF_EMP0243_202607,EMP0243,2026-07-01,132,88,109,13,13,3,86.61
PERF_EMP0243_202608,EMP0243,2026-08-01,155,109,59,15,12,17,81.29
PERF_EMP0243_202609,EMP0243,2026-09-01,100,91,110,10,7,4,100.0
PERF_EMP0244_202510,EMP0244,2025-10-01,111,105,119,22,8,30,91.13
PERF_EMP0244_202511,EMP0244,2025-11-01,117,126,140,25,8,14,100.0
PERF_EMP0244_202512,EMP0244,2025-12-01,138,113,193,23,14,8,92.54
PERF_EMP0244_202601,EMP0244,2026-01-01,160,156,164,16,9,27,95.66
PERF_EMP0244_202602,EMP0244,2026-02-01,140,129,113,21,6,5,96.54
PERF_EMP0244_202603,EMP0244,2026-03-01,121,118,127,29,3,19,91.88
PERF_EMP0244_202604,EMP0244,2026-04-01,100,106,101,9,4,15,99.17
PERF_EMP0244_202605,EMP0244,2026-05-01,128,136,180,14,17,16,100.0
PERF_EMP0244_202606,EMP0244,2026-06-01,111,116,156,22,15,16,100.0
PERF_EMP0244_202607,EMP0244,2026-07-01,130,160,164,14,6,13,100.0
PERF_EMP0244_202608,EMP0244,2026-08-01,144,145,104,26,8,13,95.86
PERF_EMP0244_202609,EMP0244,2026-09-01,139,146,76,16,12,26,100.0
PERF_EMP0245_202510,EMP0245,2025-10-01,100,77,164,15,8,31,89.37
PERF_EMP0245_202511,EMP0245,2025-11-01,142,184,129,11,9,19,100.0
PERF_EMP0245_202512,EMP0245,2025-12-01,113,112,105,4,7,7,100.0
PERF_EMP0245_202601,EMP0245,2026-01-01,127,112,135,11,2,11,100.0
PERF_EMP0245_202602,EMP0245,2026-02-01,140,105,115,22,0,8,98.04
PERF_EMP0245_202603,EMP0245,2026-03-01,108,97,108,16,13,12,93.9
PERF_EMP0245_202604,EMP0245,2026-04-01,117,108,104,11,12,22,91.99
PERF_EMP0245_202605,EMP0245,2026-05-01,135,103,103,19,11,14,85.55
PERF_EMP0245_202606,EMP0245,2026-06-01,139,91,124,21,4,15,96.73
PERF_EMP0245_202607,EMP0245,2026-07-01,142,130,100,14,8,16,98.53
PERF_EMP0245_202608,EMP0245,2026-08-01,114,87,101,26,8,15,90.36
PERF_EMP0245_202609,EMP0245,2026-09-01,110,96,103,10,11,27,94.88
PERF_EMP0246_202510,EMP0246,2025-10-01,121,91,142,15,13,11,84.27
PERF_EMP0246_202511,EMP0246,2025-11-01,147,156,80,31,20,26,100.0
PERF_EMP0246_202512,EMP0246,2025-12-01,136,107,128,20,15,12,84.33
PERF_EMP0246_202601,EMP0246,2026-01-01,126,110,150,18,8,28,88.39
PERF_EMP0246_202602,EMP0246,2026-02-01,122,124,126,13,8,15,92.28
PERF_EMP0246_202603,EMP0246,2026-03-01,114,105,157,18,14,18,87.67
PERF_EMP0246_202604,EMP0246,2026-04-01,100,103,113,29,11,12,100.0
PERF_EMP0246_202605,EMP0246,2026-05-01,136,142,122,12,18,19,98.11
PERF_EMP0246_202606,EMP0246,2026-06-01,147,143,98,12,8,11,87.76
PERF_EMP0246_202607,EMP0246,2026-07-01,110,119,71,21,19,18,89.75
PERF_EMP0246_202608,EMP0246,2026-08-01,134,118,178,26,22,10,100.0
PERF_EMP0246_202609,EMP0246,2026-09-01,126,127,166,27,9,23,99.98
PERF_EMP0247_202510,EMP0247,2025-10-01,123,86,60,20,4,0,80.49
PERF_EMP0247_202511,EMP0247,2025-11-01,126,113,82,19,8,9,97.42
PERF_EMP0247_202512,EMP0247,2025-12-01,101,75,69,32,5,17,80.08
PERF_EMP0247_202601,EMP0247,2026-01-01,135,90,84,11,1,12,87.14
PERF_EMP0247_202602,EMP0247,2026-02-01,100,85,86,6,11,18,87.27
PERF_EMP0247_202603,EMP0247,2026-03-01,138,86,89,9,7,10,79.67
PERF_EMP0247_202604,EMP0247,2026-04-01,140,98,81,12,7,9,85.62
PERF_EMP0247_202605,EMP0247,2026-05-01,102,65,69,29,3,14,76.8
PERF_EMP0247_202606,EMP0247,2026-06-01,116,78,104,14,14,3,86.36
PERF_EMP0247_202607,EMP0247,2026-07-01,133,116,75,14,11,9,87.62
PERF_EMP0247_202608,EMP0247,2026-08-01,126,90,97,17,9,7,88.76
PERF_EMP0247_202609,EMP0247,2026-09-01,119,107,106,16,11,25,95.7
PERF_EMP0248_202510,EMP0248,2025-10-01,135,147,121,18,14,14,100.0
PERF_EMP0248_202511,EMP0248,2025-11-01,100,98,146,18,7,9,93.25
PERF_EMP0248_202512,EMP0248,2025-12-01,149,138,116,10,9,10,96.94
PERF_EMP0248_202601,EMP0248,2026-01-01,135,144,136,29,4,14,100.0
PERF_EMP0248_202602,EMP0248,2026-02-01,142,141,118,23,14,12,100.0
PERF_EMP0248_202603,EMP0248,2026-03-01,100,98,148,24,8,19,99.32
PERF_EMP0248_202604,EMP0248,2026-04-01,100,86,129,16,4,9,95.47
PERF_EMP0248_202605,EMP0248,2026-05-01,133,114,84,23,11,20,87.37
PERF_EMP0248_202606,EMP0248,2026-06-01,129,92,133,14,5,10,96.47
PERF_EMP0248_202607,EMP0248,2026-07-01,127,129,95,26,8,22,89.63
PERF_EMP0248_202608,EMP0248,2026-08-01,151,133,118,6,22,7,91.68
PERF_EMP0248_202609,EMP0248,2026-09-01,125,122,93,12,5,18,89.86
PERF_EMP0249_202510,EMP0249,2025-10-01,111,104,138,18,15,17,92.8
PERF_EMP0249_202511,EMP0249,2025-11-01,115,78,119,11,12,10,80.76
PERF_EMP0249_202512,EMP0249,2025-12-01,119,68,152,15,15,21,80.07
PERF_EMP0249_202601,EMP0249,2026-01-01,167,103,106,20,4,22,85.22
PERF_EMP0249_202602,EMP0249,2026-02-01,107,102,72,28,9,20,95.99
PERF_EMP0249_202603,EMP0249,2026-03-01,148,136,118,17,2,15,98.1
PERF_EMP0249_202604,EMP0249,2026-04-01,119,108,128,16,0,10,100.0
PERF_EMP0249_202605,EMP0249,2026-05-01,100,78,80,27,14,17,91.04
PERF_EMP0249_202606,EMP0249,2026-06-01,134,112,78,19,18,6,93.4
PERF_EMP0249_202607,EMP0249,2026-07-01,100,84,113,19,19,16,89.75
PERF_EMP0249_202608,EMP0249,2026-08-01,114,108,154,21,15,10,94.3
PERF_EMP0249_202609,EMP0249,2026-09-01,100,101,91,17,15,15,96.95
PERF_EMP0250_202510,EMP0250,2025-10-01,133,145,158,21,10,24,100.0
PERF_EMP0250_202511,EMP0250,2025-11-01,100,95,101,28,15,17,93.29
PERF_EMP0250_202512,EMP0250,2025-12-01,129,126,103,26,16,17,95.25
PERF_EMP0250_202601,EMP0250,2026-01-01,113,111,144,30,6,11,100.0
PERF_EMP0250_202602,EMP0250,2026-02-01,123,121,139,19,16,8,94.04
PERF_EMP0250_202603,EMP0250,2026-03-01,142,120,129,15,16,19,87.08
PERF_EMP0250_202604,EMP0250,2026-04-01,100,105,173,4,4,16,100.0
PERF_EMP0250_202605,EMP0250,2026-05-01,100,97,131,20,18,15,100.0
PERF_EMP0250_202606,EMP0250,2026-06-01,107,97,140,23,2,8,93.6
PERF_EMP0250_202607,EMP0250,2026-07-01,100,92,142,20,14,16,100.0
PERF_EMP0250_202608,EMP0250,2026-08-01,100,105,116,16,16,9,100.0
PERF_EMP0250_202609,EMP0250,2026-09-01,129,130,116,18,6,11,99.6
PERF_EMP0251_202510,EMP0251,2025-10-01,104,107,94,25,16,16,99.41
PERF_EMP0251_202511,EMP0251,2025-11-01,133,146,80,18,13,11,100.0
PERF_EMP0251_202512,EMP0251,2025-12-01,100,71,81,17,17,17,80.47
PERF_EMP0251_202601,EMP0251,2026-01-01,100,102,93,17,0,19,94.08
PERF_EMP0251_202602,EMP0251,2026-02-01,142,112,88,11,16,14,97.43
PERF_EMP0251_202603,EMP0251,2026-03-01,119,97,99,8,1,12,97.92
PERF_EMP0251_202604,EMP0251,2026-04-01,159,132,122,22,9,13,93.4
PERF_EMP0251_202605,EMP0251,2026-05-01,100,80,107,15,0,14,100.0
PERF_EMP0251_202606,EMP0251,2026-06-01,130,125,155,13,6,2,100.0
PERF_EMP0251_202607,EMP0251,2026-07-01,132,148,83,23,7,13,99.76
PERF_EMP0251_202608,EMP0251,2026-08-01,129,137,98,27,9,19,95.6
PERF_EMP0251_202609,EMP0251,2026-09-01,100,66,135,11,8,24,91.81
PERF_EMP0252_202510,EMP0252,2025-10-01,132,134,131,15,8,8,100.0
PERF_EMP0252_202511,EMP0252,2025-11-01,134,99,111,28,12,27,88.12
PERF_EMP0252_202512,EMP0252,2025-12-01,136,124,105,27,13,13,90.86
PERF_EMP0252_202601,EMP0252,2026-01-01,119,128,85,20,9,13,100.0
PERF_EMP0252_202602,EMP0252,2026-02-01,111,108,119,13,0,12,100.0
PERF_EMP0252_202603,EMP0252,2026-03-01,112,103,139,15,19,6,97.86
PERF_EMP0252_202604,EMP0252,2026-04-01,114,114,140,21,9,19,96.57
PERF_EMP0252_202605,EMP0252,2026-05-01,102,107,82,17,3,21,100.0
PERF_EMP0252_202606,EMP0252,2026-06-01,108,110,124,14,15,17,94.08
PERF_EMP0252_202607,EMP0252,2026-07-01,134,144,70,14,16,9,100.0
PERF_EMP0252_202608,EMP0252,2026-08-01,124,105,116,26,12,1,98.11
PERF_EMP0252_202609,EMP0252,2026-09-01,122,78,104,16,9,11,87.07
PERF_EMP0253_202510,EMP0253,2025-10-01,125,91,105,16,14,27,91.9
PERF_EMP0253_202511,EMP0253,2025-11-01,105,91,110,0,7,9,100.0
PERF_EMP0253_202512,EMP0253,2025-12-01,106,66,81,3,10,10,85.8
PERF_EMP0253_202601,EMP0253,2026-01-01,143,139,120,16,3,16,97.71
PERF_EMP0253_202602,EMP0253,2026-02-01,116,117,75,28,8,17,100.0
PERF_EMP0253_202603,EMP0253,2026-03-01,124,113,102,3,9,4,91.67
PERF_EMP0253_202604,EMP0253,2026-04-01,118,108,86,17,8,10,84.15
PERF_EMP0253_202605,EMP0253,2026-05-01,126,108,97,12,9,23,91.25
PERF_EMP0253_202606,EMP0253,2026-06-01,114,116,154,20,10,12,100.0
PERF_EMP0253_202607,EMP0253,2026-07-01,106,81,98,15,15,15,83.78
PERF_EMP0253_202608,EMP0253,2026-08-01,100,76,74,19,13,11,93.61
PERF_EMP0253_202609,EMP0253,2026-09-01,134,88,76,4,5,5,84.08
PERF_EMP0254_202510,EMP0254,2025-10-01,132,111,125,16,18,18,88.5
PERF_EMP0254_202511,EMP0254,2025-11-01,100,75,93,20,11,19,85.43
PERF_EMP0254_202512,EMP0254,2025-12-01,119,120,121,5,3,8,100.0
PERF_EMP0254_202601,EMP0254,2026-01-01,120,114,123,17,11,7,100.0
PERF_EMP0254_202602,EMP0254,2026-02-01,114,112,157,9,3,16,97.81
PERF_EMP0254_202603,EMP0254,2026-03-01,138,123,112,25,10,21,87.14
PERF_EMP0254_202604,EMP0254,2026-04-01,135,164,95,17,7,16,100.0
PERF_EMP0254_202605,EMP0254,2026-05-01,100,93,134,13,9,11,100.0
PERF_EMP0254_202606,EMP0254,2026-06-01,111,115,117,19,13,13,100.0
PERF_EMP0254_202607,EMP0254,2026-07-01,127,118,129,20,14,13,95.93
PERF_EMP0254_202608,EMP0254,2026-08-01,115,108,117,13,8,16,99.51
PERF_EMP0254_202609,EMP0254,2026-09-01,123,110,117,14,15,9,97.3
PERF_EMP0255_202510,EMP0255,2025-10-01,137,144,113,15,6,9,100.0
PERF_EMP0255_202511,EMP0255,2025-11-01,108,132,114,24,8,12,100.0
PERF_EMP0255_202512,EMP0255,2025-12-01,147,135,135,18,16,21,89.51
PERF_EMP0255_202601,EMP0255,2026-01-01,124,115,126,29,12,16,100.0
PERF_EMP0255_202602,EMP0255,2026-02-01,104,106,145,18,18,10,93.65
PERF_EMP0255_202603,EMP0255,2026-03-01,128,124,105,30,19,18,95.99
PERF_EMP0255_202604,EMP0255,2026-04-01,105,86,113,13,6,12,96.62
PERF_EMP0255_202605,EMP0255,2026-05-01,107,92,135,26,15,11,91.47
PERF_EMP0255_202606,EMP0255,2026-06-01,111,89,129,15,10,20,90.52
PERF_EMP0255_202607,EMP0255,2026-07-01,127,137,120,25,16,21,100.0
PERF_EMP0255_202608,EMP0255,2026-08-01,117,95,157,15,15,21,94.92
PERF_EMP0255_202609,EMP0255,2026-09-01,144,145,153,29,14,3,100.0
PERF_EMP0256_202510,EMP0256,2025-10-01,144,142,157,23,17,17,100.0
PERF_EMP0256_202511,EMP0256,2025-11-01,100,110,163,4,19,19,100.0
PERF_EMP0256_202512,EMP0256,2025-12-01,139,111,145,24,14,17,98.07
PERF_EMP0256_202601,EMP0256,2026-01-01,140,141,127,29,13,13,96.11
PERF_EMP0256_202602,EMP0256,2026-02-01,107,130,110,26,10,20,100.0
PERF_EMP0256_202603,EMP0256,2026-03-01,101,82,148,21,14,20,96.53
PERF_EMP0256_202604,EMP0256,2026-04-01,123,161,139,25,12,17,100.0
PERF_EMP0256_202605,EMP0256,2026-05-01,132,120,115,26,10,11,100.0
PERF_EMP0256_202606,EMP0256,2026-06-01,100,92,145,23,22,13,98.19
PERF_EMP0256_202607,EMP0256,2026-07-01,108,120,93,35,17,13,100.0
PERF_EMP0256_202608,EMP0256,2026-08-01,125,149,127,29,20,17,100.0
PERF_EMP0256_202609,EMP0256,2026-09-01,125,139,124,21,8,25,100.0
PERF_EMP0257_202510,EMP0257,2025-10-01,137,108,76,16,7,12,87.8
PERF_EMP0257_202511,EMP0257,2025-11-01,108,78,88,11,9,10,81.64
PERF_EMP0257_202512,EMP0257,2025-12-01,111,84,120,15,1,12,88.28
PERF_EMP0257_202601,EMP0257,2026-01-01,145,127,95,16,12,17,88.12
PERF_EMP0257_202602,EMP0257,2026-02-01,133,112,121,7,6,17,88.52
PERF_EMP0257_202603,EMP0257,2026-03-01,100,73,84,1,6,7,88.63
PERF_EMP0257_202604,EMP0257,2026-04-01,100,68,75,10,9,7,82.0
PERF_EMP0257_202605,EMP0257,2026-05-01,150,104,117,22,1,16,88.84
PERF_EMP0257_202606,EMP0257,2026-06-01,100,63,77,11,5,9,79.54
PERF_EMP0257_202607,EMP0257,2026-07-01,125,93,71,21,8,16,79.41
PERF_EMP0257_202608,EMP0257,2026-08-01,117,100,114,22,17,9,100.0
PERF_EMP0257_202609,EMP0257,2026-09-01,124,112,70,10,5,7,80.56
PERF_EMP0258_202510,EMP0258,2025-10-01,110,95,131,22,7,15,90.33
PERF_EMP0258_202511,EMP0258,2025-11-01,103,105,104,10,14,2,98.22
PERF_EMP0258_202512,EMP0258,2025-12-01,107,76,108,23,19,18,85.84
PERF_EMP0258_202601,EMP0258,2026-01-01,137,106,108,12,8,13,91.97
PERF_EMP0258_202602,EMP0258,2026-02-01,115,103,85,3,3,13,90.39
PERF_EMP0258_202603,EMP0258,2026-03-01,110,102,102,28,20,11,90.9
PERF_EMP0258_202604,EMP0258,2026-04-01,126,105,97,6,4,13,91.9
PERF_EMP0258_202605,EMP0258,2026-05-01,121,93,61,20,11,9,87.23
PERF_EMP0258_202606,EMP0258,2026-06-01,112,96,124,33,13,19,91.82
PERF_EMP0258_202607,EMP0258,2026-07-01,118,123,103,26,3,21,95.42
PERF_EMP0258_202608,EMP0258,2026-08-01,102,101,127,13,12,19,95.31
PERF_EMP0258_202609,EMP0258,2026-09-01,130,83,93,9,13,10,74.62
PERF_EMP0259_202510,EMP0259,2025-10-01,103,105,95,12,9,12,100.0
PERF_EMP0259_202511,EMP0259,2025-11-01,122,99,113,27,17,8,94.56
PERF_EMP0259_202512,EMP0259,2025-12-01,133,117,50,5,12,18,79.73
PERF_EMP0259_202601,EMP0259,2026-01-01,135,94,90,4,9,17,77.61
PERF_EMP0259_202602,EMP0259,2026-02-01,123,93,109,8,6,1,82.69
PERF_EMP0259_202603,EMP0259,2026-03-01,152,139,108,13,1,18,92.8
PERF_EMP0259_202604,EMP0259,2026-04-01,117,89,125,34,21,17,88.7
PERF_EMP0259_202605,EMP0259,2026-05-01,100,87,139,4,10,17,98.99
PERF_EMP0259_202606,EMP0259,2026-06-01,108,78,95,25,6,0,82.63
PERF_EMP0259_202607,EMP0259,2026-07-01,113,88,122,20,1,11,88.66
PERF_EMP0259_202608,EMP0259,2026-08-01,140,129,83,10,4,4,91.89
PERF_EMP0259_202609,EMP0259,2026-09-01,109,100,59,20,5,17,85.4
PERF_EMP0260_202510,EMP0260,2025-10-01,100,93,107,9,6,11,94.99
PERF_EMP0260_202511,EMP0260,2025-11-01,100,82,165,29,13,19,94.09
PERF_EMP0260_202512,EMP0260,2025-12-01,101,112,113,21,9,18,100.0
PERF_EMP0260_202601,EMP0260,2026-01-01,106,97,91,10,12,15,90.73
PERF_EMP0260_202602,EMP0260,2026-02-01,106,121,124,23,17,10,100.0
PERF_EMP0260_202603,EMP0260,2026-03-01,100,81,101,16,9,11,79.62
PERF_EMP0260_202604,EMP0260,2026-04-01,115,97,155,18,11,20,86.3
PERF_EMP0260_202605,EMP0260,2026-05-01,123,81,87,33,13,24,86.62
PERF_EMP0260_202606,EMP0260,2026-06-01,146,152,125,18,13,12,100.0
PERF_EMP0260_202607,EMP0260,2026-07-01,116,94,104,21,14,16,93.21
PERF_EMP0260_202608,EMP0260,2026-08-01,102,78,122,21,5,16,88.47
PERF_EMP0260_202609,EMP0260,2026-09-01,149,154,155,9,7,18,100.0
PERF_EMP0261_202510,EMP0261,2025-10-01,117,93,107,18,5,20,88.16
PERF_EMP0261_202511,EMP0261,2025-11-01,118,119,93,17,9,15,99.5
PERF_EMP0261_202512,EMP0261,2025-12-01,104,96,147,19,10,22,99.15
PERF_EMP0261_202601,EMP0261,2026-01-01,132,134,112,14,21,12,95.71
PERF_EMP0261_202602,EMP0261,2026-02-01,146,144,119,24,10,19,97.94
PERF_EMP0261_202603,EMP0261,2026-03-01,114,101,103,22,16,13,93.36
PERF_EMP0261_202604,EMP0261,2026-04-01,100,76,114,18,11,27,90.1
PERF_EMP0261_202605,EMP0261,2026-05-01,109,101,124,11,14,7,99.33
PERF_EMP0261_202606,EMP0261,2026-06-01,146,121,109,23,12,9,91.58
PERF_EMP0261_202607,EMP0261,2026-07-01,100,91,88,19,16,16,100.0
PERF_EMP0261_202608,EMP0261,2026-08-01,108,104,125,20,4,24,89.14
PERF_EMP0261_202609,EMP0261,2026-09-01,116,88,144,25,12,16,92.05
PERF_EMP0262_202510,EMP0262,2025-10-01,125,115,146,17,12,22,93.68
PERF_EMP0262_202511,EMP0262,2025-11-01,122,103,107,14,5,19,92.3
PERF_EMP0262_202512,EMP0262,2025-12-01,115,78,87,18,8,21,92.18
PERF_EMP0262_202601,EMP0262,2026-01-01,101,82,112,25,4,14,89.88
PERF_EMP0262_202602,EMP0262,2026-02-01,103,93,89,18,17,20,99.22
PERF_EMP0262_202603,EMP0262,2026-03-01,103,104,71,8,9,14,98.76
PERF_EMP0262_202604,EMP0262,2026-04-01,112,89,100,21,8,23,85.55
PERF_EMP0262_202605,EMP0262,2026-05-01,100,72,110,22,11,0,82.45
PERF_EMP0262_202606,EMP0262,2026-06-01,100,104,89,22,6,0,100.0
PERF_EMP0262_202607,EMP0262,2026-07-01,134,169,104,12,10,5,100.0
PERF_EMP0262_202608,EMP0262,2026-08-01,118,95,71,15,6,22,92.1
PERF_EMP0262_202609,EMP0262,2026-09-01,122,102,94,14,1,17,93.26
PERF_EMP0263_202510,EMP0263,2025-10-01,106,84,87,10,15,2,80.39
PERF_EMP0263_202511,EMP0263,2025-11-01,132,76,133,16,5,21,89.42
PERF_EMP0263_202512,EMP0263,2025-12-01,100,77,101,21,12,5,88.8
PERF_EMP0263_202601,EMP0263,2026-01-01,100,95,52,21,4,5,89.95
PERF_EMP0263_202602,EMP0263,2026-02-01,155,135,87,11,1,0,83.52
PERF_EMP0263_202603,EMP0263,2026-03-01,100,95,123,12,6,12,100.0
PERF_EMP0263_202604,EMP0263,2026-04-01,106,69,114,7,5,17,82.92
PERF_EMP0263_202605,EMP0263,2026-05-01,103,88,79,23,13,10,92.77
PERF_EMP0263_202606,EMP0263,2026-06-01,126,81,103,22,7,13,90.89
PERF_EMP0263_202607,EMP0263,2026-07-01,112,93,98,18,8,14,99.09
PERF_EMP0263_202608,EMP0263,2026-08-01,106,101,90,1,18,7,95.55
PERF_EMP0263_202609,EMP0263,2026-09-01,159,150,97,34,13,10,91.08
PERF_EMP0264_202510,EMP0264,2025-10-01,128,136,99,24,3,14,98.64
PERF_EMP0264_202511,EMP0264,2025-11-01,100,79,59,9,7,11,88.74
PERF_EMP0264_202512,EMP0264,2025-12-01,104,78,141,12,4,12,87.68
PERF_EMP0264_202601,EMP0264,2026-01-01,132,119,51,1,1,14,91.26
PERF_EMP0264_202602,EMP0264,2026-02-01,129,118,110,22,6,14,99.13
PERF_EMP0264_202603,EMP0264,2026-03-01,101,83,91,12,16,22,88.02
PERF_EMP0264_202604,EMP0264,2026-04-01,146,119,114,25,14,12,88.5
PERF_EMP0264_202605,EMP0264,2026-05-01,137,108,119,9,17,11,89.13
PERF_EMP0264_202606,EMP0264,2026-06-01,110,107,111,17,2,16,94.55
PERF_EMP0264_202607,EMP0264,2026-07-01,109,66,76,11,14,2,72.09
PERF_EMP0264_202608,EMP0264,2026-08-01,124,93,159,6,7,5,93.97
PERF_EMP0264_202609,EMP0264,2026-09-01,138,100,137,16,11,21,93.04
PERF_EMP0265_202510,EMP0265,2025-10-01,125,111,112,31,9,12,100.0
PERF_EMP0265_202511,EMP0265,2025-11-01,117,107,88,3,0,1,92.31
PERF_EMP0265_202512,EMP0265,2025-12-01,115,71,91,3,10,14,81.89
PERF_EMP0265_202601,EMP0265,2026-01-01,100,82,71,22,15,22,85.07
PERF_EMP0265_202602,EMP0265,2026-02-01,129,116,115,12,16,10,94.04
PERF_EMP0265_202603,EMP0265,2026-03-01,104,75,69,29,7,8,81.26
PERF_EMP0265_202604,EMP0265,2026-04-01,133,84,102,25,5,16,80.26
PERF_EMP0265_202605,EMP0265,2026-05-01,100,83,69,13,18,18,94.64
PERF_EMP0265_202606,EMP0265,2026-06-01,119,90,138,18,12,16,90.78
PERF_EMP0265_202607,EMP0265,2026-07-01,124,83,112,1,13,17,86.57
PERF_EMP0265_202608,EMP0265,2026-08-01,111,97,104,18,4,9,93.69
PERF_EMP0265_202609,EMP0265,2026-09-01,100,112,90,11,8,21,100.0
PERF_EMP0266_202510,EMP0266,2025-10-01,108,97,123,28,3,25,86.6
PERF_EMP0266_202511,EMP0266,2025-11-01,116,115,169,21,15,23,100.0
PERF_EMP0266_202512,EMP0266,2025-12-01,112,122,107,19,5,13,97.38
PERF_EMP0266_202601,EMP0266,2026-01-01,139,126,121,16,24,14,93.45
PERF_EMP0266_202602,EMP0266,2026-02-01,133,137,115,4,4,22,93.99
PERF_EMP0266_202603,EMP0266,2026-03-01,108,101,85,27,16,17,93.76
PERF_EMP0266_202604,EMP0266,2026-04-01,133,158,109,21,16,22,100.0
PERF_EMP0266_202605,EMP0266,2026-05-01,110,88,156,19,10,16,92.62
PERF_EMP0266_202606,EMP0266,2026-06-01,138,104,161,19,13,12,87.99
PERF_EMP0266_202607,EMP0266,2026-07-01,121,115,136,13,16,20,99.34
PERF_EMP0266_202608,EMP0266,2026-08-01,120,124,89,32,7,22,96.45
PERF_EMP0266_202609,EMP0266,2026-09-01,129,119,98,26,17,5,89.77
PERF_EMP0267_202510,EMP0267,2025-10-01,113,137,99,25,9,20,97.14
PERF_EMP0267_202511,EMP0267,2025-11-01,102,127,139,28,8,9,100.0
PERF_EMP0267_202512,EMP0267,2025-12-01,137,134,90,27,11,19,92.44
PERF_EMP0267_202601,EMP0267,2026-01-01,144,140,114,12,11,16,100.0
PERF_EMP0267_202602,EMP0267,2026-02-01,102,96,158,33,10,10,91.79
PERF_EMP0267_202603,EMP0267,2026-03-01,118,115,151,24,10,11,96.31
PERF_EMP0267_202604,EMP0267,2026-04-01,159,165,112,26,17,13,96.4
PERF_EMP0267_202605,EMP0267,2026-05-01,123,110,114,21,15,27,96.53
PERF_EMP0267_202606,EMP0267,2026-06-01,106,108,130,24,13,17,94.13
PERF_EMP0267_202607,EMP0267,2026-07-01,105,100,168,17,9,16,100.0
PERF_EMP0267_202608,EMP0267,2026-08-01,109,108,116,23,13,31,96.43
PERF_EMP0267_202609,EMP0267,2026-09-01,109,96,114,13,4,9,94.49
PERF_EMP0268_202510,EMP0268,2025-10-01,126,119,132,12,19,18,100.0
PERF_EMP0268_202511,EMP0268,2025-11-01,133,102,129,29,7,9,87.17
PERF_EMP0268_202512,EMP0268,2025-12-01,116,93,128,25,8,26,87.73
PERF_EMP0268_202601,EMP0268,2026-01-01,130,116,133,15,16,10,94.72
PERF_EMP0268_202602,EMP0268,2026-02-01,101,84,157,13,10,8,89.53
PERF_EMP0268_202603,EMP0268,2026-03-01,136,133,116,25,26,17,93.18
PERF_EMP0268_202604,EMP0268,2026-04-01,144,99,193,19,16,14,83.45
PERF_EMP0268_202605,EMP0268,2026-05-01,137,120,121,19,13,18,92.44
PERF_EMP0268_202606,EMP0268,2026-06-01,130,145,137,8,18,11,100.0
PERF_EMP0268_202607,EMP0268,2026-07-01,108,101,85,18,4,17,85.94
PERF_EMP0268_202608,EMP0268,2026-08-01,102,108,143,28,9,12,100.0
PERF_EMP0268_202609,EMP0268,2026-09-01,130,107,112,12,18,20,88.15
PERF_EMP0269_202510,EMP0269,2025-10-01,107,97,135,25,22,15,95.44
PERF_EMP0269_202511,EMP0269,2025-11-01,100,78,102,17,16,23,100.0
PERF_EMP0269_202512,EMP0269,2025-12-01,145,140,76,14,9,9,97.89
PERF_EMP0269_202601,EMP0269,2026-01-01,119,93,84,17,5,22,79.99
PERF_EMP0269_202602,EMP0269,2026-02-01,135,85,136,27,13,9,88.18
PERF_EMP0269_202603,EMP0269,2026-03-01,123,123,126,24,6,8,98.62
PERF_EMP0269_202604,EMP0269,2026-04-01,130,80,112,14,12,12,78.6
PERF_EMP0269_202605,EMP0269,2026-05-01,142,159,140,3,7,12,100.0
PERF_EMP0269_202606,EMP0269,2026-06-01,113,86,134,11,6,5,92.65
PERF_EMP0269_202607,EMP0269,2026-07-01,151,136,103,20,16,20,93.17
PERF_EMP0269_202608,EMP0269,2026-08-01,100,121,153,18,11,7,100.0
PERF_EMP0269_202609,EMP0269,2026-09-01,125,93,111,20,18,21,78.54
PERF_EMP0270_202510,EMP0270,2025-10-01,140,113,93,23,11,7,97.92
PERF_EMP0270_202511,EMP0270,2025-11-01,119,100,120,25,9,9,99.03
PERF_EMP0270_202512,EMP0270,2025-12-01,126,128,70,18,5,18,90.13
PERF_EMP0270_202601,EMP0270,2026-01-01,126,114,87,22,8,9,88.88
PERF_EMP0270_202602,EMP0270,2026-02-01,119,119,49,18,16,8,88.61
PERF_EMP0270_202603,EMP0270,2026-03-01,144,125,55,14,0,5,81.16
PERF_EMP0270_202604,EMP0270,2026-04-01,122,97,102,6,8,20,88.81
PERF_EMP0270_202605,EMP0270,2026-05-01,127,85,64,12,16,10,81.33
PERF_EMP0270_202606,EMP0270,2026-06-01,120,76,50,4,11,1,80.17
PERF_EMP0270_202607,EMP0270,2026-07-01,100,57,118,12,8,15,79.19
PERF_EMP0270_202608,EMP0270,2026-08-01,109,79,106,8,0,8,94.52
PERF_EMP0270_202609,EMP0270,2026-09-01,117,93,38,16,2,16,75.89
PERF_EMP0271_202510,EMP0271,2025-10-01,129,105,101,20,2,18,84.1
PERF_EMP0271_202511,EMP0271,2025-11-01,137,123,99,15,17,5,88.9
PERF_EMP0271_202512,EMP0271,2025-12-01,129,111,104,10,14,13,91.95
PERF_EMP0271_202601,EMP0271,2026-01-01,107,105,114,19,11,13,98.39
PERF_EMP0271_202602,EMP0271,2026-02-01,116,97,138,14,16,14,91.76
PERF_EMP0271_202603,EMP0271,2026-03-01,133,124,99,23,7,13,88.53
PERF_EMP0271_202604,EMP0271,2026-04-01,115,106,134,11,12,16,89.35
PERF_EMP0271_202605,EMP0271,2026-05-01,106,109,114,15,8,21,100.0
PERF_EMP0271_202606,EMP0271,2026-06-01,118,97,144,22,18,17,89.62
PERF_EMP0271_202607,EMP0271,2026-07-01,119,88,122,19,14,15,93.41
PERF_EMP0271_202608,EMP0271,2026-08-01,133,114,107,5,8,8,98.27
PERF_EMP0271_202609,EMP0271,2026-09-01,107,87,84,15,11,6,87.42
PERF_EMP0272_202510,EMP0272,2025-10-01,110,97,65,14,0,11,82.57
PERF_EMP0272_202511,EMP0272,2025-11-01,109,90,94,15,17,13,91.94
PERF_EMP0272_202512,EMP0272,2025-12-01,144,113,159,16,10,11,89.94
PERF_EMP0272_202601,EMP0272,2026-01-01,112,98,132,19,8,12,96.07
PERF_EMP0272_202602,EMP0272,2026-02-01,135,117,72,8,9,3,92.7
PERF_EMP0272_202603,EMP0272,2026-03-01,130,134,87,17,8,27,87.01
PERF_EMP0272_202604,EMP0272,2026-04-01,153,103,75,10,22,12,86.3
PERF_EMP0272_202605,EMP0272,2026-05-01,100,104,112,15,18,10,99.94
PERF_EMP0272_202606,EMP0272,2026-06-01,139,131,109,9,7,6,100.0
PERF_EMP0272_202607,EMP0272,2026-07-01,148,149,79,13,5,15,100.0
PERF_EMP0272_202608,EMP0272,2026-08-01,115,116,113,20,9,13,100.0
PERF_EMP0272_202609,EMP0272,2026-09-01,155,118,97,9,10,18,82.89
PERF_EMP0273_202510,EMP0273,2025-10-01,100,90,132,11,6,12,96.27
PERF_EMP0273_202511,EMP0273,2025-11-01,141,141,148,23,14,11,97.88
PERF_EMP0273_202512,EMP0273,2025-12-01,136,85,85,19,12,17,80.48
PERF_EMP0273_202601,EMP0273,2026-01-01,125,101,98,14,10,4,87.28
PERF_EMP0273_202602,EMP0273,2026-02-01,110,98,94,19,3,15,99.01
PERF_EMP0273_202603,EMP0273,2026-03-01,130,118,110,16,10,12,93.23
PERF_EMP0273_202604,EMP0273,2026-04-01,132,123,94,14,18,11,91.94
PERF_EMP0273_202605,EMP0273,2026-05-01,102,84,67,22,9,24,88.14
PERF_EMP0273_202606,EMP0273,2026-06-01,143,99,117,28,13,16,88.71
PERF_EMP0273_202607,EMP0273,2026-07-01,123,96,98,12,2,13,94.22
PERF_EMP0273_202608,EMP0273,2026-08-01,100,87,101,23,19,5,97.73
PERF_EMP0273_202609,EMP0273,2026-09-01,110,83,86,11,14,13,84.55
PERF_EMP0274_202510,EMP0274,2025-10-01,126,129,164,15,5,18,93.92
PERF_EMP0274_202511,EMP0274,2025-11-01,106,106,99,22,5,14,100.0
PERF_EMP0274_202512,EMP0274,2025-12-01,141,128,103,20,13,3,96.82
PERF_EMP0274_202601,EMP0274,2026-01-01,144,135,82,14,8,15,92.49
PERF_EMP0274_202602,EMP0274,2026-02-01,118,102,116,26,20,16,91.14
PERF_EMP0274_202603,EMP0274,2026-03-01,118,121,154,19,12,20,99.49
PERF_EMP0274_202604,EMP0274,2026-04-01,126,136,158,23,10,20,99.05
PERF_EMP0274_202605,EMP0274,2026-05-01,119,126,104,31,16,17,100.0
PERF_EMP0274_202606,EMP0274,2026-06-01,100,58,98,21,5,7,78.38
PERF_EMP0274_202607,EMP0274,2026-07-01,116,112,123,18,14,19,100.0
PERF_EMP0274_202608,EMP0274,2026-08-01,105,84,117,29,16,12,87.79
PERF_EMP0274_202609,EMP0274,2026-09-01,113,89,115,19,8,12,87.7
PERF_EMP0275_202510,EMP0275,2025-10-01,142,130,123,20,18,15,100.0
PERF_EMP0275_202511,EMP0275,2025-11-01,102,103,95,28,12,16,100.0
PERF_EMP0275_202512,EMP0275,2025-12-01,119,119,145,12,19,18,100.0
PERF_EMP0275_202601,EMP0275,2026-01-01,124,145,168,20,8,24,100.0
PERF_EMP0275_202602,EMP0275,2026-02-01,149,136,117,18,13,11,92.59
PERF_EMP0275_202603,EMP0275,2026-03-01,102,121,122,40,15,27,100.0
PERF_EMP0275_202604,EMP0275,2026-04-01,134,135,145,27,13,13,100.0
PERF_EMP0275_202605,EMP0275,2026-05-01,108,80,156,30,2,10,99.88
PERF_EMP0275_202606,EMP0275,2026-06-01,129,126,145,33,9,18,100.0
PERF_EMP0275_202607,EMP0275,2026-07-01,137,167,121,28,11,27,100.0
PERF_EMP0275_202608,EMP0275,2026-08-01,121,102,124,8,4,17,85.06
PERF_EMP0275_202609,EMP0275,2026-09-01,100,90,184,39,10,21,100.0
PERF_EMP0276_202510,EMP0276,2025-10-01,139,115,165,18,12,14,92.66
PERF_EMP0276_202511,EMP0276,2025-11-01,144,123,81,19,16,14,90.3
PERF_EMP0276_202512,EMP0276,2025-12-01,130,164,147,20,13,3,100.0
PERF_EMP0276_202601,EMP0276,2026-01-01,113,123,85,20,14,14,100.0
PERF_EMP0276_202602,EMP0276,2026-02-01,100,109,130,20,7,15,100.0
PERF_EMP0276_202603,EMP0276,2026-03-01,129,86,135,26,17,10,87.86
PERF_EMP0276_202604,EMP0276,2026-04-01,137,122,97,14,17,20,92.91
PERF_EMP0276_202605,EMP0276,2026-05-01,111,88,134,21,7,15,95.4
PERF_EMP0276_202606,EMP0276,2026-06-01,106,84,104,33,9,14,99.12
PERF_EMP0276_202607,EMP0276,2026-07-01,112,133,70,19,1,11,92.85
PERF_EMP0276_202608,EMP0276,2026-08-01,119,91,143,23,15,7,96.48
PERF_EMP0276_202609,EMP0276,2026-09-01,107,99,136,16,0,22,92.58
PERF_EMP0277_202510,EMP0277,2025-10-01,126,118,132,35,11,21,100.0
PERF_EMP0277_202511,EMP0277,2025-11-01,145,137,137,13,17,14,100.0
PERF_EMP0277_202512,EMP0277,2025-12-01,128,149,66,23,10,13,88.28
PERF_EMP0277_202601,EMP0277,2026-01-01,131,115,73,19,13,11,90.58
PERF_EMP0277_202602,EMP0277,2026-02-01,121,104,100,18,7,7,95.53
PERF_EMP0277_202603,EMP0277,2026-03-01,100,63,131,23,2,16,87.86
PERF_EMP0277_202604,EMP0277,2026-04-01,149,127,103,24,12,9,90.62
PERF_EMP0277_202605,EMP0277,2026-05-01,110,117,152,21,13,17,99.47
PERF_EMP0277_202606,EMP0277,2026-06-01,121,95,115,11,4,10,96.79
PERF_EMP0277_202607,EMP0277,2026-07-01,131,114,120,18,9,11,96.78
PERF_EMP0277_202608,EMP0277,2026-08-01,100,81,99,18,4,15,91.78
PERF_EMP0277_202609,EMP0277,2026-09-01,126,135,133,21,12,7,100.0
PERF_EMP0278_202510,EMP0278,2025-10-01,105,90,119,26,18,17,91.47
PERF_EMP0278_202511,EMP0278,2025-11-01,129,134,115,26,21,13,97.79
PERF_EMP0278_202512,EMP0278,2025-12-01,111,128,156,14,21,13,100.0
PERF_EMP0278_202601,EMP0278,2026-01-01,110,103,118,26,15,10,94.18
PERF_EMP0278_202602,EMP0278,2026-02-01,100,109,84,21,18,25,92.48
PERF_EMP0278_202603,EMP0278,2026-03-01,122,125,99,26,6,25,96.85
PERF_EMP0278_202604,EMP0278,2026-04-01,107,107,134,20,12,9,95.16
PERF_EMP0278_202605,EMP0278,2026-05-01,100,102,156,21,12,25,100.0
PERF_EMP0278_202606,EMP0278,2026-06-01,100,111,176,24,14,14,100.0
PERF_EMP0278_202607,EMP0278,2026-07-01,120,108,130,21,9,19,100.0
PERF_EMP0278_202608,EMP0278,2026-08-01,154,164,99,23,10,19,96.51
PERF_EMP0278_202609,EMP0278,2026-09-01,109,110,132,24,2,15,100.0
PERF_EMP0279_202510,EMP0279,2025-10-01,136,124,104,11,15,16,100.0
PERF_EMP0279_202511,EMP0279,2025-11-01,146,119,126,19,14,26,88.72
PERF_EMP0279_202512,EMP0279,2025-12-01,145,96,132,15,14,17,87.18
PERF_EMP0279_202601,EMP0279,2026-01-01,148,135,127,17,5,21,94.85
PERF_EMP0279_202602,EMP0279,2026-02-01,138,146,122,20,0,19,100.0
PERF_EMP0279_202603,EMP0279,2026-03-01,121,105,121,13,8,15,94.31
PERF_EMP0279_202604,EMP0279,2026-04-01,123,111,116,20,11,22,99.79
PERF_EMP0279_202605,EMP0279,2026-05-01,109,78,76,20,12,20,86.3
PERF_EMP0279_202606,EMP0279,2026-06-01,128,130,105,7,9,8,99.32
PERF_EMP0279_202607,EMP0279,2026-07-01,141,95,110,13,8,4,91.1
PERF_EMP0279_202608,EMP0279,2026-08-01,106,79,98,18,6,12,94.21
PERF_EMP0279_202609,EMP0279,2026-09-01,103,88,105,12,9,12,84.13
PERF_EMP0280_202510,EMP0280,2025-10-01,111,98,123,18,17,24,97.66
PERF_EMP0280_202511,EMP0280,2025-11-01,124,133,153,23,19,12,100.0
PERF_EMP0280_202512,EMP0280,2025-12-01,125,119,124,10,8,14,95.25
PERF_EMP0280_202601,EMP0280,2026-01-01,126,136,127,14,14,20,100.0
PERF_EMP0280_202602,EMP0280,2026-02-01,102,98,144,23,12,20,99.77
PERF_EMP0280_202603,EMP0280,2026-03-01,139,131,137,28,11,19,100.0
PERF_EMP0280_202604,EMP0280,2026-04-01,142,110,140,5,7,10,99.31
PERF_EMP0280_202605,EMP0280,2026-05-01,158,166,94,30,8,12,89.81
PERF_EMP0280_202606,EMP0280,2026-06-01,106,114,157,12,13,5,100.0
PERF_EMP0280_202607,EMP0280,2026-07-01,103,119,107,32,14,23,100.0
PERF_EMP0280_202608,EMP0280,2026-08-01,107,103,171,18,8,15,100.0
PERF_EMP0280_202609,EMP0280,2026-09-01,126,109,122,30,4,17,93.61
PERF_EMP0281_202510,EMP0281,2025-10-01,155,156,99,21,1,15,98.17
PERF_EMP0281_202511,EMP0281,2025-11-01,115,110,101,13,8,12,91.56
PERF_EMP0281_202512,EMP0281,2025-12-01,131,131,82,20,11,10,97.23
PERF_EMP0281_202601,EMP0281,2026-01-01,131,131,126,20,17,9,94.91
PERF_EMP0281_202602,EMP0281,2026-02-01,112,89,102,16,8,12,87.85
PERF_EMP0281_202603,EMP0281,2026-03-01,100,73,74,17,17,23,79.04
PERF_EMP0281_202604,EMP0281,2026-04-01,110,101,106,5,1,5,94.67
PERF_EMP0281_202605,EMP0281,2026-05-01,100,59,98,2,13,14,88.16
PERF_EMP0281_202606,EMP0281,2026-06-01,115,83,100,19,15,23,86.37
PERF_EMP0281_202607,EMP0281,2026-07-01,140,121,145,24,11,23,92.28
PERF_EMP0281_202608,EMP0281,2026-08-01,138,140,111,22,12,20,100.0
PERF_EMP0281_202609,EMP0281,2026-09-01,112,109,124,7,17,20,100.0
PERF_EMP0282_202510,EMP0282,2025-10-01,100,79,97,25,2,20,92.85
PERF_EMP0282_202511,EMP0282,2025-11-01,152,128,148,19,14,0,97.05
PERF_EMP0282_202512,EMP0282,2025-12-01,100,79,136,20,6,13,91.22
PERF_EMP0282_202601,EMP0282,2026-01-01,122,112,112,6,3,17,94.61
PERF_EMP0282_202602,EMP0282,2026-02-01,115,95,63,29,9,13,86.63
PERF_EMP0282_202603,EMP0282,2026-03-01,155,144,96,15,9,9,100.0
PERF_EMP0282_202604,EMP0282,2026-04-01,145,145,88,9,16,3,98.04
PERF_EMP0282_202605,EMP0282,2026-05-01,134,139,119,20,14,5,97.22
PERF_EMP0282_202606,EMP0282,2026-06-01,126,110,108,29,17,10,99.16
PERF_EMP0282_202607,EMP0282,2026-07-01,156,160,90,25,16,8,97.39
PERF_EMP0282_202608,EMP0282,2026-08-01,121,118,118,13,11,1,98.82
PERF_EMP0282_202609,EMP0282,2026-09-01,143,135,117,12,20,2,91.42
PERF_EMP0283_202510,EMP0283,2025-10-01,121,96,123,14,4,16,87.37
PERF_EMP0283_202511,EMP0283,2025-11-01,112,112,156,8,10,22,91.71
PERF_EMP0283_202512,EMP0283,2025-12-01,108,88,109,12,13,1,87.54
PERF_EMP0283_202601,EMP0283,2026-01-01,130,146,110,16,12,14,100.0
PERF_EMP0283_202602,EMP0283,2026-02-01,130,141,114,17,6,10,95.92
PERF_EMP0283_202603,EMP0283,2026-03-01,110,110,172,17,12,6,100.0
PERF_EMP0283_202604,EMP0283,2026-04-01,118,100,112,16,18,12,100.0
PERF_EMP0283_202605,EMP0283,2026-05-01,102,124,147,23,4,1,100.0
PERF_EMP0283_202606,EMP0283,2026-06-01,100,97,111,29,11,17,100.0
PERF_EMP0283_202607,EMP0283,2026-07-01,109,111,173,30,5,14,93.98
PERF_EMP0283_202608,EMP0283,2026-08-01,103,114,110,20,5,18,100.0
PERF_EMP0283_202609,EMP0283,2026-09-01,145,149,143,17,13,21,89.57
PERF_EMP0284_202510,EMP0284,2025-10-01,103,83,139,18,13,7,93.77
PERF_EMP0284_202511,EMP0284,2025-11-01,112,100,73,10,2,6,86.97
PERF_EMP0284_202512,EMP0284,2025-12-01,142,128,127,13,7,16,91.4
PERF_EMP0284_202601,EMP0284,2026-01-01,125,85,90,10,11,16,83.4
PERF_EMP0284_202602,EMP0284,2026-02-01,131,124,133,10,11,5,100.0
PERF_EMP0284_202603,EMP0284,2026-03-01,138,118,132,18,16,11,92.67
PERF_EMP0284_202604,EMP0284,2026-04-01,119,82,109,20,13,4,91.3
PERF_EMP0284_202605,EMP0284,2026-05-01,103,116,110,10,2,5,99.19
PERF_EMP0284_202606,EMP0284,2026-06-01,100,57,128,7,15,15,84.34
PERF_EMP0284_202607,EMP0284,2026-07-01,104,106,88,21,14,8,98.72
PERF_EMP0284_202608,EMP0284,2026-08-01,107,94,76,23,4,5,88.61
PERF_EMP0284_202609,EMP0284,2026-09-01,115,102,161,26,10,5,89.03
PERF_EMP0285_202510,EMP0285,2025-10-01,128,121,132,12,11,11,100.0
PERF_EMP0285_202511,EMP0285,2025-11-01,114,80,104,13,4,26,81.13
PERF_EMP0285_202512,EMP0285,2025-12-01,138,86,145,13,7,23,80.89
PERF_EMP0285_202601,EMP0285,2026-01-01,147,78,102,14,3,14,90.12
PERF_EMP0285_202602,EMP0285,2026-02-01,127,82,52,24,11,17,81.75
PERF_EMP0285_202603,EMP0285,2026-03-01,134,124,134,6,20,4,94.95
PERF_EMP0285_202604,EMP0285,2026-04-01,151,132,138,9,6,24,94.04
PERF_EMP0285_202605,EMP0285,2026-05-01,128,96,98,17,8,7,91.41
PERF_EMP0285_202606,EMP0285,2026-06-01,133,92,116,17,0,15,87.17
PERF_EMP0285_202607,EMP0285,2026-07-01,104,66,85,12,12,12,84.56
PERF_EMP0285_202608,EMP0285,2026-08-01,126,109,125,7,4,15,100.0
PERF_EMP0285_202609,EMP0285,2026-09-01,114,94,58,12,5,13,88.26
PERF_EMP0286_202510,EMP0286,2025-10-01,107,116,132,9,11,24,100.0
PERF_EMP0286_202511,EMP0286,2025-11-01,121,118,138,22,10,14,100.0
PERF_EMP0286_202512,EMP0286,2025-12-01,107,127,105,23,8,13,94.86
PERF_EMP0286_202601,EMP0286,2026-01-01,100,93,100,13,8,0,86.67
PERF_EMP0286_202602,EMP0286,2026-02-01,130,126,153,23,10,24,100.0
PERF_EMP0286_202603,EMP0286,2026-03-01,100,72,74,17,17,17,87.39
PERF_EMP0286_202604,EMP0286,2026-04-01,115,120,154,10,10,19,100.0
PERF_EMP0286_202605,EMP0286,2026-05-01,100,93,41,17,17,6,79.51
PERF_EMP0286_202606,EMP0286,2026-06-01,138,112,154,17,9,17,90.6
PERF_EMP0286_202607,EMP0286,2026-07-01,163,129,122,16,22,17,96.53
PERF_EMP0286_202608,EMP0286,2026-08-01,130,110,149,5,21,22,93.06
PERF_EMP0286_202609,EMP0286,2026-09-01,107,111,111,26,17,8,89.89
PERF_EMP0287_202510,EMP0287,2025-10-01,100,111,104,23,6,5,100.0
PERF_EMP0287_202511,EMP0287,2025-11-01,107,84,108,17,10,10,93.71
PERF_EMP0287_202512,EMP0287,2025-12-01,129,147,131,30,10,22,100.0
PERF_EMP0287_202601,EMP0287,2026-01-01,116,86,102,26,13,0,81.03
PERF_EMP0287_202602,EMP0287,2026-02-01,130,150,161,7,8,9,100.0
PERF_EMP0287_202603,EMP0287,2026-03-01,114,94,104,22,18,27,93.52
PERF_EMP0287_202604,EMP0287,2026-04-01,115,108,91,13,13,0,93.53
PERF_EMP0287_202605,EMP0287,2026-05-01,105,82,116,16,10,14,82.33
PERF_EMP0287_202606,EMP0287,2026-06-01,129,126,150,19,14,14,96.18
PERF_EMP0287_202607,EMP0287,2026-07-01,139,96,109,21,18,14,84.58
PERF_EMP0287_202608,EMP0287,2026-08-01,100,90,114,30,1,28,100.0
PERF_EMP0287_202609,EMP0287,2026-09-01,101,118,97,16,6,10,100.0
PERF_EMP0288_202510,EMP0288,2025-10-01,119,87,148,11,8,14,92.22
PERF_EMP0288_202511,EMP0288,2025-11-01,129,102,108,9,17,22,96.46
PERF_EMP0288_202512,EMP0288,2025-12-01,119,86,131,22,9,24,86.87
PERF_EMP0288_202601,EMP0288,2026-01-01,126,95,113,16,16,17,85.73
PERF_EMP0288_202602,EMP0288,2026-02-01,103,94,135,16,18,19,92.56
PERF_EMP0288_202603,EMP0288,2026-03-01,100,76,68,7,8,13,85.29
PERF_EMP0288_202604,EMP0288,2026-04-01,120,119,55,18,6,23,85.21
PERF_EMP0288_202605,EMP0288,2026-05-01,132,119,84,26,9,15,96.72
PERF_EMP0288_202606,EMP0288,2026-06-01,144,103,84,22,9,4,87.66
PERF_EMP0288_202607,EMP0288,2026-07-01,167,153,165,25,0,14,96.36
PERF_EMP0288_202608,EMP0288,2026-08-01,100,66,104,21,3,15,85.52
PERF_EMP0288_202609,EMP0288,2026-09-01,117,119,80,19,3,12,90.31
PERF_EMP0289_202510,EMP0289,2025-10-01,118,141,161,28,15,30,100.0
PERF_EMP0289_202511,EMP0289,2025-11-01,100,83,147,29,13,9,90.89
PERF_EMP0289_202512,EMP0289,2025-12-01,131,129,124,22,15,16,100.0
PERF_EMP0289_202601,EMP0289,2026-01-01,156,173,114,24,13,28,100.0
PERF_EMP0289_202602,EMP0289,2026-02-01,115,127,75,23,18,26,100.0
PERF_EMP0289_202603,EMP0289,2026-03-01,100,110,163,29,16,23,99.89
PERF_EMP0289_202604,EMP0289,2026-04-01,142,150,171,16,14,15,100.0
PERF_EMP0289_202605,EMP0289,2026-05-01,126,134,117,17,18,22,99.29
PERF_EMP0289_202606,EMP0289,2026-06-01,114,114,122,25,16,11,98.45
PERF_EMP0289_202607,EMP0289,2026-07-01,120,110,164,23,5,16,93.8
PERF_EMP0289_202608,EMP0289,2026-08-01,100,116,110,17,6,18,100.0
PERF_EMP0289_202609,EMP0289,2026-09-01,122,127,126,19,6,0,99.92
PERF_EMP0290_202510,EMP0290,2025-10-01,100,62,115,11,8,7,76.56
PERF_EMP0290_202511,EMP0290,2025-11-01,126,105,63,10,17,20,85.99
PERF_EMP0290_202512,EMP0290,2025-12-01,100,89,148,12,14,8,91.26
PERF_EMP0290_202601,EMP0290,2026-01-01,125,108,85,25,16,12,97.67
PERF_EMP0290_202602,EMP0290,2026-02-01,100,120,74,17,8,15,100.0
PERF_EMP0290_202603,EMP0290,2026-03-01,133,146,102,6,7,16,100.0
PERF_EMP0290_202604,EMP0290,2026-04-01,112,92,112,25,7,18,86.49
PERF_EMP0290_202605,EMP0290,2026-05-01,137,110,162,28,13,5,89.03
PERF_EMP0290_202606,EMP0290,2026-06-01,104,83,104,13,13,15,82.77
PERF_EMP0290_202607,EMP0290,2026-07-01,110,100,94,9,9,23,96.21
PERF_EMP0290_202608,EMP0290,2026-08-01,135,113,107,10,12,20,96.88
PERF_EMP0290_202609,EMP0290,2026-09-01,103,94,91,25,4,23,88.93
PERF_EMP0291_202510,EMP0291,2025-10-01,100,84,115,8,16,20,92.12
PERF_EMP0291_202511,EMP0291,2025-11-01,148,119,104,21,17,23,98.74
PERF_EMP0291_202512,EMP0291,2025-12-01,126,105,75,12,13,11,88.09
PERF_EMP0291_202601,EMP0291,2026-01-01,142,103,97,8,5,14,85.7
PERF_EMP0291_202602,EMP0291,2026-02-01,100,78,67,4,0,7,93.14
PERF_EMP0291_202603,EMP0291,2026-03-01,126,85,91,10,11,10,87.87
PERF_EMP0291_202604,EMP0291,2026-04-01,126,91,97,10,10,20,91.95
PERF_EMP0291_202605,EMP0291,2026-05-01,119,115,98,22,19,12,94.72
PERF_EMP0291_202606,EMP0291,2026-06-01,144,160,111,22,5,9,100.0
PERF_EMP0291_202607,EMP0291,2026-07-01,116,98,63,22,12,13,87.77
PERF_EMP0291_202608,EMP0291,2026-08-01,148,110,95,5,6,11,83.01
PERF_EMP0291_202609,EMP0291,2026-09-01,118,73,81,16,8,8,88.37
PERF_EMP0292_202510,EMP0292,2025-10-01,119,121,97,9,9,13,96.38
PERF_EMP0292_202511,EMP0292,2025-11-01,150,140,91,26,21,22,100.0
PERF_EMP0292_202512,EMP0292,2025-12-01,105,92,108,12,12,28,91.32
PERF_EMP0292_202601,EMP0292,2026-01-01,137,122,150,29,9,23,91.45
PERF_EMP0292_202602,EMP0292,2026-02-01,108,112,102,21,12,10,94.5
PERF_EMP0292_202603,EMP0292,2026-03-01,106,99,127,9,5,24,97.15
PERF_EMP0292_202604,EMP0292,2026-04-01,114,104,124,5,10,10,97.9
PERF_EMP0292_202605,EMP0292,2026-05-01,159,123,109,24,10,0,88.74
PERF_EMP0292_202606,EMP0292,2026-06-01,100,103,124,15,8,6,100.0
PERF_EMP0292_202607,EMP0292,2026-07-01,112,97,124,29,17,29,87.94
PERF_EMP0292_202608,EMP0292,2026-08-01,129,127,130,7,5,11,100.0
PERF_EMP0292_202609,EMP0292,2026-09-01,117,95,129,39,6,18,87.43
PERF_EMP0293_202510,EMP0293,2025-10-01,151,142,115,24,11,14,96.24
PERF_EMP0293_202511,EMP0293,2025-11-01,130,124,87,23,19,10,89.85
PERF_EMP0293_202512,EMP0293,2025-12-01,120,107,143,20,15,10,89.79
PERF_EMP0293_202601,EMP0293,2026-01-01,105,92,93,20,9,29,91.85
PERF_EMP0293_202602,EMP0293,2026-02-01,119,93,130,19,0,19,93.96
PERF_EMP0293_202603,EMP0293,2026-03-01,158,140,79,17,10,10,91.04
PERF_EMP0293_202604,EMP0293,2026-04-01,100,69,125,21,9,11,81.77
PERF_EMP0293_202605,EMP0293,2026-05-01,101,92,158,27,12,14,100.0
PERF_EMP0293_202606,EMP0293,2026-06-01,123,109,75,19,14,24,84.87
PERF_EMP0293_202607,EMP0293,2026-07-01,106,90,94,21,16,15,88.51
PERF_EMP0293_202608,EMP0293,2026-08-01,107,105,90,17,2,17,98.51
PERF_EMP0293_202609,EMP0293,2026-09-01,100,82,134,27,15,14,96.92
PERF_EMP0294_202510,EMP0294,2025-10-01,157,99,96,13,15,16,80.44
PERF_EMP0294_202511,EMP0294,2025-11-01,118,120,93,10,12,7,93.56
PERF_EMP0294_202512,EMP0294,2025-12-01,140,123,99,16,1,5,93.79
PERF_EMP0294_202601,EMP0294,2026-01-01,101,92,124,25,7,15,100.0
PERF_EMP0294_202602,EMP0294,2026-02-01,129,107,167,30,9,11,96.72
PERF_EMP0294_202603,EMP0294,2026-03-01,131,114,68,9,1,19,80.74
PERF_EMP0294_202604,EMP0294,2026-04-01,141,99,53,21,7,6,82.62
PERF_EMP0294_202605,EMP0294,2026-05-01,109,80,146,21,21,13,90.66
PERF_EMP0294_202606,EMP0294,2026-06-01,123,77,48,11,14,16,80.39
PERF_EMP0294_202607,EMP0294,2026-07-01,120,93,139,24,11,17,92.69
PERF_EMP0294_202608,EMP0294,2026-08-01,139,153,114,15,5,11,97.01
PERF_EMP0294_202609,EMP0294,2026-09-01,126,130,110,18,7,19,100.0
PERF_EMP0295_202510,EMP0295,2025-10-01,144,127,148,27,19,25,93.49
PERF_EMP0295_202511,EMP0295,2025-11-01,105,120,117,8,11,23,100.0
PERF_EMP0295_202512,EMP0295,2025-12-01,100,83,142,26,8,19,96.19
PERF_EMP0295_202601,EMP0295,2026-01-01,106,104,134,12,0,19,100.0
PERF_EMP0295_202602,EMP0295,2026-02-01,100,89,183,8,14,17,90.09
PERF_EMP0295_202603,EMP0295,2026-03-01,100,110,110,26,4,0,100.0
PERF_EMP0295_202604,EMP0295,2026-04-01,137,112,102,10,0,2,100.0
PERF_EMP0295_202605,EMP0295,2026-05-01,119,118,140,11,9,17,90.05
PERF_EMP0295_202606,EMP0295,2026-06-01,153,176,108,36,11,14,100.0
PERF_EMP0295_202607,EMP0295,2026-07-01,130,134,88,15,18,18,96.78
PERF_EMP0295_202608,EMP0295,2026-08-01,100,79,157,15,16,22,100.0
PERF_EMP0295_202609,EMP0295,2026-09-01,154,171,120,17,4,10,100.0
PERF_EMP0296_202510,EMP0296,2025-10-01,126,113,130,27,8,12,93.92
PERF_EMP0296_202511,EMP0296,2025-11-01,124,108,162,15,10,3,93.54
PERF_EMP0296_202512,EMP0296,2025-12-01,110,97,90,15,9,3,91.87
PERF_EMP0296_202601,EMP0296,2026-01-01,122,98,73,21,15,9,91.92
PERF_EMP0296_202602,EMP0296,2026-02-01,126,122,168,27,16,12,100.0
PERF_EMP0296_202603,EMP0296,2026-03-01,146,135,135,36,8,20,96.07
PERF_EMP0296_202604,EMP0296,2026-04-01,123,117,119,20,17,17,86.27
PERF_EMP0296_202605,EMP0296,2026-05-01,122,103,142,17,7,8,94.1
PERF_EMP0296_202606,EMP0296,2026-06-01,142,124,136,18,8,9,100.0
PERF_EMP0296_202607,EMP0296,2026-07-01,117,79,147,19,16,17,87.96
PERF_EMP0296_202608,EMP0296,2026-08-01,115,119,167,15,10,9,100.0
PERF_EMP0296_202609,EMP0296,2026-09-01,140,156,139,26,7,9,100.0
PERF_EMP0297_202510,EMP0297,2025-10-01,114,104,116,15,7,24,85.14
PERF_EMP0297_202511,EMP0297,2025-11-01,108,82,132,39,5,7,84.76
PERF_EMP0297_202512,EMP0297,2025-12-01,143,144,89,13,12,5,98.29
PERF_EMP0297_202601,EMP0297,2026-01-01,133,154,78,14,10,9,100.0
PERF_EMP0297_202602,EMP0297,2026-02-01,122,111,94,22,9,10,91.21
PERF_EMP0297_202603,EMP0297,2026-03-01,100,74,100,6,8,18,84.69
PERF_EMP0297_202604,EMP0297,2026-04-01,126,118,124,11,1,14,100.0
PERF_EMP0297_202605,EMP0297,2026-05-01,108,106,99,27,15,11,95.07
PERF_EMP0297_202606,EMP0297,2026-06-01,113,84,49,9,9,15,79.17
PERF_EMP0297_202607,EMP0297,2026-07-01,100,85,62,14,0,11,85.94
PERF_EMP0297_202608,EMP0297,2026-08-01,114,122,110,11,7,5,100.0
PERF_EMP0297_202609,EMP0297,2026-09-01,117,114,136,22,8,4,97.54
PERF_EMP0298_202510,EMP0298,2025-10-01,160,141,85,19,15,8,87.68
PERF_EMP0298_202511,EMP0298,2025-11-01,118,101,137,23,8,13,99.55
PERF_EMP0298_202512,EMP0298,2025-12-01,134,141,136,9,15,23,99.32
PERF_EMP0298_202601,EMP0298,2026-01-01,100,77,103,20,13,23,88.16
PERF_EMP0298_202602,EMP0298,2026-02-01,123,72,140,22,10,14,87.07
PERF_EMP0298_202603,EMP0298,2026-03-01,133,112,92,21,4,18,88.13
PERF_EMP0298_202604,EMP0298,2026-04-01,129,118,73,18,6,11,85.81
PERF_EMP0298_202605,EMP0298,2026-05-01,124,98,103,12,10,15,92.67
PERF_EMP0298_202606,EMP0298,2026-06-01,133,102,59,12,5,5,86.0
PERF_EMP0298_202607,EMP0298,2026-07-01,113,91,87,8,6,17,86.01
PERF_EMP0298_202608,EMP0298,2026-08-01,138,108,66,14,10,17,82.03
PERF_EMP0298_202609,EMP0298,2026-09-01,155,132,138,9,6,0,96.14
PERF_EMP0299_202510,EMP0299,2025-10-01,130,80,93,3,13,16,74.44
PERF_EMP0299_202511,EMP0299,2025-11-01,142,160,60,16,9,16,97.22
PERF_EMP0299_202512,EMP0299,2025-12-01,120,79,98,21,0,5,84.52
PERF_EMP0299_202601,EMP0299,2026-01-01,126,68,77,9,3,10,80.89
PERF_EMP0299_202602,EMP0299,2026-02-01,122,105,73,0,4,0,91.15
PERF_EMP0299_202603,EMP0299,2026-03-01,110,81,65,12,0,10,79.57
PERF_EMP0299_202604,EMP0299,2026-04-01,104,95,87,17,2,12,94.52
PERF_EMP0299_202605,EMP0299,2026-05-01,158,137,102,10,0,19,90.08
PERF_EMP0299_202606,EMP0299,2026-06-01,113,87,72,3,9,3,88.82
PERF_EMP0299_202607,EMP0299,2026-07-01,126,74,56,6,11,16,77.29
PERF_EMP0299_202608,EMP0299,2026-08-01,101,52,58,22,7,12,76.19
PERF_EMP0299_202609,EMP0299,2026-09-01,129,100,64,9,14,5,86.1
PERF_EMP0300_202510,EMP0300,2025-10-01,116,102,100,20,14,17,92.35
PERF_EMP0300_202511,EMP0300,2025-11-01,100,97,138,20,11,9,98.98
PERF_EMP0300_202512,EMP0300,2025-12-01,118,107,82,22,13,12,90.46
PERF_EMP0300_202601,EMP0300,2026-01-01,151,145,135,27,14,13,90.56
PERF_EMP0300_202602,EMP0300,2026-02-01,138,120,129,26,20,19,96.28
PERF_EMP0300_202603,EMP0300,2026-03-01,120,130,86,23,11,24,97.16
PERF_EMP0300_202604,EMP0300,2026-04-01,129,96,148,18,12,2,90.96
PERF_EMP0300_202605,EMP0300,2026-05-01,100,74,120,3,7,12,97.28
PERF_EMP0300_202606,EMP0300,2026-06-01,103,84,116,29,13,14,92.23
PERF_EMP0300_202607,EMP0300,2026-07-01,120,110,148,21,14,12,100.0
PERF_EMP0300_202608,EMP0300,2026-08-01,122,127,115,23,14,18,100.0
PERF_EMP0300_202609,EMP0300,2026-09-01,100,81,148,12,5,19,87.0
PERF_EMP0301_202510,EMP0301,2025-10-01,100,84,105,28,8,14,89.74
PERF_EMP0301_202511,EMP0301,2025-11-01,100,78,152,9,7,17,91.2
PERF_EMP0301_202512,EMP0301,2025-12-01,107,68,134,12,0,27,85.91
PERF_EMP0301_202601,EMP0301,2026-01-01,148,134,99,27,17,14,96.21
PERF_EMP0301_202602,EMP0301,2026-02-01,136,126,134,18,10,10,100.0
PERF_EMP0301_202603,EMP0301,2026-03-01,100,114,93,13,10,11,100.0
PERF_EMP0301_202604,EMP0301,2026-04-01,140,135,125,15,2,14,98.24
PERF_EMP0301_202605,EMP0301,2026-05-01,100,99,98,17,8,20,98.59
PERF_EMP0301_202606,EMP0301,2026-06-01,128,119,92,21,13,15,100.0
PERF_EMP0301_202607,EMP0301,2026-07-01,124,114,84,28,14,12,100.0
PERF_EMP0301_202608,EMP0301,2026-08-01,131,142,146,26,16,23,91.97
PERF_EMP0301_202609,EMP0301,2026-09-01,100,75,121,30,9,26,80.95
PERF_EMP0302_202510,EMP0302,2025-10-01,150,132,51,19,4,8,86.18
PERF_EMP0302_202511,EMP0302,2025-11-01,125,111,91,15,8,12,91.62
PERF_EMP0302_202512,EMP0302,2025-12-01,122,89,106,15,8,17,80.45
PERF_EMP0302_202601,EMP0302,2026-01-01,123,89,56,10,7,13,88.32
PERF_EMP0302_202602,EMP0302,2026-02-01,114,87,90,19,3,8,88.85
PERF_EMP0302_202603,EMP0302,2026-03-01,123,91,93,24,7,19,85.85
PERF_EMP0302_202604,EMP0302,2026-04-01,122,95,86,12,13,13,79.34
PERF_EMP0302_202605,EMP0302,2026-05-01,104,66,53,19,12,8,71.53
PERF_EMP0302_202606,EMP0302,2026-06-01,102,93,109,25,15,12,98.9
PERF_EMP0302_202607,EMP0302,2026-07-01,108,73,126,14,20,3,87.76
PERF_EMP0302_202608,EMP0302,2026-08-01,142,96,78,5,15,1,82.59
PERF_EMP0302_202609,EMP0302,2026-09-01,100,64,76,19,17,8,85.17
PERF_EMP0303_202510,EMP0303,2025-10-01,122,81,59,14,10,6,81.71
PERF_EMP0303_202511,EMP0303,2025-11-01,124,109,123,38,15,19,93.4
PERF_EMP0303_202512,EMP0303,2025-12-01,150,149,112,8,8,8,100.0
PERF_EMP0303_202601,EMP0303,2026-01-01,100,94,92,20,15,10,100.0
PERF_EMP0303_202602,EMP0303,2026-02-01,116,99,102,18,1,9,99.37
PERF_EMP0303_202603,EMP0303,2026-03-01,122,72,84,14,12,12,84.49
PERF_EMP0303_202604,EMP0303,2026-04-01,135,80,95,20,0,8,90.82
PERF_EMP0303_202605,EMP0303,2026-05-01,120,85,146,10,11,11,86.02
PERF_EMP0303_202606,EMP0303,2026-06-01,116,97,116,25,3,23,86.41
PERF_EMP0303_202607,EMP0303,2026-07-01,100,84,107,14,13,19,87.23
PERF_EMP0303_202608,EMP0303,2026-08-01,126,116,111,15,8,21,95.37
PERF_EMP0303_202609,EMP0303,2026-09-01,111,100,90,19,10,10,85.34
PERF_EMP0304_202510,EMP0304,2025-10-01,158,114,82,10,12,14,84.17
PERF_EMP0304_202511,EMP0304,2025-11-01,124,97,108,6,9,13,85.28
PERF_EMP0304_202512,EMP0304,2025-12-01,118,89,111,12,6,20,86.86
PERF_EMP0304_202601,EMP0304,2026-01-01,130,131,68,4,6,8,93.83
PERF_EMP0304_202602,EMP0304,2026-02-01,126,83,98,16,9,16,83.45
PERF_EMP0304_202603,EMP0304,2026-03-01,141,112,76,13,15,12,89.66
PERF_EMP0304_202604,EMP0304,2026-04-01,121,133,68,7,7,10,96.77
PERF_EMP0304_202605,EMP0304,2026-05-01,121,74,124,15,11,12,83.38
PERF_EMP0304_202606,EMP0304,2026-06-01,100,91,87,20,8,11,93.39
PERF_EMP0304_202607,EMP0304,2026-07-01,118,87,124,8,4,10,83.95
PERF_EMP0304_202608,EMP0304,2026-08-01,157,130,127,21,6,12,95.92
PERF_EMP0304_202609,EMP0304,2026-09-01,142,80,119,5,11,7,84.38
PERF_EMP0305_202510,EMP0305,2025-10-01,149,122,101,24,15,12,82.91
PERF_EMP0305_202511,EMP0305,2025-11-01,120,91,92,13,16,15,89.0
PERF_EMP0305_202512,EMP0305,2025-12-01,109,84,105,10,9,7,85.64
PERF_EMP0305_202601,EMP0305,2026-01-01,127,94,82,9,1,12,80.28
PERF_EMP0305_202602,EMP0305,2026-02-01,125,95,95,19,14,18,84.65
PERF_EMP0305_202603,EMP0305,2026-03-01,113,79,87,10,13,14,88.65
PERF_EMP0305_202604,EMP0305,2026-04-01,134,111,110,12,5,18,94.69
PERF_EMP0305_202605,EMP0305,2026-05-01,120,117,102,14,4,8,92.42
PERF_EMP0305_202606,EMP0305,2026-06-01,100,91,69,19,1,4,86.61
PERF_EMP0305_202607,EMP0305,2026-07-01,104,81,102,18,11,20,89.69
PERF_EMP0305_202608,EMP0305,2026-08-01,121,74,95,21,1,6,76.87
PERF_EMP0305_202609,EMP0305,2026-09-01,140,103,129,19,12,22,92.94
PERF_EMP0306_202510,EMP0306,2025-10-01,139,124,66,17,4,15,82.4
PERF_EMP0306_202511,EMP0306,2025-11-01,110,71,129,14,7,12,82.57
PERF_EMP0306_202512,EMP0306,2025-12-01,145,124,93,5,6,7,88.94
PERF_EMP0306_202601,EMP0306,2026-01-01,140,114,154,13,7,12,90.89
PERF_EMP0306_202602,EMP0306,2026-02-01,147,128,88,25,16,18,94.0
PERF_EMP0306_202603,EMP0306,2026-03-01,113,99,65,24,13,24,88.55
PERF_EMP0306_202604,EMP0306,2026-04-01,136,137,81,20,12,16,92.46
PERF_EMP0306_202605,EMP0306,2026-05-01,119,116,144,27,14,24,100.0
PERF_EMP0306_202606,EMP0306,2026-06-01,148,104,59,21,15,12,69.41
PERF_EMP0306_202607,EMP0306,2026-07-01,138,141,101,17,13,8,100.0
PERF_EMP0306_202608,EMP0306,2026-08-01,122,134,92,14,16,15,100.0
PERF_EMP0306_202609,EMP0306,2026-09-01,116,88,129,24,10,15,97.26
PERF_EMP0307_202510,EMP0307,2025-10-01,127,89,59,20,11,10,83.93
PERF_EMP0307_202511,EMP0307,2025-11-01,125,107,103,28,20,18,95.66
PERF_EMP0307_202512,EMP0307,2025-12-01,142,98,98,16,12,12,85.18
PERF_EMP0307_202601,EMP0307,2026-01-01,106,76,93,11,3,7,66.65
PERF_EMP0307_202602,EMP0307,2026-02-01,132,98,99,22,13,17,84.15
PERF_EMP0307_202603,EMP0307,2026-03-01,138,121,102,10,13,5,90.32
PERF_EMP0307_202604,EMP0307,2026-04-01,150,99,82,8,7,5,84.24
PERF_EMP0307_202605,EMP0307,2026-05-01,125,104,99,8,5,11,90.82
PERF_EMP0307_202606,EMP0307,2026-06-01,100,72,103,18,9,8,87.06
PERF_EMP0307_202607,EMP0307,2026-07-01,100,102,98,15,11,4,94.48
PERF_EMP0307_202608,EMP0307,2026-08-01,117,78,119,1,8,12,85.85
PERF_EMP0307_202609,EMP0307,2026-09-01,106,75,96,11,6,16,82.51
PERF_EMP0308_202510,EMP0308,2025-10-01,127,118,105,16,7,8,98.08
PERF_EMP0308_202511,EMP0308,2025-11-01,123,95,74,13,8,5,83.53
PERF_EMP0308_202512,EMP0308,2025-12-01,154,99,94,23,3,4,85.16
PERF_EMP0308_202601,EMP0308,2026-01-01,113,65,117,15,10,17,73.99
PERF_EMP0308_202602,EMP0308,2026-02-01,100,68,81,10,0,15,79.04
PERF_EMP0308_202603,EMP0308,2026-03-01,107,73,95,11,8,12,77.25
PERF_EMP0308_202604,EMP0308,2026-04-01,100,83,92,14,8,9,93.39
PERF_EMP0308_202605,EMP0308,2026-05-01,118,107,63,17,3,5,87.85
PERF_EMP0308_202606,EMP0308,2026-06-01,131,88,70,20,0,9,85.64
PERF_EMP0308_202607,EMP0308,2026-07-01,100,97,104,19,7,14,84.52
PERF_EMP0308_202608,EMP0308,2026-08-01,105,79,94,15,5,5,88.87
PERF_EMP0308_202609,EMP0308,2026-09-01,125,95,92,19,8,11,84.56
PERF_EMP0309_202510,EMP0309,2025-10-01,100,89,97,17,8,17,97.15
PERF_EMP0309_202511,EMP0309,2025-11-01,117,75,137,27,7,9,88.67
PERF_EMP0309_202512,EMP0309,2025-12-01,143,125,85,24,10,12,95.53
PERF_EMP0309_202601,EMP0309,2026-01-01,166,98,155,19,11,17,74.88
PERF_EMP0309_202602,EMP0309,2026-02-01,127,98,54,20,12,6,78.71
PERF_EMP0309_202603,EMP0309,2026-03-01,110,96,75,4,6,14,100.0
PERF_EMP0309_202604,EMP0309,2026-04-01,109,96,108,29,15,13,90.95
PERF_EMP0309_202605,EMP0309,2026-05-01,102,95,70,27,2,22,94.83
PERF_EMP0309_202606,EMP0309,2026-06-01,142,138,85,24,8,12,93.48
PERF_EMP0309_202607,EMP0309,2026-07-01,130,118,111,18,18,11,90.67
PERF_EMP0309_202608,EMP0309,2026-08-01,153,130,136,26,2,11,100.0
PERF_EMP0309_202609,EMP0309,2026-09-01,129,111,27,9,7,9,81.88
PERF_EMP0310_202510,EMP0310,2025-10-01,152,151,143,19,8,10,100.0
PERF_EMP0310_202511,EMP0310,2025-11-01,139,137,71,22,11,13,93.01
PERF_EMP0310_202512,EMP0310,2025-12-01,124,87,92,15,19,14,88.38
PERF_EMP0310_202601,EMP0310,2026-01-01,100,108,60,14,8,7,96.41
PERF_EMP0310_202602,EMP0310,2026-02-01,100,92,100,18,11,20,98.07
PERF_EMP0310_202603,EMP0310,2026-03-01,102,70,128,3,6,10,86.56
PERF_EMP0310_202604,EMP0310,2026-04-01,148,104,105,20,4,17,79.63
PERF_EMP0310_202605,EMP0310,2026-05-01,124,108,65,10,7,6,78.0
PERF_EMP0310_202606,EMP0310,2026-06-01,130,116,107,14,17,18,100.0
PERF_EMP0310_202607,EMP0310,2026-07-01,117,104,108,10,10,11,92.82
PERF_EMP0310_202608,EMP0310,2026-08-01,125,114,146,23,0,6,98.8
PERF_EMP0310_202609,EMP0310,2026-09-01,116,101,135,20,15,19,100.0
PERF_EMP0311_202510,EMP0311,2025-10-01,131,131,139,12,11,6,96.58
PERF_EMP0311_202511,EMP0311,2025-11-01,100,81,149,20,7,16,85.96
PERF_EMP0311_202512,EMP0311,2025-12-01,108,112,111,34,13,8,100.0
PERF_EMP0311_202601,EMP0311,2026-01-01,107,98,121,14,10,22,100.0
PERF_EMP0311_202602,EMP0311,2026-02-01,127,123,110,14,12,22,99.16
PERF_EMP0311_202603,EMP0311,2026-03-01,103,83,131,18,2,8,91.37
PERF_EMP0311_202604,EMP0311,2026-04-01,136,88,94,23,10,20,87.12
PERF_EMP0311_202605,EMP0311,2026-05-01,108,114,68,15,13,19,100.0
PERF_EMP0311_202606,EMP0311,2026-06-01,126,144,149,21,17,15,100.0
PERF_EMP0311_202607,EMP0311,2026-07-01,109,110,110,19,12,11,100.0
PERF_EMP0311_202608,EMP0311,2026-08-01,108,91,100,23,0,9,95.4
PERF_EMP0311_202609,EMP0311,2026-09-01,128,93,95,18,9,10,85.21
PERF_EMP0312_202510,EMP0312,2025-10-01,121,124,126,11,8,13,100.0
PERF_EMP0312_202511,EMP0312,2025-11-01,102,88,146,18,22,24,84.03
PERF_EMP0312_202512,EMP0312,2025-12-01,154,112,105,16,16,23,85.16
PERF_EMP0312_202601,EMP0312,2026-01-01,133,103,131,27,7,5,85.28
PERF_EMP0312_202602,EMP0312,2026-02-01,108,97,102,18,13,8,95.4
PERF_EMP0312_202603,EMP0312,2026-03-01,127,122,132,16,6,16,86.97
PERF_EMP0312_202604,EMP0312,2026-04-01,102,87,118,17,8,24,93.4
PERF_EMP0312_202605,EMP0312,2026-05-01,159,119,152,14,7,20,86.63
PERF_EMP0312_202606,EMP0312,2026-06-01,134,118,105,24,16,10,100.0
PERF_EMP0312_202607,EMP0312,2026-07-01,105,87,108,17,11,1,91.14
PERF_EMP0312_202608,EMP0312,2026-08-01,128,112,127,25,3,17,90.8
PERF_EMP0312_202609,EMP0312,2026-09-01,124,82,62,15,18,13,81.67
PERF_EMP0313_202510,EMP0313,2025-10-01,100,113,99,15,11,21,100.0
PERF_EMP0313_202511,EMP0313,2025-11-01,100,105,101,8,9,15,100.0
PERF_EMP0313_202512,EMP0313,2025-12-01,100,105,141,19,4,19,100.0
PERF_EMP0313_202601,EMP0313,2026-01-01,162,164,148,27,13,14,100.0
PERF_EMP0313_202602,EMP0313,2026-02-01,129,133,113,24,11,14,100.0
PERF_EMP0313_202603,EMP0313,2026-03-01,100,110,109,33,13,17,100.0
PERF_EMP0313_202604,EMP0313,2026-04-01,100,83,109,17,6,15,93.84
PERF_EMP0313_202605,EMP0313,2026-05-01,130,109,131,25,0,20,100.0
PERF_EMP0313_202606,EMP0313,2026-06-01,101,127,66,16,15,23,96.69
PERF_EMP0313_202607,EMP0313,2026-07-01,100,75,115,13,10,11,88.65
PERF_EMP0313_202608,EMP0313,2026-08-01,100,91,121,19,15,13,93.19
PERF_EMP0313_202609,EMP0313,2026-09-01,121,111,161,17,18,21,95.93
PERF_EMP0314_202510,EMP0314,2025-10-01,112,105,115,18,12,14,96.99
PERF_EMP0314_202511,EMP0314,2025-11-01,103,91,100,11,11,13,96.96
PERF_EMP0314_202512,EMP0314,2025-12-01,100,90,85,19,14,8,89.49
PERF_EMP0314_202601,EMP0314,2026-01-01,107,87,95,14,17,8,88.61
PERF_EMP0314_202602,EMP0314,2026-02-01,109,119,87,21,11,3,96.29
PERF_EMP0314_202603,EMP0314,2026-03-01,128,133,128,16,5,15,92.71
PERF_EMP0314_202604,EMP0314,2026-04-01,126,96,110,11,13,20,89.64
PERF_EMP0314_202605,EMP0314,2026-05-01,116,101,75,22,11,8,95.36
PERF_EMP0314_202606,EMP0314,2026-06-01,111,92,145,12,12,9,88.5
PERF_EMP0314_202607,EMP0314,2026-07-01,128,98,92,6,18,14,88.21
PERF_EMP0314_202608,EMP0314,2026-08-01,131,109,98,25,10,11,84.71
PERF_EMP0314_202609,EMP0314,2026-09-01,151,138,156,21,10,9,94.51
PERF_EMP0315_202510,EMP0315,2025-10-01,106,105,60,14,0,13,95.01
PERF_EMP0315_202511,EMP0315,2025-11-01,139,104,78,15,0,11,73.38
PERF_EMP0315_202512,EMP0315,2025-12-01,130,88,89,11,16,11,84.92
PERF_EMP0315_202601,EMP0315,2026-01-01,118,99,85,20,10,16,89.65
PERF_EMP0315_202602,EMP0315,2026-02-01,100,60,93,6,7,2,86.44
PERF_EMP0315_202603,EMP0315,2026-03-01,102,87,72,4,7,11,85.73
PERF_EMP0315_202604,EMP0315,2026-04-01,106,88,49,23,8,14,97.8
PERF_EMP0315_202605,EMP0315,2026-05-01,109,67,91,25,10,24,83.78
PERF_EMP0315_202606,EMP0315,2026-06-01,119,93,45,17,8,6,82.8
PERF_EMP0315_202607,EMP0315,2026-07-01,104,59,102,20,4,13,84.3
PERF_EMP0315_202608,EMP0315,2026-08-01,116,64,101,0,2,11,74.61
PERF_EMP0315_202609,EMP0315,2026-09-01,100,89,79,31,13,18,83.78
PERF_EMP0316_202510,EMP0316,2025-10-01,103,87,111,12,3,11,96.75
PERF_EMP0316_202511,EMP0316,2025-11-01,129,119,80,27,16,21,96.05
PERF_EMP0316_202512,EMP0316,2025-12-01,100,75,115,15,7,23,93.81
PERF_EMP0316_202601,EMP0316,2026-01-01,127,115,150,19,17,17,95.16
PERF_EMP0316_202602,EMP0316,2026-02-01,130,109,76,17,13,4,96.92
PERF_EMP0316_202603,EMP0316,2026-03-01,102,75,76,7,10,20,87.85
PERF_EMP0316_202604,EMP0316,2026-04-01,129,137,112,29,10,15,100.0
PERF_EMP0316_202605,EMP0316,2026-05-01,100,90,129,21,13,28,98.9
PERF_EMP0316_202606,EMP0316,2026-06-01,120,89,68,27,5,13,78.36
PERF_EMP0316_202607,EMP0316,2026-07-01,102,82,133,19,3,14,91.41
PERF_EMP0316_202608,EMP0316,2026-08-01,106,75,102,27,4,10,80.24
PERF_EMP0316_202609,EMP0316,2026-09-01,100,82,148,18,8,9,88.24
PERF_EMP0317_202510,EMP0317,2025-10-01,112,97,91,21,10,22,93.06
PERF_EMP0317_202511,EMP0317,2025-11-01,131,121,176,11,12,18,93.92
PERF_EMP0317_202512,EMP0317,2025-12-01,124,134,148,20,10,16,100.0
PERF_EMP0317_202601,EMP0317,2026-01-01,131,148,119,30,17,11,99.63
PERF_EMP0317_202602,EMP0317,2026-02-01,124,155,116,23,15,15,100.0
PERF_EMP0317_202603,EMP0317,2026-03-01,111,113,121,22,11,16,100.0
PERF_EMP0317_202604,EMP0317,2026-04-01,136,100,121,18,4,22,86.25
PERF_EMP0317_202605,EMP0317,2026-05-01,149,160,179,28,21,18,99.2
PERF_EMP0317_202606,EMP0317,2026-06-01,124,135,132,17,4,11,100.0
PERF_EMP0317_202607,EMP0317,2026-07-01,119,119,147,12,8,19,92.86
PERF_EMP0317_202608,EMP0317,2026-08-01,109,110,122,17,12,22,100.0
PERF_EMP0317_202609,EMP0317,2026-09-01,111,124,159,21,9,8,100.0
PERF_EMP0318_202510,EMP0318,2025-10-01,104,59,100,24,6,16,74.58
PERF_EMP0318_202511,EMP0318,2025-11-01,105,88,112,22,7,6,85.25
PERF_EMP0318_202512,EMP0318,2025-12-01,100,107,176,19,8,22,100.0
PERF_EMP0318_202601,EMP0318,2026-01-01,111,102,109,8,0,16,94.73
PERF_EMP0318_202602,EMP0318,2026-02-01,118,123,139,13,6,12,100.0
PERF_EMP0318_202603,EMP0318,2026-03-01,135,144,111,16,8,9,100.0
PERF_EMP0318_202604,EMP0318,2026-04-01,115,84,149,13,13,7,92.24
PERF_EMP0318_202605,EMP0318,2026-05-01,100,72,74,9,22,16,74.04
PERF_EMP0318_202606,EMP0318,2026-06-01,121,107,91,29,5,19,95.96
PERF_EMP0318_202607,EMP0318,2026-07-01,156,155,132,7,13,15,100.0
PERF_EMP0318_202608,EMP0318,2026-08-01,113,95,95,16,6,13,83.59
PERF_EMP0318_202609,EMP0318,2026-09-01,131,140,116,6,10,14,100.0
PERF_EMP0319_202510,EMP0319,2025-10-01,166,163,101,27,8,17,95.01
PERF_EMP0319_202511,EMP0319,2025-11-01,123,94,144,28,6,4,88.46
PERF_EMP0319_202512,EMP0319,2025-12-01,138,82,136,18,6,3,74.73
PERF_EMP0319_202601,EMP0319,2026-01-01,107,126,101,16,4,16,100.0
PERF_EMP0319_202602,EMP0319,2026-02-01,102,72,112,26,9,5,87.73
PERF_EMP0319_202603,EMP0319,2026-03-01,127,112,96,20,13,18,90.92
PERF_EMP0319_202604,EMP0319,2026-04-01,118,92,118,15,9,5,98.16
PERF_EMP0319_202605,EMP0319,2026-05-01,112,85,115,10,11,12,93.12
PERF_EMP0319_202606,EMP0319,2026-06-01,114,93,141,19,10,20,85.91
PERF_EMP0319_202607,EMP0319,2026-07-01,121,104,92,28,13,11,93.55
PERF_EMP0319_202608,EMP0319,2026-08-01,124,94,99,10,10,9,87.6
PERF_EMP0319_202609,EMP0319,2026-09-01,123,116,152,17,9,7,100.0
PERF_EMP0320_202510,EMP0320,2025-10-01,118,126,150,20,11,14,97.52
PERF_EMP0320_202511,EMP0320,2025-11-01,113,116,88,20,11,14,100.0
PERF_EMP0320_202512,EMP0320,2025-12-01,100,86,125,26,14,9,97.8
PERF_EMP0320_202601,EMP0320,2026-01-01,101,101,97,17,17,10,100.0
PERF_EMP0320_202602,EMP0320,2026-02-01,139,123,137,11,22,11,94.13
PERF_EMP0320_202603,EMP0320,2026-03-01,112,107,135,12,2,10,100.0
PERF_EMP0320_202604,EMP0320,2026-04-01,106,114,131,15,10,9,99.62
PERF_EMP0320_202605,EMP0320,2026-05-01,120,129,126,10,8,8,100.0
PERF_EMP0320_202606,EMP0320,2026-06-01,119,149,129,15,14,20,100.0
PERF_EMP0320_202607,EMP0320,2026-07-01,100,93,114,16,12,22,98.73
PERF_EMP0320_202608,EMP0320,2026-08-01,132,126,135,24,12,25,95.72
PERF_EMP0320_202609,EMP0320,2026-09-01,124,111,96,26,11,17,96.08
PERF_EMP0321_202510,EMP0321,2025-10-01,126,128,139,17,8,28,100.0
PERF_EMP0321_202511,EMP0321,2025-11-01,114,88,128,21,16,14,96.35
PERF_EMP0321_202512,EMP0321,2025-12-01,120,117,98,28,11,10,98.64
PERF_EMP0321_202601,EMP0321,2026-01-01,127,105,141,26,9,29,92.07
PERF_EMP0321_202602,EMP0321,2026-02-01,101,102,116,24,3,11,98.41
PERF_EMP0321_202603,EMP0321,2026-03-01,115,98,120,34,10,18,86.79
PERF_EMP0321_202604,EMP0321,2026-04-01,110,92,114,3,10,15,91.77
PERF_EMP0321_202605,EMP0321,2026-05-01,142,82,90,19,10,10,74.48
PERF_EMP0321_202606,EMP0321,2026-06-01,142,125,107,18,11,14,88.07
PERF_EMP0321_202607,EMP0321,2026-07-01,107,111,97,20,9,15,99.71
PERF_EMP0321_202608,EMP0321,2026-08-01,130,106,117,19,6,20,93.55
PERF_EMP0321_202609,EMP0321,2026-09-01,140,142,165,14,4,13,100.0
PERF_EMP0322_202510,EMP0322,2025-10-01,133,119,95,10,2,5,84.77
PERF_EMP0322_202511,EMP0322,2025-11-01,107,96,89,15,6,19,94.6
PERF_EMP0322_202512,EMP0322,2025-12-01,117,106,121,16,17,15,99.18
PERF_EMP0322_202601,EMP0322,2026-01-01,129,94,114,19,15,11,88.34
PERF_EMP0322_202602,EMP0322,2026-02-01,109,94,154,17,12,14,93.21
PERF_EMP0322_202603,EMP0322,2026-03-01,133,101,135,12,16,11,86.4
PERF_EMP0322_202604,EMP0322,2026-04-01,109,114,100,19,11,23,100.0
PERF_EMP0322_202605,EMP0322,2026-05-01,118,114,42,19,8,14,83.24
PERF_EMP0322_202606,EMP0322,2026-06-01,123,103,125,18,13,19,98.84
PERF_EMP0322_202607,EMP0322,2026-07-01,140,119,49,29,5,11,90.51
PERF_EMP0322_202608,EMP0322,2026-08-01,134,110,107,9,5,12,94.59
PERF_EMP0322_202609,EMP0322,2026-09-01,136,124,77,13,0,11,86.78
PERF_EMP0323_202510,EMP0323,2025-10-01,100,99,116,23,4,13,100.0
PERF_EMP0323_202511,EMP0323,2025-11-01,100,107,189,20,10,27,100.0
PERF_EMP0323_202512,EMP0323,2025-12-01,152,151,86,24,3,19,98.51
PERF_EMP0323_202601,EMP0323,2026-01-01,100,79,92,21,10,16,91.12
PERF_EMP0323_202602,EMP0323,2026-02-01,100,86,135,31,11,21,98.06
PERF_EMP0323_202603,EMP0323,2026-03-01,100,104,122,21,12,16,100.0
PERF_EMP0323_202604,EMP0323,2026-04-01,118,124,149,1,13,14,100.0
PERF_EMP0323_202605,EMP0323,2026-05-01,126,103,100,20,18,11,88.47
PERF_EMP0323_202606,EMP0323,2026-06-01,154,80,168,18,12,28,77.17
PERF_EMP0323_202607,EMP0323,2026-07-01,136,112,80,11,16,9,79.87
PERF_EMP0323_202608,EMP0323,2026-08-01,116,109,136,28,14,14,95.0
PERF_EMP0323_202609,EMP0323,2026-09-01,129,114,149,8,19,3,88.6
PERF_EMP0324_202510,EMP0324,2025-10-01,129,116,71,25,5,30,95.74
PERF_EMP0324_202511,EMP0324,2025-11-01,113,104,67,37,10,7,90.9
PERF_EMP0324_202512,EMP0324,2025-12-01,100,99,78,25,14,9,96.98
PERF_EMP0324_202601,EMP0324,2026-01-01,100,98,99,27,13,26,98.9
PERF_EMP0324_202602,EMP0324,2026-02-01,100,91,73,21,8,17,86.91
PERF_EMP0324_202603,EMP0324,2026-03-01,119,102,89,16,7,20,96.27
PERF_EMP0324_202604,EMP0324,2026-04-01,109,94,123,29,9,9,100.0
PERF_EMP0324_202605,EMP0324,2026-05-01,100,89,133,27,8,15,100.0
PERF_EMP0324_202606,EMP0324,2026-06-01,111,75,73,19,18,8,77.21
PERF_EMP0324_202607,EMP0324,2026-07-01,144,133,152,14,9,17,93.73
PERF_EMP0324_202608,EMP0324,2026-08-01,128,110,73,22,16,10,96.85
PERF_EMP0324_202609,EMP0324,2026-09-01,114,100,53,13,7,25,87.96
PERF_EMP0325_202510,EMP0325,2025-10-01,109,85,116,7,4,7,85.24
PERF_EMP0325_202511,EMP0325,2025-11-01,108,106,111,18,6,0,99.13
PERF_EMP0325_202512,EMP0325,2025-12-01,139,119,81,10,3,19,92.93
PERF_EMP0325_202601,EMP0325,2026-01-01,122,99,104,27,11,12,93.91
PERF_EMP0325_202602,EMP0325,2026-02-01,124,99,90,15,19,1,90.5
PERF_EMP0325_202603,EMP0325,2026-03-01,129,119,93,16,8,19,94.75
PERF_EMP0325_202604,EMP0325,2026-04-01,113,124,121,25,14,10,100.0
PERF_EMP0325_202605,EMP0325,2026-05-01,129,99,85,31,8,1,82.43
PERF_EMP0325_202606,EMP0325,2026-06-01,100,105,110,13,3,14,100.0
PERF_EMP0325_202607,EMP0325,2026-07-01,108,106,102,8,12,16,93.76
PERF_EMP0325_202608,EMP0325,2026-08-01,111,124,104,2,2,16,93.92
PERF_EMP0325_202609,EMP0325,2026-09-01,151,155,72,11,11,17,100.0
PERF_EMP0326_202510,EMP0326,2025-10-01,111,132,129,0,19,16,100.0
PERF_EMP0326_202511,EMP0326,2025-11-01,145,135,89,30,15,5,84.59
PERF_EMP0326_202512,EMP0326,2025-12-01,125,125,97,18,12,21,89.7
PERF_EMP0326_202601,EMP0326,2026-01-01,114,112,77,14,20,12,99.62
PERF_EMP0326_202602,EMP0326,2026-02-01,108,118,112,30,13,13,100.0
PERF_EMP0326_202603,EMP0326,2026-03-01,100,93,128,20,15,10,100.0
PERF_EMP0326_202604,EMP0326,2026-04-01,108,79,103,16,5,11,84.62
PERF_EMP0326_202605,EMP0326,2026-05-01,137,109,86,7,6,19,84.0
PERF_EMP0326_202606,EMP0326,2026-06-01,143,123,79,7,4,7,93.75
PERF_EMP0326_202607,EMP0326,2026-07-01,100,100,101,14,17,15,100.0
PERF_EMP0326_202608,EMP0326,2026-08-01,132,117,122,0,0,1,93.72
PERF_EMP0326_202609,EMP0326,2026-09-01,153,151,133,3,8,25,100.0
PERF_EMP0327_202510,EMP0327,2025-10-01,137,138,108,16,12,20,97.02
PERF_EMP0327_202511,EMP0327,2025-11-01,100,85,99,21,6,20,94.65
PERF_EMP0327_202512,EMP0327,2025-12-01,100,104,80,15,8,9,99.83
PERF_EMP0327_202601,EMP0327,2026-01-01,144,91,128,20,10,9,89.32
PERF_EMP0327_202602,EMP0327,2026-02-01,105,79,95,7,14,14,84.59
PERF_EMP0327_202603,EMP0327,2026-03-01,104,70,85,16,15,18,87.88
PERF_EMP0327_202604,EMP0327,2026-04-01,150,139,45,15,9,16,87.69
PERF_EMP0327_202605,EMP0327,2026-05-01,129,140,79,12,10,4,94.2
PERF_EMP0327_202606,EMP0327,2026-06-01,112,94,100,18,4,10,95.17
PERF_EMP0327_202607,EMP0327,2026-07-01,119,137,112,22,13,13,100.0
PERF_EMP0327_202608,EMP0327,2026-08-01,123,115,107,25,4,18,98.9
PERF_EMP0327_202609,EMP0327,2026-09-01,113,102,109,27,7,20,98.73
PERF_EMP0328_202510,EMP0328,2025-10-01,128,98,102,14,10,18,87.16
PERF_EMP0328_202511,EMP0328,2025-11-01,127,103,161,8,14,21,95.13
PERF_EMP0328_202512,EMP0328,2025-12-01,135,105,119,9,1,16,90.99
PERF_EMP0328_202601,EMP0328,2026-01-01,133,94,116,0,11,13,87.46
PERF_EMP0328_202602,EMP0328,2026-02-01,133,119,112,16,13,10,93.17
PERF_EMP0328_202603,EMP0328,2026-03-01,155,109,85,11,6,13,89.22
PERF_EMP0328_202604,EMP0328,2026-04-01,122,118,78,10,14,24,91.93
PERF_EMP0328_202605,EMP0328,2026-05-01,116,98,143,12,13,8,94.45
PERF_EMP0328_202606,EMP0328,2026-06-01,109,99,81,23,12,9,89.34
PERF_EMP0328_202607,EMP0328,2026-07-01,105,84,103,28,13,5,89.69
PERF_EMP0328_202608,EMP0328,2026-08-01,133,135,89,16,7,12,92.9
PERF_EMP0328_202609,EMP0328,2026-09-01,109,99,87,15,12,15,90.76
PERF_EMP0329_202510,EMP0329,2025-10-01,116,111,114,9,0,7,100.0
PERF_EMP0329_202511,EMP0329,2025-11-01,135,94,114,14,3,21,85.63
PERF_EMP0329_202512,EMP0329,2025-12-01,100,76,86,22,18,8,86.01
PERF_EMP0329_202601,EMP0329,2026-01-01,126,115,123,17,7,12,100.0
PERF_EMP0329_202602,EMP0329,2026-02-01,143,118,135,9,12,11,84.75
PERF_EMP0329_202603,EMP0329,2026-03-01,100,87,104,9,8,10,93.45
PERF_EMP0329_202604,EMP0329,2026-04-01,113,94,111,15,15,12,89.78
PERF_EMP0329_202605,EMP0329,2026-05-01,126,90,75,20,19,19,82.05
PERF_EMP0329_202606,EMP0329,2026-06-01,117,114,134,13,8,14,100.0
PERF_EMP0329_202607,EMP0329,2026-07-01,125,106,146,33,9,14,93.64
PERF_EMP0329_202608,EMP0329,2026-08-01,123,96,137,20,9,22,89.58
PERF_EMP0329_202609,EMP0329,2026-09-01,113,112,92,22,11,9,96.19
PERF_EMP0330_202510,EMP0330,2025-10-01,108,114,110,5,0,12,100.0
PERF_EMP0330_202511,EMP0330,2025-11-01,139,130,131,21,14,0,93.06
PERF_EMP0330_202512,EMP0330,2025-12-01,100,74,104,6,7,17,81.53
PERF_EMP0330_202601,EMP0330,2026-01-01,100,92,99,20,6,16,98.53
PERF_EMP0330_202602,EMP0330,2026-02-01,100,89,122,28,16,7,96.68
PERF_EMP0330_202603,EMP0330,2026-03-01,110,91,52,6,13,9,74.83
PERF_EMP0330_202604,EMP0330,2026-04-01,111,91,98,3,2,7,93.13
PERF_EMP0330_202605,EMP0330,2026-05-01,140,101,93,36,11,12,83.24
PERF_EMP0330_202606,EMP0330,2026-06-01,117,102,64,16,9,8,85.28
PERF_EMP0330_202607,EMP0330,2026-07-01,100,64,100,15,10,6,87.62
PERF_EMP0330_202608,EMP0330,2026-08-01,119,107,53,14,6,8,84.54
PERF_EMP0330_202609,EMP0330,2026-09-01,131,104,93,23,12,16,79.79
PERF_EMP0331_202510,EMP0331,2025-10-01,100,82,90,7,5,13,84.44
PERF_EMP0331_202511,EMP0331,2025-11-01,106,96,87,12,6,11,100.0
PERF_EMP0331_202512,EMP0331,2025-12-01,126,110,106,5,0,13,91.31
PERF_EMP0331_202601,EMP0331,2026-01-01,132,105,103,17,5,6,83.26
PERF_EMP0331_202602,EMP0331,2026-02-01,116,74,127,19,15,9,87.43
PERF_EMP0331_202603,EMP0331,2026-03-01,113,75,109,8,6,12,82.85
PERF_EMP0331_202604,EMP0331,2026-04-01,128,91,93,17,16,22,82.48
PERF_EMP0331_202605,EMP0331,2026-05-01,105,102,125,26,18,0,90.38
PERF_EMP0331_202606,EMP0331,2026-06-01,113,90,84,16,8,10,90.59
PERF_EMP0331_202607,EMP0331,2026-07-01,119,115,97,25,3,17,95.56
PERF_EMP0331_202608,EMP0331,2026-08-01,116,93,131,0,8,11,92.32
PERF_EMP0331_202609,EMP0331,2026-09-01,103,100,106,8,7,12,88.92
PERF_EMP0332_202510,EMP0332,2025-10-01,106,96,73,14,11,8,100.0
PERF_EMP0332_202511,EMP0332,2025-11-01,105,90,88,23,1,11,86.49
PERF_EMP0332_202512,EMP0332,2025-12-01,100,106,96,1,12,10,93.57
PERF_EMP0332_202601,EMP0332,2026-01-01,100,75,114,4,7,18,94.62
PERF_EMP0332_202602,EMP0332,2026-02-01,100,87,145,3,22,14,89.2
PERF_EMP0332_202603,EMP0332,2026-03-01,127,119,120,23,2,17,97.85
PERF_EMP0332_202604,EMP0332,2026-04-01,109,100,97,12,7,20,96.59
PERF_EMP0332_202605,EMP0332,2026-05-01,121,85,99,14,10,18,80.06
PERF_EMP0332_202606,EMP0332,2026-06-01,100,87,98,4,14,10,89.67
PERF_EMP0332_202607,EMP0332,2026-07-01,112,89,70,24,16,14,83.32
PERF_EMP0332_202608,EMP0332,2026-08-01,119,112,103,7,7,18,97.11
PERF_EMP0332_202609,EMP0332,2026-09-01,151,112,122,26,14,7,95.29
PERF_EMP0333_202510,EMP0333,2025-10-01,126,114,124,15,3,5,99.84
PERF_EMP0333_202511,EMP0333,2025-11-01,134,98,58,19,7,20,76.78
PERF_EMP0333_202512,EMP0333,2025-12-01,117,53,121,17,7,2,84.01
PERF_EMP0333_202601,EMP0333,2026-01-01,106,98,64,17,12,12,81.64
PERF_EMP0333_202602,EMP0333,2026-02-01,100,100,129,15,10,4,100.0
PERF_EMP0333_202603,EMP0333,2026-03-01,100,64,93,6,7,16,88.15
PERF_EMP0333_202604,EMP0333,2026-04-01,103,75,89,8,11,10,84.56
PERF_EMP0333_202605,EMP0333,2026-05-01,124,103,49,15,6,25,78.07
PERF_EMP0333_202606,EMP0333,2026-06-01,100,86,99,18,13,0,86.01
PERF_EMP0333_202607,EMP0333,2026-07-01,100,93,132,14,2,16,98.79
PERF_EMP0333_202608,EMP0333,2026-08-01,125,116,88,23,11,12,97.81
PERF_EMP0333_202609,EMP0333,2026-09-01,152,133,134,18,8,18,97.38
PERF_EMP0334_202510,EMP0334,2025-10-01,112,81,109,9,5,16,97.47
PERF_EMP0334_202511,EMP0334,2025-11-01,117,84,101,13,12,17,85.89
PERF_EMP0334_202512,EMP0334,2025-12-01,102,114,81,14,15,12,100.0
PERF_EMP0334_202601,EMP0334,2026-01-01,100,90,130,27,6,12,94.82
PERF_EMP0334_202602,EMP0334,2026-02-01,119,97,134,28,8,15,98.97
PERF_EMP0334_202603,EMP0334,2026-03-01,154,144,138,7,4,9,92.18
PERF_EMP0334_202604,EMP0334,2026-04-01,100,86,139,26,11,21,97.92
PERF_EMP0334_202605,EMP0334,2026-05-01,138,134,74,36,13,13,96.49
PERF_EMP0334_202606,EMP0334,2026-06-01,103,78,58,16,3,15,80.31
PERF_EMP0334_202607,EMP0334,2026-07-01,103,88,111,22,11,26,94.83
PERF_EMP0334_202608,EMP0334,2026-08-01,111,95,198,30,6,19,95.91
PERF_EMP0334_202609,EMP0334,2026-09-01,139,152,94,17,10,24,100.0
PERF_EMP0335_202510,EMP0335,2025-10-01,142,93,90,24,10,8,77.45
PERF_EMP0335_202511,EMP0335,2025-11-01,116,128,67,10,2,9,100.0
PERF_EMP0335_202512,EMP0335,2025-12-01,104,78,98,16,6,15,96.06
PERF_EMP0335_202601,EMP0335,2026-01-01,110,102,119,12,10,16,94.93
PERF_EMP0335_202602,EMP0335,2026-02-01,114,98,107,6,6,19,94.98
PERF_EMP0335_202603,EMP0335,2026-03-01,114,90,123,7,10,8,97.89
PERF_EMP0335_202604,EMP0335,2026-04-01,137,98,55,7,9,2,77.08
PERF_EMP0335_202605,EMP0335,2026-05-01,100,48,109,21,3,7,83.27
PERF_EMP0335_202606,EMP0335,2026-06-01,109,82,104,22,10,15,97.31
PERF_EMP0335_202607,EMP0335,2026-07-01,131,97,59,19,11,10,84.04
PERF_EMP0335_202608,EMP0335,2026-08-01,117,102,119,14,10,9,99.32
PERF_EMP0335_202609,EMP0335,2026-09-01,131,105,105,16,12,18,87.01
PERF_EMP0336_202510,EMP0336,2025-10-01,153,78,40,23,10,17,67.98
PERF_EMP0336_202511,EMP0336,2025-11-01,118,82,46,10,3,8,77.3
PERF_EMP0336_202512,EMP0336,2025-12-01,118,112,122,4,4,20,95.64
PERF_EMP0336_202601,EMP0336,2026-01-01,127,106,103,17,9,13,79.44
PERF_EMP0336_202602,EMP0336,2026-02-01,100,82,95,18,14,12,82.46
PERF_EMP0336_202603,EMP0336,2026-03-01,145,93,82,17,4,4,87.52
PERF_EMP0336_202604,EMP0336,2026-04-01,107,107,119,15,1,12,100.0
PERF_EMP0336_202605,EMP0336,2026-05-01,100,70,92,6,0,25,82.54
PERF_EMP0336_202606,EMP0336,2026-06-01,106,100,76,16,8,15,90.65
PERF_EMP0336_202607,EMP0336,2026-07-01,113,114,128,26,5,21,100.0
PERF_EMP0336_202608,EMP0336,2026-08-01,132,122,80,24,11,4,89.78
PERF_EMP0336_202609,EMP0336,2026-09-01,109,64,135,22,10,19,87.9
PERF_EMP0337_202510,EMP0337,2025-10-01,111,112,147,25,14,9,100.0
PERF_EMP0337_202511,EMP0337,2025-11-01,127,119,115,27,10,12,97.99
PERF_EMP0337_202512,EMP0337,2025-12-01,126,115,80,0,12,9,95.53
PERF_EMP0337_202601,EMP0337,2026-01-01,100,104,112,18,13,20,100.0
PERF_EMP0337_202602,EMP0337,2026-02-01,122,107,178,21,13,10,88.3
PERF_EMP0337_202603,EMP0337,2026-03-01,100,109,167,19,20,11,100.0
PERF_EMP0337_202604,EMP0337,2026-04-01,121,126,154,15,10,18,100.0
PERF_EMP0337_202605,EMP0337,2026-05-01,129,117,205,24,21,11,96.14
PERF_EMP0337_202606,EMP0337,2026-06-01,116,121,165,29,20,19,100.0
PERF_EMP0337_202607,EMP0337,2026-07-01,126,136,177,7,3,27,100.0
PERF_EMP0337_202608,EMP0337,2026-08-01,121,135,118,14,12,12,100.0
PERF_EMP0337_202609,EMP0337,2026-09-01,112,123,108,16,14,12,100.0
PERF_EMP0338_202510,EMP0338,2025-10-01,121,97,48,28,11,5,80.72
PERF_EMP0338_202511,EMP0338,2025-11-01,117,82,102,10,13,13,80.79
PERF_EMP0338_202512,EMP0338,2025-12-01,142,104,126,26,11,12,94.46
PERF_EMP0338_202601,EMP0338,2026-01-01,115,51,85,13,10,16,75.51
PERF_EMP0338_202602,EMP0338,2026-02-01,136,114,103,13,9,9,94.05
PERF_EMP0338_202603,EMP0338,2026-03-01,109,106,115,10,8,20,100.0
PERF_EMP0338_202604,EMP0338,2026-04-01,100,72,73,21,9,15,73.26
PERF_EMP0338_202605,EMP0338,2026-05-01,129,112,75,26,4,9,79.79
PERF_EMP0338_202606,EMP0338,2026-06-01,107,84,99,13,10,2,83.1
PERF_EMP0338_202607,EMP0338,2026-07-01,106,89,77,19,4,6,91.63
PERF_EMP0338_202608,EMP0338,2026-08-01,100,77,102,15,12,18,85.98
PERF_EMP0338_202609,EMP0338,2026-09-01,120,111,97,18,2,14,89.99
PERF_EMP0339_202510,EMP0339,2025-10-01,139,97,29,16,4,7,79.3
PERF_EMP0339_202511,EMP0339,2025-11-01,139,103,66,11,0,18,84.4
PERF_EMP0339_202512,EMP0339,2025-12-01,143,74,48,6,5,8,62.63
PERF_EMP0339_202601,EMP0339,2026-01-01,105,52,99,10,1,0,72.45
PERF_EMP0339_202602,EMP0339,2026-02-01,123,58,55,16,3,19,76.92
PERF_EMP0339_202603,EMP0339,2026-03-01,103,77,47,14,5,2,79.92
PERF_EMP0339_202604,EMP0339,2026-04-01,145,92,65,2,5,12,76.37
PERF_EMP0339_202605,EMP0339,2026-05-01,105,97,85,6,0,15,97.08
PERF_EMP0339_202606,EMP0339,2026-06-01,114,85,73,24,7,2,85.9
PERF_EMP0339_202607,EMP0339,2026-07-01,150,103,65,10,5,15,80.57
PERF_EMP0339_202608,EMP0339,2026-08-01,121,79,72,20,4,11,76.63
PERF_EMP0339_202609,EMP0339,2026-09-01,161,138,121,7,13,6,97.25
PERF_EMP0340_202510,EMP0340,2025-10-01,136,99,130,9,15,16,87.5
PERF_EMP0340_202511,EMP0340,2025-11-01,109,114,128,29,17,22,99.17
PERF_EMP0340_202512,EMP0340,2025-12-01,112,111,134,33,9,12,99.5
PERF_EMP0340_202601,EMP0340,2026-01-01,134,147,125,26,18,14,100.0
PERF_EMP0340_202602,EMP0340,2026-02-01,140,134,149,39,9,15,100.0
PERF_EMP0340_202603,EMP0340,2026-03-01,118,89,196,30,6,21,93.81
PERF_EMP0340_202604,EMP0340,2026-04-01,110,85,97,27,8,23,88.17
PERF_EMP0340_202605,EMP0340,2026-05-01,108,91,107,18,14,14,86.49
PERF_EMP0340_202606,EMP0340,2026-06-01,134,144,127,15,10,12,89.98
PERF_EMP0340_202607,EMP0340,2026-07-01,137,130,131,25,8,10,100.0
PERF_EMP0340_202608,EMP0340,2026-08-01,129,132,101,16,10,17,100.0
PERF_EMP0340_202609,EMP0340,2026-09-01,138,135,145,24,12,11,100.0
PERF_EMP0341_202510,EMP0341,2025-10-01,139,162,136,8,12,20,100.0
PERF_EMP0341_202511,EMP0341,2025-11-01,112,106,134,22,8,8,99.97
PERF_EMP0341_202512,EMP0341,2025-12-01,107,100,124,7,13,15,84.05
PERF_EMP0341_202601,EMP0341,2026-01-01,100,116,132,24,7,18,100.0
PERF_EMP0341_202602,EMP0341,2026-02-01,106,99,105,8,15,16,94.38
PERF_EMP0341_202603,EMP0341,2026-03-01,143,104,146,16,13,12,80.56
PERF_EMP0341_202604,EMP0341,2026-04-01,142,120,136,16,4,16,91.56
PERF_EMP0341_202605,EMP0341,2026-05-01,135,124,139,13,17,19,100.0
PERF_EMP0341_202606,EMP0341,2026-06-01,132,166,131,20,12,22,100.0
PERF_EMP0341_202607,EMP0341,2026-07-01,116,125,86,21,12,14,98.95
PERF_EMP0341_202608,EMP0341,2026-08-01,100,105,69,32,7,13,94.1
PERF_EMP0341_202609,EMP0341,2026-09-01,113,128,102,32,13,6,99.23
PERF_EMP0342_202510,EMP0342,2025-10-01,101,71,125,23,13,12,88.05
PERF_EMP0342_202511,EMP0342,2025-11-01,119,87,94,32,10,6,92.52
PERF_EMP0342_202512,EMP0342,2025-12-01,154,74,114,25,1,8,76.76
PERF_EMP0342_202601,EMP0342,2026-01-01,135,137,131,23,18,24,100.0
PERF_EMP0342_202602,EMP0342,2026-02-01,130,101,161,12,5,15,92.49
PERF_EMP0342_202603,EMP0342,2026-03-01,142,124,93,25,6,4,84.95
PERF_EMP0342_202604,EMP0342,2026-04-01,114,101,120,15,5,13,92.76
PERF_EMP0342_202605,EMP0342,2026-05-01,110,81,82,16,8,15,80.16
PERF_EMP0342_202606,EMP0342,2026-06-01,141,126,101,13,7,20,87.95
PERF_EMP0342_202607,EMP0342,2026-07-01,121,110,68,25,1,17,85.97
PERF_EMP0342_202608,EMP0342,2026-08-01,133,155,83,0,0,11,100.0
PERF_EMP0342_202609,EMP0342,2026-09-01,108,69,101,14,13,9,82.53
PERF_EMP0343_202510,EMP0343,2025-10-01,100,102,137,18,9,7,100.0
PERF_EMP0343_202511,EMP0343,2025-11-01,135,123,120,13,11,12,98.87
PERF_EMP0343_202512,EMP0343,2025-12-01,128,146,87,13,10,15,98.89
PERF_EMP0343_202601,EMP0343,2026-01-01,100,79,107,16,23,8,93.0
PERF_EMP0343_202602,EMP0343,2026-02-01,105,91,135,19,9,21,90.87
PERF_EMP0343_202603,EMP0343,2026-03-01,100,83,134,21,11,3,96.44
PERF_EMP0343_202604,EMP0343,2026-04-01,136,123,133,21,13,26,95.97
PERF_EMP0343_202605,EMP0343,2026-05-01,128,101,101,23,6,21,84.0
PERF_EMP0343_202606,EMP0343,2026-06-01,123,108,79,25,9,18,92.28
PERF_EMP0343_202607,EMP0343,2026-07-01,127,81,125,12,3,17,80.56
PERF_EMP0343_202608,EMP0343,2026-08-01,122,74,166,4,7,13,93.29
PERF_EMP0343_202609,EMP0343,2026-09-01,139,110,91,12,6,8,83.68
PERF_EMP0344_202510,EMP0344,2025-10-01,146,127,94,14,7,4,93.65
PERF_EMP0344_202511,EMP0344,2025-11-01,100,73,124,22,4,2,78.58
PERF_EMP0344_202512,EMP0344,2025-12-01,125,104,133,15,9,3,100.0
PERF_EMP0344_202601,EMP0344,2026-01-01,156,165,67,23,9,17,97.32
PERF_EMP0344_202602,EMP0344,2026-02-01,120,133,80,6,11,8,100.0
PERF_EMP0344_202603,EMP0344,2026-03-01,132,90,112,31,6,10,85.71
PERF_EMP0344_202604,EMP0344,2026-04-01,163,114,104,21,8,19,96.12
PERF_EMP0344_202605,EMP0344,2026-05-01,150,143,102,25,9,3,93.28
PERF_EMP0344_202606,EMP0344,2026-06-01,118,91,82,16,15,12,89.36
PERF_EMP0344_202607,EMP0344,2026-07-01,130,112,108,7,3,15,93.59
PERF_EMP0344_202608,EMP0344,2026-08-01,109,91,9,12,8,5,81.68
PERF_EMP0344_202609,EMP0344,2026-09-01,119,85,115,18,9,12,100.0
PERF_EMP0345_202510,EMP0345,2025-10-01,114,88,95,3,12,19,78.31
PERF_EMP0345_202511,EMP0345,2025-11-01,167,143,98,20,4,20,91.06
PERF_EMP0345_202512,EMP0345,2025-12-01,108,93,67,24,8,15,88.55
PERF_EMP0345_202601,EMP0345,2026-01-01,111,55,118,14,12,22,83.75
PERF_EMP0345_202602,EMP0345,2026-02-01,165,127,120,2,2,6,95.42
PERF_EMP0345_202603,EMP0345,2026-03-01,106,90,110,6,1,8,94.13
PERF_EMP0345_202604,EMP0345,2026-04-01,128,108,118,32,0,21,91.1
PERF_EMP0345_202605,EMP0345,2026-05-01,144,119,92,16,4,8,97.61
PERF_EMP0345_202606,EMP0345,2026-06-01,122,113,104,19,11,18,100.0
PERF_EMP0345_202607,EMP0345,2026-07-01,110,84,87,20,11,15,84.28
PERF_EMP0345_202608,EMP0345,2026-08-01,119,83,67,26,6,18,76.08
PERF_EMP0345_202609,EMP0345,2026-09-01,105,93,132,25,5,10,98.22
PERF_EMP0346_202510,EMP0346,2025-10-01,122,100,115,23,10,13,91.52
PERF_EMP0346_202511,EMP0346,2025-11-01,131,93,66,3,2,8,79.51
PERF_EMP0346_202512,EMP0346,2025-12-01,126,107,113,24,14,15,92.7
PERF_EMP0346_202601,EMP0346,2026-01-01,102,67,123,18,4,6,81.72
PERF_EMP0346_202602,EMP0346,2026-02-01,119,112,119,18,9,11,97.95
PERF_EMP0346_202603,EMP0346,2026-03-01,117,105,98,15,0,10,92.75
PERF_EMP0346_202604,EMP0346,2026-04-01,117,96,90,14,1,16,82.39
PERF_EMP0346_202605,EMP0346,2026-05-01,119,82,112,11,4,9,91.05
PERF_EMP0346_202606,EMP0346,2026-06-01,126,111,88,21,10,16,87.92
PERF_EMP0346_202607,EMP0346,2026-07-01,100,86,122,22,3,4,95.78
PERF_EMP0346_202608,EMP0346,2026-08-01,122,88,67,4,11,14,88.35
PERF_EMP0346_202609,EMP0346,2026-09-01,118,90,105,16,12,4,100.0
PERF_EMP0347_202510,EMP0347,2025-10-01,116,105,100,20,13,0,92.28
PERF_EMP0347_202511,EMP0347,2025-11-01,116,130,121,14,15,9,100.0
PERF_EMP0347_202512,EMP0347,2025-12-01,128,109,87,15,3,18,91.9
PERF_EMP0347_202601,EMP0347,2026-01-01,124,119,80,19,7,25,96.26
PERF_EMP0347_202602,EMP0347,2026-02-01,119,134,124,19,11,15,100.0
PERF_EMP0347_202603,EMP0347,2026-03-01,107,105,120,26,1,8,100.0
PERF_EMP0347_202604,EMP0347,2026-04-01,134,141,78,21,18,23,99.71
PERF_EMP0347_202605,EMP0347,2026-05-01,100,85,129,5,13,9,90.73
PERF_EMP0347_202606,EMP0347,2026-06-01,144,127,132,15,6,16,95.76
PERF_EMP0347_202607,EMP0347,2026-07-01,108,120,111,18,23,27,100.0
PERF_EMP0347_202608,EMP0347,2026-08-01,100,83,96,20,13,19,90.18
PERF_EMP0347_202609,EMP0347,2026-09-01,100,98,138,17,12,22,100.0
PERF_EMP0348_202510,EMP0348,2025-10-01,126,94,211,20,8,10,91.87
PERF_EMP0348_202511,EMP0348,2025-11-01,118,144,161,14,4,16,100.0
PERF_EMP0348_202512,EMP0348,2025-12-01,131,148,167,20,12,22,100.0
PERF_EMP0348_202601,EMP0348,2026-01-01,114,109,150,17,10,17,95.98
PERF_EMP0348_202602,EMP0348,2026-02-01,110,117,136,24,13,17,100.0
PERF_EMP0348_202603,EMP0348,2026-03-01,111,136,201,32,19,22,100.0
PERF_EMP0348_202604,EMP0348,2026-04-01,141,149,123,10,24,20,100.0
PERF_EMP0348_202605,EMP0348,2026-05-01,117,115,141,35,6,17,100.0
PERF_EMP0348_202606,EMP0348,2026-06-01,117,109,98,32,15,13,96.85
PERF_EMP0348_202607,EMP0348,2026-07-01,120,142,144,25,22,10,100.0
PERF_EMP0348_202608,EMP0348,2026-08-01,106,97,111,34,11,9,100.0
PERF_EMP0348_202609,EMP0348,2026-09-01,136,162,111,22,14,19,100.0
PERF_EMP0349_202510,EMP0349,2025-10-01,100,91,117,0,11,12,98.23
PERF_EMP0349_202511,EMP0349,2025-11-01,105,88,126,17,7,17,91.64
PERF_EMP0349_202512,EMP0349,2025-12-01,139,71,89,26,8,12,80.59
PERF_EMP0349_202601,EMP0349,2026-01-01,100,99,90,13,1,20,97.28
PERF_EMP0349_202602,EMP0349,2026-02-01,126,86,98,7,14,6,84.79
PERF_EMP0349_202603,EMP0349,2026-03-01,161,151,109,19,10,12,100.0
PERF_EMP0349_202604,EMP0349,2026-04-01,116,120,112,10,15,22,90.65
PERF_EMP0349_202605,EMP0349,2026-05-01,105,83,68,10,0,18,92.19
PERF_EMP0349_202606,EMP0349,2026-06-01,125,131,69,15,3,22,89.93
PERF_EMP0349_202607,EMP0349,2026-07-01,133,118,89,12,4,6,92.73
PERF_EMP0349_202608,EMP0349,2026-08-01,126,124,68,0,18,14,89.46
PERF_EMP0349_202609,EMP0349,2026-09-01,107,103,96,25,8,13,94.98
PERF_EMP0350_202510,EMP0350,2025-10-01,114,125,64,16,7,15,99.57
PERF_EMP0350_202511,EMP0350,2025-11-01,100,57,87,13,9,14,79.21
PERF_EMP0350_202512,EMP0350,2025-12-01,117,82,126,24,10,19,100.0
PERF_EMP0350_202601,EMP0350,2026-01-01,107,90,143,21,12,22,98.66
PERF_EMP0350_202602,EMP0350,2026-02-01,121,96,129,5,14,15,93.55
PERF_EMP0350_202603,EMP0350,2026-03-01,119,99,138,22,13,13,94.05
PERF_EMP0350_202604,EMP0350,2026-04-01,151,130,91,17,11,2,86.62
PERF_EMP0350_202605,EMP0350,2026-05-01,112,91,114,14,8,6,89.47
PERF_EMP0350_202606,EMP0350,2026-06-01,100,69,154,15,15,13,75.15
PERF_EMP0350_202607,EMP0350,2026-07-01,123,109,91,11,17,16,96.69
PERF_EMP0350_202608,EMP0350,2026-08-01,100,104,82,8,16,14,95.57
PERF_EMP0350_202609,EMP0350,2026-09-01,112,85,137,23,1,13,85.18
PERF_EMP0351_202510,EMP0351,2025-10-01,118,95,111,17,0,14,90.72
PERF_EMP0351_202511,EMP0351,2025-11-01,163,116,62,18,8,13,74.43
PERF_EMP0351_202512,EMP0351,2025-12-01,109,102,120,23,16,12,98.88
PERF_EMP0351_202601,EMP0351,2026-01-01,113,91,109,31,11,20,98.69
PERF_EMP0351_202602,EMP0351,2026-02-01,113,93,90,14,16,8,91.36
PERF_EMP0351_202603,EMP0351,2026-03-01,151,125,150,23,8,14,100.0
PERF_EMP0351_202604,EMP0351,2026-04-01,123,98,121,13,7,18,87.58
PERF_EMP0351_202605,EMP0351,2026-05-01,103,66,77,19,8,19,75.82
PERF_EMP0351_202606,EMP0351,2026-06-01,109,92,124,10,12,20,89.88
PERF_EMP0351_202607,EMP0351,2026-07-01,107,61,110,10,6,13,86.69
PERF_EMP0351_202608,EMP0351,2026-08-01,127,111,119,13,11,22,97.96
PERF_EMP0351_202609,EMP0351,2026-09-01,121,105,109,23,8,12,91.59
PERF_EMP0352_202510,EMP0352,2025-10-01,146,154,125,21,17,23,98.02
PERF_EMP0352_202511,EMP0352,2025-11-01,111,116,122,20,4,13,97.52
PERF_EMP0352_202512,EMP0352,2025-12-01,107,104,160,19,11,16,89.85
PERF_EMP0352_202601,EMP0352,2026-01-01,100,107,123,14,10,12,100.0
PERF_EMP0352_202602,EMP0352,2026-02-01,100,79,112,16,8,15,88.58
PERF_EMP0352_202603,EMP0352,2026-03-01,113,105,93,18,16,20,98.05
PERF_EMP0352_202604,EMP0352,2026-04-01,134,127,152,13,5,6,99.96
PERF_EMP0352_202605,EMP0352,2026-05-01,108,139,146,26,9,16,100.0
PERF_EMP0352_202606,EMP0352,2026-06-01,117,113,140,26,17,3,100.0
PERF_EMP0352_202607,EMP0352,2026-07-01,129,105,116,23,14,19,96.87
PERF_EMP0352_202608,EMP0352,2026-08-01,100,116,129,26,25,30,100.0
PERF_EMP0352_202609,EMP0352,2026-09-01,134,132,107,15,16,21,100.0
PERF_EMP0353_202510,EMP0353,2025-10-01,107,100,124,2,5,16,97.17
PERF_EMP0353_202511,EMP0353,2025-11-01,133,106,74,22,12,14,87.45
PERF_EMP0353_202512,EMP0353,2025-12-01,136,112,145,6,4,2,91.87
PERF_EMP0353_202601,EMP0353,2026-01-01,140,105,115,24,5,15,84.07
PERF_EMP0353_202602,EMP0353,2026-02-01,120,89,60,16,17,7,78.83
PERF_EMP0353_202603,EMP0353,2026-03-01,119,106,64,9,17,22,91.75
PERF_EMP0353_202604,EMP0353,2026-04-01,125,156,103,18,12,13,100.0
PERF_EMP0353_202605,EMP0353,2026-05-01,135,134,39,25,6,19,90.72
PERF_EMP0353_202606,EMP0353,2026-06-01,124,81,89,10,5,13,78.41
PERF_EMP0353_202607,EMP0353,2026-07-01,124,99,68,26,6,6,93.03
PERF_EMP0353_202608,EMP0353,2026-08-01,131,110,111,33,3,13,85.24
PERF_EMP0353_202609,EMP0353,2026-09-01,169,150,60,17,15,15,90.11
PERF_EMP0354_202510,EMP0354,2025-10-01,116,68,111,10,3,8,81.62
PERF_EMP0354_202511,EMP0354,2025-11-01,140,95,136,15,9,8,95.29
PERF_EMP0354_202512,EMP0354,2025-12-01,115,90,104,13,7,12,87.61
PERF_EMP0354_202601,EMP0354,2026-01-01,128,93,68,13,9,11,93.93
PERF_EMP0354_202602,EMP0354,2026-02-01,120,100,87,21,2,20,90.64
PERF_EMP0354_202603,EMP0354,2026-03-01,106,85,63,22,1,12,83.37
PERF_EMP0354_202604,EMP0354,2026-04-01,103,70,96,20,11,10,85.29
PERF_EMP0354_202605,EMP0354,2026-05-01,101,85,90,0,12,8,87.11
PERF_EMP0354_202606,EMP0354,2026-06-01,123,100,82,25,17,0,92.67
PERF_EMP0354_202607,EMP0354,2026-07-01,101,84,79,11,4,4,90.34
PERF_EMP0354_202608,EMP0354,2026-08-01,133,89,30,0,0,20,78.82
PERF_EMP0354_202609,EMP0354,2026-09-01,132,124,122,11,8,5,89.49
PERF_EMP0355_202510,EMP0355,2025-10-01,121,102,151,11,8,16,92.23
PERF_EMP0355_202511,EMP0355,2025-11-01,108,82,124,11,10,16,93.29
PERF_EMP0355_202512,EMP0355,2025-12-01,100,88,145,10,15,9,95.42
PERF_EMP0355_202601,EMP0355,2026-01-01,100,75,103,10,12,9,96.2
PERF_EMP0355_202602,EMP0355,2026-02-01,100,77,94,12,20,13,88.67
PERF_EMP0355_202603,EMP0355,2026-03-01,106,92,111,16,5,9,96.4
PERF_EMP0355_202604,EMP0355,2026-04-01,131,106,74,28,4,14,80.68
PERF_EMP0355_202605,EMP0355,2026-05-01,107,80,78,17,3,17,82.7
PERF_EMP0355_202606,EMP0355,2026-06-01,114,100,96,19,9,14,83.36
PERF_EMP0355_202607,EMP0355,2026-07-01,126,119,68,21,7,5,92.35
PERF_EMP0355_202608,EMP0355,2026-08-01,100,77,109,23,11,23,100.0
PERF_EMP0355_202609,EMP0355,2026-09-01,115,128,90,18,5,10,94.94
PERF_EMP0356_202510,EMP0356,2025-10-01,116,92,120,15,10,8,93.18
PERF_EMP0356_202511,EMP0356,2025-11-01,156,109,128,11,6,5,84.23
PERF_EMP0356_202512,EMP0356,2025-12-01,119,109,117,9,15,8,100.0
PERF_EMP0356_202601,EMP0356,2026-01-01,130,91,53,1,3,6,79.37
PERF_EMP0356_202602,EMP0356,2026-02-01,115,97,100,14,14,7,92.05
PERF_EMP0356_202603,EMP0356,2026-03-01,131,80,81,11,11,18,81.92
PERF_EMP0356_202604,EMP0356,2026-04-01,100,65,101,19,11,12,86.47
PERF_EMP0356_202605,EMP0356,2026-05-01,130,93,54,9,3,1,91.5
PERF_EMP0356_202606,EMP0356,2026-06-01,108,51,63,16,11,17,70.03
PERF_EMP0356_202607,EMP0356,2026-07-01,120,114,126,21,1,10,99.25
PERF_EMP0356_202608,EMP0356,2026-08-01,122,86,119,6,8,6,88.15
PERF_EMP0356_202609,EMP0356,2026-09-01,108,86,85,9,4,7,78.5
PERF_EMP0357_202510,EMP0357,2025-10-01,110,79,123,22,10,14,91.72
PERF_EMP0357_202511,EMP0357,2025-11-01,119,88,117,9,5,23,91.52
PERF_EMP0357_202512,EMP0357,2025-12-01,125,101,113,21,15,15,94.79
PERF_EMP0357_202601,EMP0357,2026-01-01,116,111,99,16,13,12,87.58
PERF_EMP0357_202602,EMP0357,2026-02-01,156,142,124,19,16,17,90.65
PERF_EMP0357_202603,EMP0357,2026-03-01,100,95,141,30,11,8,93.89
PERF_EMP0357_202604,EMP0357,2026-04-01,111,110,91,15,0,13,100.0
PERF_EMP0357_202605,EMP0357,2026-05-01,133,109,65,16,12,15,92.99
PERF_EMP0357_202606,EMP0357,2026-06-01,150,140,129,22,22,17,91.09
PERF_EMP0357_202607,EMP0357,2026-07-01,139,146,127,10,8,14,98.18
PERF_EMP0357_202608,EMP0357,2026-08-01,100,98,76,24,17,18,100.0
PERF_EMP0357_202609,EMP0357,2026-09-01,129,124,100,21,12,13,100.0
PERF_EMP0358_202510,EMP0358,2025-10-01,109,90,123,18,16,13,91.7
PERF_EMP0358_202511,EMP0358,2025-11-01,127,134,134,14,11,14,100.0
PERF_EMP0358_202512,EMP0358,2025-12-01,100,107,73,20,0,20,95.45
PERF_EMP0358_202601,EMP0358,2026-01-01,127,119,125,26,15,5,98.3
PERF_EMP0358_202602,EMP0358,2026-02-01,130,130,162,17,9,18,100.0
PERF_EMP0358_202603,EMP0358,2026-03-01,100,94,103,17,0,24,96.27
PERF_EMP0358_202604,EMP0358,2026-04-01,127,115,118,8,11,9,93.13
PERF_EMP0358_202605,EMP0358,2026-05-01,140,122,102,17,4,15,96.32
PERF_EMP0358_202606,EMP0358,2026-06-01,145,124,128,22,6,18,91.21
PERF_EMP0358_202607,EMP0358,2026-07-01,108,100,116,19,11,11,90.91
PERF_EMP0358_202608,EMP0358,2026-08-01,143,135,118,10,19,6,89.89
PERF_EMP0358_202609,EMP0358,2026-09-01,112,93,97,15,10,8,94.82
PERF_EMP0359_202510,EMP0359,2025-10-01,107,57,145,31,13,14,78.87
PERF_EMP0359_202511,EMP0359,2025-11-01,120,131,128,10,13,15,100.0
PERF_EMP0359_202512,EMP0359,2025-12-01,102,98,101,13,11,20,100.0
PERF_EMP0359_202601,EMP0359,2026-01-01,126,115,111,9,8,24,98.51
PERF_EMP0359_202602,EMP0359,2026-02-01,140,129,90,8,4,12,95.37
PERF_EMP0359_202603,EMP0359,2026-03-01,139,122,114,13,6,14,91.0
PERF_EMP0359_202604,EMP0359,2026-04-01,120,101,140,14,14,0,93.78
PERF_EMP0359_202605,EMP0359,2026-05-01,100,101,132,17,10,16,100.0
PERF_EMP0359_202606,EMP0359,2026-06-01,139,160,84,24,14,11,100.0
PERF_EMP0359_202607,EMP0359,2026-07-01,128,101,73,11,18,12,91.71
PERF_EMP0359_202608,EMP0359,2026-08-01,121,104,150,25,8,17,90.58
PERF_EMP0359_202609,EMP0359,2026-09-01,108,90,124,23,8,15,92.51
PERF_EMP0360_202510,EMP0360,2025-10-01,100,85,149,12,12,17,88.04
PERF_EMP0360_202511,EMP0360,2025-11-01,125,97,132,15,9,18,93.38
PERF_EMP0360_202512,EMP0360,2025-12-01,123,134,106,12,6,17,100.0
PERF_EMP0360_202601,EMP0360,2026-01-01,100,93,153,22,0,8,100.0
PERF_EMP0360_202602,EMP0360,2026-02-01,115,96,93,24,7,12,84.72
PERF_EMP0360_202603,EMP0360,2026-03-01,144,130,119,21,20,8,89.87
PERF_EMP0360_202604,EMP0360,2026-04-01,117,116,157,9,2,18,89.57
PERF_EMP0360_202605,EMP0360,2026-05-01,108,106,91,10,10,15,97.26
PERF_EMP0360_202606,EMP0360,2026-06-01,143,140,138,21,16,17,96.44
PERF_EMP0360_202607,EMP0360,2026-07-01,110,109,156,32,18,10,100.0
PERF_EMP0360_202608,EMP0360,2026-08-01,142,122,98,30,10,18,86.96
PERF_EMP0360_202609,EMP0360,2026-09-01,140,126,65,1,7,11,91.15
PERF_EMP0361_202510,EMP0361,2025-10-01,100,87,156,27,7,23,95.16
PERF_EMP0361_202511,EMP0361,2025-11-01,128,128,108,0,19,5,100.0
PERF_EMP0361_202512,EMP0361,2025-12-01,107,90,102,21,16,31,90.57
PERF_EMP0361_202601,EMP0361,2026-01-01,108,107,134,13,0,14,100.0
PERF_EMP0361_202602,EMP0361,2026-02-01,119,114,129,21,12,16,98.11
PERF_EMP0361_202603,EMP0361,2026-03-01,152,167,119,21,9,15,100.0
PERF_EMP0361_202604,EMP0361,2026-04-01,118,138,185,25,13,16,100.0
PERF_EMP0361_202605,EMP0361,2026-05-01,121,113,123,15,11,15,96.88
PERF_EMP0361_202606,EMP0361,2026-06-01,100,83,129,19,8,18,95.12
PERF_EMP0361_202607,EMP0361,2026-07-01,112,103,138,20,6,11,100.0
PERF_EMP0361_202608,EMP0361,2026-08-01,134,134,140,19,16,9,100.0
PERF_EMP0361_202609,EMP0361,2026-09-01,166,132,157,11,14,1,90.89
PERF_EMP0362_202510,EMP0362,2025-10-01,124,97,44,10,5,9,85.06
PERF_EMP0362_202511,EMP0362,2025-11-01,119,82,116,9,11,11,86.32
PERF_EMP0362_202512,EMP0362,2025-12-01,110,85,57,13,9,7,87.06
PERF_EMP0362_202601,EMP0362,2026-01-01,100,82,90,3,4,13,89.77
PERF_EMP0362_202602,EMP0362,2026-02-01,101,79,83,16,5,15,83.13
PERF_EMP0362_202603,EMP0362,2026-03-01,114,73,110,11,1,13,88.48
PERF_EMP0362_202604,EMP0362,2026-04-01,119,64,84,10,14,3,74.74
PERF_EMP0362_202605,EMP0362,2026-05-01,119,96,102,7,7,19,91.03
PERF_EMP0362_202606,EMP0362,2026-06-01,118,70,115,11,9,7,91.99
PERF_EMP0362_202607,EMP0362,2026-07-01,137,106,49,11,4,0,88.97
PERF_EMP0362_202608,EMP0362,2026-08-01,111,70,158,9,6,7,76.6
PERF_EMP0362_202609,EMP0362,2026-09-01,128,86,130,20,10,12,80.26
PERF_EMP0363_202510,EMP0363,2025-10-01,112,89,86,17,13,15,88.2
PERF_EMP0363_202511,EMP0363,2025-11-01,118,90,102,18,11,19,96.81
PERF_EMP0363_202512,EMP0363,2025-12-01,122,91,70,19,12,12,82.88
PERF_EMP0363_202601,EMP0363,2026-01-01,135,90,94,15,8,7,92.3
PERF_EMP0363_202602,EMP0363,2026-02-01,130,82,69,0,17,1,79.82
PERF_EMP0363_202603,EMP0363,2026-03-01,130,99,87,16,13,20,85.24
PERF_EMP0363_202604,EMP0363,2026-04-01,100,81,88,17,6,13,84.77
PERF_EMP0363_202605,EMP0363,2026-05-01,101,73,156,16,2,6,80.18
PERF_EMP0363_202606,EMP0363,2026-06-01,136,111,106,17,5,14,93.55
PERF_EMP0363_202607,EMP0363,2026-07-01,125,91,85,6,8,23,90.16
PERF_EMP0363_202608,EMP0363,2026-08-01,100,96,128,13,6,0,97.99
PERF_EMP0363_202609,EMP0363,2026-09-01,111,84,96,31,0,12,93.22
PERF_EMP0364_202510,EMP0364,2025-10-01,143,173,137,20,11,23,100.0
PERF_EMP0364_202511,EMP0364,2025-11-01,125,96,102,16,12,8,85.85
PERF_EMP0364_202512,EMP0364,2025-12-01,111,108,111,17,13,2,100.0
PERF_EMP0364_202601,EMP0364,2026-01-01,107,97,147,31,8,19,95.55
PERF_EMP0364_202602,EMP0364,2026-02-01,110,94,124,20,10,10,85.5
PERF_EMP0364_202603,EMP0364,2026-03-01,127,104,153,19,6,14,99.98
PERF_EMP0364_202604,EMP0364,2026-04-01,124,123,139,17,7,5,96.72
PERF_EMP0364_202605,EMP0364,2026-05-01,103,67,96,19,3,8,80.05
PERF_EMP0364_202606,EMP0364,2026-06-01,125,120,98,10,10,17,100.0
PERF_EMP0364_202607,EMP0364,2026-07-01,128,99,102,22,11,14,85.43
PERF_EMP0364_202608,EMP0364,2026-08-01,100,89,120,13,12,15,94.1
PERF_EMP0364_202609,EMP0364,2026-09-01,143,143,120,10,9,11,99.38
PERF_EMP0365_202510,EMP0365,2025-10-01,107,123,152,15,6,3,100.0
PERF_EMP0365_202511,EMP0365,2025-11-01,102,94,109,12,11,9,86.96
PERF_EMP0365_202512,EMP0365,2025-12-01,108,104,128,13,0,8,92.93
PERF_EMP0365_202601,EMP0365,2026-01-01,100,69,103,18,7,10,90.82
PERF_EMP0365_202602,EMP0365,2026-02-01,116,114,100,11,5,15,95.3
PERF_EMP0365_202603,EMP0365,2026-03-01,100,131,125,20,2,1,100.0
PERF_EMP0365_202604,EMP0365,2026-04-01,113,79,122,29,5,14,100.0
PERF_EMP0365_202605,EMP0365,2026-05-01,129,100,70,21,13,0,84.95
PERF_EMP0365_202606,EMP0365,2026-06-01,114,99,98,23,13,2,95.98
PERF_EMP0365_202607,EMP0365,2026-07-01,100,90,122,13,15,15,95.04
PERF_EMP0365_202608,EMP0365,2026-08-01,135,122,90,15,9,10,100.0
PERF_EMP0365_202609,EMP0365,2026-09-01,119,117,44,17,0,19,94.97
PERF_EMP0366_202510,EMP0366,2025-10-01,128,114,99,28,12,22,91.4
PERF_EMP0366_202511,EMP0366,2025-11-01,132,108,122,27,17,17,94.6
PERF_EMP0366_202512,EMP0366,2025-12-01,100,110,112,24,18,22,100.0
PERF_EMP0366_202601,EMP0366,2026-01-01,141,156,115,20,9,14,99.59
PERF_EMP0366_202602,EMP0366,2026-02-01,109,109,171,21,3,22,100.0
PERF_EMP0366_202603,EMP0366,2026-03-01,145,188,141,27,20,22,100.0
PERF_EMP0366_202604,EMP0366,2026-04-01,100,95,126,21,3,14,96.86
PERF_EMP0366_202605,EMP0366,2026-05-01,133,131,101,3,7,23,100.0
PERF_EMP0366_202606,EMP0366,2026-06-01,115,124,128,28,11,19,100.0
PERF_EMP0366_202607,EMP0366,2026-07-01,100,124,112,25,21,18,100.0
PERF_EMP0366_202608,EMP0366,2026-08-01,135,182,146,16,11,9,100.0
PERF_EMP0366_202609,EMP0366,2026-09-01,144,124,122,27,10,16,87.12
PERF_EMP0367_202510,EMP0367,2025-10-01,107,77,100,11,10,19,84.97
PERF_EMP0367_202511,EMP0367,2025-11-01,109,87,88,25,7,5,89.2
PERF_EMP0367_202512,EMP0367,2025-12-01,119,84,103,6,4,23,80.86
PERF_EMP0367_202601,EMP0367,2026-01-01,100,75,122,15,15,17,84.47
PERF_EMP0367_202602,EMP0367,2026-02-01,112,92,116,17,12,11,100.0
PERF_EMP0367_202603,EMP0367,2026-03-01,137,115,69,20,15,14,86.26
PERF_EMP0367_202604,EMP0367,2026-04-01,142,145,139,21,4,18,95.66
PERF_EMP0367_202605,EMP0367,2026-05-01,113,88,116,8,10,12,95.9
PERF_EMP0367_202606,EMP0367,2026-06-01,157,160,105,30,14,15,99.56
PERF_EMP0367_202607,EMP0367,2026-07-01,130,120,100,21,15,12,92.45
PERF_EMP0367_202608,EMP0367,2026-08-01,100,86,111,18,14,17,95.82
PERF_EMP0367_202609,EMP0367,2026-09-01,124,111,135,15,8,21,94.74
PERF_EMP0368_202510,EMP0368,2025-10-01,122,140,114,31,5,14,100.0
PERF_EMP0368_202511,EMP0368,2025-11-01,136,119,102,14,13,5,86.26
PERF_EMP0368_202512,EMP0368,2025-12-01,135,154,144,8,13,12,100.0
PERF_EMP0368_202601,EMP0368,2026-01-01,126,125,114,28,15,14,100.0
PERF_EMP0368_202602,EMP0368,2026-02-01,142,164,130,15,15,5,100.0
PERF_EMP0368_202603,EMP0368,2026-03-01,128,97,93,17,10,19,88.36
PERF_EMP0368_202604,EMP0368,2026-04-01,100,104,131,29,6,18,92.08
PERF_EMP0368_202605,EMP0368,2026-05-01,115,97,143,27,17,18,96.95
PERF_EMP0368_202606,EMP0368,2026-06-01,110,127,93,19,11,14,100.0
PERF_EMP0368_202607,EMP0368,2026-07-01,119,122,123,13,5,12,100.0
PERF_EMP0368_202608,EMP0368,2026-08-01,100,87,127,31,4,7,93.75
PERF_EMP0368_202609,EMP0368,2026-09-01,118,127,133,23,11,15,100.0
PERF_EMP0369_202510,EMP0369,2025-10-01,114,103,85,17,11,10,95.64
PERF_EMP0369_202511,EMP0369,2025-11-01,114,98,126,14,14,8,96.15
PERF_EMP0369_202512,EMP0369,2025-12-01,100,104,86,14,11,15,98.1
PERF_EMP0369_202601,EMP0369,2026-01-01,122,97,86,15,6,15,90.01
PERF_EMP0369_202602,EMP0369,2026-02-01,134,102,163,14,10,14,83.55
PERF_EMP0369_202603,EMP0369,2026-03-01,114,91,79,25,10,12,98.56
PERF_EMP0369_202604,EMP0369,2026-04-01,106,94,83,6,12,10,91.23
PERF_EMP0369_202605,EMP0369,2026-05-01,124,74,93,23,2,11,76.58
PERF_EMP0369_202606,EMP0369,2026-06-01,145,159,111,4,2,18,100.0
PERF_EMP0369_202607,EMP0369,2026-07-01,100,89,125,25,4,18,92.25
PERF_EMP0369_202608,EMP0369,2026-08-01,111,98,119,19,11,6,90.49
PERF_EMP0369_202609,EMP0369,2026-09-01,118,98,145,11,12,4,88.63
PERF_EMP0370_202510,EMP0370,2025-10-01,127,108,125,9,10,8,100.0
PERF_EMP0370_202511,EMP0370,2025-11-01,124,100,112,28,13,12,84.56
PERF_EMP0370_202512,EMP0370,2025-12-01,137,94,106,13,6,11,89.21
PERF_EMP0370_202601,EMP0370,2026-01-01,104,70,131,22,15,16,93.72
PERF_EMP0370_202602,EMP0370,2026-02-01,100,103,85,11,11,8,100.0
PERF_EMP0370_202603,EMP0370,2026-03-01,100,81,121,30,9,14,95.16
PERF_EMP0370_202604,EMP0370,2026-04-01,100,72,113,24,7,16,89.1
PERF_EMP0370_202605,EMP0370,2026-05-01,119,124,77,7,24,15,99.36
PERF_EMP0370_202606,EMP0370,2026-06-01,154,135,117,13,8,15,92.89
PERF_EMP0370_202607,EMP0370,2026-07-01,109,104,126,28,7,14,100.0
PERF_EMP0370_202608,EMP0370,2026-08-01,121,105,116,18,15,4,84.69
PERF_EMP0370_202609,EMP0370,2026-09-01,100,86,101,19,11,15,84.48
PERF_EMP0371_202510,EMP0371,2025-10-01,142,127,150,10,7,18,93.49
PERF_EMP0371_202511,EMP0371,2025-11-01,141,123,95,19,11,16,90.29
PERF_EMP0371_202512,EMP0371,2025-12-01,100,104,154,26,6,15,91.49
PERF_EMP0371_202601,EMP0371,2026-01-01,100,85,104,23,5,13,85.65
PERF_EMP0371_202602,EMP0371,2026-02-01,118,87,69,23,20,10,74.34
PERF_EMP0371_202603,EMP0371,2026-03-01,127,104,80,13,12,12,81.84
PERF_EMP0371_202604,EMP0371,2026-04-01,102,89,75,1,6,9,91.2
PERF_EMP0371_202605,EMP0371,2026-05-01,127,95,126,26,5,18,83.77
PERF_EMP0371_202606,EMP0371,2026-06-01,105,66,85,18,4,25,78.65
PERF_EMP0371_202607,EMP0371,2026-07-01,115,110,57,4,13,6,80.05
PERF_EMP0371_202608,EMP0371,2026-08-01,127,80,95,8,11,17,86.81
PERF_EMP0371_202609,EMP0371,2026-09-01,100,82,152,25,9,14,100.0
PERF_EMP0372_202510,EMP0372,2025-10-01,144,138,98,19,5,25,100.0
PERF_EMP0372_202511,EMP0372,2025-11-01,123,101,131,5,4,15,91.33
PERF_EMP0372_202512,EMP0372,2025-12-01,100,90,76,15,7,19,91.17
PERF_EMP0372_202601,EMP0372,2026-01-01,100,66,85,30,8,12,83.87
PERF_EMP0372_202602,EMP0372,2026-02-01,116,81,88,14,1,11,85.12
PERF_EMP0372_202603,EMP0372,2026-03-01,142,106,79,10,9,14,88.24
PERF_EMP0372_202604,EMP0372,2026-04-01,154,137,143,9,0,15,100.0
PERF_EMP0372_202605,EMP0372,2026-05-01,142,109,115,18,11,16,89.84
PERF_EMP0372_202606,EMP0372,2026-06-01,109,87,86,27,9,3,94.14
PERF_EMP0372_202607,EMP0372,2026-07-01,118,76,90,5,9,10,78.75
PERF_EMP0372_202608,EMP0372,2026-08-01,138,111,105,17,9,10,98.06
PERF_EMP0372_202609,EMP0372,2026-09-01,100,68,122,19,4,0,85.58
PERF_EMP0373_202510,EMP0373,2025-10-01,102,110,92,20,6,23,98.73
PERF_EMP0373_202511,EMP0373,2025-11-01,111,72,124,17,8,11,84.74
PERF_EMP0373_202512,EMP0373,2025-12-01,138,98,106,15,11,13,92.13
PERF_EMP0373_202601,EMP0373,2026-01-01,106,68,53,10,4,13,79.38
PERF_EMP0373_202602,EMP0373,2026-02-01,121,103,114,15,4,12,89.73
PERF_EMP0373_202603,EMP0373,2026-03-01,100,76,104,18,9,8,93.56
PERF_EMP0373_202604,EMP0373,2026-04-01,109,87,129,11,13,6,95.32
PERF_EMP0373_202605,EMP0373,2026-05-01,125,116,116,14,0,5,86.47
PERF_EMP0373_202606,EMP0373,2026-06-01,107,82,110,18,7,7,92.79
PERF_EMP0373_202607,EMP0373,2026-07-01,138,112,138,3,7,22,97.65
PERF_EMP0373_202608,EMP0373,2026-08-01,163,116,183,15,11,13,87.26
PERF_EMP0373_202609,EMP0373,2026-09-01,121,115,156,23,10,11,91.1
PERF_EMP0374_202510,EMP0374,2025-10-01,122,112,143,8,15,23,91.32
PERF_EMP0374_202511,EMP0374,2025-11-01,108,88,147,6,16,12,94.06
PERF_EMP0374_202512,EMP0374,2025-12-01,125,148,133,15,17,12,100.0
PERF_EMP0374_202601,EMP0374,2026-01-01,132,107,126,13,16,24,83.98
PERF_EMP0374_202602,EMP0374,2026-02-01,124,91,138,27,14,16,82.7
PERF_EMP0374_202603,EMP0374,2026-03-01,113,84,88,19,9,16,79.24
PERF_EMP0374_202604,EMP0374,2026-04-01,113,123,110,17,7,7,97.55
PERF_EMP0374_202605,EMP0374,2026-05-01,128,137,126,22,4,13,100.0
PERF_EMP0374_202606,EMP0374,2026-06-01,121,102,144,21,9,15,93.36
PERF_EMP0374_202607,EMP0374,2026-07-01,128,103,130,24,8,14,86.74
PERF_EMP0374_202608,EMP0374,2026-08-01,100,102,133,33,11,15,100.0
PERF_EMP0374_202609,EMP0374,2026-09-01,133,101,147,16,0,21,97.15
PERF_EMP0375_202510,EMP0375,2025-10-01,145,129,98,0,5,16,84.58
PERF_EMP0375_202511,EMP0375,2025-11-01,104,76,88,21,0,18,90.63
PERF_EMP0375_202512,EMP0375,2025-12-01,153,107,51,30,0,0,81.22
PERF_EMP0375_202601,EMP0375,2026-01-01,100,84,48,7,5,0,84.88
PERF_EMP0375_202602,EMP0375,2026-02-01,123,92,98,12,3,11,92.25
PERF_EMP0375_202603,EMP0375,2026-03-01,114,84,111,17,1,12,81.67
PERF_EMP0375_202604,EMP0375,2026-04-01,129,85,74,7,7,13,76.59
PERF_EMP0375_202605,EMP0375,2026-05-01,114,73,102,20,8,13,83.92
PERF_EMP0375_202606,EMP0375,2026-06-01,112,88,73,19,0,18,91.23
PERF_EMP0375_202607,EMP0375,2026-07-01,118,64,85,4,9,21,61.53
PERF_EMP0375_202608,EMP0375,2026-08-01,100,88,53,24,9,16,92.02
PERF_EMP0375_202609,EMP0375,2026-09-01,134,108,84,8,7,7,79.31
PERF_EMP0376_202510,EMP0376,2025-10-01,100,66,119,18,6,23,79.55
PERF_EMP0376_202511,EMP0376,2025-11-01,149,110,89,19,15,4,87.57
PERF_EMP0376_202512,EMP0376,2025-12-01,124,97,88,5,2,8,82.37
PERF_EMP0376_202601,EMP0376,2026-01-01,130,106,96,18,3,6,87.78
PERF_EMP0376_202602,EMP0376,2026-02-01,100,74,82,15,9,22,80.37
PERF_EMP0376_202603,EMP0376,2026-03-01,113,89,54,21,9,26,81.29
PERF_EMP0376_202604,EMP0376,2026-04-01,133,71,63,17,0,6,66.56
PERF_EMP0376_202605,EMP0376,2026-05-01,110,93,79,14,17,8,84.22
PERF_EMP0376_202606,EMP0376,2026-06-01,137,82,102,18,17,9,88.48
PERF_EMP0376_202607,EMP0376,2026-07-01,100,72,129,23,6,3,97.24
PERF_EMP0376_202608,EMP0376,2026-08-01,110,60,71,18,6,14,69.11
PERF_EMP0376_202609,EMP0376,2026-09-01,100,88,111,14,5,20,97.94
PERF_EMP0377_202510,EMP0377,2025-10-01,114,105,96,6,14,18,94.3
PERF_EMP0377_202511,EMP0377,2025-11-01,134,145,128,20,12,20,100.0
PERF_EMP0377_202512,EMP0377,2025-12-01,130,139,155,26,7,11,100.0
PERF_EMP0377_202601,EMP0377,2026-01-01,142,124,107,16,17,18,94.17
PERF_EMP0377_202602,EMP0377,2026-02-01,137,118,132,29,17,18,95.04
PERF_EMP0377_202603,EMP0377,2026-03-01,100,84,142,11,9,2,96.21
PERF_EMP0377_202604,EMP0377,2026-04-01,113,89,152,23,10,7,91.29
PERF_EMP0377_202605,EMP0377,2026-05-01,117,98,110,26,14,26,81.63
PERF_EMP0377_202606,EMP0377,2026-06-01,100,92,68,20,7,19,92.16
PERF_EMP0377_202607,EMP0377,2026-07-01,130,98,52,12,12,18,78.86
PERF_EMP0377_202608,EMP0377,2026-08-01,128,137,121,23,0,23,100.0
PERF_EMP0377_202609,EMP0377,2026-09-01,102,103,113,8,18,10,92.14
PERF_EMP0378_202510,EMP0378,2025-10-01,147,117,138,19,14,10,93.24
PERF_EMP0378_202511,EMP0378,2025-11-01,141,144,168,19,14,10,100.0
PERF_EMP0378_202512,EMP0378,2025-12-01,100,102,147,16,12,23,100.0
PERF_EMP0378_202601,EMP0378,2026-01-01,115,121,107,24,10,19,96.29
PERF_EMP0378_202602,EMP0378,2026-02-01,128,119,118,15,11,12,98.48
PERF_EMP0378_202603,EMP0378,2026-03-01,120,126,173,21,4,23,95.42
PERF_EMP0378_202604,EMP0378,2026-04-01,120,106,151,29,18,19,92.0
PERF_EMP0378_202605,EMP0378,2026-05-01,108,110,128,22,18,5,93.95
PERF_EMP0378_202606,EMP0378,2026-06-01,126,128,127,19,12,14,100.0
PERF_EMP0378_202607,EMP0378,2026-07-01,129,109,111,19,12,16,92.83
PERF_EMP0378_202608,EMP0378,2026-08-01,115,102,130,25,16,4,90.6
PERF_EMP0378_202609,EMP0378,2026-09-01,100,82,204,14,18,25,85.75
PERF_EMP0379_202510,EMP0379,2025-10-01,139,131,113,16,4,21,97.6
PERF_EMP0379_202511,EMP0379,2025-11-01,144,153,110,21,6,13,100.0
PERF_EMP0379_202512,EMP0379,2025-12-01,111,114,106,18,5,14,94.57
PERF_EMP0379_202601,EMP0379,2026-01-01,108,90,98,24,12,19,92.92
PERF_EMP0379_202602,EMP0379,2026-02-01,104,90,26,10,20,12,82.37
PERF_EMP0379_202603,EMP0379,2026-03-01,100,94,131,25,6,0,100.0
PERF_EMP0379_202604,EMP0379,2026-04-01,100,82,60,23,9,14,84.9
PERF_EMP0379_202605,EMP0379,2026-05-01,123,127,124,21,14,12,100.0
PERF_EMP0379_202606,EMP0379,2026-06-01,100,70,108,2,5,12,83.03
PERF_EMP0379_202607,EMP0379,2026-07-01,115,109,86,20,8,27,100.0
PERF_EMP0379_202608,EMP0379,2026-08-01,135,101,127,19,12,11,85.83
PERF_EMP0379_202609,EMP0379,2026-09-01,117,97,118,15,7,22,87.01
PERF_EMP0380_202510,EMP0380,2025-10-01,121,113,107,20,7,7,93.92
PERF_EMP0380_202511,EMP0380,2025-11-01,126,83,109,26,13,21,77.65
PERF_EMP0380_202512,EMP0380,2025-12-01,112,92,54,17,0,21,75.39
PERF_EMP0380_202601,EMP0380,2026-01-01,135,136,134,11,10,2,100.0
PERF_EMP0380_202602,EMP0380,2026-02-01,127,101,101,20,1,4,85.8
PERF_EMP0380_202603,EMP0380,2026-03-01,100,74,87,10,15,17,79.5
PERF_EMP0380_202604,EMP0380,2026-04-01,123,112,80,16,9,20,95.41
PERF_EMP0380_202605,EMP0380,2026-05-01,139,103,115,8,17,10,86.0
PERF_EMP0380_202606,EMP0380,2026-06-01,100,71,106,17,9,8,94.52
PERF_EMP0380_202607,EMP0380,2026-07-01,111,86,101,23,7,21,85.4
PERF_EMP0380_202608,EMP0380,2026-08-01,159,143,131,7,10,12,90.74
PERF_EMP0380_202609,EMP0380,2026-09-01,105,98,112,20,3,14,93.11
PERF_EMP0381_202510,EMP0381,2025-10-01,100,86,135,8,3,21,89.17
PERF_EMP0381_202511,EMP0381,2025-11-01,136,132,82,19,14,14,95.04
PERF_EMP0381_202512,EMP0381,2025-12-01,124,89,108,12,0,28,83.42
PERF_EMP0381_202601,EMP0381,2026-01-01,101,79,102,26,5,18,92.89
PERF_EMP0381_202602,EMP0381,2026-02-01,149,166,101,21,10,4,100.0
PERF_EMP0381_202603,EMP0381,2026-03-01,136,134,97,0,10,13,97.52
PERF_EMP0381_202604,EMP0381,2026-04-01,140,141,126,9,4,21,95.89
PERF_EMP0381_202605,EMP0381,2026-05-01,100,97,121,0,13,13,100.0
PERF_EMP0381_202606,EMP0381,2026-06-01,100,108,173,11,23,0,100.0
PERF_EMP0381_202607,EMP0381,2026-07-01,147,146,112,25,4,12,87.66
PERF_EMP0381_202608,EMP0381,2026-08-01,173,169,116,25,26,8,100.0
PERF_EMP0381_202609,EMP0381,2026-09-01,122,75,93,19,11,17,83.35
PERF_EMP0382_202510,EMP0382,2025-10-01,137,123,118,10,12,11,100.0
PERF_EMP0382_202511,EMP0382,2025-11-01,127,130,81,19,19,16,96.89
PERF_EMP0382_202512,EMP0382,2025-12-01,105,81,91,22,6,8,91.7
PERF_EMP0382_202601,EMP0382,2026-01-01,115,101,87,13,16,11,89.05
PERF_EMP0382_202602,EMP0382,2026-02-01,129,103,136,24,0,13,84.93
PERF_EMP0382_202603,EMP0382,2026-03-01,152,145,125,22,11,10,99.28
PERF_EMP0382_202604,EMP0382,2026-04-01,162,121,119,29,12,7,86.29
PERF_EMP0382_202605,EMP0382,2026-05-01,123,104,139,23,6,6,84.37
PERF_EMP0382_202606,EMP0382,2026-06-01,150,99,73,19,8,12,76.88
PERF_EMP0382_202607,EMP0382,2026-07-01,100,90,85,15,14,5,91.39
PERF_EMP0382_202608,EMP0382,2026-08-01,110,106,55,17,16,15,87.74
PERF_EMP0382_202609,EMP0382,2026-09-01,100,74,116,4,18,10,91.29
PERF_EMP0383_202510,EMP0383,2025-10-01,100,89,112,19,14,20,94.27
PERF_EMP0383_202511,EMP0383,2025-11-01,134,148,122,23,5,15,100.0
PERF_EMP0383_202512,EMP0383,2025-12-01,100,93,106,12,8,13,91.44
PERF_EMP0383_202601,EMP0383,2026-01-01,134,160,125,27,8,22,100.0
PERF_EMP0383_202602,EMP0383,2026-02-01,118,118,146,30,11,13,93.39
PERF_EMP0383_202603,EMP0383,2026-03-01,100,97,116,36,10,1,100.0
PERF_EMP0383_202604,EMP0383,2026-04-01,143,163,127,26,12,14,96.41
PERF_EMP0383_202605,EMP0383,2026-05-01,152,168,71,22,11,11,100.0
PERF_EMP0383_202606,EMP0383,2026-06-01,100,76,113,17,13,19,76.9
PERF_EMP0383_202607,EMP0383,2026-07-01,138,122,136,23,13,8,94.52
PERF_EMP0383_202608,EMP0383,2026-08-01,137,112,142,13,13,21,94.97
PERF_EMP0383_202609,EMP0383,2026-09-01,100,86,100,24,15,21,93.16
PERF_EMP0384_202510,EMP0384,2025-10-01,143,127,89,15,12,15,93.0
PERF_EMP0384_202511,EMP0384,2025-11-01,100,86,43,16,6,8,83.63
PERF_EMP0384_202512,EMP0384,2025-12-01,168,122,67,19,12,3,76.97
PERF_EMP0384_202601,EMP0384,2026-01-01,112,96,63,9,7,11,81.85
PERF_EMP0384_202602,EMP0384,2026-02-01,130,86,99,8,8,16,81.23
PERF_EMP0384_202603,EMP0384,2026-03-01,121,87,42,19,17,12,76.11
PERF_EMP0384_202604,EMP0384,2026-04-01,106,99,95,12,8,16,95.97
PERF_EMP0384_202605,EMP0384,2026-05-01,132,131,97,21,5,6,100.0
PERF_EMP0384_202606,EMP0384,2026-06-01,126,110,89,31,6,15,88.95
PERF_EMP0384_202607,EMP0384,2026-07-01,121,83,96,27,6,7,86.02
PERF_EMP0384_202608,EMP0384,2026-08-01,117,79,61,8,4,5,86.33
PERF_EMP0384_202609,EMP0384,2026-09-01,136,80,80,17,16,6,72.34
PERF_EMP0385_202510,EMP0385,2025-10-01,105,80,54,19,5,15,77.76
PERF_EMP0385_202511,EMP0385,2025-11-01,122,100,86,13,2,2,93.15
PERF_EMP0385_202512,EMP0385,2025-12-01,154,137,122,6,5,19,87.27
PERF_EMP0385_202601,EMP0385,2026-01-01,100,70,123,23,0,14,94.41
PERF_EMP0385_202602,EMP0385,2026-02-01,100,103,93,0,0,14,100.0
PERF_EMP0385_202603,EMP0385,2026-03-01,118,75,121,12,9,0,90.2
PERF_EMP0385_202604,EMP0385,2026-04-01,138,120,88,24,6,22,100.0
PERF_EMP0385_202605,EMP0385,2026-05-01,128,106,76,11,4,16,89.87
PERF_EMP0385_202606,EMP0385,2026-06-01,113,76,86,9,7,5,80.51
PERF_EMP0385_202607,EMP0385,2026-07-01,100,45,105,16,9,10,82.64
PERF_EMP0385_202608,EMP0385,2026-08-01,106,95,114,14,5,2,99.39
PERF_EMP0385_202609,EMP0385,2026-09-01,146,93,88,2,5,4,82.53
PERF_EMP0386_202510,EMP0386,2025-10-01,126,107,99,25,3,12,83.16
PERF_EMP0386_202511,EMP0386,2025-11-01,114,90,64,18,20,14,96.16
PERF_EMP0386_202512,EMP0386,2025-12-01,116,115,48,13,17,10,95.5
PERF_EMP0386_202601,EMP0386,2026-01-01,100,84,114,27,11,11,91.02
PERF_EMP0386_202602,EMP0386,2026-02-01,127,85,112,17,7,13,98.63
PERF_EMP0386_202603,EMP0386,2026-03-01,125,79,88,29,1,10,80.71
PERF_EMP0386_202604,EMP0386,2026-04-01,119,111,124,19,10,3,98.07
PERF_EMP0386_202605,EMP0386,2026-05-01,111,95,139,2,10,21,93.94
PERF_EMP0386_202606,EMP0386,2026-06-01,132,101,118,17,7,22,89.72
PERF_EMP0386_202607,EMP0386,2026-07-01,115,112,81,20,11,15,100.0
PERF_EMP0386_202608,EMP0386,2026-08-01,100,70,121,23,2,18,87.42
PERF_EMP0386_202609,EMP0386,2026-09-01,134,116,72,12,8,20,88.28
PERF_EMP0387_202510,EMP0387,2025-10-01,100,112,112,19,13,11,100.0
PERF_EMP0387_202511,EMP0387,2025-11-01,122,94,159,18,15,14,83.19
PERF_EMP0387_202512,EMP0387,2025-12-01,130,102,201,24,15,21,90.81
PERF_EMP0387_202601,EMP0387,2026-01-01,121,125,110,24,3,21,100.0
PERF_EMP0387_202602,EMP0387,2026-02-01,146,144,131,18,7,26,95.39
PERF_EMP0387_202603,EMP0387,2026-03-01,134,164,135,11,13,8,100.0
PERF_EMP0387_202604,EMP0387,2026-04-01,129,155,115,23,19,10,100.0
PERF_EMP0387_202605,EMP0387,2026-05-01,123,129,149,29,6,13,100.0
PERF_EMP0387_202606,EMP0387,2026-06-01,105,95,102,22,10,18,90.74
PERF_EMP0387_202607,EMP0387,2026-07-01,100,100,134,23,7,18,100.0
PERF_EMP0387_202608,EMP0387,2026-08-01,100,78,203,30,3,16,89.51
PERF_EMP0387_202609,EMP0387,2026-09-01,121,106,134,27,9,15,90.42
PERF_EMP0388_202510,EMP0388,2025-10-01,115,88,103,5,17,1,97.65
PERF_EMP0388_202511,EMP0388,2025-11-01,134,105,81,29,10,17,85.07
PERF_EMP0388_202512,EMP0388,2025-12-01,143,109,155,17,17,5,94.26
PERF_EMP0388_202601,EMP0388,2026-01-01,132,121,122,22,11,14,100.0
PERF_EMP0388_202602,EMP0388,2026-02-01,130,113,93,23,0,12,89.63
PERF_EMP0388_202603,EMP0388,2026-03-01,139,108,131,24,5,15,84.8
PERF_EMP0388_202604,EMP0388,2026-04-01,122,108,138,14,9,13,100.0
PERF_EMP0388_202605,EMP0388,2026-05-01,126,121,120,13,9,13,99.26
PERF_EMP0388_202606,EMP0388,2026-06-01,124,121,116,23,17,9,100.0
PERF_EMP0388_202607,EMP0388,2026-07-01,130,96,88,29,7,7,86.15
PERF_EMP0388_202608,EMP0388,2026-08-01,119,86,145,30,11,9,84.74
PERF_EMP0388_202609,EMP0388,2026-09-01,116,68,108,19,8,5,78.14
PERF_EMP0389_202510,EMP0389,2025-10-01,113,63,114,24,1,14,81.27
PERF_EMP0389_202511,EMP0389,2025-11-01,133,77,116,10,12,9,84.6
PERF_EMP0389_202512,EMP0389,2025-12-01,135,119,106,7,6,16,100.0
PERF_EMP0389_202601,EMP0389,2026-01-01,139,106,102,28,10,19,96.08
PERF_EMP0389_202602,EMP0389,2026-02-01,136,129,88,37,3,1,98.29
PERF_EMP0389_202603,EMP0389,2026-03-01,142,83,89,13,13,6,86.61
PERF_EMP0389_202604,EMP0389,2026-04-01,100,63,115,28,19,11,69.58
PERF_EMP0389_202605,EMP0389,2026-05-01,111,94,126,9,14,16,93.13
PERF_EMP0389_202606,EMP0389,2026-06-01,135,89,108,15,10,12,86.23
PERF_EMP0389_202607,EMP0389,2026-07-01,121,102,119,14,6,13,95.87
PERF_EMP0389_202608,EMP0389,2026-08-01,132,101,131,19,12,13,95.58
PERF_EMP0389_202609,EMP0389,2026-09-01,111,108,94,15,10,11,98.41
PERF_EMP0390_202510,EMP0390,2025-10-01,111,113,110,20,9,16,98.28
PERF_EMP0390_202511,EMP0390,2025-11-01,142,95,93,16,5,13,79.51
PERF_EMP0390_202512,EMP0390,2025-12-01,143,183,104,35,6,22,100.0
PERF_EMP0390_202601,EMP0390,2026-01-01,100,92,123,22,12,27,92.64
PERF_EMP0390_202602,EMP0390,2026-02-01,138,173,147,32,15,8,100.0
PERF_EMP0390_202603,EMP0390,2026-03-01,113,93,114,18,17,17,97.4
PERF_EMP0390_202604,EMP0390,2026-04-01,109,103,61,17,4,11,91.08
PERF_EMP0390_202605,EMP0390,2026-05-01,125,105,90,13,15,2,88.68
PERF_EMP0390_202606,EMP0390,2026-06-01,128,120,130,20,7,1,100.0
PERF_EMP0390_202607,EMP0390,2026-07-01,120,110,163,20,10,14,91.55
PERF_EMP0390_202608,EMP0390,2026-08-01,113,117,108,30,8,14,95.59
PERF_EMP0390_202609,EMP0390,2026-09-01,100,100,135,20,8,19,95.36
PERF_EMP0391_202510,EMP0391,2025-10-01,112,97,59,21,17,12,93.87
PERF_EMP0391_202511,EMP0391,2025-11-01,113,89,75,28,12,18,82.37
PERF_EMP0391_202512,EMP0391,2025-12-01,127,106,67,17,4,7,94.33
PERF_EMP0391_202601,EMP0391,2026-01-01,120,87,79,25,5,15,86.52
PERF_EMP0391_202602,EMP0391,2026-02-01,105,93,95,30,6,19,84.97
PERF_EMP0391_202603,EMP0391,2026-03-01,125,117,112,15,8,20,96.22
PERF_EMP0391_202604,EMP0391,2026-04-01,120,81,69,31,8,0,79.31
PERF_EMP0391_202605,EMP0391,2026-05-01,111,93,133,17,10,13,87.38
PERF_EMP0391_202606,EMP0391,2026-06-01,108,91,93,20,10,4,81.46
PERF_EMP0391_202607,EMP0391,2026-07-01,129,95,108,17,17,5,95.41
PERF_EMP0391_202608,EMP0391,2026-08-01,139,125,141,16,9,10,93.91
PERF_EMP0391_202609,EMP0391,2026-09-01,131,145,109,16,12,11,99.94
PERF_EMP0392_202510,EMP0392,2025-10-01,125,139,127,11,7,5,99.7
PERF_EMP0392_202511,EMP0392,2025-11-01,100,62,106,0,14,21,85.21
PERF_EMP0392_202512,EMP0392,2025-12-01,105,107,136,10,5,11,100.0
PERF_EMP0392_202601,EMP0392,2026-01-01,117,92,73,23,7,0,87.43
PERF_EMP0392_202602,EMP0392,2026-02-01,138,124,84,12,12,13,88.28
PERF_EMP0392_202603,EMP0392,2026-03-01,120,81,97,16,14,18,89.59
PERF_EMP0392_202604,EMP0392,2026-04-01,100,83,54,15,7,2,71.76
PERF_EMP0392_202605,EMP0392,2026-05-01,109,102,119,6,15,19,96.55
PERF_EMP0392_202606,EMP0392,2026-06-01,124,98,120,19,25,7,98.29
PERF_EMP0392_202607,EMP0392,2026-07-01,124,73,94,27,14,19,92.24
PERF_EMP0392_202608,EMP0392,2026-08-01,120,110,106,14,9,8,95.94
PERF_EMP0392_202609,EMP0392,2026-09-01,108,67,97,13,1,14,76.85
PERF_EMP0393_202510,EMP0393,2025-10-01,143,120,67,12,9,12,82.0
PERF_EMP0393_202511,EMP0393,2025-11-01,100,58,51,14,14,26,79.87
PERF_EMP0393_202512,EMP0393,2025-12-01,126,100,98,18,6,14,91.1
PERF_EMP0393_202601,EMP0393,2026-01-01,100,83,21,17,13,12,81.4
PERF_EMP0393_202602,EMP0393,2026-02-01,137,148,112,20,4,9,97.38
PERF_EMP0393_202603,EMP0393,2026-03-01,121,93,121,28,8,3,91.26
PERF_EMP0393_202604,EMP0393,2026-04-01,122,108,114,15,8,18,92.16
PERF_EMP0393_202605,EMP0393,2026-05-01,128,113,101,35,6,10,94.61
PERF_EMP0393_202606,EMP0393,2026-06-01,100,75,98,13,13,5,92.4
PERF_EMP0393_202607,EMP0393,2026-07-01,146,134,84,7,7,0,95.21
PERF_EMP0393_202608,EMP0393,2026-08-01,107,84,142,13,12,15,93.87
PERF_EMP0393_202609,EMP0393,2026-09-01,128,113,58,19,6,19,77.95
PERF_EMP0394_202510,EMP0394,2025-10-01,115,97,70,30,5,12,80.16
PERF_EMP0394_202511,EMP0394,2025-11-01,108,89,108,17,6,7,93.78
PERF_EMP0394_202512,EMP0394,2025-12-01,159,111,140,29,15,13,78.52
PERF_EMP0394_202601,EMP0394,2026-01-01,104,112,67,16,13,16,94.67
PERF_EMP0394_202602,EMP0394,2026-02-01,133,128,96,14,5,11,94.68
PERF_EMP0394_202603,EMP0394,2026-03-01,156,119,135,9,8,14,87.31
PERF_EMP0394_202604,EMP0394,2026-04-01,108,84,128,10,9,17,97.41
PERF_EMP0394_202605,EMP0394,2026-05-01,137,144,136,21,11,26,99.88
PERF_EMP0394_202606,EMP0394,2026-06-01,150,152,85,24,0,12,96.92
PERF_EMP0394_202607,EMP0394,2026-07-01,127,82,143,18,14,16,84.45
PERF_EMP0394_202608,EMP0394,2026-08-01,125,115,95,7,7,15,92.76
PERF_EMP0394_202609,EMP0394,2026-09-01,126,90,76,23,10,7,81.12
PERF_EMP0395_202510,EMP0395,2025-10-01,134,126,133,34,8,12,100.0
PERF_EMP0395_202511,EMP0395,2025-11-01,136,160,120,26,11,16,100.0
PERF_EMP0395_202512,EMP0395,2025-12-01,100,99,136,7,11,22,100.0
PERF_EMP0395_202601,EMP0395,2026-01-01,129,120,115,16,12,18,89.22
PERF_EMP0395_202602,EMP0395,2026-02-01,108,107,112,15,17,18,97.82
PERF_EMP0395_202603,EMP0395,2026-03-01,108,87,152,14,3,18,90.26
PERF_EMP0395_202604,EMP0395,2026-04-01,100,86,148,24,14,13,91.74
PERF_EMP0395_202605,EMP0395,2026-05-01,150,134,110,14,4,13,93.15
PERF_EMP0395_202606,EMP0395,2026-06-01,100,68,116,3,6,14,79.82
PERF_EMP0395_202607,EMP0395,2026-07-01,100,59,128,22,2,6,79.96
PERF_EMP0395_202608,EMP0395,2026-08-01,132,121,129,15,1,4,96.48
PERF_EMP0395_202609,EMP0395,2026-09-01,117,104,121,23,14,6,96.79
PERF_EMP0396_202510,EMP0396,2025-10-01,101,66,114,15,13,19,76.18
PERF_EMP0396_202511,EMP0396,2025-11-01,100,78,90,15,14,23,96.36
PERF_EMP0396_202512,EMP0396,2025-12-01,101,57,121,17,4,22,79.31
PERF_EMP0396_202601,EMP0396,2026-01-01,127,96,66,16,5,3,74.46
PERF_EMP0396_202602,EMP0396,2026-02-01,112,102,130,29,8,19,100.0
PERF_EMP0396_202603,EMP0396,2026-03-01,125,129,101,14,7,21,91.06
PERF_EMP0396_202604,EMP0396,2026-04-01,100,56,83,16,4,13,78.22
PERF_EMP0396_202605,EMP0396,2026-05-01,135,130,115,16,4,8,100.0
PERF_EMP0396_202606,EMP0396,2026-06-01,122,109,85,24,16,15,88.81
PERF_EMP0396_202607,EMP0396,2026-07-01,131,102,96,27,3,2,76.13
PERF_EMP0396_202608,EMP0396,2026-08-01,134,137,100,9,10,6,98.15
PERF_EMP0396_202609,EMP0396,2026-09-01,128,112,120,12,7,0,98.14
PERF_EMP0397_202510,EMP0397,2025-10-01,106,90,87,10,18,2,93.13
PERF_EMP0397_202511,EMP0397,2025-11-01,100,91,98,18,9,9,98.51
PERF_EMP0397_202512,EMP0397,2025-12-01,122,110,98,13,0,10,90.48
PERF_EMP0397_202601,EMP0397,2026-01-01,146,122,102,14,11,18,81.79
PERF_EMP0397_202602,EMP0397,2026-02-01,130,111,114,13,19,12,99.24
PERF_EMP0397_202603,EMP0397,2026-03-01,112,105,92,25,4,6,92.86
PERF_EMP0397_202604,EMP0397,2026-04-01,128,104,128,11,3,15,88.64
PERF_EMP0397_202605,EMP0397,2026-05-01,135,103,109,28,1,15,91.05
PERF_EMP0397_202606,EMP0397,2026-06-01,138,142,107,12,13,16,100.0
PERF_EMP0397_202607,EMP0397,2026-07-01,125,113,82,18,15,14,87.91
PERF_EMP0397_202608,EMP0397,2026-08-01,100,99,69,12,8,17,91.75
PERF_EMP0397_202609,EMP0397,2026-09-01,106,110,77,10,5,12,97.31
PERF_EMP0398_202510,EMP0398,2025-10-01,118,98,123,5,10,18,89.36
PERF_EMP0398_202511,EMP0398,2025-11-01,100,85,121,21,5,13,98.15
PERF_EMP0398_202512,EMP0398,2025-12-01,117,120,111,23,3,15,100.0
PERF_EMP0398_202601,EMP0398,2026-01-01,104,126,75,13,11,23,96.8
PERF_EMP0398_202602,EMP0398,2026-02-01,124,127,97,9,6,21,100.0
PERF_EMP0398_202603,EMP0398,2026-03-01,134,139,139,29,14,8,99.36
PERF_EMP0398_202604,EMP0398,2026-04-01,100,92,100,11,11,26,98.3
PERF_EMP0398_202605,EMP0398,2026-05-01,112,110,71,20,12,22,95.28
PERF_EMP0398_202606,EMP0398,2026-06-01,143,124,140,13,9,5,94.4
PERF_EMP0398_202607,EMP0398,2026-07-01,136,113,119,30,18,7,100.0
PERF_EMP0398_202608,EMP0398,2026-08-01,100,102,132,25,12,15,97.46
PERF_EMP0398_202609,EMP0398,2026-09-01,129,131,87,23,3,11,91.64
PERF_EMP0399_202510,EMP0399,2025-10-01,118,71,140,10,6,14,90.78
PERF_EMP0399_202511,EMP0399,2025-11-01,112,63,115,21,3,13,74.48
PERF_EMP0399_202512,EMP0399,2025-12-01,131,104,111,1,7,22,85.16
PERF_EMP0399_202601,EMP0399,2026-01-01,107,83,53,13,0,16,84.15
PERF_EMP0399_202602,EMP0399,2026-02-01,112,77,75,5,6,13,88.09
PERF_EMP0399_202603,EMP0399,2026-03-01,103,76,108,13,15,1,75.72
PERF_EMP0399_202604,EMP0399,2026-04-01,128,83,99,19,4,8,84.52
PERF_EMP0399_202605,EMP0399,2026-05-01,100,82,89,0,9,19,86.52
PERF_EMP0399_202606,EMP0399,2026-06-01,135,113,109,18,0,9,89.1
PERF_EMP0399_202607,EMP0399,2026-07-01,125,103,72,25,15,2,88.58
PERF_EMP0399_202608,EMP0399,2026-08-01,116,75,67,16,1,9,82.94
PERF_EMP0399_202609,EMP0399,2026-09-01,156,115,103,23,0,10,95.24
PERF_EMP0400_202510,EMP0400,2025-10-01,100,92,83,25,15,8,100.0
PERF_EMP0400_202511,EMP0400,2025-11-01,132,105,84,21,5,8,87.59
PERF_EMP0400_202512,EMP0400,2025-12-01,129,85,78,21,4,8,81.25
PERF_EMP0400_202601,EMP0400,2026-01-01,132,93,74,23,5,7,72.53
PERF_EMP0400_202602,EMP0400,2026-02-01,144,115,113,9,3,14,98.98
PERF_EMP0400_202603,EMP0400,2026-03-01,102,87,89,4,3,14,97.4
PERF_EMP0400_202604,EMP0400,2026-04-01,123,83,131,19,9,22,94.18
PERF_EMP0400_202605,EMP0400,2026-05-01,123,98,83,14,13,13,85.11
PERF_EMP0400_202606,EMP0400,2026-06-01,119,109,77,13,16,10,91.3
PERF_EMP0400_202607,EMP0400,2026-07-01,125,96,71,10,7,7,84.87
PERF_EMP0400_202608,EMP0400,2026-08-01,103,75,88,19,6,0,89.1
PERF_EMP0400_202609,EMP0400,2026-09-01,100,65,128,13,12,7,89.62
PERF_EMP0401_202510,EMP0401,2025-10-01,139,119,93,26,0,24,100.0
PERF_EMP0401_202511,EMP0401,2025-11-01,100,49,70,19,6,2,70.54
PERF_EMP0401_202512,EMP0401,2025-12-01,116,115,131,12,0,20,85.9
PERF_EMP0401_202601,EMP0401,2026-01-01,139,117,46,14,1,9,85.44
PERF_EMP0401_202602,EMP0401,2026-02-01,122,87,125,14,9,9,86.81
PERF_EMP0401_202603,EMP0401,2026-03-01,121,92,119,10,4,7,83.24
PERF_EMP0401_202604,EMP0401,2026-04-01,100,84,121,9,14,7,80.0
PERF_EMP0401_202605,EMP0401,2026-05-01,114,87,142,12,11,7,90.61
PERF_EMP0401_202606,EMP0401,2026-06-01,165,124,107,19,10,17,86.67
PERF_EMP0401_202607,EMP0401,2026-07-01,147,102,100,17,0,14,78.59
PERF_EMP0401_202608,EMP0401,2026-08-01,155,142,62,6,7,6,84.67
PERF_EMP0401_202609,EMP0401,2026-09-01,125,104,117,14,10,7,90.04
PERF_EMP0402_202510,EMP0402,2025-10-01,137,101,97,13,14,22,91.21
PERF_EMP0402_202511,EMP0402,2025-11-01,100,92,103,19,13,18,97.15
PERF_EMP0402_202512,EMP0402,2025-12-01,129,93,97,16,6,6,90.83
PERF_EMP0402_202601,EMP0402,2026-01-01,125,87,84,14,8,3,87.23
PERF_EMP0402_202602,EMP0402,2026-02-01,126,95,30,24,2,18,74.24
PERF_EMP0402_202603,EMP0402,2026-03-01,109,82,63,16,8,21,76.82
PERF_EMP0402_202604,EMP0402,2026-04-01,139,107,107,25,10,16,89.87
PERF_EMP0402_202605,EMP0402,2026-05-01,123,95,126,22,12,23,100.0
PERF_EMP0402_202606,EMP0402,2026-06-01,100,46,87,21,14,5,66.16
PERF_EMP0402_202607,EMP0402,2026-07-01,122,126,93,7,10,7,93.5
PERF_EMP0402_202608,EMP0402,2026-08-01,111,119,119,15,1,6,90.36
PERF_EMP0402_202609,EMP0402,2026-09-01,148,113,133,17,6,20,84.51
PERF_EMP0403_202510,EMP0403,2025-10-01,128,84,54,18,5,17,80.59
PERF_EMP0403_202511,EMP0403,2025-11-01,100,77,89,1,8,12,81.33
PERF_EMP0403_202512,EMP0403,2025-12-01,114,82,92,12,9,15,88.28
PERF_EMP0403_202601,EMP0403,2026-01-01,135,92,101,11,9,13,83.03
PERF_EMP0403_202602,EMP0403,2026-02-01,156,103,101,23,0,2,88.03
PERF_EMP0403_202603,EMP0403,2026-03-01,105,75,58,11,1,18,81.81
PERF_EMP0403_202604,EMP0403,2026-04-01,168,127,130,11,0,17,85.12
PERF_EMP0403_202605,EMP0403,2026-05-01,103,77,70,14,11,5,87.91
PERF_EMP0403_202606,EMP0403,2026-06-01,101,66,63,15,1,8,75.8
PERF_EMP0403_202607,EMP0403,2026-07-01,100,87,87,11,12,9,88.27
PERF_EMP0403_202608,EMP0403,2026-08-01,149,146,117,19,10,6,91.49
PERF_EMP0403_202609,EMP0403,2026-09-01,136,120,54,7,0,13,88.26
PERF_EMP0404_202510,EMP0404,2025-10-01,135,137,142,18,20,11,100.0
PERF_EMP0404_202511,EMP0404,2025-11-01,132,138,115,26,17,12,96.92
PERF_EMP0404_202512,EMP0404,2025-12-01,103,89,91,24,10,19,79.59
PERF_EMP0404_202601,EMP0404,2026-01-01,158,113,118,8,13,16,82.93
PERF_EMP0404_202602,EMP0404,2026-02-01,147,138,139,23,6,8,94.69
PERF_EMP0404_202603,EMP0404,2026-03-01,100,95,127,20,6,10,92.75
PERF_EMP0404_202604,EMP0404,2026-04-01,115,111,138,35,1,11,100.0
PERF_EMP0404_202605,EMP0404,2026-05-01,100,85,175,12,10,14,98.75
PERF_EMP0404_202606,EMP0404,2026-06-01,100,81,136,32,14,25,82.76
PERF_EMP0404_202607,EMP0404,2026-07-01,141,155,111,22,6,7,100.0
PERF_EMP0404_202608,EMP0404,2026-08-01,123,112,139,15,17,14,100.0
PERF_EMP0404_202609,EMP0404,2026-09-01,127,120,107,26,6,10,98.87
PERF_EMP0405_202510,EMP0405,2025-10-01,100,95,139,34,0,7,99.52
PERF_EMP0405_202511,EMP0405,2025-11-01,119,100,91,25,4,24,100.0
PERF_EMP0405_202512,EMP0405,2025-12-01,104,95,118,12,6,16,94.44
PERF_EMP0405_202601,EMP0405,2026-01-01,121,121,120,23,12,30,99.84
PERF_EMP0405_202602,EMP0405,2026-02-01,107,94,109,12,1,11,96.43
PERF_EMP0405_202603,EMP0405,2026-03-01,100,107,156,21,14,20,100.0
PERF_EMP0405_202604,EMP0405,2026-04-01,140,127,126,15,13,10,88.71
PERF_EMP0405_202605,EMP0405,2026-05-01,115,118,149,17,19,14,100.0
PERF_EMP0405_202606,EMP0405,2026-06-01,122,114,96,13,6,11,94.29
PERF_EMP0405_202607,EMP0405,2026-07-01,137,126,123,17,2,14,99.89
PERF_EMP0405_202608,EMP0405,2026-08-01,137,101,141,14,13,18,85.28
PERF_EMP0405_202609,EMP0405,2026-09-01,102,100,131,19,16,14,100.0
PERF_EMP0406_202510,EMP0406,2025-10-01,142,132,126,21,4,17,100.0
PERF_EMP0406_202511,EMP0406,2025-11-01,119,138,98,20,10,19,100.0
PERF_EMP0406_202512,EMP0406,2025-12-01,117,126,126,28,18,15,99.95
PERF_EMP0406_202601,EMP0406,2026-01-01,100,78,102,18,9,13,82.5
PERF_EMP0406_202602,EMP0406,2026-02-01,108,106,121,15,14,7,97.04
PERF_EMP0406_202603,EMP0406,2026-03-01,126,82,123,17,16,13,84.44
PERF_EMP0406_202604,EMP0406,2026-04-01,139,145,87,9,15,6,96.23
PERF_EMP0406_202605,EMP0406,2026-05-01,128,112,127,22,16,15,96.67
PERF_EMP0406_202606,EMP0406,2026-06-01,100,87,111,11,10,15,98.42
PERF_EMP0406_202607,EMP0406,2026-07-01,100,95,68,23,13,8,93.46
PERF_EMP0406_202608,EMP0406,2026-08-01,115,116,98,22,4,2,89.31
PERF_EMP0406_202609,EMP0406,2026-09-01,152,109,126,16,12,22,89.79
PERF_EMP0407_202510,EMP0407,2025-10-01,111,113,53,27,10,27,92.45
PERF_EMP0407_202511,EMP0407,2025-11-01,133,116,102,21,7,17,84.98
PERF_EMP0407_202512,EMP0407,2025-12-01,144,100,91,19,5,9,88.78
PERF_EMP0407_202601,EMP0407,2026-01-01,147,158,113,29,12,16,100.0
PERF_EMP0407_202602,EMP0407,2026-02-01,114,95,108,20,8,11,98.14
PERF_EMP0407_202603,EMP0407,2026-03-01,137,148,111,28,20,20,100.0
PERF_EMP0407_202604,EMP0407,2026-04-01,125,122,178,19,19,23,99.39
PERF_EMP0407_202605,EMP0407,2026-05-01,102,76,89,0,4,20,93.25
PERF_EMP0407_202606,EMP0407,2026-06-01,100,85,93,14,13,20,85.02
PERF_EMP0407_202607,EMP0407,2026-07-01,112,78,112,9,1,2,96.98
PERF_EMP0407_202608,EMP0407,2026-08-01,108,99,120,23,10,12,98.1
PERF_EMP0407_202609,EMP0407,2026-09-01,129,137,100,18,9,17,100.0
PERF_EMP0408_202510,EMP0408,2025-10-01,120,102,125,10,2,15,87.17
PERF_EMP0408_202511,EMP0408,2025-11-01,116,95,130,17,15,9,91.72
PERF_EMP0408_202512,EMP0408,2025-12-01,100,66,96,12,12,15,85.15
PERF_EMP0408_202601,EMP0408,2026-01-01,100,89,89,14,8,16,99.7
PERF_EMP0408_202602,EMP0408,2026-02-01,126,123,93,20,2,3,93.62
PERF_EMP0408_202603,EMP0408,2026-03-01,121,99,93,30,15,4,100.0
PERF_EMP0408_202604,EMP0408,2026-04-01,121,95,92,8,14,16,89.5
PERF_EMP0408_202605,EMP0408,2026-05-01,100,106,36,23,9,6,92.57
PERF_EMP0408_202606,EMP0408,2026-06-01,116,106,135,12,0,15,97.1
PERF_EMP0408_202607,EMP0408,2026-07-01,125,92,77,21,14,6,86.11
PERF_EMP0408_202608,EMP0408,2026-08-01,129,118,95,18,10,13,97.88
PERF_EMP0408_202609,EMP0408,2026-09-01,100,67,129,16,9,10,81.58
PERF_EMP0409_202510,EMP0409,2025-10-01,107,118,137,13,9,12,100.0
PERF_EMP0409_202511,EMP0409,2025-11-01,101,120,99,17,15,8,97.83
PERF_EMP0409_202512,EMP0409,2025-12-01,105,90,138,22,11,14,97.5
PERF_EMP0409_202601,EMP0409,2026-01-01,125,89,90,26,9,24,88.01
PERF_EMP0409_202602,EMP0409,2026-02-01,110,78,101,23,14,0,81.21
PERF_EMP0409_202603,EMP0409,2026-03-01,123,110,130,17,1,18,95.6
PERF_EMP0409_202604,EMP0409,2026-04-01,125,113,154,18,13,21,91.64
PERF_EMP0409_202605,EMP0409,2026-05-01,110,121,143,26,8,15,100.0
PERF_EMP0409_202606,EMP0409,2026-06-01,112,96,114,18,15,10,100.0
PERF_EMP0409_202607,EMP0409,2026-07-01,100,100,134,29,2,7,100.0
PERF_EMP0409_202608,EMP0409,2026-08-01,136,131,133,21,13,17,100.0
PERF_EMP0409_202609,EMP0409,2026-09-01,143,142,128,12,8,12,100.0
PERF_EMP0410_202510,EMP0410,2025-10-01,103,97,81,30,12,18,92.04
PERF_EMP0410_202511,EMP0410,2025-11-01,114,118,128,1,4,12,100.0
PERF_EMP0410_202512,EMP0410,2025-12-01,132,112,110,15,10,4,88.89
PERF_EMP0410_202601,EMP0410,2026-01-01,105,97,103,26,10,18,86.15
PERF_EMP0410_202602,EMP0410,2026-02-01,139,121,54,14,11,16,82.18
PERF_EMP0410_202603,EMP0410,2026-03-01,124,117,108,18,8,6,95.77
PERF_EMP0410_202604,EMP0410,2026-04-01,100,78,85,10,12,13,89.33
PERF_EMP0410_202605,EMP0410,2026-05-01,111,110,93,7,4,18,98.99
PERF_EMP0410_202606,EMP0410,2026-06-01,171,155,93,14,14,5,83.21
PERF_EMP0410_202607,EMP0410,2026-07-01,119,114,121,14,13,9,99.61
PERF_EMP0410_202608,EMP0410,2026-08-01,130,91,107,32,5,19,86.04
PERF_EMP0410_202609,EMP0410,2026-09-01,159,130,118,20,0,15,86.43
PERF_EMP0411_202510,EMP0411,2025-10-01,149,163,157,28,10,14,100.0
PERF_EMP0411_202511,EMP0411,2025-11-01,107,106,101,36,8,17,97.98
PERF_EMP0411_202512,EMP0411,2025-12-01,134,148,171,43,16,13,100.0
PERF_EMP0411_202601,EMP0411,2026-01-01,113,124,130,21,1,17,100.0
PERF_EMP0411_202602,EMP0411,2026-02-01,120,136,150,26,17,21,100.0
PERF_EMP0411_202603,EMP0411,2026-03-01,139,159,166,18,24,17,100.0
PERF_EMP0411_202604,EMP0411,2026-04-01,126,133,152,21,14,13,100.0
PERF_EMP0411_202605,EMP0411,2026-05-01,121,142,135,23,19,23,100.0
PERF_EMP0411_202606,EMP0411,2026-06-01,128,160,145,15,16,24,97.33
PERF_EMP0411_202607,EMP0411,2026-07-01,113,107,104,26,19,17,87.85
PERF_EMP0411_202608,EMP0411,2026-08-01,120,110,168,32,12,22,91.53
PERF_EMP0411_202609,EMP0411,2026-09-01,136,162,150,13,10,23,100.0
PERF_EMP0412_202510,EMP0412,2025-10-01,138,141,118,19,7,8,100.0
PERF_EMP0412_202511,EMP0412,2025-11-01,140,128,147,14,6,13,100.0
PERF_EMP0412_202512,EMP0412,2025-12-01,140,132,86,16,15,23,94.42
PERF_EMP0412_202601,EMP0412,2026-01-01,129,105,106,31,19,23,94.82
PERF_EMP0412_202602,EMP0412,2026-02-01,124,133,114,21,12,15,100.0
PERF_EMP0412_202603,EMP0412,2026-03-01,100,70,156,29,9,16,86.64
PERF_EMP0412_202604,EMP0412,2026-04-01,113,114,168,23,12,12,100.0
PERF_EMP0412_202605,EMP0412,2026-05-01,126,143,132,27,16,21,99.74
PERF_EMP0412_202606,EMP0412,2026-06-01,112,113,160,31,8,5,100.0
PERF_EMP0412_202607,EMP0412,2026-07-01,117,136,184,25,15,7,100.0
PERF_EMP0412_202608,EMP0412,2026-08-01,155,146,84,19,4,9,89.53
PERF_EMP0412_202609,EMP0412,2026-09-01,120,87,125,30,11,11,81.84
PERF_EMP0413_202510,EMP0413,2025-10-01,100,80,83,10,0,20,98.44
PERF_EMP0413_202511,EMP0413,2025-11-01,100,45,63,14,8,4,73.83
PERF_EMP0413_202512,EMP0413,2025-12-01,115,99,97,12,9,11,91.08
PERF_EMP0413_202601,EMP0413,2026-01-01,107,77,43,9,5,21,78.4
PERF_EMP0413_202602,EMP0413,2026-02-01,134,69,53,20,0,15,69.29
PERF_EMP0413_202603,EMP0413,2026-03-01,155,92,80,6,0,5,86.87
PERF_EMP0413_202604,EMP0413,2026-04-01,133,94,94,19,18,16,86.04
PERF_EMP0413_202605,EMP0413,2026-05-01,122,96,130,11,7,6,100.0
PERF_EMP0413_202606,EMP0413,2026-06-01,100,85,76,21,11,9,84.43
PERF_EMP0413_202607,EMP0413,2026-07-01,120,93,60,9,6,7,79.91
PERF_EMP0413_202608,EMP0413,2026-08-01,132,97,55,16,8,4,80.57
PERF_EMP0413_202609,EMP0413,2026-09-01,100,101,97,10,8,14,98.2
PERF_EMP0414_202510,EMP0414,2025-10-01,132,96,83,10,4,15,84.46
PERF_EMP0414_202511,EMP0414,2025-11-01,133,112,67,23,8,23,86.62
PERF_EMP0414_202512,EMP0414,2025-12-01,128,74,44,10,1,0,77.48
PERF_EMP0414_202601,EMP0414,2026-01-01,129,108,99,18,5,7,79.38
PERF_EMP0414_202602,EMP0414,2026-02-01,126,106,90,15,8,13,89.55
PERF_EMP0414_202603,EMP0414,2026-03-01,117,94,79,19,11,0,79.25
PERF_EMP0414_202604,EMP0414,2026-04-01,107,93,109,15,12,27,93.02
PERF_EMP0414_202605,EMP0414,2026-05-01,140,103,84,11,2,12,85.87
PERF_EMP0414_202606,EMP0414,2026-06-01,113,85,90,13,9,24,84.81
PERF_EMP0414_202607,EMP0414,2026-07-01,110,75,139,6,12,10,81.42
PERF_EMP0414_202608,EMP0414,2026-08-01,131,96,39,23,10,6,78.4
PERF_EMP0414_202609,EMP0414,2026-09-01,112,99,96,19,13,17,97.04
PERF_EMP0415_202510,EMP0415,2025-10-01,100,71,49,6,14,6,79.23
PERF_EMP0415_202511,EMP0415,2025-11-01,143,113,112,16,11,7,91.15
PERF_EMP0415_202512,EMP0415,2025-12-01,128,128,85,16,9,11,100.0
PERF_EMP0415_202601,EMP0415,2026-01-01,103,50,86,19,1,9,91.53
PERF_EMP0415_202602,EMP0415,2026-02-01,102,87,88,9,6,18,89.03
PERF_EMP0415_202603,EMP0415,2026-03-01,101,77,65,6,2,8,89.45
PERF_EMP0415_202604,EMP0415,2026-04-01,100,79,136,3,13,1,95.78
PERF_EMP0415_202605,EMP0415,2026-05-01,115,94,45,0,12,9,79.07
PERF_EMP0415_202606,EMP0415,2026-06-01,133,105,106,21,10,14,88.82
PERF_EMP0415_202607,EMP0415,2026-07-01,120,114,102,20,8,12,100.0
PERF_EMP0415_202608,EMP0415,2026-08-01,110,82,126,2,10,20,95.38
PERF_EMP0415_202609,EMP0415,2026-09-01,136,105,92,6,14,11,87.28
PERF_EMP0416_202510,EMP0416,2025-10-01,112,109,122,14,10,22,93.2
PERF_EMP0416_202511,EMP0416,2025-11-01,127,105,81,19,14,5,82.13
PERF_EMP0416_202512,EMP0416,2025-12-01,134,94,93,23,4,9,86.58
PERF_EMP0416_202601,EMP0416,2026-01-01,121,119,122,16,9,21,100.0
PERF_EMP0416_202602,EMP0416,2026-02-01,137,121,91,20,9,7,81.65
PERF_EMP0416_202603,EMP0416,2026-03-01,100,88,108,30,10,0,99.76
PERF_EMP0416_202604,EMP0416,2026-04-01,129,103,101,10,3,14,81.98
PERF_EMP0416_202605,EMP0416,2026-05-01,114,98,94,14,2,10,90.12
PERF_EMP0416_202606,EMP0416,2026-06-01,105,75,70,17,7,12,80.13
PERF_EMP0416_202607,EMP0416,2026-07-01,120,123,93,27,7,15,94.6
PERF_EMP0416_202608,EMP0416,2026-08-01,100,67,76,30,14,14,79.34
PERF_EMP0416_202609,EMP0416,2026-09-01,105,88,90,20,4,15,94.39
PERF_EMP0417_202510,EMP0417,2025-10-01,137,147,129,4,10,15,100.0
PERF_EMP0417_202511,EMP0417,2025-11-01,112,91,97,6,9,9,87.55
PERF_EMP0417_202512,EMP0417,2025-12-01,134,60,77,3,5,23,58.74
PERF_EMP0417_202601,EMP0417,2026-01-01,117,111,96,29,8,9,95.89
PERF_EMP0417_202602,EMP0417,2026-02-01,138,125,144,13,6,18,95.31
PERF_EMP0417_202603,EMP0417,2026-03-01,105,91,96,19,15,26,90.38
PERF_EMP0417_202604,EMP0417,2026-04-01,100,97,116,15,9,10,100.0
PERF_EMP0417_202605,EMP0417,2026-05-01,134,123,86,22,0,11,93.42
PERF_EMP0417_202606,EMP0417,2026-06-01,103,98,93,18,15,6,96.24
PERF_EMP0417_202607,EMP0417,2026-07-01,115,79,167,12,8,8,91.44
PERF_EMP0417_202608,EMP0417,2026-08-01,100,79,121,15,12,19,84.86
PERF_EMP0417_202609,EMP0417,2026-09-01,113,65,139,21,4,19,86.01
PERF_EMP0418_202510,EMP0418,2025-10-01,103,94,136,15,11,16,100.0
PERF_EMP0418_202511,EMP0418,2025-11-01,103,95,90,22,0,20,85.67
PERF_EMP0418_202512,EMP0418,2025-12-01,104,65,103,10,3,12,81.55
PERF_EMP0418_202601,EMP0418,2026-01-01,114,132,63,21,6,9,96.48
PERF_EMP0418_202602,EMP0418,2026-02-01,100,68,130,30,6,21,91.69
PERF_EMP0418_202603,EMP0418,2026-03-01,100,84,143,17,9,23,83.89
PERF_EMP0418_202604,EMP0418,2026-04-01,114,120,81,17,9,18,95.14
PERF_EMP0418_202605,EMP0418,2026-05-01,110,75,103,14,4,14,86.14
PERF_EMP0418_202606,EMP0418,2026-06-01,100,74,106,16,1,13,87.53
PERF_EMP0418_202607,EMP0418,2026-07-01,147,151,110,7,14,20,98.9
PERF_EMP0418_202608,EMP0418,2026-08-01,129,96,90,10,18,15,91.12
PERF_EMP0418_202609,EMP0418,2026-09-01,143,127,104,26,13,20,95.81
PERF_EMP0419_202510,EMP0419,2025-10-01,135,125,121,19,15,21,100.0
PERF_EMP0419_202511,EMP0419,2025-11-01,142,111,99,22,5,31,91.63
PERF_EMP0419_202512,EMP0419,2025-12-01,126,127,113,12,6,13,100.0
PERF_EMP0419_202601,EMP0419,2026-01-01,124,128,138,22,9,13,100.0
PERF_EMP0419_202602,EMP0419,2026-02-01,103,106,122,24,3,12,100.0
PERF_EMP0419_202603,EMP0419,2026-03-01,114,74,174,26,4,18,88.01
PERF_EMP0419_202604,EMP0419,2026-04-01,116,126,130,22,11,10,100.0
PERF_EMP0419_202605,EMP0419,2026-05-01,100,103,97,20,6,27,96.7
PERF_EMP0419_202606,EMP0419,2026-06-01,118,115,156,13,12,19,85.9
PERF_EMP0419_202607,EMP0419,2026-07-01,126,116,137,16,16,16,87.83
PERF_EMP0419_202608,EMP0419,2026-08-01,102,79,122,18,16,14,95.0
PERF_EMP0419_202609,EMP0419,2026-09-01,157,131,110,22,14,12,95.23
PERF_EMP0420_202510,EMP0420,2025-10-01,135,157,95,22,15,7,100.0
PERF_EMP0420_202511,EMP0420,2025-11-01,108,91,120,22,7,14,95.56
PERF_EMP0420_202512,EMP0420,2025-12-01,121,114,143,21,12,19,94.96
PERF_EMP0420_202601,EMP0420,2026-01-01,109,91,136,23,12,8,80.29
PERF_EMP0420_202602,EMP0420,2026-02-01,112,110,115,5,11,12,100.0
PERF_EMP0420_202603,EMP0420,2026-03-01,100,77,122,14,9,11,87.02
PERF_EMP0420_202604,EMP0420,2026-04-01,104,124,93,22,13,30,100.0
PERF_EMP0420_202605,EMP0420,2026-05-01,108,97,129,22,13,16,98.89
PERF_EMP0420_202606,EMP0420,2026-06-01,133,108,117,20,11,19,87.76
PERF_EMP0420_202607,EMP0420,2026-07-01,124,117,113,17,11,17,98.76
PERF_EMP0420_202608,EMP0420,2026-08-01,100,104,134,24,11,21,100.0
PERF_EMP0420_202609,EMP0420,2026-09-01,146,155,147,15,8,20,100.0
PERF_EMP0421_202510,EMP0421,2025-10-01,122,140,124,18,14,7,100.0
PERF_EMP0421_202511,EMP0421,2025-11-01,128,111,107,32,19,10,97.11
PERF_EMP0421_202512,EMP0421,2025-12-01,121,108,136,27,16,17,89.12
PERF_EMP0421_202601,EMP0421,2026-01-01,100,67,94,28,21,12,84.19
PERF_EMP0421_202602,EMP0421,2026-02-01,100,80,150,17,5,19,89.98
PERF_EMP0421_202603,EMP0421,2026-03-01,101,76,114,11,5,8,94.6
PERF_EMP0421_202604,EMP0421,2026-04-01,105,81,107,25,6,7,86.54
PERF_EMP0421_202605,EMP0421,2026-05-01,100,92,131,2,14,16,96.98
PERF_EMP0421_202606,EMP0421,2026-06-01,105,99,159,18,15,16,100.0
PERF_EMP0421_202607,EMP0421,2026-07-01,101,87,120,25,15,4,95.3
PERF_EMP0421_202608,EMP0421,2026-08-01,108,103,88,15,11,16,97.62
PERF_EMP0421_202609,EMP0421,2026-09-01,121,110,86,28,0,17,94.8
PERF_EMP0422_202510,EMP0422,2025-10-01,102,73,125,15,4,29,86.27
PERF_EMP0422_202511,EMP0422,2025-11-01,141,155,134,25,12,24,89.56
PERF_EMP0422_202512,EMP0422,2025-12-01,132,128,123,24,6,20,98.15
PERF_EMP0422_202601,EMP0422,2026-01-01,150,149,123,11,16,8,100.0
PERF_EMP0422_202602,EMP0422,2026-02-01,100,95,169,19,9,17,94.62
PERF_EMP0422_202603,EMP0422,2026-03-01,142,133,152,18,5,19,99.26
PERF_EMP0422_202604,EMP0422,2026-04-01,137,138,124,27,11,4,93.85
PERF_EMP0422_202605,EMP0422,2026-05-01,141,138,124,12,10,11,94.2
PERF_EMP0422_202606,EMP0422,2026-06-01,130,146,96,19,11,10,100.0
PERF_EMP0422_202607,EMP0422,2026-07-01,131,140,128,21,4,10,93.71
PERF_EMP0422_202608,EMP0422,2026-08-01,121,117,72,22,9,20,91.26
PERF_EMP0422_202609,EMP0422,2026-09-01,110,99,132,24,1,4,94.19
PERF_EMP0423_202510,EMP0423,2025-10-01,111,130,109,22,7,18,100.0
PERF_EMP0423_202511,EMP0423,2025-11-01,135,138,102,29,16,12,91.77
PERF_EMP0423_202512,EMP0423,2025-12-01,104,79,122,26,14,14,89.01
PERF_EMP0423_202601,EMP0423,2026-01-01,117,122,173,16,15,20,99.39
PERF_EMP0423_202602,EMP0423,2026-02-01,130,120,94,17,8,8,89.65
PERF_EMP0423_202603,EMP0423,2026-03-01,107,99,103,18,10,25,90.36
PERF_EMP0423_202604,EMP0423,2026-04-01,135,120,147,28,8,20,90.92
PERF_EMP0423_202605,EMP0423,2026-05-01,122,142,130,1,11,26,100.0
PERF_EMP0423_202606,EMP0423,2026-06-01,120,130,75,17,15,10,99.47
PERF_EMP0423_202607,EMP0423,2026-07-01,128,126,105,18,2,2,100.0
PERF_EMP0423_202608,EMP0423,2026-08-01,134,106,109,10,15,16,96.35
PERF_EMP0423_202609,EMP0423,2026-09-01,134,107,133,22,8,13,87.95
PERF_EMP0424_202510,EMP0424,2025-10-01,106,71,58,15,17,15,80.16
PERF_EMP0424_202511,EMP0424,2025-11-01,122,76,62,17,11,2,88.11
PERF_EMP0424_202512,EMP0424,2025-12-01,123,88,84,25,15,1,81.5
PERF_EMP0424_202601,EMP0424,2026-01-01,140,126,21,17,16,11,78.45
PERF_EMP0424_202602,EMP0424,2026-02-01,139,112,87,12,0,23,85.14
PERF_EMP0424_202603,EMP0424,2026-03-01,116,92,120,13,6,7,84.29
PERF_EMP0424_202604,EMP0424,2026-04-01,129,109,116,13,15,6,91.28
PERF_EMP0424_202605,EMP0424,2026-05-01,102,49,131,15,6,6,79.83
PERF_EMP0424_202606,EMP0424,2026-06-01,131,82,105,23,15,4,83.29
PERF_EMP0424_202607,EMP0424,2026-07-01,141,121,69,15,4,5,85.44
PERF_EMP0424_202608,EMP0424,2026-08-01,100,54,136,12,7,9,84.26
PERF_EMP0424_202609,EMP0424,2026-09-01,118,101,126,13,6,12,94.54
PERF_EMP0425_202510,EMP0425,2025-10-01,116,84,88,2,19,22,90.23
PERF_EMP0425_202511,EMP0425,2025-11-01,107,91,99,24,6,29,99.4
PERF_EMP0425_202512,EMP0425,2025-12-01,118,101,94,19,7,12,92.37
PERF_EMP0425_202601,EMP0425,2026-01-01,102,95,144,18,14,12,100.0
PERF_EMP0425_202602,EMP0425,2026-02-01,149,104,104,28,15,29,86.47
PERF_EMP0425_202603,EMP0425,2026-03-01,108,81,146,24,4,10,92.0
PERF_EMP0425_202604,EMP0425,2026-04-01,121,95,104,28,12,15,91.05
PERF_EMP0425_202605,EMP0425,2026-05-01,119,114,119,17,3,17,100.0
PERF_EMP0425_202606,EMP0425,2026-06-01,128,136,130,6,19,19,100.0
PERF_EMP0425_202607,EMP0425,2026-07-01,114,96,105,25,0,17,93.37
PERF_EMP0425_202608,EMP0425,2026-08-01,157,162,119,20,16,22,100.0
PERF_EMP0425_202609,EMP0425,2026-09-01,131,112,122,18,8,19,97.03
PERF_EMP0426_202510,EMP0426,2025-10-01,108,75,161,21,12,11,78.4
PERF_EMP0426_202511,EMP0426,2025-11-01,152,146,186,23,19,11,91.0
PERF_EMP0426_202512,EMP0426,2025-12-01,138,127,95,35,2,14,93.61
PERF_EMP0426_202601,EMP0426,2026-01-01,110,88,100,29,7,5,84.44
PERF_EMP0426_202602,EMP0426,2026-02-01,145,160,142,23,10,24,100.0
PERF_EMP0426_202603,EMP0426,2026-03-01,116,100,154,30,7,25,99.56
PERF_EMP0426_202604,EMP0426,2026-04-01,143,125,113,18,4,16,97.35
PERF_EMP0426_202605,EMP0426,2026-05-01,126,118,118,30,8,25,94.52
PERF_EMP0426_202606,EMP0426,2026-06-01,109,99,112,26,19,16,90.41
PERF_EMP0426_202607,EMP0426,2026-07-01,123,93,158,26,21,26,97.25
PERF_EMP0426_202608,EMP0426,2026-08-01,100,101,127,27,12,23,100.0
PERF_EMP0426_202609,EMP0426,2026-09-01,131,144,159,17,10,14,100.0
PERF_EMP0427_202510,EMP0427,2025-10-01,132,120,132,16,18,7,100.0
PERF_EMP0427_202511,EMP0427,2025-11-01,132,108,145,12,13,19,90.9
PERF_EMP0427_202512,EMP0427,2025-12-01,144,137,133,4,7,14,100.0
PERF_EMP0427_202601,EMP0427,2026-01-01,112,92,122,15,6,8,99.47
PERF_EMP0427_202602,EMP0427,2026-02-01,119,96,161,22,6,14,98.35
PERF_EMP0427_202603,EMP0427,2026-03-01,135,112,140,21,7,27,89.03
PERF_EMP0427_202604,EMP0427,2026-04-01,121,135,105,18,10,8,98.97
PERF_EMP0427_202605,EMP0427,2026-05-01,106,115,127,22,14,14,100.0
PERF_EMP0427_202606,EMP0427,2026-06-01,155,141,119,18,9,25,97.37
PERF_EMP0427_202607,EMP0427,2026-07-01,116,85,136,18,8,12,82.23
PERF_EMP0427_202608,EMP0427,2026-08-01,155,138,133,34,4,23,95.22
PERF_EMP0427_202609,EMP0427,2026-09-01,133,112,116,17,7,9,89.69
PERF_EMP0428_202510,EMP0428,2025-10-01,100,94,65,19,11,18,92.72
PERF_EMP0428_202511,EMP0428,2025-11-01,138,151,92,23,7,23,100.0
PERF_EMP0428_202512,EMP0428,2025-12-01,100,113,132,9,16,21,100.0
PERF_EMP0428_202601,EMP0428,2026-01-01,122,148,115,27,14,14,100.0
PERF_EMP0428_202602,EMP0428,2026-02-01,133,128,136,20,3,24,100.0
PERF_EMP0428_202603,EMP0428,2026-03-01,126,117,122,16,10,15,94.39
PERF_EMP0428_202604,EMP0428,2026-04-01,145,128,125,12,9,11,97.93
PERF_EMP0428_202605,EMP0428,2026-05-01,119,99,98,14,15,17,86.99
PERF_EMP0428_202606,EMP0428,2026-06-01,122,99,174,24,10,15,85.63
PERF_EMP0428_202607,EMP0428,2026-07-01,144,127,157,25,13,13,95.84
PERF_EMP0428_202608,EMP0428,2026-08-01,116,92,91,14,15,8,83.81
PERF_EMP0428_202609,EMP0428,2026-09-01,137,133,97,24,15,14,98.42
PERF_EMP0429_202510,EMP0429,2025-10-01,120,111,114,14,7,23,94.43
PERF_EMP0429_202511,EMP0429,2025-11-01,116,112,97,21,9,18,93.93
PERF_EMP0429_202512,EMP0429,2025-12-01,168,127,106,11,20,3,77.07
PERF_EMP0429_202601,EMP0429,2026-01-01,100,97,80,24,0,12,93.68
PERF_EMP0429_202602,EMP0429,2026-02-01,104,95,119,14,10,21,100.0
PERF_EMP0429_202603,EMP0429,2026-03-01,162,148,113,14,16,17,99.4
PERF_EMP0429_202604,EMP0429,2026-04-01,136,128,82,22,9,20,90.81
PERF_EMP0429_202605,EMP0429,2026-05-01,129,107,157,17,2,13,94.03
PERF_EMP0429_202606,EMP0429,2026-06-01,130,107,91,18,7,10,90.22
PERF_EMP0429_202607,EMP0429,2026-07-01,124,114,117,16,25,15,100.0
PERF_EMP0429_202608,EMP0429,2026-08-01,156,128,121,22,3,29,89.17
PERF_EMP0429_202609,EMP0429,2026-09-01,100,88,120,25,4,11,98.92
PERF_EMP0430_202510,EMP0430,2025-10-01,120,118,74,33,2,11,89.41
PERF_EMP0430_202511,EMP0430,2025-11-01,100,105,104,17,11,12,100.0
PERF_EMP0430_202512,EMP0430,2025-12-01,139,131,97,18,13,6,90.91
PERF_EMP0430_202601,EMP0430,2026-01-01,152,146,129,9,13,7,100.0
PERF_EMP0430_202602,EMP0430,2026-02-01,129,120,106,3,16,17,96.05
PERF_EMP0430_202603,EMP0430,2026-03-01,138,157,94,4,13,21,93.57
PERF_EMP0430_202604,EMP0430,2026-04-01,110,79,110,19,18,0,90.45
PERF_EMP0430_202605,EMP0430,2026-05-01,125,97,98,17,11,20,87.53
PERF_EMP0430_202606,EMP0430,2026-06-01,100,80,118,17,8,22,93.84
PERF_EMP0430_202607,EMP0430,2026-07-01,125,93,103,23,12,21,80.67
PERF_EMP0430_202608,EMP0430,2026-08-01,130,90,91,21,13,15,83.54
PERF_EMP0430_202609,EMP0430,2026-09-01,109,114,88,19,0,19,94.05
PERF_EMP0431_202510,EMP0431,2025-10-01,131,124,163,20,21,18,99.39
PERF_EMP0431_202511,EMP0431,2025-11-01,124,104,131,19,7,23,99.61
PERF_EMP0431_202512,EMP0431,2025-12-01,129,96,129,21,14,10,94.89
PERF_EMP0431_202601,EMP0431,2026-01-01,123,95,97,12,7,23,83.23
PERF_EMP0431_202602,EMP0431,2026-02-01,102,86,79,6,9,15,83.21
PERF_EMP0431_202603,EMP0431,2026-03-01,116,98,76,10,7,8,85.17
PERF_EMP0431_202604,EMP0431,2026-04-01,107,90,136,28,10,18,100.0
PERF_EMP0431_202605,EMP0431,2026-05-01,105,78,126,17,6,9,91.69
PERF_EMP0431_202606,EMP0431,2026-06-01,100,85,140,24,11,15,91.71
PERF_EMP0431_202607,EMP0431,2026-07-01,131,117,111,16,9,16,86.1
PERF_EMP0431_202608,EMP0431,2026-08-01,126,114,119,19,12,13,100.0
PERF_EMP0431_202609,EMP0431,2026-09-01,123,126,106,13,10,13,98.34
PERF_EMP0432_202510,EMP0432,2025-10-01,100,76,119,3,0,3,76.63
PERF_EMP0432_202511,EMP0432,2025-11-01,131,105,129,18,6,8,89.3
PERF_EMP0432_202512,EMP0432,2025-12-01,109,83,76,11,11,19,86.56
PERF_EMP0432_202601,EMP0432,2026-01-01,150,142,128,11,2,16,95.74
PERF_EMP0432_202602,EMP0432,2026-02-01,138,87,101,20,17,13,89.24
PERF_EMP0432_202603,EMP0432,2026-03-01,100,82,75,26,9,4,91.86
PERF_EMP0432_202604,EMP0432,2026-04-01,123,72,116,27,5,23,87.98
PERF_EMP0432_202605,EMP0432,2026-05-01,117,88,110,12,3,9,90.18
PERF_EMP0432_202606,EMP0432,2026-06-01,127,114,58,24,9,19,86.7
PERF_EMP0432_202607,EMP0432,2026-07-01,144,113,120,8,12,2,92.48
PERF_EMP0432_202608,EMP0432,2026-08-01,100,89,73,16,5,11,79.04
PERF_EMP0432_202609,EMP0432,2026-09-01,111,106,82,10,2,19,92.59
PERF_EMP0433_202510,EMP0433,2025-10-01,149,100,81,15,5,15,77.97
PERF_EMP0433_202511,EMP0433,2025-11-01,116,77,86,8,8,8,80.62
PERF_EMP0433_202512,EMP0433,2025-12-01,100,97,127,21,7,8,100.0
PERF_EMP0433_202601,EMP0433,2026-01-01,135,142,96,10,6,13,96.42
PERF_EMP0433_202602,EMP0433,2026-02-01,141,117,69,15,4,9,95.23
PERF_EMP0433_202603,EMP0433,2026-03-01,137,73,114,19,2,20,77.92
PERF_EMP0433_202604,EMP0433,2026-04-01,106,79,127,22,10,2,91.58
PERF_EMP0433_202605,EMP0433,2026-05-01,100,73,107,7,10,0,80.72
PERF_EMP0433_202606,EMP0433,2026-06-01,106,82,91,14,11,5,82.79
PERF_EMP0433_202607,EMP0433,2026-07-01,119,78,106,4,7,15,81.72
PERF_EMP0433_202608,EMP0433,2026-08-01,100,83,82,7,5,14,84.88
PERF_EMP0433_202609,EMP0433,2026-09-01,112,64,109,13,9,12,85.82
PERF_EMP0434_202510,EMP0434,2025-10-01,121,89,116,22,11,22,90.65
PERF_EMP0434_202511,EMP0434,2025-11-01,160,158,67,16,4,13,96.41
PERF_EMP0434_202512,EMP0434,2025-12-01,100,77,136,32,21,12,97.86
PERF_EMP0434_202601,EMP0434,2026-01-01,124,102,95,3,5,19,89.63
PERF_EMP0434_202602,EMP0434,2026-02-01,100,55,102,15,9,14,82.62
PERF_EMP0434_202603,EMP0434,2026-03-01,126,121,96,21,8,10,89.57
PERF_EMP0434_202604,EMP0434,2026-04-01,124,123,83,23,15,23,94.41
PERF_EMP0434_202605,EMP0434,2026-05-01,113,103,151,22,7,9,98.16
PERF_EMP0434_202606,EMP0434,2026-06-01,145,138,136,21,0,5,96.71
PERF_EMP0434_202607,EMP0434,2026-07-01,125,126,95,14,13,15,100.0
PERF_EMP0434_202608,EMP0434,2026-08-01,108,120,141,25,16,13,100.0
PERF_EMP0434_202609,EMP0434,2026-09-01,100,81,116,18,15,15,89.54
PERF_EMP0435_202510,EMP0435,2025-10-01,138,151,110,23,15,16,100.0
PERF_EMP0435_202511,EMP0435,2025-11-01,126,121,98,6,9,13,100.0
PERF_EMP0435_202512,EMP0435,2025-12-01,127,135,82,20,14,9,100.0
PERF_EMP0435_202601,EMP0435,2026-01-01,120,94,92,20,7,20,87.55
PERF_EMP0435_202602,EMP0435,2026-02-01,130,105,139,13,7,6,95.68
PERF_EMP0435_202603,EMP0435,2026-03-01,131,116,119,22,9,12,90.96
PERF_EMP0435_202604,EMP0435,2026-04-01,115,81,119,26,4,19,89.29
PERF_EMP0435_202605,EMP0435,2026-05-01,116,124,97,11,12,15,97.97
PERF_EMP0435_202606,EMP0435,2026-06-01,100,80,90,20,19,5,92.82
PERF_EMP0435_202607,EMP0435,2026-07-01,120,114,90,22,12,14,92.71
PERF_EMP0435_202608,EMP0435,2026-08-01,117,85,69,15,4,14,84.82
PERF_EMP0435_202609,EMP0435,2026-09-01,129,133,113,13,14,6,95.28
PERF_EMP0436_202510,EMP0436,2025-10-01,100,103,69,15,18,17,90.03
PERF_EMP0436_202511,EMP0436,2025-11-01,104,102,95,29,4,19,93.6
PERF_EMP0436_202512,EMP0436,2025-12-01,113,80,60,26,17,10,79.64
PERF_EMP0436_202601,EMP0436,2026-01-01,100,98,121,20,6,13,98.34
PERF_EMP0436_202602,EMP0436,2026-02-01,110,120,111,36,14,19,97.17
PERF_EMP0436_202603,EMP0436,2026-03-01,111,97,131,16,14,5,97.31
PERF_EMP0436_202604,EMP0436,2026-04-01,116,130,112,27,10,15,100.0
PERF_EMP0436_202605,EMP0436,2026-05-01,129,117,123,7,14,9,88.26
PERF_EMP0436_202606,EMP0436,2026-06-01,115,104,92,10,9,8,87.88
PERF_EMP0436_202607,EMP0436,2026-07-01,120,122,106,20,3,6,100.0
PERF_EMP0436_202608,EMP0436,2026-08-01,123,78,88,17,5,14,77.41
PERF_EMP0436_202609,EMP0436,2026-09-01,145,144,83,35,15,9,90.97
PERF_EMP0437_202510,EMP0437,2025-10-01,129,130,87,15,10,16,97.71
PERF_EMP0437_202511,EMP0437,2025-11-01,174,164,115,22,14,8,88.61
PERF_EMP0437_202512,EMP0437,2025-12-01,112,106,139,29,12,18,100.0
PERF_EMP0437_202601,EMP0437,2026-01-01,132,111,139,16,3,17,98.11
PERF_EMP0437_202602,EMP0437,2026-02-01,113,106,121,4,16,17,99.01
PERF_EMP0437_202603,EMP0437,2026-03-01,133,136,168,21,11,7,92.22
PERF_EMP0437_202604,EMP0437,2026-04-01,121,145,131,30,12,15,100.0
PERF_EMP0437_202605,EMP0437,2026-05-01,102,79,115,25,6,7,84.08
PERF_EMP0437_202606,EMP0437,2026-06-01,114,114,81,12,15,7,90.37
PERF_EMP0437_202607,EMP0437,2026-07-01,100,85,139,6,8,2,94.05
PERF_EMP0437_202608,EMP0437,2026-08-01,108,104,135,14,16,23,100.0
PERF_EMP0437_202609,EMP0437,2026-09-01,145,146,85,20,23,13,87.89
PERF_EMP0438_202510,EMP0438,2025-10-01,110,112,96,20,8,25,100.0
PERF_EMP0438_202511,EMP0438,2025-11-01,159,156,123,23,13,18,100.0
PERF_EMP0438_202512,EMP0438,2025-12-01,135,137,102,14,8,15,93.93
PERF_EMP0438_202601,EMP0438,2026-01-01,100,104,113,14,5,16,92.43
PERF_EMP0438_202602,EMP0438,2026-02-01,114,101,159,21,19,19,97.55
PERF_EMP0438_202603,EMP0438,2026-03-01,100,63,134,18,15,5,87.13
PERF_EMP0438_202604,EMP0438,2026-04-01,131,97,96,12,11,18,89.9
PERF_EMP0438_202605,EMP0438,2026-05-01,101,82,102,15,9,14,95.59
PERF_EMP0438_202606,EMP0438,2026-06-01,126,107,113,27,10,14,100.0
PERF_EMP0438_202607,EMP0438,2026-07-01,100,79,95,24,9,8,81.44
PERF_EMP0438_202608,EMP0438,2026-08-01,144,100,98,22,4,13,91.41
PERF_EMP0438_202609,EMP0438,2026-09-01,111,114,102,23,23,9,92.19
PERF_EMP0439_202510,EMP0439,2025-10-01,100,92,122,6,11,14,94.8
PERF_EMP0439_202511,EMP0439,2025-11-01,139,144,146,35,14,10,98.85
PERF_EMP0439_202512,EMP0439,2025-12-01,111,128,110,17,12,6,100.0
PERF_EMP0439_202601,EMP0439,2026-01-01,131,131,146,23,16,27,99.53
PERF_EMP0439_202602,EMP0439,2026-02-01,126,98,161,30,7,10,95.5
PERF_EMP0439_202603,EMP0439,2026-03-01,100,103,136,20,15,16,100.0
PERF_EMP0439_202604,EMP0439,2026-04-01,134,114,156,26,10,18,91.48
PERF_EMP0439_202605,EMP0439,2026-05-01,137,118,148,19,16,24,89.83
PERF_EMP0439_202606,EMP0439,2026-06-01,140,137,146,27,10,23,100.0
PERF_EMP0439_202607,EMP0439,2026-07-01,126,118,76,25,18,11,96.19
PERF_EMP0439_202608,EMP0439,2026-08-01,119,97,165,10,9,11,99.43
PERF_EMP0439_202609,EMP0439,2026-09-01,111,84,141,25,14,17,95.92
PERF_EMP0440_202510,EMP0440,2025-10-01,121,98,149,19,12,13,95.19
PERF_EMP0440_202511,EMP0440,2025-11-01,115,101,110,10,0,14,91.95
PERF_EMP0440_202512,EMP0440,2025-12-01,116,105,105,6,8,12,93.04
PERF_EMP0440_202601,EMP0440,2026-01-01,145,93,137,17,7,5,92.04
PERF_EMP0440_202602,EMP0440,2026-02-01,137,120,110,27,11,19,98.0
PERF_EMP0440_202603,EMP0440,2026-03-01,141,98,70,18,3,19,79.12
PERF_EMP0440_202604,EMP0440,2026-04-01,107,86,48,25,9,11,78.86
PERF_EMP0440_202605,EMP0440,2026-05-01,126,103,66,9,14,7,82.53
PERF_EMP0440_202606,EMP0440,2026-06-01,100,95,64,13,10,17,90.24
PERF_EMP0440_202607,EMP0440,2026-07-01,116,67,102,15,1,7,81.49
PERF_EMP0440_202608,EMP0440,2026-08-01,150,131,123,15,0,11,90.83
PERF_EMP0440_202609,EMP0440,2026-09-01,107,81,113,30,0,13,87.84
PERF_EMP0441_202510,EMP0441,2025-10-01,134,114,140,25,12,26,95.56
PERF_EMP0441_202511,EMP0441,2025-11-01,132,127,145,14,12,22,94.77
PERF_EMP0441_202512,EMP0441,2025-12-01,100,79,118,19,0,9,84.62
PERF_EMP0441_202601,EMP0441,2026-01-01,131,136,126,16,11,11,100.0
PERF_EMP0441_202602,EMP0441,2026-02-01,129,165,144,15,13,12,100.0
PERF_EMP0441_202603,EMP0441,2026-03-01,102,107,139,16,13,16,100.0
PERF_EMP0441_202604,EMP0441,2026-04-01,130,118,104,18,10,16,93.42
PERF_EMP0441_202605,EMP0441,2026-05-01,140,107,166,23,10,23,89.69
PERF_EMP0441_202606,EMP0441,2026-06-01,108,113,94,17,9,19,96.57
PERF_EMP0441_202607,EMP0441,2026-07-01,139,128,105,12,18,4,96.15
PERF_EMP0441_202608,EMP0441,2026-08-01,137,125,138,0,10,5,100.0
PERF_EMP0441_202609,EMP0441,2026-09-01,102,81,110,19,10,24,97.77
PERF_EMP0442_202510,EMP0442,2025-10-01,100,91,114,11,12,16,95.86
PERF_EMP0442_202511,EMP0442,2025-11-01,110,95,69,20,6,6,93.52
PERF_EMP0442_202512,EMP0442,2025-12-01,100,76,62,21,15,14,89.64
PERF_EMP0442_202601,EMP0442,2026-01-01,114,104,85,5,11,2,100.0
PERF_EMP0442_202602,EMP0442,2026-02-01,118,94,106,19,5,0,84.93
PERF_EMP0442_202603,EMP0442,2026-03-01,133,83,80,13,16,29,73.51
PERF_EMP0442_202604,EMP0442,2026-04-01,100,67,96,12,9,9,82.18
PERF_EMP0442_202605,EMP0442,2026-05-01,136,101,136,17,15,11,85.55
PERF_EMP0442_202606,EMP0442,2026-06-01,145,133,104,23,12,9,97.28
PERF_EMP0442_202607,EMP0442,2026-07-01,109,121,76,13,6,17,100.0
PERF_EMP0442_202608,EMP0442,2026-08-01,124,80,97,18,9,7,83.1
PERF_EMP0442_202609,EMP0442,2026-09-01,111,118,84,11,6,8,100.0
PERF_EMP0443_202510,EMP0443,2025-10-01,145,124,123,45,14,26,100.0
PERF_EMP0443_202511,EMP0443,2025-11-01,103,139,139,26,0,23,100.0
PERF_EMP0443_202512,EMP0443,2025-12-01,100,95,121,18,4,26,100.0
PERF_EMP0443_202601,EMP0443,2026-01-01,118,94,154,26,7,14,98.78
PERF_EMP0443_202602,EMP0443,2026-02-01,100,100,180,18,15,8,100.0
PERF_EMP0443_202603,EMP0443,2026-03-01,136,135,178,5,7,15,100.0
PERF_EMP0443_202604,EMP0443,2026-04-01,133,139,117,33,22,12,97.83
PERF_EMP0443_202605,EMP0443,2026-05-01,128,134,139,23,5,13,100.0
PERF_EMP0443_202606,EMP0443,2026-06-01,151,104,129,13,23,21,83.02
PERF_EMP0443_202607,EMP0443,2026-07-01,125,114,144,30,7,11,100.0
PERF_EMP0443_202608,EMP0443,2026-08-01,122,123,163,14,11,27,92.74
PERF_EMP0443_202609,EMP0443,2026-09-01,124,141,98,31,25,12,100.0
PERF_EMP0444_202510,EMP0444,2025-10-01,131,126,170,18,9,18,100.0
PERF_EMP0444_202511,EMP0444,2025-11-01,128,108,96,23,26,23,89.87
PERF_EMP0444_202512,EMP0444,2025-12-01,145,145,160,17,7,21,98.45
PERF_EMP0444_202601,EMP0444,2026-01-01,128,151,108,18,17,21,98.53
PERF_EMP0444_202602,EMP0444,2026-02-01,125,117,139,17,6,18,98.99
PERF_EMP0444_202603,EMP0444,2026-03-01,150,158,142,20,14,17,100.0
PERF_EMP0444_202604,EMP0444,2026-04-01,120,136,96,19,15,19,100.0
PERF_EMP0444_202605,EMP0444,2026-05-01,113,117,119,25,10,25,92.6
PERF_EMP0444_202606,EMP0444,2026-06-01,123,151,134,24,4,13,100.0
PERF_EMP0444_202607,EMP0444,2026-07-01,144,162,109,28,12,13,100.0
PERF_EMP0444_202608,EMP0444,2026-08-01,114,124,115,21,10,6,100.0
PERF_EMP0444_202609,EMP0444,2026-09-01,168,120,165,28,8,27,91.09
PERF_EMP0445_202510,EMP0445,2025-10-01,121,92,141,7,3,7,100.0
PERF_EMP0445_202511,EMP0445,2025-11-01,100,56,93,11,15,14,72.08
PERF_EMP0445_202512,EMP0445,2025-12-01,148,89,74,7,13,6,75.17
PERF_EMP0445_202601,EMP0445,2026-01-01,150,96,76,18,8,11,85.81
PERF_EMP0445_202602,EMP0445,2026-02-01,124,77,104,12,1,18,82.9
PERF_EMP0445_202603,EMP0445,2026-03-01,100,73,90,11,11,12,92.71
PERF_EMP0445_202604,EMP0445,2026-04-01,101,67,63,11,9,13,78.27
PERF_EMP0445_202605,EMP0445,2026-05-01,150,86,140,11,3,11,83.5
PERF_EMP0445_202606,EMP0445,2026-06-01,145,104,74,20,0,15,91.95
PERF_EMP0445_202607,EMP0445,2026-07-01,128,88,111,13,4,4,90.94
PERF_EMP0445_202608,EMP0445,2026-08-01,123,72,77,11,4,13,72.98
PERF_EMP0445_202609,EMP0445,2026-09-01,134,135,98,21,10,16,99.08
PERF_EMP0446_202510,EMP0446,2025-10-01,115,94,136,11,8,7,90.69
PERF_EMP0446_202511,EMP0446,2025-11-01,145,137,108,13,13,12,100.0
PERF_EMP0446_202512,EMP0446,2025-12-01,143,150,104,27,12,13,96.54
PERF_EMP0446_202601,EMP0446,2026-01-01,102,102,114,30,3,18,100.0
PERF_EMP0446_202602,EMP0446,2026-02-01,101,103,50,10,1,20,93.29
PERF_EMP0446_202603,EMP0446,2026-03-01,144,157,133,20,14,18,98.11
PERF_EMP0446_202604,EMP0446,2026-04-01,121,106,81,15,8,8,84.3
PERF_EMP0446_202605,EMP0446,2026-05-01,100,72,60,16,13,13,86.32
PERF_EMP0446_202606,EMP0446,2026-06-01,126,125,143,19,9,16,100.0
PERF_EMP0446_202607,EMP0446,2026-07-01,140,114,130,21,8,10,94.58
PERF_EMP0446_202608,EMP0446,2026-08-01,124,102,102,16,7,9,96.18
PERF_EMP0446_202609,EMP0446,2026-09-01,110,112,60,26,6,13,97.54
PERF_EMP0447_202510,EMP0447,2025-10-01,108,120,86,16,11,7,100.0
PERF_EMP0447_202511,EMP0447,2025-11-01,129,94,126,18,6,13,89.12
PERF_EMP0447_202512,EMP0447,2025-12-01,130,98,111,20,19,10,93.36
PERF_EMP0447_202601,EMP0447,2026-01-01,129,118,97,13,19,12,98.71
PERF_EMP0447_202602,EMP0447,2026-02-01,114,101,147,19,2,12,98.41
PERF_EMP0447_202603,EMP0447,2026-03-01,116,110,117,30,15,11,100.0
PERF_EMP0447_202604,EMP0447,2026-04-01,129,131,133,12,16,17,90.78
PERF_EMP0447_202605,EMP0447,2026-05-01,107,111,149,23,8,19,100.0
PERF_EMP0447_202606,EMP0447,2026-06-01,112,103,127,10,8,1,94.83
PERF_EMP0447_202607,EMP0447,2026-07-01,125,86,154,19,15,16,83.96
PERF_EMP0447_202608,EMP0447,2026-08-01,112,93,142,26,11,18,90.93
PERF_EMP0447_202609,EMP0447,2026-09-01,133,141,163,16,10,8,100.0
PERF_EMP0448_202510,EMP0448,2025-10-01,100,99,92,26,17,11,92.3
PERF_EMP0448_202511,EMP0448,2025-11-01,100,87,113,17,11,16,95.9
PERF_EMP0448_202512,EMP0448,2025-12-01,140,114,121,3,15,16,85.1
PERF_EMP0448_202601,EMP0448,2026-01-01,109,92,115,5,20,24,94.5
PERF_EMP0448_202602,EMP0448,2026-02-01,107,107,115,17,14,3,95.45
PERF_EMP0448_202603,EMP0448,2026-03-01,106,74,82,18,11,28,88.83
PERF_EMP0448_202604,EMP0448,2026-04-01,120,66,113,17,9,9,84.1
PERF_EMP0448_202605,EMP0448,2026-05-01,100,87,99,21,11,14,100.0
PERF_EMP0448_202606,EMP0448,2026-06-01,122,142,78,19,17,17,100.0
PERF_EMP0448_202607,EMP0448,2026-07-01,145,136,102,20,10,11,95.75
PERF_EMP0448_202608,EMP0448,2026-08-01,112,99,92,14,7,10,89.88
PERF_EMP0448_202609,EMP0448,2026-09-01,109,72,116,4,9,7,84.68
PERF_EMP0449_202510,EMP0449,2025-10-01,103,64,100,14,15,5,80.62
PERF_EMP0449_202511,EMP0449,2025-11-01,100,108,90,18,3,14,100.0
PERF_EMP0449_202512,EMP0449,2025-12-01,105,81,95,6,6,12,87.4
PERF_EMP0449_202601,EMP0449,2026-01-01,131,105,105,15,5,13,89.06
PERF_EMP0449_202602,EMP0449,2026-02-01,148,113,105,25,4,8,92.62
PERF_EMP0449_202603,EMP0449,2026-03-01,105,112,116,8,8,18,100.0
PERF_EMP0449_202604,EMP0449,2026-04-01,105,91,65,7,0,8,93.4
PERF_EMP0449_202605,EMP0449,2026-05-01,135,117,40,0,13,4,86.17
PERF_EMP0449_202606,EMP0449,2026-06-01,121,75,96,20,3,7,79.22
PERF_EMP0449_202607,EMP0449,2026-07-01,110,93,71,17,10,17,83.26
PERF_EMP0449_202608,EMP0449,2026-08-01,116,106,45,15,5,20,96.03
PERF_EMP0449_202609,EMP0449,2026-09-01,132,106,106,25,7,7,87.36
PERF_EMP0450_202510,EMP0450,2025-10-01,114,92,85,18,6,16,92.85
PERF_EMP0450_202511,EMP0450,2025-11-01,124,101,65,15,7,11,87.63
PERF_EMP0450_202512,EMP0450,2025-12-01,124,105,109,12,6,14,88.51
PERF_EMP0450_202601,EMP0450,2026-01-01,123,82,101,4,8,21,77.35
PERF_EMP0450_202602,EMP0450,2026-02-01,111,55,115,12,9,10,85.01
PERF_EMP0450_202603,EMP0450,2026-03-01,149,133,65,5,8,12,88.77
PERF_EMP0450_202604,EMP0450,2026-04-01,139,106,68,20,14,12,79.24
PERF_EMP0450_202605,EMP0450,2026-05-01,133,66,103,11,4,2,72.55
PERF_EMP0450_202606,EMP0450,2026-06-01,118,77,58,6,3,5,82.99
PERF_EMP0450_202607,EMP0450,2026-07-01,115,70,67,12,10,20,74.8
PERF_EMP0450_202608,EMP0450,2026-08-01,125,73,83,18,0,16,80.88
PERF_EMP0450_202609,EMP0450,2026-09-01,100,65,81,10,0,13,80.28
PERF_EMP0451_202510,EMP0451,2025-10-01,118,122,114,23,2,11,100.0
PERF_EMP0451_202511,EMP0451,2025-11-01,111,126,94,24,19,14,100.0
PERF_EMP0451_202512,EMP0451,2025-12-01,115,95,109,27,15,8,97.58
PERF_EMP0451_202601,EMP0451,2026-01-01,114,98,123,15,0,13,86.98
PERF_EMP0451_202602,EMP0451,2026-02-01,120,94,109,14,9,21,95.57
PERF_EMP0451_202603,EMP0451,2026-03-01,100,70,107,19,13,3,94.66
PERF_EMP0451_202604,EMP0451,2026-04-01,130,140,97,18,15,20,96.72
PERF_EMP0451_202605,EMP0451,2026-05-01,121,75,106,18,1,15,79.49
PERF_EMP0451_202606,EMP0451,2026-06-01,130,114,81,27,14,14,89.11
PERF_EMP0451_202607,EMP0451,2026-07-01,127,102,101,18,9,8,78.66
PERF_EMP0451_202608,EMP0451,2026-08-01,137,166,156,16,12,9,100.0
PERF_EMP0451_202609,EMP0451,2026-09-01,134,127,105,30,13,9,86.37
PERF_EMP0452_202510,EMP0452,2025-10-01,129,99,87,17,4,28,88.19
PERF_EMP0452_202511,EMP0452,2025-11-01,149,126,157,26,6,30,93.58
PERF_EMP0452_202512,EMP0452,2025-12-01,118,98,73,24,5,14,87.52
PERF_EMP0452_202601,EMP0452,2026-01-01,122,89,161,23,7,12,83.81
PERF_EMP0452_202602,EMP0452,2026-02-01,152,134,105,12,4,13,88.35
PERF_EMP0452_202603,EMP0452,2026-03-01,100,87,97,19,5,9,97.57
PERF_EMP0452_202604,EMP0452,2026-04-01,101,76,125,7,12,10,89.77
PERF_EMP0452_202605,EMP0452,2026-05-01,135,108,85,26,7,11,89.78
PERF_EMP0452_202606,EMP0452,2026-06-01,102,96,85,24,6,8,89.77
PERF_EMP0452_202607,EMP0452,2026-07-01,129,78,92,21,14,9,85.92
PERF_EMP0452_202608,EMP0452,2026-08-01,100,74,112,17,8,12,76.55
PERF_EMP0452_202609,EMP0452,2026-09-01,124,88,79,12,15,17,73.4
PERF_EMP0453_202510,EMP0453,2025-10-01,100,100,112,29,11,1,97.39
PERF_EMP0453_202511,EMP0453,2025-11-01,116,119,129,26,17,17,98.73
PERF_EMP0453_202512,EMP0453,2025-12-01,132,118,143,23,18,26,80.72
PERF_EMP0453_202601,EMP0453,2026-01-01,119,126,167,19,7,19,100.0
PERF_EMP0453_202602,EMP0453,2026-02-01,123,128,129,18,19,22,98.12
PERF_EMP0453_202603,EMP0453,2026-03-01,122,110,145,29,13,19,94.85
PERF_EMP0453_202604,EMP0453,2026-04-01,117,141,191,29,10,20,100.0
PERF_EMP0453_202605,EMP0453,2026-05-01,145,152,186,14,7,22,98.68
PERF_EMP0453_202606,EMP0453,2026-06-01,124,107,151,21,6,19,96.21
PERF_EMP0453_202607,EMP0453,2026-07-01,114,117,141,10,14,20,96.49
PERF_EMP0453_202608,EMP0453,2026-08-01,110,113,131,18,10,28,100.0
PERF_EMP0453_202609,EMP0453,2026-09-01,148,162,154,19,21,10,100.0
PERF_EMP0454_202510,EMP0454,2025-10-01,137,109,105,12,10,18,97.82
PERF_EMP0454_202511,EMP0454,2025-11-01,120,100,104,27,1,6,84.66
PERF_EMP0454_202512,EMP0454,2025-12-01,113,104,151,9,7,11,84.29
PERF_EMP0454_202601,EMP0454,2026-01-01,117,100,130,19,1,12,100.0
PERF_EMP0454_202602,EMP0454,2026-02-01,127,114,41,12,11,19,83.07
PERF_EMP0454_202603,EMP0454,2026-03-01,115,95,124,11,13,21,91.19
PERF_EMP0454_202604,EMP0454,2026-04-01,155,127,63,21,0,7,84.51
PERF_EMP0454_202605,EMP0454,2026-05-01,100,69,73,18,0,25,79.95
PERF_EMP0454_202606,EMP0454,2026-06-01,144,124,105,6,16,16,94.44
PERF_EMP0454_202607,EMP0454,2026-07-01,126,96,83,14,8,19,92.27
PERF_EMP0454_202608,EMP0454,2026-08-01,161,157,88,18,0,9,97.75
PERF_EMP0454_202609,EMP0454,2026-09-01,135,112,105,22,17,14,95.01
PERF_EMP0455_202510,EMP0455,2025-10-01,104,122,157,19,9,18,100.0
PERF_EMP0455_202511,EMP0455,2025-11-01,128,123,61,20,6,24,89.91
PERF_EMP0455_202512,EMP0455,2025-12-01,119,104,118,24,10,18,92.56
PERF_EMP0455_202601,EMP0455,2026-01-01,134,133,89,12,13,9,90.29
PERF_EMP0455_202602,EMP0455,2026-02-01,119,84,132,26,15,9,90.41
PERF_EMP0455_202603,EMP0455,2026-03-01,154,120,81,20,12,4,90.6
PERF_EMP0455_202604,EMP0455,2026-04-01,116,104,143,18,9,18,96.81
PERF_EMP0455_202605,EMP0455,2026-05-01,100,85,97,29,10,17,90.9
PERF_EMP0455_202606,EMP0455,2026-06-01,134,99,130,25,8,8,94.59
PERF_EMP0455_202607,EMP0455,2026-07-01,123,116,106,8,8,15,96.17
PERF_EMP0455_202608,EMP0455,2026-08-01,100,111,138,15,13,11,100.0
PERF_EMP0455_202609,EMP0455,2026-09-01,110,108,154,31,12,13,98.4
PERF_EMP0456_202510,EMP0456,2025-10-01,106,70,125,15,10,5,92.76
PERF_EMP0456_202511,EMP0456,2025-11-01,119,82,71,21,14,6,82.17
PERF_EMP0456_202512,EMP0456,2025-12-01,110,77,121,10,17,17,86.68
PERF_EMP0456_202601,EMP0456,2026-01-01,100,74,78,24,1,18,86.33
PERF_EMP0456_202602,EMP0456,2026-02-01,117,102,86,13,6,17,96.66
PERF_EMP0456_202603,EMP0456,2026-03-01,141,135,128,16,9,13,94.02
PERF_EMP0456_202604,EMP0456,2026-04-01,115,102,90,22,3,10,92.67
PERF_EMP0456_202605,EMP0456,2026-05-01,100,84,98,24,9,17,100.0
PERF_EMP0456_202606,EMP0456,2026-06-01,147,122,84,15,6,9,86.07
PERF_EMP0456_202607,EMP0456,2026-07-01,125,104,132,13,14,7,91.14
PERF_EMP0456_202608,EMP0456,2026-08-01,116,108,116,14,6,26,93.41
PERF_EMP0456_202609,EMP0456,2026-09-01,104,104,31,19,1,12,90.36
PERF_EMP0457_202510,EMP0457,2025-10-01,161,124,92,20,6,12,91.13
PERF_EMP0457_202511,EMP0457,2025-11-01,100,100,116,0,12,10,92.22
PERF_EMP0457_202512,EMP0457,2025-12-01,100,55,128,18,8,4,75.77
PERF_EMP0457_202601,EMP0457,2026-01-01,131,95,99,27,0,15,83.09
PERF_EMP0457_202602,EMP0457,2026-02-01,162,132,114,19,8,20,95.35
PERF_EMP0457_202603,EMP0457,2026-03-01,100,64,96,3,8,7,77.89
PERF_EMP0457_202604,EMP0457,2026-04-01,137,105,103,8,0,9,87.63
PERF_EMP0457_202605,EMP0457,2026-05-01,115,106,57,22,11,17,94.83
PERF_EMP0457_202606,EMP0457,2026-06-01,117,81,81,5,9,7,83.88
PERF_EMP0457_202607,EMP0457,2026-07-01,114,77,88,6,10,2,84.68
PERF_EMP0457_202608,EMP0457,2026-08-01,115,76,76,22,13,0,73.68
PERF_EMP0457_202609,EMP0457,2026-09-01,154,98,97,21,7,14,81.19
PERF_EMP0458_202510,EMP0458,2025-10-01,132,127,124,16,7,12,100.0
PERF_EMP0458_202511,EMP0458,2025-11-01,141,116,172,23,14,9,92.78
PERF_EMP0458_202512,EMP0458,2025-12-01,129,132,96,11,4,21,100.0
PERF_EMP0458_202601,EMP0458,2026-01-01,116,92,149,20,16,14,93.72
PERF_EMP0458_202602,EMP0458,2026-02-01,111,101,99,31,11,16,100.0
PERF_EMP0458_202603,EMP0458,2026-03-01,114,137,167,19,3,13,100.0
PERF_EMP0458_202604,EMP0458,2026-04-01,131,113,100,10,17,13,90.74
PERF_EMP0458_202605,EMP0458,2026-05-01,164,143,82,22,14,13,87.23
PERF_EMP0458_202606,EMP0458,2026-06-01,112,111,115,15,12,23,98.3
PERF_EMP0458_202607,EMP0458,2026-07-01,134,134,158,18,20,11,100.0
PERF_EMP0458_202608,EMP0458,2026-08-01,118,125,139,11,16,8,100.0
PERF_EMP0458_202609,EMP0458,2026-09-01,100,76,140,19,13,18,85.85
PERF_EMP0459_202510,EMP0459,2025-10-01,145,133,71,19,17,18,91.74
PERF_EMP0459_202511,EMP0459,2025-11-01,146,128,172,20,7,27,100.0
PERF_EMP0459_202512,EMP0459,2025-12-01,101,85,94,21,11,16,80.93
PERF_EMP0459_202601,EMP0459,2026-01-01,140,131,122,19,8,0,99.03
PERF_EMP0459_202602,EMP0459,2026-02-01,140,114,140,15,17,10,93.52
PERF_EMP0459_202603,EMP0459,2026-03-01,125,89,108,29,18,9,83.56
PERF_EMP0459_202604,EMP0459,2026-04-01,117,107,141,22,11,23,92.05
PERF_EMP0459_202605,EMP0459,2026-05-01,119,105,90,19,14,5,90.25
PERF_EMP0459_202606,EMP0459,2026-06-01,115,96,111,7,9,7,92.48
PERF_EMP0459_202607,EMP0459,2026-07-01,125,111,117,14,1,15,98.81
PERF_EMP0459_202608,EMP0459,2026-08-01,121,141,103,24,15,19,100.0
PERF_EMP0459_202609,EMP0459,2026-09-01,115,101,95,17,9,18,91.07
PERF_EMP0460_202510,EMP0460,2025-10-01,121,100,88,19,9,16,92.49
PERF_EMP0460_202511,EMP0460,2025-11-01,122,69,143,11,23,14,77.86
PERF_EMP0460_202512,EMP0460,2025-12-01,113,96,116,17,9,10,82.88
PERF_EMP0460_202601,EMP0460,2026-01-01,114,123,118,16,16,14,100.0
PERF_EMP0460_202602,EMP0460,2026-02-01,128,111,102,13,4,23,88.06
PERF_EMP0460_202603,EMP0460,2026-03-01,149,130,142,24,0,18,92.21
PERF_EMP0460_202604,EMP0460,2026-04-01,139,90,130,15,5,18,78.63
PERF_EMP0460_202605,EMP0460,2026-05-01,100,96,109,13,4,17,98.87
PERF_EMP0460_202606,EMP0460,2026-06-01,124,126,73,11,19,14,96.05
PERF_EMP0460_202607,EMP0460,2026-07-01,124,105,140,23,8,6,92.92
PERF_EMP0460_202608,EMP0460,2026-08-01,127,118,115,11,11,7,94.66
PERF_EMP0460_202609,EMP0460,2026-09-01,119,102,108,15,19,14,90.87
PERF_EMP0461_202510,EMP0461,2025-10-01,132,152,146,21,17,8,100.0
PERF_EMP0461_202511,EMP0461,2025-11-01,115,90,124,20,14,22,89.91
PERF_EMP0461_202512,EMP0461,2025-12-01,133,111,128,20,9,32,100.0
PERF_EMP0461_202601,EMP0461,2026-01-01,129,107,112,18,7,28,100.0
PERF_EMP0461_202602,EMP0461,2026-02-01,135,138,156,19,15,23,100.0
PERF_EMP0461_202603,EMP0461,2026-03-01,123,109,141,26,12,21,100.0
PERF_EMP0461_202604,EMP0461,2026-04-01,118,110,164,17,14,20,96.76
PERF_EMP0461_202605,EMP0461,2026-05-01,118,121,135,22,20,20,99.27
PERF_EMP0461_202606,EMP0461,2026-06-01,116,84,131,27,7,16,84.27
PERF_EMP0461_202607,EMP0461,2026-07-01,115,122,108,31,16,15,100.0
PERF_EMP0461_202608,EMP0461,2026-08-01,117,88,140,27,2,21,99.58
PERF_EMP0461_202609,EMP0461,2026-09-01,103,104,136,23,12,4,98.89
PERF_EMP0462_202510,EMP0462,2025-10-01,100,83,124,28,9,12,89.55
PERF_EMP0462_202511,EMP0462,2025-11-01,128,127,96,16,8,5,99.22
PERF_EMP0462_202512,EMP0462,2025-12-01,121,133,152,27,19,23,95.91
PERF_EMP0462_202601,EMP0462,2026-01-01,110,86,125,15,16,24,87.28
PERF_EMP0462_202602,EMP0462,2026-02-01,102,90,95,13,8,18,93.09
PERF_EMP0462_202603,EMP0462,2026-03-01,109,105,121,16,15,6,96.59
PERF_EMP0462_202604,EMP0462,2026-04-01,131,77,116,19,23,16,82.64
PERF_EMP0462_202605,EMP0462,2026-05-01,121,114,85,23,7,26,86.07
PERF_EMP0462_202606,EMP0462,2026-06-01,133,100,127,10,5,4,93.53
PERF_EMP0462_202607,EMP0462,2026-07-01,118,120,117,24,5,16,100.0
PERF_EMP0462_202608,EMP0462,2026-08-01,152,169,100,11,14,1,100.0
PERF_EMP0462_202609,EMP0462,2026-09-01,126,108,115,21,10,1,89.5
PERF_EMP0463_202510,EMP0463,2025-10-01,130,104,116,18,7,0,87.29
PERF_EMP0463_202511,EMP0463,2025-11-01,100,85,93,19,8,20,93.86
PERF_EMP0463_202512,EMP0463,2025-12-01,144,131,91,13,7,7,86.0
PERF_EMP0463_202601,EMP0463,2026-01-01,128,106,63,20,7,11,97.43
PERF_EMP0463_202602,EMP0463,2026-02-01,140,105,109,29,9,8,96.75
PERF_EMP0463_202603,EMP0463,2026-03-01,156,147,87,14,9,13,94.62
PERF_EMP0463_202604,EMP0463,2026-04-01,131,122,94,5,4,17,96.2
PERF_EMP0463_202605,EMP0463,2026-05-01,137,120,119,10,6,9,96.53
PERF_EMP0463_202606,EMP0463,2026-06-01,104,85,87,4,18,15,85.65
PERF_EMP0463_202607,EMP0463,2026-07-01,121,110,134,16,14,0,94.02
PERF_EMP0463_202608,EMP0463,2026-08-01,107,82,111,19,7,3,91.8
PERF_EMP0463_202609,EMP0463,2026-09-01,139,98,128,24,4,4,89.56
PERF_EMP0464_202510,EMP0464,2025-10-01,127,89,61,20,12,14,74.04
PERF_EMP0464_202511,EMP0464,2025-11-01,100,86,86,14,9,3,87.71
PERF_EMP0464_202512,EMP0464,2025-12-01,130,97,107,16,6,20,86.75
PERF_EMP0464_202601,EMP0464,2026-01-01,145,141,120,9,6,7,100.0
PERF_EMP0464_202602,EMP0464,2026-02-01,123,105,120,12,9,10,96.05
PERF_EMP0464_202603,EMP0464,2026-03-01,100,73,53,28,13,5,85.36
PERF_EMP0464_202604,EMP0464,2026-04-01,137,76,88,19,9,6,69.67
PERF_EMP0464_202605,EMP0464,2026-05-01,122,97,75,15,6,22,87.57
PERF_EMP0464_202606,EMP0464,2026-06-01,100,78,91,10,7,9,82.89
PERF_EMP0464_202607,EMP0464,2026-07-01,127,91,134,22,12,11,93.1
PERF_EMP0464_202608,EMP0464,2026-08-01,117,93,133,24,14,16,92.16
PERF_EMP0464_202609,EMP0464,2026-09-01,131,104,87,20,4,13,93.64
PERF_EMP0465_202510,EMP0465,2025-10-01,139,101,85,15,13,3,86.29
PERF_EMP0465_202511,EMP0465,2025-11-01,132,91,83,22,7,17,82.3
PERF_EMP0465_202512,EMP0465,2025-12-01,103,87,100,23,15,18,100.0
PERF_EMP0465_202601,EMP0465,2026-01-01,129,133,63,12,11,20,88.51
PERF_EMP0465_202602,EMP0465,2026-02-01,130,88,84,16,6,12,80.29
PERF_EMP0465_202603,EMP0465,2026-03-01,119,93,111,0,7,13,94.28
PERF_EMP0465_202604,EMP0465,2026-04-01,135,97,99,5,14,22,86.77
PERF_EMP0465_202605,EMP0465,2026-05-01,105,81,86,17,11,12,91.21
PERF_EMP0465_202606,EMP0465,2026-06-01,131,101,112,1,9,14,93.13
PERF_EMP0465_202607,EMP0465,2026-07-01,132,113,64,23,9,11,81.71
PERF_EMP0465_202608,EMP0465,2026-08-01,118,102,71,7,7,17,91.75
PERF_EMP0465_202609,EMP0465,2026-09-01,122,98,102,15,11,22,91.0
PERF_EMP0466_202510,EMP0466,2025-10-01,128,100,71,25,15,11,75.55
PERF_EMP0466_202511,EMP0466,2025-11-01,100,94,145,30,14,29,100.0
PERF_EMP0466_202512,EMP0466,2025-12-01,100,76,138,24,13,10,87.19
PERF_EMP0466_202601,EMP0466,2026-01-01,117,104,127,9,3,16,94.54
PERF_EMP0466_202602,EMP0466,2026-02-01,100,100,106,14,9,13,97.32
PERF_EMP0466_202603,EMP0466,2026-03-01,133,121,110,23,11,8,99.61
PERF_EMP0466_202604,EMP0466,2026-04-01,112,94,103,14,9,18,93.02
PERF_EMP0466_202605,EMP0466,2026-05-01,104,99,104,9,14,4,97.31
PERF_EMP0466_202606,EMP0466,2026-06-01,124,116,54,22,12,10,85.67
PERF_EMP0466_202607,EMP0466,2026-07-01,112,95,104,19,16,7,94.15
PERF_EMP0466_202608,EMP0466,2026-08-01,139,102,101,14,16,13,79.15
PERF_EMP0466_202609,EMP0466,2026-09-01,128,109,119,19,6,12,88.0
PERF_EMP0467_202510,EMP0467,2025-10-01,100,72,121,18,12,6,94.49
PERF_EMP0467_202511,EMP0467,2025-11-01,127,129,107,11,5,5,97.18
PERF_EMP0467_202512,EMP0467,2025-12-01,100,93,77,15,5,15,100.0
PERF_EMP0467_202601,EMP0467,2026-01-01,100,126,104,16,15,26,100.0
PERF_EMP0467_202602,EMP0467,2026-02-01,114,109,109,26,13,18,100.0
PERF_EMP0467_202603,EMP0467,2026-03-01,117,117,97,17,10,15,99.44
PERF_EMP0467_202604,EMP0467,2026-04-01,117,114,118,17,12,15,91.41
PERF_EMP0467_202605,EMP0467,2026-05-01,113,95,131,27,8,19,92.6
PERF_EMP0467_202606,EMP0467,2026-06-01,112,92,121,21,20,17,90.92
PERF_EMP0467_202607,EMP0467,2026-07-01,141,154,134,9,0,12,100.0
PERF_EMP0467_202608,EMP0467,2026-08-01,102,129,119,20,14,7,100.0
PERF_EMP0467_202609,EMP0467,2026-09-01,128,112,121,18,12,12,100.0
PERF_EMP0468_202510,EMP0468,2025-10-01,100,95,126,23,9,20,94.74
PERF_EMP0468_202511,EMP0468,2025-11-01,132,104,147,25,9,6,88.1
PERF_EMP0468_202512,EMP0468,2025-12-01,115,101,60,20,14,12,83.2
PERF_EMP0468_202601,EMP0468,2026-01-01,100,86,104,23,3,11,88.67
PERF_EMP0468_202602,EMP0468,2026-02-01,139,125,97,7,16,13,96.99
PERF_EMP0468_202603,EMP0468,2026-03-01,141,122,113,17,8,6,91.16
PERF_EMP0468_202604,EMP0468,2026-04-01,115,110,74,17,4,11,93.96
PERF_EMP0468_202605,EMP0468,2026-05-01,136,140,114,27,3,8,100.0
PERF_EMP0468_202606,EMP0468,2026-06-01,122,106,87,22,4,2,99.46
PERF_EMP0468_202607,EMP0468,2026-07-01,104,72,105,15,11,0,85.03
PERF_EMP0468_202608,EMP0468,2026-08-01,124,111,137,20,3,13,92.4
PERF_EMP0468_202609,EMP0468,2026-09-01,129,98,94,12,13,19,88.99
PERF_EMP0469_202510,EMP0469,2025-10-01,107,94,61,13,2,15,82.9
PERF_EMP0469_202511,EMP0469,2025-11-01,121,94,110,14,19,15,93.55
PERF_EMP0469_202512,EMP0469,2025-12-01,131,129,125,18,10,16,92.08
PERF_EMP0469_202601,EMP0469,2026-01-01,122,97,123,9,15,17,92.33
PERF_EMP0469_202602,EMP0469,2026-02-01,114,108,78,14,4,6,88.25
PERF_EMP0469_202603,EMP0469,2026-03-01,116,86,138,23,8,8,84.97
PERF_EMP0469_202604,EMP0469,2026-04-01,123,124,109,14,15,17,95.53
PERF_EMP0469_202605,EMP0469,2026-05-01,116,79,110,32,10,20,85.11
PERF_EMP0469_202606,EMP0469,2026-06-01,100,111,95,17,12,15,100.0
PERF_EMP0469_202607,EMP0469,2026-07-01,123,97,41,28,9,9,86.68
PERF_EMP0469_202608,EMP0469,2026-08-01,137,94,86,7,9,6,95.57
PERF_EMP0469_202609,EMP0469,2026-09-01,152,100,93,14,2,21,84.58
PERF_EMP0470_202510,EMP0470,2025-10-01,131,89,70,24,5,15,75.07
PERF_EMP0470_202511,EMP0470,2025-11-01,118,125,116,17,9,12,100.0
PERF_EMP0470_202512,EMP0470,2025-12-01,138,118,129,15,6,11,94.26
PERF_EMP0470_202601,EMP0470,2026-01-01,100,93,100,31,13,16,97.23
PERF_EMP0470_202602,EMP0470,2026-02-01,114,111,108,24,15,4,99.27
PERF_EMP0470_202603,EMP0470,2026-03-01,131,157,87,19,12,10,97.64
PERF_EMP0470_202604,EMP0470,2026-04-01,147,106,112,12,11,26,91.45
PERF_EMP0470_202605,EMP0470,2026-05-01,140,108,148,23,4,22,84.49
PERF_EMP0470_202606,EMP0470,2026-06-01,143,104,63,28,12,7,79.89
PERF_EMP0470_202607,EMP0470,2026-07-01,107,99,110,10,10,11,93.12
PERF_EMP0470_202608,EMP0470,2026-08-01,107,91,160,14,11,15,86.57
PERF_EMP0470_202609,EMP0470,2026-09-01,127,126,88,21,6,8,100.0
PERF_EMP0471_202510,EMP0471,2025-10-01,122,80,55,10,9,11,81.59
PERF_EMP0471_202511,EMP0471,2025-11-01,107,88,77,17,7,15,89.22
PERF_EMP0471_202512,EMP0471,2025-12-01,100,80,88,16,11,6,82.48
PERF_EMP0471_202601,EMP0471,2026-01-01,134,129,120,0,12,11,93.79
PERF_EMP0471_202602,EMP0471,2026-02-01,134,123,79,22,10,5,93.5
PERF_EMP0471_202603,EMP0471,2026-03-01,138,141,104,13,7,17,100.0
PERF_EMP0471_202604,EMP0471,2026-04-01,108,119,109,10,14,6,98.51
PERF_EMP0471_202605,EMP0471,2026-05-01,118,86,73,17,2,4,85.91
PERF_EMP0471_202606,EMP0471,2026-06-01,119,100,97,19,10,18,91.61
PERF_EMP0471_202607,EMP0471,2026-07-01,145,131,106,7,9,10,90.48
PERF_EMP0471_202608,EMP0471,2026-08-01,101,91,68,24,12,12,87.79
PERF_EMP0471_202609,EMP0471,2026-09-01,105,87,117,19,17,8,98.33
PERF_EMP0472_202510,EMP0472,2025-10-01,124,113,152,4,7,11,100.0
PERF_EMP0472_202511,EMP0472,2025-11-01,100,71,117,19,13,25,94.86
PERF_EMP0472_202512,EMP0472,2025-12-01,140,129,109,27,8,17,87.83
PERF_EMP0472_202601,EMP0472,2026-01-01,100,99,137,23,16,13,100.0
PERF_EMP0472_202602,EMP0472,2026-02-01,124,140,125,18,19,15,100.0
PERF_EMP0472_202603,EMP0472,2026-03-01,100,77,116,28,10,7,79.87
PERF_EMP0472_202604,EMP0472,2026-04-01,139,124,109,20,18,16,83.67
PERF_EMP0472_202605,EMP0472,2026-05-01,114,116,85,20,10,20,91.67
PERF_EMP0472_202606,EMP0472,2026-06-01,117,109,124,23,13,20,88.19
PERF_EMP0472_202607,EMP0472,2026-07-01,134,108,99,25,13,3,93.0
PERF_EMP0472_202608,EMP0472,2026-08-01,111,92,90,22,2,11,93.37
PERF_EMP0472_202609,EMP0472,2026-09-01,110,99,130,19,12,16,98.95
PERF_EMP0473_202510,EMP0473,2025-10-01,117,101,95,15,6,12,100.0
PERF_EMP0473_202511,EMP0473,2025-11-01,125,131,108,27,9,15,97.43
PERF_EMP0473_202512,EMP0473,2025-12-01,100,79,114,12,13,17,91.87
PERF_EMP0473_202601,EMP0473,2026-01-01,122,94,93,25,17,13,93.64
PERF_EMP0473_202602,EMP0473,2026-02-01,119,90,89,15,3,21,91.11
PERF_EMP0473_202603,EMP0473,2026-03-01,124,89,100,9,13,11,85.86
PERF_EMP0473_202604,EMP0473,2026-04-01,140,97,104,12,10,12,79.57
PERF_EMP0473_202605,EMP0473,2026-05-01,100,81,110,24,12,12,96.65
PERF_EMP0473_202606,EMP0473,2026-06-01,118,87,97,21,10,18,95.88
PERF_EMP0473_202607,EMP0473,2026-07-01,130,128,65,24,2,18,100.0
PERF_EMP0473_202608,EMP0473,2026-08-01,132,106,114,21,9,8,92.69
PERF_EMP0473_202609,EMP0473,2026-09-01,136,77,101,14,9,6,82.27
PERF_EMP0474_202510,EMP0474,2025-10-01,148,139,153,22,6,15,97.46
PERF_EMP0474_202511,EMP0474,2025-11-01,105,94,145,22,9,13,90.81
PERF_EMP0474_202512,EMP0474,2025-12-01,128,99,156,30,11,8,80.76
PERF_EMP0474_202601,EMP0474,2026-01-01,128,95,139,29,22,13,92.72
PERF_EMP0474_202602,EMP0474,2026-02-01,135,131,159,29,13,9,93.99
PERF_EMP0474_202603,EMP0474,2026-03-01,100,101,100,26,20,18,100.0
PERF_EMP0474_202604,EMP0474,2026-04-01,100,109,144,25,12,13,100.0
PERF_EMP0474_202605,EMP0474,2026-05-01,114,115,151,22,19,14,100.0
PERF_EMP0474_202606,EMP0474,2026-06-01,127,124,161,12,4,23,100.0
PERF_EMP0474_202607,EMP0474,2026-07-01,113,118,136,23,11,19,100.0
PERF_EMP0474_202608,EMP0474,2026-08-01,107,108,149,18,16,15,100.0
PERF_EMP0474_202609,EMP0474,2026-09-01,128,109,99,8,18,0,93.19
PERF_EMP0475_202510,EMP0475,2025-10-01,136,115,109,19,8,21,92.64
PERF_EMP0475_202511,EMP0475,2025-11-01,100,92,108,27,13,10,91.4
PERF_EMP0475_202512,EMP0475,2025-12-01,125,146,134,15,14,14,100.0
PERF_EMP0475_202601,EMP0475,2026-01-01,100,79,99,32,10,15,94.51
PERF_EMP0475_202602,EMP0475,2026-02-01,131,129,92,22,16,20,100.0
PERF_EMP0475_202603,EMP0475,2026-03-01,121,101,95,18,21,19,92.22
PERF_EMP0475_202604,EMP0475,2026-04-01,100,123,135,19,9,15,100.0
PERF_EMP0475_202605,EMP0475,2026-05-01,135,142,174,31,12,10,94.57
PERF_EMP0475_202606,EMP0475,2026-06-01,121,126,94,14,9,17,99.51
PERF_EMP0475_202607,EMP0475,2026-07-01,123,145,108,16,12,18,100.0
PERF_EMP0475_202608,EMP0475,2026-08-01,148,127,98,12,13,21,92.29
PERF_EMP0475_202609,EMP0475,2026-09-01,107,118,92,13,0,22,100.0
PERF_EMP0476_202510,EMP0476,2025-10-01,139,88,130,23,21,11,81.89
PERF_EMP0476_202511,EMP0476,2025-11-01,133,91,116,14,12,9,83.33
PERF_EMP0476_202512,EMP0476,2025-12-01,146,126,108,16,4,3,94.85
PERF_EMP0476_202601,EMP0476,2026-01-01,128,139,140,14,4,5,100.0
PERF_EMP0476_202602,EMP0476,2026-02-01,100,82,123,19,13,10,88.28
PERF_EMP0476_202603,EMP0476,2026-03-01,124,141,81,22,9,24,96.43
PERF_EMP0476_202604,EMP0476,2026-04-01,109,77,155,13,10,29,86.26
PERF_EMP0476_202605,EMP0476,2026-05-01,144,128,93,17,7,22,92.11
PERF_EMP0476_202606,EMP0476,2026-06-01,113,76,138,19,13,9,92.95
PERF_EMP0476_202607,EMP0476,2026-07-01,108,93,82,9,7,12,92.59
PERF_EMP0476_202608,EMP0476,2026-08-01,110,120,116,7,9,9,95.2
PERF_EMP0476_202609,EMP0476,2026-09-01,125,126,76,18,10,6,89.56
PERF_EMP0477_202510,EMP0477,2025-10-01,106,99,109,7,11,24,100.0
PERF_EMP0477_202511,EMP0477,2025-11-01,135,125,119,7,16,19,97.88
PERF_EMP0477_202512,EMP0477,2025-12-01,137,74,106,3,16,26,75.4
PERF_EMP0477_202601,EMP0477,2026-01-01,110,97,81,21,13,2,90.49
PERF_EMP0477_202602,EMP0477,2026-02-01,106,118,112,22,19,9,98.53
PERF_EMP0477_202603,EMP0477,2026-03-01,100,108,99,13,13,14,88.95
PERF_EMP0477_202604,EMP0477,2026-04-01,105,100,102,24,9,18,97.87
PERF_EMP0477_202605,EMP0477,2026-05-01,106,103,131,4,3,13,89.88
PERF_EMP0477_202606,EMP0477,2026-06-01,148,130,122,3,3,11,97.97
PERF_EMP0477_202607,EMP0477,2026-07-01,103,94,156,13,9,15,91.67
PERF_EMP0477_202608,EMP0477,2026-08-01,134,109,118,33,2,19,88.8
PERF_EMP0477_202609,EMP0477,2026-09-01,120,114,141,6,3,23,89.67
PERF_EMP0478_202510,EMP0478,2025-10-01,119,118,123,13,8,15,92.64
PERF_EMP0478_202511,EMP0478,2025-11-01,108,111,81,19,13,33,89.56
PERF_EMP0478_202512,EMP0478,2025-12-01,115,110,85,9,7,10,97.33
PERF_EMP0478_202601,EMP0478,2026-01-01,130,127,95,12,9,23,90.54
PERF_EMP0478_202602,EMP0478,2026-02-01,117,76,96,9,10,11,89.31
PERF_EMP0478_202603,EMP0478,2026-03-01,108,119,111,22,14,11,94.04
PERF_EMP0478_202604,EMP0478,2026-04-01,135,139,122,6,6,10,100.0
PERF_EMP0478_202605,EMP0478,2026-05-01,124,107,66,12,8,16,88.18
PERF_EMP0478_202606,EMP0478,2026-06-01,151,122,119,41,14,14,92.93
PERF_EMP0478_202607,EMP0478,2026-07-01,175,140,143,18,3,4,95.67
PERF_EMP0478_202608,EMP0478,2026-08-01,133,117,158,10,4,26,97.17
PERF_EMP0478_202609,EMP0478,2026-09-01,141,147,95,18,14,21,95.68
PERF_EMP0479_202510,EMP0479,2025-10-01,120,113,100,27,3,16,90.95
PERF_EMP0479_202511,EMP0479,2025-11-01,114,80,127,24,13,14,82.8
PERF_EMP0479_202512,EMP0479,2025-12-01,100,70,106,18,8,12,92.76
PERF_EMP0479_202601,EMP0479,2026-01-01,127,117,122,18,11,18,98.13
PERF_EMP0479_202602,EMP0479,2026-02-01,100,102,120,26,10,18,100.0
PERF_EMP0479_202603,EMP0479,2026-03-01,117,78,132,22,10,15,83.63
PERF_EMP0479_202604,EMP0479,2026-04-01,113,126,64,27,4,15,100.0
PERF_EMP0479_202605,EMP0479,2026-05-01,125,133,112,29,6,18,100.0
PERF_EMP0479_202606,EMP0479,2026-06-01,126,84,110,15,13,16,84.17
PERF_EMP0479_202607,EMP0479,2026-07-01,106,72,111,8,8,16,75.74
PERF_EMP0479_202608,EMP0479,2026-08-01,154,152,105,22,10,4,90.28
PERF_EMP0479_202609,EMP0479,2026-09-01,151,116,109,23,17,15,92.74
PERF_EMP0480_202510,EMP0480,2025-10-01,100,100,98,23,11,13,99.13
PERF_EMP0480_202511,EMP0480,2025-11-01,124,120,87,11,12,20,97.44
PERF_EMP0480_202512,EMP0480,2025-12-01,111,88,88,27,12,4,86.2
PERF_EMP0480_202601,EMP0480,2026-01-01,139,150,75,17,6,22,100.0
PERF_EMP0480_202602,EMP0480,2026-02-01,102,80,91,21,5,16,84.68
PERF_EMP0480_202603,EMP0480,2026-03-01,100,69,98,7,7,15,79.13
PERF_EMP0480_202604,EMP0480,2026-04-01,134,156,126,9,6,19,99.35
PERF_EMP0480_202605,EMP0480,2026-05-01,109,91,116,17,10,2,92.44
PERF_EMP0480_202606,EMP0480,2026-06-01,118,98,71,26,5,23,81.5
PERF_EMP0480_202607,EMP0480,2026-07-01,127,117,107,22,5,5,90.76
PERF_EMP0480_202608,EMP0480,2026-08-01,182,146,130,16,6,5,90.73
PERF_EMP0480_202609,EMP0480,2026-09-01,104,84,69,33,11,11,92.49
PERF_EMP0481_202510,EMP0481,2025-10-01,128,77,126,16,9,11,85.88
PERF_EMP0481_202511,EMP0481,2025-11-01,100,76,109,26,14,10,84.6
PERF_EMP0481_202512,EMP0481,2025-12-01,115,96,122,27,6,10,94.81
PERF_EMP0481_202601,EMP0481,2026-01-01,146,136,137,29,11,26,100.0
PERF_EMP0481_202602,EMP0481,2026-02-01,111,107,149,12,17,12,100.0
PERF_EMP0481_202603,EMP0481,2026-03-01,112,106,93,22,13,7,92.97
PERF_EMP0481_202604,EMP0481,2026-04-01,124,68,136,27,14,15,87.72
PERF_EMP0481_202605,EMP0481,2026-05-01,146,141,137,23,12,19,97.96
PERF_EMP0481_202606,EMP0481,2026-06-01,138,135,139,18,15,18,100.0
PERF_EMP0481_202607,EMP0481,2026-07-01,115,88,132,27,11,23,87.07
PERF_EMP0481_202608,EMP0481,2026-08-01,100,100,112,11,10,25,99.96
PERF_EMP0481_202609,EMP0481,2026-09-01,109,94,139,20,0,15,89.77
PERF_EMP0482_202510,EMP0482,2025-10-01,104,95,116,16,12,22,98.74
PERF_EMP0482_202511,EMP0482,2025-11-01,114,82,92,21,5,11,86.62
PERF_EMP0482_202512,EMP0482,2025-12-01,120,128,108,10,9,13,100.0
PERF_EMP0482_202601,EMP0482,2026-01-01,127,115,122,19,11,28,98.85
PERF_EMP0482_202602,EMP0482,2026-02-01,121,153,116,0,7,14,100.0
PERF_EMP0482_202603,EMP0482,2026-03-01,103,107,124,21,21,6,98.53
PERF_EMP0482_202604,EMP0482,2026-04-01,128,123,103,18,22,3,100.0
PERF_EMP0482_202605,EMP0482,2026-05-01,119,106,107,15,5,7,97.3
PERF_EMP0482_202606,EMP0482,2026-06-01,132,146,100,18,6,10,100.0
PERF_EMP0482_202607,EMP0482,2026-07-01,136,130,125,12,18,21,91.49
PERF_EMP0482_202608,EMP0482,2026-08-01,139,123,145,7,8,12,92.73
PERF_EMP0482_202609,EMP0482,2026-09-01,108,112,153,25,20,19,100.0
PERF_EMP0483_202510,EMP0483,2025-10-01,140,87,81,23,10,16,85.3
PERF_EMP0483_202511,EMP0483,2025-11-01,132,110,95,17,6,0,87.29
PERF_EMP0483_202512,EMP0483,2025-12-01,103,87,107,23,5,8,89.92
PERF_EMP0483_202601,EMP0483,2026-01-01,144,136,47,18,1,9,87.69
PERF_EMP0483_202602,EMP0483,2026-02-01,109,75,108,24,19,8,83.13
PERF_EMP0483_202603,EMP0483,2026-03-01,100,77,105,0,6,10,81.09
PERF_EMP0483_202604,EMP0483,2026-04-01,143,109,46,7,8,10,82.5
PERF_EMP0483_202605,EMP0483,2026-05-01,128,70,89,23,4,7,87.55
PERF_EMP0483_202606,EMP0483,2026-06-01,140,125,113,22,0,15,100.0
PERF_EMP0483_202607,EMP0483,2026-07-01,120,76,86,6,3,18,87.15
PERF_EMP0483_202608,EMP0483,2026-08-01,125,87,71,24,2,0,78.39
PERF_EMP0483_202609,EMP0483,2026-09-01,101,78,82,17,8,18,83.57
PERF_EMP0484_202510,EMP0484,2025-10-01,153,147,95,20,4,16,99.15
PERF_EMP0484_202511,EMP0484,2025-11-01,130,113,138,14,11,10,95.97
PERF_EMP0484_202512,EMP0484,2025-12-01,142,83,114,10,4,9,73.79
PERF_EMP0484_202601,EMP0484,2026-01-01,118,106,112,25,10,10,93.65
PERF_EMP0484_202602,EMP0484,2026-02-01,123,126,115,11,11,18,100.0
PERF_EMP0484_202603,EMP0484,2026-03-01,100,87,113,23,14,14,92.31
PERF_EMP0484_202604,EMP0484,2026-04-01,130,122,96,13,6,9,95.38
PERF_EMP0484_202605,EMP0484,2026-05-01,151,151,119,12,9,13,100.0
PERF_EMP0484_202606,EMP0484,2026-06-01,113,104,158,14,12,10,96.37
PERF_EMP0484_202607,EMP0484,2026-07-01,124,95,119,20,12,12,86.98
PERF_EMP0484_202608,EMP0484,2026-08-01,107,101,98,18,9,20,97.45
PERF_EMP0484_202609,EMP0484,2026-09-01,123,99,112,11,7,11,100.0
PERF_EMP0485_202510,EMP0485,2025-10-01,134,95,111,20,5,14,87.76
PERF_EMP0485_202511,EMP0485,2025-11-01,121,96,105,21,10,15,88.97
PERF_EMP0485_202512,EMP0485,2025-12-01,101,119,104,16,11,18,100.0
PERF_EMP0485_202601,EMP0485,2026-01-01,105,80,114,17,13,13,80.73
PERF_EMP0485_202602,EMP0485,2026-02-01,113,132,105,23,8,13,100.0
PERF_EMP0485_202603,EMP0485,2026-03-01,109,103,112,27,9,12,97.07
PERF_EMP0485_202604,EMP0485,2026-04-01,131,109,111,20,6,6,95.45
PERF_EMP0485_202605,EMP0485,2026-05-01,100,66,124,22,12,19,77.9
PERF_EMP0485_202606,EMP0485,2026-06-01,113,105,148,25,8,20,88.74
PERF_EMP0485_202607,EMP0485,2026-07-01,147,132,119,12,4,18,95.47
PERF_EMP0485_202608,EMP0485,2026-08-01,136,89,137,19,9,24,87.76
PERF_EMP0485_202609,EMP0485,2026-09-01,127,141,97,27,5,18,100.0
PERF_EMP0486_202510,EMP0486,2025-10-01,119,89,135,25,3,14,94.39
PERF_EMP0486_202511,EMP0486,2025-11-01,120,111,118,12,6,5,100.0
PERF_EMP0486_202512,EMP0486,2025-12-01,137,124,83,0,13,20,92.13
PERF_EMP0486_202601,EMP0486,2026-01-01,137,99,120,24,8,16,83.28
PERF_EMP0486_202602,EMP0486,2026-02-01,130,89,90,24,10,10,86.19
PERF_EMP0486_202603,EMP0486,2026-03-01,117,96,111,28,10,8,91.98
PERF_EMP0486_202604,EMP0486,2026-04-01,157,129,136,12,17,22,98.01
PERF_EMP0486_202605,EMP0486,2026-05-01,109,119,72,22,14,10,100.0
PERF_EMP0486_202606,EMP0486,2026-06-01,122,107,112,9,9,8,95.55
PERF_EMP0486_202607,EMP0486,2026-07-01,125,141,133,20,11,12,100.0
PERF_EMP0486_202608,EMP0486,2026-08-01,130,134,128,15,16,14,100.0
PERF_EMP0486_202609,EMP0486,2026-09-01,100,116,127,32,9,17,100.0
PERF_EMP0487_202510,EMP0487,2025-10-01,121,73,106,28,8,8,79.49
PERF_EMP0487_202511,EMP0487,2025-11-01,124,114,130,22,14,19,94.78
PERF_EMP0487_202512,EMP0487,2025-12-01,137,131,62,27,5,15,98.86
PERF_EMP0487_202601,EMP0487,2026-01-01,145,141,137,23,7,19,88.44
PERF_EMP0487_202602,EMP0487,2026-02-01,149,162,145,14,4,14,100.0
PERF_EMP0487_202603,EMP0487,2026-03-01,114,133,103,21,4,10,100.0
PERF_EMP0487_202604,EMP0487,2026-04-01,142,166,83,29,3,26,100.0
PERF_EMP0487_202605,EMP0487,2026-05-01,120,105,102,21,7,11,93.03
PERF_EMP0487_202606,EMP0487,2026-06-01,137,135,143,9,16,17,93.67
PERF_EMP0487_202607,EMP0487,2026-07-01,127,101,129,2,10,11,95.37
PERF_EMP0487_202608,EMP0487,2026-08-01,136,162,115,17,12,16,100.0
PERF_EMP0487_202609,EMP0487,2026-09-01,100,86,105,20,10,15,95.83
PERF_EMP0488_202510,EMP0488,2025-10-01,112,105,108,14,4,13,96.64
PERF_EMP0488_202511,EMP0488,2025-11-01,130,128,134,25,9,22,96.97
PERF_EMP0488_202512,EMP0488,2025-12-01,100,88,92,28,15,12,89.84
PERF_EMP0488_202601,EMP0488,2026-01-01,142,134,127,21,8,17,96.27
PERF_EMP0488_202602,EMP0488,2026-02-01,137,118,123,19,6,17,92.04
PERF_EMP0488_202603,EMP0488,2026-03-01,104,102,129,16,7,16,92.45
PERF_EMP0488_202604,EMP0488,2026-04-01,131,144,110,6,8,22,100.0
PERF_EMP0488_202605,EMP0488,2026-05-01,130,164,144,19,12,16,100.0
PERF_EMP0488_202606,EMP0488,2026-06-01,131,122,99,32,13,24,89.39
PERF_EMP0488_202607,EMP0488,2026-07-01,108,111,109,19,11,11,100.0
PERF_EMP0488_202608,EMP0488,2026-08-01,104,102,131,24,20,16,100.0
PERF_EMP0488_202609,EMP0488,2026-09-01,137,130,124,22,15,7,99.31
PERF_EMP0489_202510,EMP0489,2025-10-01,135,141,116,14,8,7,100.0
PERF_EMP0489_202511,EMP0489,2025-11-01,132,136,81,15,5,16,99.5
PERF_EMP0489_202512,EMP0489,2025-12-01,100,76,108,8,7,7,82.96
PERF_EMP0489_202601,EMP0489,2026-01-01,100,110,135,25,10,15,99.78
PERF_EMP0489_202602,EMP0489,2026-02-01,102,77,115,16,16,9,90.71
PERF_EMP0489_202603,EMP0489,2026-03-01,107,88,117,23,6,18,92.74
PERF_EMP0489_202604,EMP0489,2026-04-01,120,107,96,30,10,8,83.72
PERF_EMP0489_202605,EMP0489,2026-05-01,117,112,124,17,6,12,93.23
PERF_EMP0489_202606,EMP0489,2026-06-01,109,91,93,22,12,14,89.87
PERF_EMP0489_202607,EMP0489,2026-07-01,126,102,97,30,0,10,92.22
PERF_EMP0489_202608,EMP0489,2026-08-01,145,110,130,18,9,15,100.0
PERF_EMP0489_202609,EMP0489,2026-09-01,100,80,125,24,11,14,93.72
PERF_EMP0490_202510,EMP0490,2025-10-01,139,137,113,18,4,20,100.0
PERF_EMP0490_202511,EMP0490,2025-11-01,137,137,109,22,6,19,98.6
PERF_EMP0490_202512,EMP0490,2025-12-01,117,98,103,10,11,16,84.29
PERF_EMP0490_202601,EMP0490,2026-01-01,131,137,156,22,10,15,98.89
PERF_EMP0490_202602,EMP0490,2026-02-01,100,74,84,9,13,12,84.48
PERF_EMP0490_202603,EMP0490,2026-03-01,123,102,68,19,14,10,84.17
PERF_EMP0490_202604,EMP0490,2026-04-01,100,89,124,14,8,12,97.55
PERF_EMP0490_202605,EMP0490,2026-05-01,129,127,104,26,19,13,97.98
PERF_EMP0490_202606,EMP0490,2026-06-01,100,98,94,21,12,17,97.62
PERF_EMP0490_202607,EMP0490,2026-07-01,112,91,85,20,10,14,95.78
PERF_EMP0490_202608,EMP0490,2026-08-01,127,128,106,14,12,23,100.0
PERF_EMP0490_202609,EMP0490,2026-09-01,129,108,65,29,12,14,86.9
PERF_EMP0491_202510,EMP0491,2025-10-01,130,83,102,18,13,9,71.85
PERF_EMP0491_202511,EMP0491,2025-11-01,100,88,112,10,4,9,93.33
PERF_EMP0491_202512,EMP0491,2025-12-01,107,80,79,5,9,0,87.05
PERF_EMP0491_202601,EMP0491,2026-01-01,117,70,56,14,13,16,72.91
PERF_EMP0491_202602,EMP0491,2026-02-01,137,94,23,22,11,20,82.4
PERF_EMP0491_202603,EMP0491,2026-03-01,123,88,92,19,11,0,89.67
PERF_EMP0491_202604,EMP0491,2026-04-01,100,87,117,19,8,14,88.98
PERF_EMP0491_202605,EMP0491,2026-05-01,136,114,80,15,10,9,84.21
PERF_EMP0491_202606,EMP0491,2026-06-01,121,109,88,9,4,6,89.68
PERF_EMP0491_202607,EMP0491,2026-07-01,100,85,61,23,0,17,92.4
PERF_EMP0491_202608,EMP0491,2026-08-01,131,141,128,11,9,17,100.0
PERF_EMP0491_202609,EMP0491,2026-09-01,104,79,157,18,11,12,81.18
PERF_EMP0492_202510,EMP0492,2025-10-01,125,82,58,14,6,12,71.42
PERF_EMP0492_202511,EMP0492,2025-11-01,128,105,108,8,6,13,86.6
PERF_EMP0492_202512,EMP0492,2025-12-01,137,132,97,2,0,4,99.46
PERF_EMP0492_202601,EMP0492,2026-01-01,121,107,63,21,8,16,85.86
PERF_EMP0492_202602,EMP0492,2026-02-01,141,118,164,23,6,2,89.24
PERF_EMP0492_202603,EMP0492,2026-03-01,125,120,69,5,12,19,89.72
PERF_EMP0492_202604,EMP0492,2026-04-01,124,121,67,18,9,6,96.34
PERF_EMP0492_202605,EMP0492,2026-05-01,130,120,82,13,2,8,88.51
PERF_EMP0492_202606,EMP0492,2026-06-01,130,101,70,11,2,17,87.1
PERF_EMP0492_202607,EMP0492,2026-07-01,106,86,55,7,8,26,86.77
PERF_EMP0492_202608,EMP0492,2026-08-01,107,62,61,16,5,3,69.45
PERF_EMP0492_202609,EMP0492,2026-09-01,134,104,54,22,1,18,82.79
PERF_EMP0493_202510,EMP0493,2025-10-01,109,79,68,17,11,0,85.71
PERF_EMP0493_202511,EMP0493,2025-11-01,118,95,76,13,12,6,86.49
PERF_EMP0493_202512,EMP0493,2025-12-01,115,114,78,16,8,11,96.93
PERF_EMP0493_202601,EMP0493,2026-01-01,100,62,111,8,11,13,84.65
PERF_EMP0493_202602,EMP0493,2026-02-01,144,123,64,15,8,14,89.3
PERF_EMP0493_202603,EMP0493,2026-03-01,116,80,65,3,16,7,74.23
PERF_EMP0493_202604,EMP0493,2026-04-01,126,96,97,24,3,14,82.52
PERF_EMP0493_202605,EMP0493,2026-05-01,117,93,96,5,1,10,77.49
PERF_EMP0493_202606,EMP0493,2026-06-01,100,85,107,21,13,14,94.91
PERF_EMP0493_202607,EMP0493,2026-07-01,148,101,100,12,13,11,90.25
PERF_EMP0493_202608,EMP0493,2026-08-01,116,104,89,21,9,5,100.0
PERF_EMP0493_202609,EMP0493,2026-09-01,105,92,142,14,4,18,92.26
PERF_EMP0494_202510,EMP0494,2025-10-01,124,94,107,11,5,11,88.25
PERF_EMP0494_202511,EMP0494,2025-11-01,117,74,90,31,11,5,81.96
PERF_EMP0494_202512,EMP0494,2025-12-01,100,84,90,14,4,11,96.34
PERF_EMP0494_202601,EMP0494,2026-01-01,131,87,116,12,6,3,81.01
PERF_EMP0494_202602,EMP0494,2026-02-01,107,75,66,25,12,5,87.25
PERF_EMP0494_202603,EMP0494,2026-03-01,144,131,66,16,7,18,88.75
PERF_EMP0494_202604,EMP0494,2026-04-01,142,87,111,12,7,0,81.71
PERF_EMP0494_202605,EMP0494,2026-05-01,112,63,102,19,4,4,89.23
PERF_EMP0494_202606,EMP0494,2026-06-01,128,76,85,22,5,17,74.7
PERF_EMP0494_202607,EMP0494,2026-07-01,112,73,64,20,6,0,83.73
PERF_EMP0494_202608,EMP0494,2026-08-01,125,96,148,2,3,9,96.18
PERF_EMP0494_202609,EMP0494,2026-09-01,105,66,110,20,9,13,77.83
PERF_EMP0495_202510,EMP0495,2025-10-01,126,110,128,19,9,14,88.98
PERF_EMP0495_202511,EMP0495,2025-11-01,132,115,96,28,6,24,81.06
PERF_EMP0495_202512,EMP0495,2025-12-01,100,85,153,33,7,15,92.69
PERF_EMP0495_202601,EMP0495,2026-01-01,106,86,164,31,6,21,81.74
PERF_EMP0495_202602,EMP0495,2026-02-01,124,113,62,19,13,14,88.39
PERF_EMP0495_202603,EMP0495,2026-03-01,137,131,117,18,17,12,100.0
PERF_EMP0495_202604,EMP0495,2026-04-01,141,169,92,17,11,16,100.0
PERF_EMP0495_202605,EMP0495,2026-05-01,147,139,164,17,8,20,91.2
PERF_EMP0495_202606,EMP0495,2026-06-01,129,145,98,22,14,7,97.02
PERF_EMP0495_202607,EMP0495,2026-07-01,140,152,147,20,6,18,100.0
PERF_EMP0495_202608,EMP0495,2026-08-01,104,111,170,24,16,21,100.0
PERF_EMP0495_202609,EMP0495,2026-09-01,108,117,112,13,14,25,100.0
PERF_EMP0496_202510,EMP0496,2025-10-01,103,94,99,15,18,21,97.1
PERF_EMP0496_202511,EMP0496,2025-11-01,120,76,127,25,5,9,90.22
PERF_EMP0496_202512,EMP0496,2025-12-01,120,100,84,13,10,11,84.18
PERF_EMP0496_202601,EMP0496,2026-01-01,124,120,68,24,7,10,94.37
PERF_EMP0496_202602,EMP0496,2026-02-01,121,88,84,23,9,3,71.88
PERF_EMP0496_202603,EMP0496,2026-03-01,102,96,94,22,11,1,90.12
PERF_EMP0496_202604,EMP0496,2026-04-01,118,101,58,12,4,19,90.41
PERF_EMP0496_202605,EMP0496,2026-05-01,126,109,104,14,5,9,100.0
PERF_EMP0496_202606,EMP0496,2026-06-01,100,105,121,17,17,3,98.86
PERF_EMP0496_202607,EMP0496,2026-07-01,129,127,105,9,7,16,96.13
PERF_EMP0496_202608,EMP0496,2026-08-01,129,147,60,18,19,20,100.0
PERF_EMP0496_202609,EMP0496,2026-09-01,100,79,77,18,1,12,90.94
PERF_EMP0497_202510,EMP0497,2025-10-01,100,86,118,2,8,14,95.87
PERF_EMP0497_202511,EMP0497,2025-11-01,145,104,94,11,13,2,71.46
PERF_EMP0497_202512,EMP0497,2025-12-01,127,71,136,10,13,5,75.69
PERF_EMP0497_202601,EMP0497,2026-01-01,108,77,103,22,7,13,83.08
PERF_EMP0497_202602,EMP0497,2026-02-01,133,117,134,2,5,11,96.01
PERF_EMP0497_202603,EMP0497,2026-03-01,148,142,105,3,0,9,99.3
PERF_EMP0497_202604,EMP0497,2026-04-01,143,80,67,2,0,22,73.84
PERF_EMP0497_202605,EMP0497,2026-05-01,106,71,116,22,8,3,90.39
PERF_EMP0497_202606,EMP0497,2026-06-01,118,96,84,23,11,8,79.34
PERF_EMP0497_202607,EMP0497,2026-07-01,106,94,129,11,6,5,98.59
PERF_EMP0497_202608,EMP0497,2026-08-01,131,112,95,4,12,5,88.21
PERF_EMP0497_202609,EMP0497,2026-09-01,100,82,114,13,2,18,90.33
PERF_EMP0498_202510,EMP0498,2025-10-01,141,105,96,13,1,3,88.86
PERF_EMP0498_202511,EMP0498,2025-11-01,122,122,113,24,17,11,89.87
PERF_EMP0498_202512,EMP0498,2025-12-01,109,107,108,15,16,21,94.96
PERF_EMP0498_202601,EMP0498,2026-01-01,111,97,178,23,15,12,96.17
PERF_EMP0498_202602,EMP0498,2026-02-01,127,128,69,11,8,21,92.63
PERF_EMP0498_202603,EMP0498,2026-03-01,108,80,116,22,6,10,91.25
PERF_EMP0498_202604,EMP0498,2026-04-01,111,64,79,29,14,0,74.7
PERF_EMP0498_202605,EMP0498,2026-05-01,152,132,61,25,11,20,90.49
PERF_EMP0498_202606,EMP0498,2026-06-01,137,98,73,16,19,16,94.59
PERF_EMP0498_202607,EMP0498,2026-07-01,136,101,131,20,16,15,99.34
PERF_EMP0498_202608,EMP0498,2026-08-01,125,94,134,8,12,5,84.84
PERF_EMP0498_202609,EMP0498,2026-09-01,149,125,115,7,9,13,83.76
PERF_EMP0499_202510,EMP0499,2025-10-01,128,135,149,25,6,9,100.0
PERF_EMP0499_202511,EMP0499,2025-11-01,110,133,95,18,11,18,98.35
PERF_EMP0499_202512,EMP0499,2025-12-01,103,118,82,23,13,13,100.0
PERF_EMP0499_202601,EMP0499,2026-01-01,122,113,152,22,15,16,98.58
PERF_EMP0499_202602,EMP0499,2026-02-01,125,107,159,16,14,23,100.0
PERF_EMP0499_202603,EMP0499,2026-03-01,101,125,99,27,15,14,100.0
PERF_EMP0499_202604,EMP0499,2026-04-01,115,109,169,22,17,7,100.0
PERF_EMP0499_202605,EMP0499,2026-05-01,122,153,117,34,16,13,100.0
PERF_EMP0499_202606,EMP0499,2026-06-01,126,167,133,18,11,15,100.0
PERF_EMP0499_202607,EMP0499,2026-07-01,109,123,149,25,14,23,100.0
PERF_EMP0499_202608,EMP0499,2026-08-01,100,95,202,26,10,13,99.16
PERF_EMP0499_202609,EMP0499,2026-09-01,110,101,148,30,10,20,100.0
PERF_EMP0500_202510,EMP0500,2025-10-01,137,105,161,27,9,22,90.03
PERF_EMP0500_202511,EMP0500,2025-11-01,127,142,135,13,15,21,100.0
PERF_EMP0500_202512,EMP0500,2025-12-01,101,92,114,25,8,15,95.28
PERF_EMP0500_202601,EMP0500,2026-01-01,110,100,94,18,17,20,83.97
PERF_EMP0500_202602,EMP0500,2026-02-01,112,105,92,13,15,24,92.05
PERF_EMP0500_202603,EMP0500,2026-03-01,100,97,112,18,8,8,100.0
PERF_EMP0500_202604,EMP0500,2026-04-01,114,99,94,16,21,19,91.1
PERF_EMP0500_202605,EMP0500,2026-05-01,104,98,113,24,6,17,99.7
PERF_EMP0500_202606,EMP0500,2026-06-01,154,127,117,17,10,12,93.3
PERF_EMP0500_202607,EMP0500,2026-07-01,137,145,107,25,4,11,100.0
PERF_EMP0500_202608,EMP0500,2026-08-01,124,110,163,22,18,11,90.8
PERF_EMP0500_202609,EMP0500,2026-09-01,131,147,135,25,11,7,100.0
